Survey_Date,Age,Gender,Region,Industry,Job_Role,Work_Arrangement,Hours_Per_Week,Mental_Health_Status,Burnout_Level,Work_Life_Balance_Score,Physical_Health_Issues,Social_Isolation_Score,Salary_Range,
6/1/2025,27,Female,Asia,Professional Services,Data Analyst,Onsite,64,Stress Disorder,High,3,Shoulder Pain; Neck Pain,2,$40K-60K,
6/1/2025,37,Female,Asia,Professional Services,Data Analyst,Onsite,37,Stress Disorder,High,4,Back Pain,2,$80K-100K,
6/1/2025,32,Female,Africa,Education,Business Analyst,Onsite,36,ADHD,High,3,Shoulder Pain; Eye Strain,2,$80K-100K,
6/1/2025,40,Female,Europe,Education,Data Analyst,Onsite,63,ADHD,Medium,1,Shoulder Pain; Eye Strain,2,$60K-80K,
6/1/2025,30,Male,South America,Manufacturing,DevOps Engineer,Hybrid,65,None,Medium,5,None,4,$60K-80K,
6/1/2025,52,Male,Oceania,Customer Service,Business Analyst,Onsite,61,Burnout,Medium,4,Back Pain; Shoulder Pain,3,$60K-80K,
6/1/2025,50,Female,Asia,Manufacturing,IT Support,Onsite,62,None,Medium,4,Back Pain; Shoulder Pain; Wrist Pain,2,$80K-100K,
6/1/2025,63,Non-binary,Europe,Professional Services,Technical Writer,Onsite,55,Anxiety,High,3,None,2,$100K-120K,
6/1/2025,30,Female,South America,Technology,Software Engineer,Remote,47,Anxiety,Medium,2,Neck Pain,4,$60K-80K,
6/1/2025,37,Female,Asia,Finance,HR Manager,Onsite,55,Burnout,Medium,5,Back Pain,1,$60K-80K,
6/1/2025,42,Female,Asia,Professional Services,Project Manager,Onsite,38,None,High,3,Shoulder Pain,2,$100K-120K,
6/1/2025,64,Male,North America,Technology,Business Analyst,Remote,35,ADHD,Medium,3,Eye Strain; Wrist Pain,4,$40K-60K,
6/1/2025,25,Female,Oceania,Technology,Data Scientist,Hybrid,57,Burnout,High,2,Back Pain; Eye Strain,1,$80K-100K,
6/1/2025,37,Male,Europe,Finance,UX Designer,Remote,59,Anxiety,High,5,Back Pain; Shoulder Pain; Wrist Pain,5,$60K-80K,
6/1/2025,50,Male,Europe,Professional Services,Social Media Manager,Remote,64,Burnout,Medium,1,None,4,$60K-80K,
6/1/2025,42,Female,South America,Retail,Data Scientist,Onsite,54,Anxiety,High,5,Back Pain; Shoulder Pain; Eye Strain,2,$120K+,
6/1/2025,30,Male,Oceania,Professional Services,Data Analyst,Hybrid,36,Anxiety,High,3,Neck Pain,2,$60K-80K,
6/1/2025,36,Female,Africa,Customer Service,HR Manager,Onsite,63,None,Medium,3,Shoulder Pain,2,$60K-80K,
6/1/2025,50,Male,North America,Education,Digital Marketing Specialist,Onsite,51,Stress Disorder,Low,4,Back Pain; Shoulder Pain,5,$100K-120K,
6/1/2025,27,Female,Africa,Healthcare,Account Manager,Remote,43,None,Medium,1,None,4,$80K-100K,
6/1/2025,36,Female,Africa,Manufacturing,Research Scientist,Remote,41,PTSD,High,5,Back Pain; Shoulder Pain; Eye Strain,3,$100K-120K,
6/1/2025,57,Male,Africa,Retail,Sales Representative,Onsite,57,Burnout,High,3,Shoulder Pain; Eye Strain,3,$60K-80K,
6/1/2025,37,Male,South America,Manufacturing,Technical Writer,Remote,58,ADHD,High,1,Shoulder Pain,5,$60K-80K,
6/1/2025,26,Female,South America,Customer Service,Data Analyst,Hybrid,59,Stress Disorder,Medium,2,Back Pain; Wrist Pain,5,$40K-60K,
6/1/2025,55,Male,Africa,Professional Services,Operations Manager,Onsite,51,PTSD,High,4,Back Pain,4,$80K-100K,
6/1/2025,59,Male,Africa,Education,Social Media Manager,Onsite,53,Anxiety,Medium,3,None,1,$60K-80K,
6/1/2025,59,Male,Oceania,Finance,Customer Service Manager,Remote,45,Anxiety,High,2,Shoulder Pain; Eye Strain; Neck Pain; Wrist Pain,3,$80K-100K,
6/1/2025,23,Male,North America,Professional Services,Product Manager,Onsite,63,Stress Disorder,Medium,3,Shoulder Pain; Neck Pain,2,$60K-80K,
6/1/2025,57,Female,Oceania,Customer Service,Research Scientist,Remote,41,Depression,Medium,3,Back Pain; Shoulder Pain; Eye Strain,3,$120K+,
6/1/2025,59,Male,South America,Retail,Research Scientist,Onsite,48,Anxiety,High,3,Back Pain,3,$60K-80K,
6/1/2025,22,Female,North America,Manufacturing,DevOps Engineer,Hybrid,47,Anxiety,High,4,Eye Strain,1,$60K-80K,
6/1/2025,25,Male,Africa,Professional Services,Sales Representative,Onsite,49,PTSD,Low,3,Back Pain; Shoulder Pain; Eye Strain; Neck Pain,2,$100K-120K,
6/1/2025,54,Female,South America,Customer Service,Data Analyst,Hybrid,45,None,Medium,1,Back Pain; Eye Strain,1,$80K-100K,
6/1/2025,27,Male,Europe,Education,IT Support,Onsite,44,Depression,Medium,3,Back Pain; Shoulder Pain; Eye Strain,3,$80K-100K,
6/1/2025,47,Female,Europe,Professional Services,Product Manager,Onsite,50,Burnout,High,3,Shoulder Pain,4,$40K-60K,
6/1/2025,39,Male,North America,Manufacturing,Quality Assurance,Onsite,59,Anxiety,Low,5,Eye Strain; Neck Pain,2,$60K-80K,
6/1/2025,62,Female,Asia,Education,Software Engineer,Remote,60,Stress Disorder,Medium,4,Back Pain; Eye Strain,5,$120K+,
6/1/2025,42,Male,Europe,Technology,Customer Service Manager,Remote,43,ADHD,Low,3,Eye Strain; Neck Pain,4,$60K-80K,
6/1/2025,26,Male,South America,Manufacturing,Sales Representative,Hybrid,65,PTSD,High,2,Back Pain; Shoulder Pain,1,$60K-80K,
6/1/2025,29,Female,Africa,Technology,Sales Representative,Hybrid,55,None,Medium,2,Back Pain; Eye Strain,3,$80K-100K,
6/1/2025,31,Female,Africa,Technology,Product Manager,Hybrid,42,PTSD,High,2,Shoulder Pain; Eye Strain; Wrist Pain,4,$100K-120K,
6/1/2025,42,Female,South America,Healthcare,Digital Marketing Specialist,Onsite,60,Depression,High,3,Back Pain; Shoulder Pain; Eye Strain,3,$60K-80K,
6/1/2025,33,Female,North America,Manufacturing,Project Manager,Onsite,43,None,Medium,2,Back Pain; Neck Pain,3,$60K-80K,
6/1/2025,50,Male,Oceania,Healthcare,Operations Manager,Onsite,53,None,High,3,None,2,$80K-100K,
6/1/2025,65,Female,Europe,Education,UX Designer,Onsite,61,Burnout,Low,4,Back Pain; Shoulder Pain; Eye Strain; Neck Pain,1,$40K-60K,
6/1/2025,40,Male,North America,Professional Services,Customer Service Manager,Remote,62,Stress Disorder,Medium,4,Back Pain; Eye Strain,2,$60K-80K,
6/1/2025,22,Female,Asia,Customer Service,IT Support,Hybrid,64,ADHD,Medium,1,None,3,$80K-100K,
6/1/2025,58,Male,Oceania,Technology,Project Manager,Hybrid,65,PTSD,Medium,3,Wrist Pain,4,$80K-100K,
6/1/2025,51,Female,Europe,Finance,Executive Assistant,Hybrid,60,Burnout,Low,2,Shoulder Pain; Eye Strain,3,$80K-100K,
6/1/2025,40,Female,Asia,Professional Services,HR Manager,Remote,62,None,High,1,None,1,$80K-100K,
6/1/2025,62,Female,Africa,Technology,DevOps Engineer,Remote,46,Depression,High,1,Back Pain; Shoulder Pain; Neck Pain,4,$100K-120K,
6/1/2025,50,Male,South America,Technology,UX Designer,Onsite,42,ADHD,High,4,Back Pain; Eye Strain; Neck Pain,1,$40K-60K,
6/1/2025,41,Female,North America,Retail,Technical Writer,Hybrid,45,ADHD,High,5,Eye Strain; Neck Pain,3,$40K-60K,
6/1/2025,25,Female,North America,Healthcare,Financial Analyst,Onsite,65,Burnout,High,3,Neck Pain,2,$80K-100K,
6/1/2025,44,Female,South America,Retail,Marketing Specialist,Onsite,48,None,Low,5,Back Pain; Eye Strain; Neck Pain,3,$80K-100K,
6/1/2025,29,Male,Asia,Manufacturing,HR Manager,Onsite,38,Depression,High,4,Back Pain; Neck Pain,3,$80K-100K,
6/1/2025,53,Female,North America,Marketing,Data Scientist,Onsite,56,ADHD,High,1,Shoulder Pain; Eye Strain,2,$80K-100K,
6/1/2025,48,Female,North America,Professional Services,Research Scientist,Remote,56,PTSD,Low,3,Back Pain,3,$80K-100K,
6/1/2025,27,Male,Europe,Professional Services,Account Manager,Hybrid,39,None,High,2,Back Pain; Shoulder Pain; Eye Strain,2,$80K-100K,
6/1/2025,49,Male,Asia,Professional Services,Social Media Manager,Hybrid,56,ADHD,Medium,3,Back Pain; Shoulder Pain; Eye Strain; Wrist Pain,2,$60K-80K,
6/1/2025,49,Female,Africa,Marketing,Quality Assurance,Onsite,45,Depression,Low,2,Shoulder Pain; Eye Strain,2,$80K-100K,
6/1/2025,31,Female,North America,Technology,Data Analyst,Remote,45,ADHD,Medium,3,Eye Strain,2,$80K-100K,
6/1/2025,27,Female,North America,Professional Services,DevOps Engineer,Onsite,36,Stress Disorder,Medium,2,Back Pain; Shoulder Pain; Eye Strain,2,$100K-120K,
6/1/2025,40,Male,North America,Technology,Business Analyst,Remote,50,None,Low,1,Back Pain; Shoulder Pain,3,$60K-80K,
6/1/2025,39,Female,North America,Technology,Customer Service Manager,Hybrid,54,Depression,High,2,Back Pain; Eye Strain,3,$60K-80K,
6/1/2025,40,Male,South America,Retail,Technical Writer,Onsite,36,ADHD,Medium,3,Shoulder Pain,1,$100K-120K,
6/1/2025,37,Male,Oceania,Finance,Consultant,Hybrid,37,None,Low,4,Back Pain; Eye Strain,2,$80K-100K,
6/1/2025,39,Male,Europe,Technology,Marketing Specialist,Hybrid,55,Burnout,Medium,4,Shoulder Pain; Eye Strain; Neck Pain,2,$60K-80K,
6/1/2025,22,Male,Oceania,Technology,Sales Representative,Onsite,43,Stress Disorder,Medium,1,Shoulder Pain; Eye Strain; Wrist Pain,2,$60K-80K,
6/1/2025,53,Male,Africa,Education,UX Designer,Onsite,47,Stress Disorder,Low,2,Back Pain; Shoulder Pain; Eye Strain,5,$40K-60K,
6/1/2025,56,Female,Africa,Education,DevOps Engineer,Onsite,52,PTSD,Medium,4,Shoulder Pain,2,$80K-100K,
6/1/2025,33,Female,Oceania,Finance,Technical Writer,Hybrid,48,Depression,Medium,2,Neck Pain,2,$60K-80K,
6/1/2025,28,Female,Asia,Professional Services,Technical Writer,Onsite,44,None,Low,3,Back Pain; Shoulder Pain; Eye Strain,3,$60K-80K,
6/1/2025,64,Female,Asia,Technology,Technical Writer,Remote,40,Burnout,High,4,Back Pain; Shoulder Pain; Eye Strain,4,$60K-80K,
6/1/2025,49,Male,Asia,Manufacturing,Data Scientist,Hybrid,35,Depression,Low,3,Shoulder Pain,4,$120K+,
6/1/2025,33,Female,North America,Professional Services,Social Media Manager,Hybrid,48,ADHD,High,2,Back Pain; Shoulder Pain,2,$80K-100K,
6/1/2025,44,Female,Oceania,Education,Software Engineer,Hybrid,47,ADHD,Medium,3,Eye Strain,3,$120K+,
6/1/2025,41,Female,Europe,Technology,Sales Representative,Hybrid,43,None,High,3,Shoulder Pain,1,$120K+,
6/1/2025,25,Female,South America,Technology,Customer Service Manager,Remote,59,Depression,Low,2,None,4,$60K-80K,
6/1/2025,58,Female,Oceania,Education,Social Media Manager,Onsite,50,Depression,Medium,3,Back Pain,2,$40K-60K,
6/1/2025,58,Male,Oceania,Technology,Product Manager,Remote,37,Depression,High,1,Back Pain; Shoulder Pain; Neck Pain,4,$120K+,
6/1/2025,65,Female,Africa,Manufacturing,Executive Assistant,Onsite,64,Depression,Medium,4,Back Pain,3,$40K-60K,
6/1/2025,44,Female,North America,Healthcare,Executive Assistant,Hybrid,49,Anxiety,Medium,3,Neck Pain; Wrist Pain,2,$60K-80K,
6/1/2025,22,Female,Africa,Finance,Operations Manager,Hybrid,59,Burnout,Medium,2,Neck Pain,1,$60K-80K,
6/1/2025,60,Female,Asia,Customer Service,DevOps Engineer,Onsite,35,PTSD,Low,3,Back Pain,4,$60K-80K,
6/1/2025,55,Female,North America,Marketing,Technical Writer,Onsite,47,PTSD,Low,4,Back Pain; Shoulder Pain; Eye Strain,2,$80K-100K,
6/1/2025,65,Male,North America,Healthcare,IT Support,Onsite,45,Anxiety,Low,4,None,1,$120K+,
6/1/2025,39,Female,Asia,Finance,HR Manager,Onsite,52,Burnout,Low,3,Back Pain; Shoulder Pain,4,$80K-100K,
6/1/2025,43,Female,North America,Finance,Customer Service Manager,Hybrid,40,PTSD,High,3,None,1,$80K-100K,
6/1/2025,22,Female,Europe,Customer Service,Software Engineer,Onsite,45,ADHD,Low,4,Back Pain; Wrist Pain,2,$100K-120K,
6/1/2025,22,Female,Europe,Retail,Social Media Manager,Onsite,60,ADHD,High,5,Back Pain; Eye Strain; Neck Pain; Wrist Pain,3,$80K-100K,
6/1/2025,59,Male,Africa,Technology,HR Manager,Remote,58,Depression,Medium,5,None,3,$80K-100K,
6/1/2025,48,Male,Europe,Professional Services,Social Media Manager,Onsite,49,ADHD,Low,1,None,2,$80K-100K,
6/1/2025,42,Male,Oceania,Professional Services,Content Writer,Onsite,52,PTSD,Low,1,Back Pain; Shoulder Pain; Eye Strain,3,$40K-60K,
6/1/2025,64,Female,Europe,Retail,Customer Service Manager,Onsite,45,Stress Disorder,High,3,Shoulder Pain; Eye Strain; Neck Pain,3,$100K-120K,
6/1/2025,27,Male,Africa,Customer Service,Executive Assistant,Onsite,62,None,Medium,1,Eye Strain,2,$80K-100K,
6/1/2025,53,Female,Asia,Technology,DevOps Engineer,Remote,38,Anxiety,High,5,Back Pain; Shoulder Pain; Eye Strain,5,$100K-120K,
6/1/2025,22,Female,South America,Professional Services,Research Scientist,Remote,65,Burnout,High,5,Shoulder Pain; Eye Strain,3,$100K-120K,
6/2/2025,41,Female,Oceania,Retail,Marketing Specialist,Hybrid,46,Stress Disorder,Medium,3,Shoulder Pain; Eye Strain,2,$60K-80K,
6/2/2025,23,Male,Asia,Technology,Sales Representative,Remote,44,Burnout,High,5,Back Pain; Eye Strain; Neck Pain,5,$40K-60K,
6/2/2025,30,Male,Oceania,Manufacturing,Data Scientist,Hybrid,47,PTSD,High,3,Shoulder Pain; Eye Strain,4,$100K-120K,
6/2/2025,55,Male,Europe,Finance,Research Scientist,Hybrid,64,ADHD,Low,3,None,3,$60K-80K,
6/2/2025,31,Male,South America,Finance,Software Engineer,Onsite,46,Stress Disorder,High,5,Back Pain; Wrist Pain,2,$80K-100K,
6/2/2025,45,Male,Asia,Technology,Quality Assurance,Remote,39,PTSD,Low,1,Back Pain; Shoulder Pain,4,$60K-80K,
6/2/2025,38,Female,North America,Professional Services,Software Engineer,Onsite,43,PTSD,Medium,3,Back Pain; Eye Strain,1,$80K-100K,
6/2/2025,46,Male,South America,Professional Services,Social Media Manager,Onsite,40,Depression,Medium,4,Back Pain; Shoulder Pain; Eye Strain; Wrist Pain,1,$80K-100K,
6/2/2025,63,Male,Europe,Technology,Account Manager,Remote,51,None,Low,3,Back Pain; Shoulder Pain,2,$60K-80K,
6/2/2025,52,Female,Asia,Retail,Software Engineer,Onsite,39,Depression,Medium,4,Back Pain,3,$100K-120K,
6/2/2025,44,Female,North America,Finance,Social Media Manager,Onsite,56,Anxiety,Medium,3,None,1,$120K+,
6/2/2025,31,Female,Europe,Customer Service,Content Writer,Hybrid,47,None,Medium,5,Shoulder Pain,4,$40K-60K,
6/2/2025,63,Female,Africa,Professional Services,Customer Service Manager,Onsite,42,Anxiety,Medium,2,Back Pain; Shoulder Pain; Eye Strain,3,$80K-100K,
6/2/2025,58,Male,North America,Manufacturing,Quality Assurance,Hybrid,53,Burnout,Medium,3,None,2,$40K-60K,
6/2/2025,43,Male,Oceania,Technology,Product Manager,Onsite,55,Anxiety,Medium,3,Back Pain; Eye Strain,2,$80K-100K,
6/2/2025,45,Female,South America,Technology,Business Analyst,Onsite,57,PTSD,Low,3,Back Pain; Shoulder Pain; Eye Strain; Neck Pain,3,$80K-100K,
6/2/2025,47,Male,North America,Technology,Sales Representative,Remote,55,Stress Disorder,High,3,Back Pain; Shoulder Pain,3,$40K-60K,
6/2/2025,44,Male,Oceania,Manufacturing,Operations Manager,Onsite,43,Burnout,Low,3,Back Pain; Eye Strain,2,$100K-120K,
6/2/2025,59,Female,Africa,Education,UX Designer,Hybrid,61,None,Medium,3,Shoulder Pain,2,$60K-80K,
6/2/2025,51,Female,North America,Technology,Business Analyst,Hybrid,51,None,High,3,Back Pain; Eye Strain,5,$40K-60K,
6/2/2025,40,Male,Asia,Finance,Sales Representative,Remote,60,PTSD,Medium,4,Back Pain,5,$60K-80K,
6/2/2025,62,Male,Europe,Technology,UX Designer,Hybrid,52,ADHD,High,4,Back Pain; Eye Strain,5,$60K-80K,
6/2/2025,29,Female,North America,Finance,Sales Representative,Hybrid,46,Burnout,Low,5,Neck Pain,3,$80K-100K,
6/2/2025,57,Female,South America,Education,Executive Assistant,Onsite,55,None,Medium,2,Shoulder Pain; Eye Strain; Wrist Pain,1,$80K-100K,
6/2/2025,56,Male,South America,Customer Service,Quality Assurance,Remote,59,None,High,2,Back Pain; Eye Strain; Neck Pain; Wrist Pain,5,$80K-100K,
6/2/2025,52,Male,Asia,Technology,Quality Assurance,Remote,42,Stress Disorder,Medium,3,Back Pain; Shoulder Pain; Neck Pain,4,$40K-60K,
6/2/2025,47,Male,South America,Professional Services,Marketing Specialist,Onsite,55,Burnout,Low,1,Back Pain,1,$60K-80K,
6/2/2025,64,Male,North America,Finance,Customer Service Manager,Remote,41,Burnout,Low,1,Back Pain; Shoulder Pain; Eye Strain; Neck Pain,3,$80K-100K,
6/2/2025,51,Male,Asia,Manufacturing,Content Writer,Remote,41,Depression,Medium,3,Back Pain; Eye Strain,4,$60K-80K,
6/2/2025,58,Male,Oceania,Finance,HR Manager,Onsite,63,Depression,Medium,1,None,3,$60K-80K,
6/2/2025,26,Female,North America,Retail,Marketing Specialist,Onsite,45,ADHD,Medium,3,Shoulder Pain; Eye Strain,3,$60K-80K,
6/2/2025,23,Male,North America,Technology,Product Manager,Remote,50,Anxiety,High,4,Back Pain; Shoulder Pain,5,$60K-80K,
6/2/2025,24,Female,South America,Marketing,Executive Assistant,Onsite,53,PTSD,High,1,Neck Pain,1,$80K-100K,
6/2/2025,25,Female,Europe,Technology,Operations Manager,Remote,42,PTSD,Medium,4,Back Pain; Eye Strain; Wrist Pain,5,$40K-60K,
6/2/2025,42,Female,Oceania,Technology,Business Analyst,Remote,60,None,High,4,Eye Strain; Wrist Pain,3,$100K-120K,
6/2/2025,56,Female,Oceania,Manufacturing,Marketing Specialist,Onsite,55,PTSD,Medium,2,Back Pain; Shoulder Pain; Wrist Pain,3,$40K-60K,
6/2/2025,26,Female,Asia,Technology,Project Manager,Hybrid,41,Stress Disorder,High,3,Back Pain; Neck Pain; Wrist Pain,3,$80K-100K,
6/2/2025,55,Female,Africa,Professional Services,Research Scientist,Hybrid,43,Anxiety,Medium,2,Back Pain; Shoulder Pain,4,$40K-60K,
6/2/2025,56,Male,Oceania,Education,Marketing Specialist,Onsite,63,None,High,2,Shoulder Pain; Eye Strain; Neck Pain,3,$80K-100K,
6/2/2025,53,Female,South America,Technology,Executive Assistant,Hybrid,44,Anxiety,Medium,2,Eye Strain,4,$120K+,
6/2/2025,37,Non-binary,South America,Technology,Quality Assurance,Onsite,48,Anxiety,Low,1,None,3,$80K-100K,
6/2/2025,45,Male,Europe,Finance,UX Designer,Onsite,37,None,Low,5,Shoulder Pain; Neck Pain,3,$60K-80K,
6/2/2025,29,Female,North America,Professional Services,Consultant,Onsite,48,Stress Disorder,Low,5,Neck Pain,3,$60K-80K,
6/2/2025,46,Male,Africa,Technology,Quality Assurance,Remote,41,ADHD,Medium,2,Back Pain,5,$80K-100K,
6/2/2025,61,Female,South America,Education,Operations Manager,Onsite,60,Anxiety,Medium,1,Back Pain; Shoulder Pain,1,$40K-60K,
6/2/2025,40,Female,Europe,Manufacturing,Product Manager,Onsite,64,ADHD,Low,4,Back Pain; Shoulder Pain,1,$60K-80K,
6/2/2025,49,Female,South America,Technology,Data Analyst,Hybrid,49,ADHD,Low,1,None,1,$60K-80K,
6/2/2025,27,Female,North America,Finance,Data Analyst,Onsite,44,Depression,Low,5,Shoulder Pain,3,$60K-80K,
6/2/2025,38,Male,Oceania,Professional Services,UX Designer,Hybrid,47,Stress Disorder,Medium,2,Shoulder Pain; Eye Strain,1,$60K-80K,
6/2/2025,44,Female,Oceania,Technology,Operations Manager,Remote,45,Anxiety,Low,5,Eye Strain,3,$60K-80K,
6/2/2025,24,Male,Asia,Education,Customer Service Manager,Onsite,39,Depression,Low,3,Back Pain; Eye Strain,4,$80K-100K,
6/2/2025,46,Non-binary,Europe,Professional Services,Account Manager,Hybrid,45,None,Low,5,Shoulder Pain,1,$80K-100K,
6/2/2025,59,Male,South America,Manufacturing,Consultant,Hybrid,47,Anxiety,High,3,Shoulder Pain; Eye Strain,1,$40K-60K,
6/2/2025,47,Female,Europe,Technology,Social Media Manager,Hybrid,50,None,High,1,Shoulder Pain,3,$80K-100K,
6/2/2025,64,Male,North America,Finance,Data Analyst,Onsite,42,Anxiety,High,3,None,1,$80K-100K,
6/2/2025,43,Female,Asia,Healthcare,Business Analyst,Onsite,65,PTSD,High,4,Back Pain; Neck Pain,3,$100K-120K,
6/2/2025,48,Female,Asia,Marketing,Sales Representative,Hybrid,63,PTSD,High,3,Back Pain; Wrist Pain,1,$80K-100K,
6/2/2025,63,Male,Asia,Healthcare,Account Manager,Onsite,55,ADHD,Medium,2,Back Pain; Shoulder Pain,2,$120K+,
6/2/2025,53,Male,Oceania,Finance,Research Scientist,Onsite,35,Anxiety,Medium,3,Back Pain; Shoulder Pain,3,$40K-60K,
6/2/2025,61,Female,Oceania,Technology,Financial Analyst,Remote,45,ADHD,Low,1,Back Pain; Shoulder Pain; Neck Pain,3,$80K-100K,
6/2/2025,52,Female,South America,Education,IT Support,Onsite,60,Depression,High,2,Back Pain; Eye Strain,1,$60K-80K,
6/2/2025,61,Female,Asia,Manufacturing,Customer Service Manager,Remote,46,None,High,1,Back Pain; Shoulder Pain; Eye Strain,5,$80K-100K,
6/2/2025,40,Male,Africa,Technology,Social Media Manager,Remote,35,PTSD,High,2,Neck Pain; Wrist Pain,3,$80K-100K,
6/2/2025,37,Male,Africa,Manufacturing,Social Media Manager,Remote,43,Depression,Medium,4,Back Pain,4,$40K-60K,
6/2/2025,55,Female,Africa,Technology,Quality Assurance,Hybrid,53,Anxiety,High,3,Back Pain; Shoulder Pain; Neck Pain,2,$80K-100K,
6/2/2025,32,Male,Asia,Technology,Digital Marketing Specialist,Remote,44,Stress Disorder,High,5,Eye Strain; Neck Pain,4,$60K-80K,
6/2/2025,57,Male,Oceania,Technology,DevOps Engineer,Hybrid,58,None,Low,3,Back Pain; Shoulder Pain; Eye Strain,1,$120K+,
6/2/2025,47,Male,North America,Professional Services,Social Media Manager,Remote,51,PTSD,Medium,5,Neck Pain; Wrist Pain,1,$40K-60K,
6/2/2025,47,Male,Oceania,Manufacturing,Operations Manager,Remote,48,Burnout,Medium,4,Shoulder Pain; Eye Strain; Neck Pain,5,$100K-120K,
6/2/2025,62,Male,North America,Professional Services,Product Manager,Onsite,37,Stress Disorder,Low,3,None,1,$100K-120K,
6/2/2025,35,Female,Asia,Professional Services,DevOps Engineer,Hybrid,59,None,High,3,Back Pain,3,$80K-100K,
6/2/2025,45,Female,Europe,Professional Services,Customer Service Manager,Onsite,65,None,Low,3,None,2,$80K-100K,
6/2/2025,29,Male,Africa,Healthcare,DevOps Engineer,Hybrid,58,Depression,Medium,3,Back Pain,3,$80K-100K,
6/2/2025,42,Female,Oceania,Professional Services,Product Manager,Onsite,57,Anxiety,Medium,3,Back Pain; Shoulder Pain; Eye Strain,4,$60K-80K,
6/2/2025,44,Male,Oceania,Manufacturing,Account Manager,Onsite,39,Stress Disorder,Medium,2,Eye Strain,3,$120K+,
6/2/2025,30,Male,North America,Professional Services,Executive Assistant,Remote,58,Depression,High,3,Shoulder Pain,4,$80K-100K,
6/2/2025,60,Male,Africa,Professional Services,DevOps Engineer,Onsite,65,Depression,Low,1,Shoulder Pain; Eye Strain,3,$100K-120K,
6/2/2025,60,Non-binary,South America,Customer Service,Data Scientist,Onsite,51,Depression,High,3,Back Pain; Shoulder Pain; Neck Pain,2,$60K-80K,
6/2/2025,40,Male,South America,Professional Services,Account Manager,Onsite,50,ADHD,High,3,Back Pain; Neck Pain,1,$80K-100K,
6/2/2025,27,Female,South America,Marketing,HR Manager,Onsite,50,Burnout,Medium,4,Back Pain; Shoulder Pain; Eye Strain; Wrist Pain,1,$60K-80K,
6/2/2025,34,Male,Africa,Professional Services,Data Scientist,Remote,63,PTSD,High,5,None,5,$100K-120K,
6/2/2025,37,Female,North America,Education,Technical Writer,Onsite,58,Stress Disorder,Medium,3,Eye Strain,3,$40K-60K,
6/2/2025,32,Male,North America,Marketing,UX Designer,Onsite,39,ADHD,Low,5,Shoulder Pain,5,$60K-80K,
6/2/2025,43,Male,Europe,Professional Services,HR Manager,Remote,36,Anxiety,High,4,Back Pain; Shoulder Pain; Eye Strain; Neck Pain,2,$60K-80K,
6/2/2025,57,Female,Europe,Marketing,Business Analyst,Hybrid,48,None,High,2,Shoulder Pain; Wrist Pain,1,$80K-100K,
6/2/2025,57,Female,Africa,Manufacturing,DevOps Engineer,Remote,39,None,High,3,Back Pain; Shoulder Pain,5,$100K-120K,
6/2/2025,27,Male,Europe,Healthcare,Financial Analyst,Onsite,36,ADHD,Medium,3,None,2,$60K-80K,
6/2/2025,49,Female,Europe,Professional Services,Financial Analyst,Onsite,51,Anxiety,Medium,3,Back Pain; Eye Strain; Neck Pain,3,$100K-120K,
6/2/2025,33,Male,Africa,Technology,Executive Assistant,Hybrid,59,Anxiety,Medium,3,Shoulder Pain,4,$120K+,
6/2/2025,51,Male,Oceania,Manufacturing,Software Engineer,Hybrid,43,Anxiety,Medium,4,Back Pain,4,$60K-80K,
6/2/2025,45,Male,Oceania,Professional Services,UX Designer,Onsite,36,ADHD,Low,5,Back Pain,5,$100K-120K,
6/2/2025,25,Female,Africa,Manufacturing,Technical Writer,Onsite,49,Depression,Low,4,None,3,$60K-80K,
6/2/2025,25,Male,Asia,Finance,Data Scientist,Hybrid,40,ADHD,High,2,Back Pain; Eye Strain,3,$60K-80K,
6/2/2025,47,Non-binary,Africa,Technology,HR Manager,Hybrid,64,Anxiety,Low,3,None,1,$60K-80K,
6/2/2025,43,Male,North America,Manufacturing,Social Media Manager,Onsite,56,None,Low,3,Back Pain; Eye Strain,2,$60K-80K,
6/2/2025,42,Male,North America,Finance,Technical Writer,Onsite,55,Stress Disorder,Low,1,Back Pain,5,$60K-80K,
6/2/2025,43,Female,South America,Education,Research Scientist,Onsite,63,ADHD,Medium,3,Back Pain; Eye Strain; Wrist Pain,2,$80K-100K,
6/2/2025,52,Male,Oceania,Education,IT Support,Remote,44,Burnout,Medium,1,Back Pain; Shoulder Pain; Eye Strain; Neck Pain,3,$60K-80K,
6/2/2025,25,Female,Africa,Retail,DevOps Engineer,Hybrid,62,PTSD,High,4,Eye Strain,5,$40K-60K,
6/2/2025,37,Female,North America,Finance,Product Manager,Onsite,60,Depression,Medium,3,Back Pain,3,$80K-100K,
6/2/2025,30,Male,Oceania,Finance,Content Writer,Onsite,48,Depression,Medium,1,Back Pain,2,$40K-60K,
6/2/2025,36,Male,Oceania,Customer Service,Technical Writer,Onsite,53,Stress Disorder,High,3,Back Pain; Eye Strain; Wrist Pain,1,$60K-80K,
6/2/2025,40,Female,Africa,Education,IT Support,Remote,42,ADHD,Low,3,Back Pain; Shoulder Pain; Eye Strain; Wrist Pain,3,$60K-80K,
6/2/2025,63,Female,Asia,Professional Services,Consultant,Hybrid,44,Depression,Medium,5,Shoulder Pain; Wrist Pain,3,$80K-100K,
6/2/2025,40,Female,Oceania,Professional Services,Social Media Manager,Hybrid,45,Burnout,Low,5,None,3,$100K-120K,
6/2/2025,59,Male,Oceania,Professional Services,Social Media Manager,Hybrid,48,Burnout,High,3,Shoulder Pain; Eye Strain,5,$40K-60K,
6/2/2025,56,Male,Asia,Manufacturing,Consultant,Hybrid,55,None,Medium,4,Shoulder Pain; Eye Strain,3,$60K-80K,
6/3/2025,62,Female,South America,Finance,Sales Representative,Hybrid,41,Stress Disorder,Medium,2,Eye Strain,2,$60K-80K,
6/3/2025,47,Female,Africa,Professional Services,Social Media Manager,Remote,60,Depression,Low,4,Shoulder Pain,5,$40K-60K,
6/3/2025,36,Male,South America,Finance,Project Manager,Onsite,58,None,High,3,Eye Strain,1,$120K+,
6/3/2025,50,Male,Africa,Professional Services,Software Engineer,Onsite,43,PTSD,High,2,Back Pain; Shoulder Pain; Eye Strain; Neck Pain; Wrist Pain,2,$100K-120K,
6/3/2025,61,Male,North America,Professional Services,Operations Manager,Onsite,50,None,Low,3,Back Pain; Shoulder Pain; Eye Strain,5,$40K-60K,
6/3/2025,35,Female,Africa,Professional Services,HR Manager,Hybrid,39,Stress Disorder,Medium,3,Back Pain; Shoulder Pain,5,$60K-80K,
6/3/2025,57,Female,South America,Customer Service,Quality Assurance,Onsite,61,Stress Disorder,Low,2,Eye Strain,2,$80K-100K,
6/3/2025,33,Male,Asia,Finance,Customer Service Manager,Hybrid,55,PTSD,High,1,Back Pain; Neck Pain,4,$60K-80K,
6/3/2025,36,Male,North America,Education,Research Scientist,Onsite,64,Burnout,Medium,3,Shoulder Pain,3,$80K-100K,
6/3/2025,44,Male,Oceania,Manufacturing,Customer Service Manager,Hybrid,35,Depression,High,5,None,2,$60K-80K,
6/3/2025,44,Female,North America,Professional Services,Research Scientist,Remote,56,PTSD,High,4,Back Pain,3,$80K-100K,
6/3/2025,63,Male,North America,Education,Digital Marketing Specialist,Onsite,54,Burnout,High,2,Back Pain; Shoulder Pain; Neck Pain; Wrist Pain,1,$60K-80K,
6/3/2025,62,Female,Africa,Professional Services,Marketing Specialist,Hybrid,45,PTSD,Medium,4,Back Pain; Shoulder Pain; Wrist Pain,3,$60K-80K,
6/3/2025,61,Female,North America,Education,Financial Analyst,Onsite,49,Burnout,Low,2,Shoulder Pain; Eye Strain,2,$100K-120K,
6/3/2025,62,Female,Asia,Marketing,IT Support,Onsite,37,Anxiety,Low,3,Back Pain; Shoulder Pain; Eye Strain; Neck Pain; Wrist Pain,2,$40K-60K,
6/3/2025,58,Male,Oceania,Manufacturing,Account Manager,Onsite,54,PTSD,High,1,Shoulder Pain; Eye Strain,5,$80K-100K,
6/3/2025,45,Non-binary,Asia,Education,HR Manager,Remote,53,None,High,4,Shoulder Pain,1,$60K-80K,
6/3/2025,26,Female,Oceania,Healthcare,Consultant,Onsite,50,Anxiety,Low,4,Neck Pain; Wrist Pain,1,$60K-80K,
6/3/2025,32,Female,Europe,Technology,Quality Assurance,Remote,59,PTSD,Medium,3,Shoulder Pain; Eye Strain,5,$40K-60K,
6/3/2025,65,Female,Asia,Technology,Operations Manager,Hybrid,55,Stress Disorder,Low,5,Back Pain; Eye Strain,2,$80K-100K,
6/3/2025,27,Male,Asia,Professional Services,Social Media Manager,Hybrid,36,Depression,Low,4,Shoulder Pain; Eye Strain,3,$40K-60K,
6/3/2025,56,Male,Europe,Retail,Software Engineer,Onsite,53,Burnout,High,3,Back Pain,3,$100K-120K,
6/3/2025,39,Female,North America,Professional Services,Technical Writer,Hybrid,65,None,Medium,3,Back Pain; Shoulder Pain; Eye Strain,3,$80K-100K,
6/3/2025,44,Male,Oceania,Marketing,Product Manager,Onsite,64,Stress Disorder,High,3,Back Pain; Shoulder Pain,2,$80K-100K,
6/3/2025,64,Male,North America,Manufacturing,Data Analyst,Hybrid,56,Depression,High,2,Shoulder Pain; Eye Strain,1,$80K-100K,
6/3/2025,43,Male,Europe,Manufacturing,Project Manager,Hybrid,37,None,High,2,Eye Strain,3,$60K-80K,
6/3/2025,23,Male,Oceania,Education,Marketing Specialist,Remote,59,None,Medium,5,Back Pain; Shoulder Pain; Eye Strain,4,$80K-100K,
6/3/2025,61,Female,South America,Marketing,Social Media Manager,Onsite,62,None,High,2,Back Pain; Shoulder Pain; Eye Strain; Neck Pain,1,$60K-80K,
6/3/2025,38,Male,Oceania,Customer Service,Data Scientist,Onsite,40,None,High,3,Back Pain; Eye Strain; Wrist Pain,1,$80K-100K,
6/3/2025,37,Male,Oceania,Professional Services,Data Scientist,Onsite,59,None,High,1,Back Pain; Shoulder Pain; Eye Strain,2,$80K-100K,
6/3/2025,22,Male,Asia,Technology,Sales Representative,Remote,39,None,High,3,Eye Strain; Neck Pain,1,$60K-80K,
6/3/2025,24,Male,Asia,Education,Sales Representative,Onsite,58,PTSD,Medium,3,Shoulder Pain; Eye Strain,1,$60K-80K,
6/3/2025,30,Male,Europe,Professional Services,Technical Writer,Onsite,40,Burnout,High,2,Back Pain; Neck Pain; Wrist Pain,2,$80K-100K,
6/3/2025,32,Female,Asia,Healthcare,Quality Assurance,Hybrid,45,Burnout,Medium,4,Shoulder Pain; Eye Strain,3,$40K-60K,
6/3/2025,39,Female,Asia,Professional Services,UX Designer,Onsite,55,Anxiety,High,2,Back Pain; Eye Strain,3,$80K-100K,
6/3/2025,22,Female,Africa,Retail,Digital Marketing Specialist,Onsite,61,None,Low,4,Shoulder Pain; Eye Strain,3,$80K-100K,
6/3/2025,62,Female,Europe,Customer Service,Marketing Specialist,Onsite,49,ADHD,Low,5,None,4,$120K+,
6/3/2025,46,Female,North America,Finance,Technical Writer,Onsite,50,None,High,3,Shoulder Pain; Eye Strain,2,$40K-60K,
6/3/2025,43,Male,Asia,Manufacturing,Financial Analyst,Onsite,51,None,Medium,1,Eye Strain; Wrist Pain,2,$100K-120K,
6/3/2025,34,Male,Africa,Technology,Consultant,Hybrid,45,Anxiety,High,2,None,2,$60K-80K,
6/3/2025,43,Non-binary,Europe,Finance,Consultant,Onsite,56,None,Medium,4,Back Pain; Shoulder Pain; Neck Pain,3,$100K-120K,
6/3/2025,34,Female,North America,Finance,Data Scientist,Onsite,36,PTSD,High,3,Back Pain; Shoulder Pain; Eye Strain; Neck Pain,4,$100K-120K,
6/3/2025,30,Female,Oceania,Finance,IT Support,Onsite,42,Anxiety,High,5,Back Pain,5,$60K-80K,
6/3/2025,39,Female,North America,Marketing,Research Scientist,Onsite,45,Depression,Medium,3,Back Pain; Shoulder Pain,3,$60K-80K,
6/3/2025,61,Male,Europe,Technology,Sales Representative,Hybrid,55,ADHD,Low,4,Back Pain; Shoulder Pain; Eye Strain; Neck Pain,3,$60K-80K,
6/3/2025,53,Male,Oceania,Manufacturing,Digital Marketing Specialist,Hybrid,60,None,Medium,5,Shoulder Pain; Eye Strain,3,$80K-100K,
6/3/2025,59,Female,North America,Professional Services,Executive Assistant,Hybrid,58,Stress Disorder,Low,5,Eye Strain; Wrist Pain,3,$80K-100K,
6/3/2025,56,Female,Europe,Finance,Consultant,Onsite,60,Burnout,Low,4,Shoulder Pain; Eye Strain,1,$60K-80K,
6/3/2025,48,Male,Africa,Customer Service,Data Scientist,Onsite,38,PTSD,Low,3,Back Pain; Eye Strain,1,$80K-100K,
6/3/2025,60,Male,Europe,Healthcare,Data Scientist,Hybrid,56,PTSD,High,4,Back Pain,2,$100K-120K,
6/3/2025,43,Female,Oceania,Finance,Executive Assistant,Hybrid,52,Anxiety,Low,2,Back Pain; Shoulder Pain; Neck Pain,3,$100K-120K,
6/3/2025,65,Male,Europe,Technology,Marketing Specialist,Hybrid,59,None,Medium,3,Back Pain; Shoulder Pain; Eye Strain,3,$80K-100K,
6/3/2025,48,Female,South America,Technology,Product Manager,Remote,53,ADHD,Low,1,None,4,$100K-120K,
6/3/2025,46,Female,Africa,Professional Services,Technical Writer,Onsite,65,Stress Disorder,Medium,3,Wrist Pain,2,$40K-60K,
6/3/2025,22,Male,South America,Finance,Account Manager,Onsite,40,Burnout,Low,3,Eye Strain; Neck Pain,3,$80K-100K,
6/3/2025,58,Female,Europe,Manufacturing,Marketing Specialist,Onsite,53,None,High,4,Back Pain,1,$80K-100K,
6/3/2025,54,Male,Africa,Manufacturing,Software Engineer,Hybrid,49,None,High,5,Shoulder Pain,2,$80K-100K,
6/3/2025,51,Male,Europe,Marketing,Technical Writer,Hybrid,54,None,Medium,3,Shoulder Pain; Eye Strain; Neck Pain,2,$40K-60K,
6/3/2025,47,Male,Oceania,Technology,Social Media Manager,Onsite,55,None,Medium,5,Back Pain,2,$60K-80K,
6/3/2025,47,Male,North America,Technology,HR Manager,Remote,37,ADHD,Medium,1,Wrist Pain,5,$60K-80K,
6/3/2025,43,Female,Asia,Finance,Account Manager,Onsite,52,Stress Disorder,Medium,4,None,3,$80K-100K,
6/3/2025,62,Male,Europe,Finance,Social Media Manager,Onsite,44,Depression,Medium,4,Back Pain; Shoulder Pain; Eye Strain,5,$60K-80K,
6/3/2025,50,Female,Africa,Professional Services,Account Manager,Onsite,48,Depression,Low,3,Shoulder Pain; Neck Pain,3,$60K-80K,
6/3/2025,32,Female,South America,Manufacturing,Operations Manager,Onsite,65,Burnout,Medium,1,Back Pain,2,$80K-100K,
6/3/2025,54,Male,South America,Marketing,Business Analyst,Hybrid,43,Burnout,Low,3,Shoulder Pain; Eye Strain; Wrist Pain,3,$80K-100K,
6/3/2025,54,Male,Europe,Professional Services,IT Support,Onsite,62,None,Low,5,None,2,$40K-60K,
6/3/2025,56,Male,South America,Professional Services,Operations Manager,Onsite,41,Stress Disorder,Low,1,Neck Pain,5,$60K-80K,
6/3/2025,39,Male,North America,Manufacturing,Account Manager,Hybrid,42,PTSD,High,3,Shoulder Pain; Neck Pain,1,$60K-80K,
6/3/2025,43,Male,Africa,Manufacturing,Social Media Manager,Remote,44,ADHD,Low,2,Shoulder Pain; Eye Strain; Neck Pain,3,$60K-80K,
6/3/2025,55,Female,Oceania,Healthcare,Marketing Specialist,Onsite,36,Anxiety,High,3,Back Pain; Wrist Pain,3,$60K-80K,
6/3/2025,33,Male,Oceania,Healthcare,Data Scientist,Onsite,64,Burnout,Low,3,Back Pain; Shoulder Pain; Eye Strain,5,$80K-100K,
6/3/2025,61,Female,South America,Professional Services,Project Manager,Hybrid,50,Depression,Medium,1,Back Pain; Shoulder Pain; Eye Strain,3,$60K-80K,
6/3/2025,63,Female,North America,Customer Service,UX Designer,Onsite,40,None,Medium,5,Eye Strain,1,$80K-100K,
6/3/2025,28,Male,North America,Professional Services,Consultant,Onsite,58,Depression,Low,4,Back Pain; Shoulder Pain,2,$100K-120K,
6/3/2025,41,Male,South America,Technology,Research Scientist,Remote,49,Stress Disorder,Medium,3,Back Pain; Shoulder Pain; Eye Strain; Neck Pain,2,$40K-60K,
6/3/2025,62,Male,North America,Healthcare,Product Manager,Onsite,55,Depression,Medium,1,Back Pain; Shoulder Pain,3,$100K-120K,
6/3/2025,31,Female,Oceania,Technology,Data Analyst,Hybrid,49,Depression,Low,1,Back Pain; Neck Pain,4,$60K-80K,
6/3/2025,63,Male,Africa,Finance,Account Manager,Onsite,45,ADHD,Low,5,Back Pain; Eye Strain,3,$60K-80K,
6/3/2025,61,Male,South America,Professional Services,Customer Service Manager,Onsite,52,Burnout,Medium,4,Shoulder Pain,5,$80K-100K,
6/3/2025,31,Male,Africa,Customer Service,Operations Manager,Onsite,42,Anxiety,Medium,2,None,4,$60K-80K,
6/3/2025,42,Non-binary,North America,Healthcare,DevOps Engineer,Onsite,44,Stress Disorder,Medium,3,Back Pain; Shoulder Pain; Eye Strain,3,$60K-80K,
6/3/2025,22,Male,North America,Manufacturing,IT Support,Hybrid,41,Stress Disorder,Medium,1,Shoulder Pain,3,$60K-80K,
6/3/2025,63,Male,Africa,Customer Service,Software Engineer,Remote,64,None,Medium,4,None,4,$80K-100K,
6/3/2025,44,Male,Europe,Professional Services,Business Analyst,Onsite,53,None,Medium,4,Back Pain,3,$80K-100K,
6/3/2025,60,Female,North America,Healthcare,Operations Manager,Onsite,42,ADHD,High,1,Back Pain; Shoulder Pain; Eye Strain,2,$80K-100K,
6/3/2025,55,Male,Africa,Healthcare,Digital Marketing Specialist,Remote,54,Depression,Medium,3,Shoulder Pain; Eye Strain,5,$120K+,
6/3/2025,24,Male,South America,Technology,Data Analyst,Hybrid,56,ADHD,Low,3,Back Pain; Eye Strain; Wrist Pain,2,$120K+,
6/3/2025,23,Female,Asia,Professional Services,Quality Assurance,Onsite,60,Depression,Medium,4,Back Pain; Neck Pain,1,$60K-80K,
6/3/2025,49,Male,North America,Finance,Data Scientist,Hybrid,64,None,Medium,4,Back Pain; Shoulder Pain; Eye Strain,4,$80K-100K,
6/3/2025,61,Female,South America,Finance,Technical Writer,Onsite,62,Depression,Medium,3,Back Pain,1,$80K-100K,
6/3/2025,22,Female,Europe,Retail,Project Manager,Onsite,36,Anxiety,Medium,5,Back Pain; Shoulder Pain; Eye Strain,4,$100K-120K,
6/3/2025,26,Female,Asia,Finance,Executive Assistant,Onsite,47,Anxiety,Medium,3,Shoulder Pain; Eye Strain; Neck Pain,4,$60K-80K,
6/3/2025,40,Female,Asia,Manufacturing,Executive Assistant,Hybrid,42,ADHD,High,3,None,3,$80K-100K,
6/3/2025,25,Male,Asia,Manufacturing,Executive Assistant,Hybrid,47,Stress Disorder,Medium,2,Back Pain,3,$120K+,
6/3/2025,23,Male,Asia,Professional Services,HR Manager,Onsite,64,PTSD,Low,4,Shoulder Pain; Wrist Pain,2,$100K-120K,
6/3/2025,32,Male,Africa,Customer Service,Data Scientist,Hybrid,49,None,Medium,4,Back Pain; Wrist Pain,3,$80K-100K,
6/3/2025,55,Non-binary,South America,Finance,DevOps Engineer,Hybrid,58,None,Low,2,Shoulder Pain,1,$80K-100K,
6/3/2025,24,Female,Oceania,Technology,Quality Assurance,Remote,65,PTSD,High,3,Back Pain,4,$40K-60K,
6/3/2025,43,Male,South America,Education,Research Scientist,Onsite,48,None,High,4,Back Pain; Shoulder Pain; Eye Strain,2,$60K-80K,
6/3/2025,46,Female,Africa,Manufacturing,UX Designer,Onsite,60,None,Medium,3,Shoulder Pain; Eye Strain,3,$120K+,
6/3/2025,47,Female,North America,Professional Services,Account Manager,Onsite,42,ADHD,High,4,Back Pain; Eye Strain,4,$80K-100K,
6/3/2025,22,Female,Africa,Technology,Executive Assistant,Hybrid,52,Anxiety,Medium,4,Shoulder Pain; Eye Strain,2,$60K-80K,
6/3/2025,64,Female,North America,Technology,Product Manager,Remote,45,Burnout,High,2,Eye Strain,1,$60K-80K,
6/3/2025,36,Female,Africa,Customer Service,UX Designer,Hybrid,61,Stress Disorder,Medium,1,Shoulder Pain; Eye Strain; Neck Pain,2,$80K-100K,
6/3/2025,36,Female,Oceania,Marketing,Business Analyst,Onsite,39,Burnout,High,3,Back Pain; Shoulder Pain; Neck Pain,3,$100K-120K,
6/3/2025,50,Male,Europe,Manufacturing,Marketing Specialist,Remote,56,Stress Disorder,Medium,4,Back Pain; Neck Pain,4,$100K-120K,
6/3/2025,59,Male,Europe,Professional Services,Project Manager,Onsite,42,None,Medium,4,Back Pain; Eye Strain,2,$60K-80K,
6/3/2025,45,Female,North America,Marketing,Technical Writer,Onsite,64,ADHD,Medium,4,Back Pain; Wrist Pain,1,$40K-60K,
6/3/2025,22,Female,Europe,Technology,Content Writer,Onsite,49,Stress Disorder,Low,3,Back Pain,2,$60K-80K,
6/3/2025,56,Female,South America,Professional Services,Content Writer,Onsite,50,ADHD,Low,2,Back Pain; Neck Pain,2,$60K-80K,
6/3/2025,58,Female,North America,Manufacturing,Operations Manager,Remote,50,ADHD,High,2,Eye Strain; Neck Pain,3,$80K-100K,
6/3/2025,50,Male,Africa,Finance,Product Manager,Hybrid,38,Anxiety,Medium,4,Back Pain; Shoulder Pain,2,$40K-60K,
6/3/2025,28,Female,Oceania,Technology,Financial Analyst,Onsite,55,ADHD,High,2,Eye Strain,2,$60K-80K,
6/3/2025,45,Male,South America,Healthcare,Content Writer,Onsite,64,Stress Disorder,Medium,3,Back Pain; Shoulder Pain; Neck Pain,3,$60K-80K,
6/3/2025,25,Female,Europe,Customer Service,Digital Marketing Specialist,Onsite,48,Anxiety,Medium,4,Back Pain; Shoulder Pain; Eye Strain,2,$80K-100K,
6/3/2025,52,Male,North America,Education,Financial Analyst,Onsite,38,None,Medium,4,None,1,$100K-120K,
6/3/2025,62,Female,Oceania,Education,DevOps Engineer,Hybrid,36,Stress Disorder,Medium,1,Back Pain; Shoulder Pain,4,$100K-120K,
6/3/2025,37,Female,South America,Professional Services,Financial Analyst,Onsite,37,Depression,High,3,Eye Strain,2,$60K-80K,
6/3/2025,64,Female,Europe,Marketing,Marketing Specialist,Hybrid,42,Anxiety,Medium,3,Neck Pain,4,$60K-80K,
6/3/2025,23,Female,Asia,Technology,Customer Service Manager,Hybrid,40,None,High,4,Back Pain; Shoulder Pain; Neck Pain; Wrist Pain,4,$60K-80K,
6/3/2025,62,Female,Europe,Healthcare,Software Engineer,Hybrid,43,None,Low,4,Eye Strain; Neck Pain,3,$40K-60K,
6/3/2025,36,Female,North America,Retail,Sales Representative,Onsite,56,Burnout,Low,5,None,3,$80K-100K,
6/3/2025,35,Female,South America,Manufacturing,UX Designer,Remote,64,PTSD,High,1,Back Pain; Neck Pain,3,$120K+,
6/3/2025,58,Male,Europe,Healthcare,Content Writer,Onsite,56,Depression,Medium,1,Shoulder Pain; Eye Strain,1,$120K+,
6/3/2025,62,Female,South America,Manufacturing,Social Media Manager,Hybrid,46,PTSD,Medium,1,Shoulder Pain,4,$100K-120K,
6/4/2025,61,Female,South America,Manufacturing,Business Analyst,Onsite,41,PTSD,Medium,3,None,3,$60K-80K,
6/4/2025,40,Female,Europe,Technology,UX Designer,Hybrid,44,Burnout,Medium,3,Back Pain; Shoulder Pain,1,$80K-100K,
6/4/2025,25,Female,North America,Finance,Social Media Manager,Remote,48,Depression,Medium,3,Eye Strain,5,$100K-120K,
6/4/2025,42,Non-binary,Africa,Finance,Research Scientist,Hybrid,55,Depression,Medium,1,None,3,$80K-100K,
6/4/2025,44,Female,South America,Professional Services,Content Writer,Onsite,55,Burnout,Medium,4,Back Pain; Shoulder Pain,3,$60K-80K,
6/4/2025,49,Female,Africa,Manufacturing,HR Manager,Onsite,49,PTSD,High,3,Back Pain; Shoulder Pain; Neck Pain,5,$40K-60K,
6/4/2025,22,Female,North America,Education,Content Writer,Onsite,40,Anxiety,Medium,3,Back Pain; Eye Strain,2,$80K-100K,
6/4/2025,26,Male,Europe,Finance,Social Media Manager,Hybrid,38,None,Low,1,Shoulder Pain,4,$80K-100K,
6/4/2025,36,Female,South America,Finance,Technical Writer,Hybrid,49,Anxiety,High,1,Back Pain; Eye Strain; Neck Pain; Wrist Pain,3,$80K-100K,
6/4/2025,50,Female,South America,Finance,Customer Service Manager,Onsite,63,PTSD,Medium,2,Shoulder Pain,2,$80K-100K,
6/4/2025,51,Female,Asia,Technology,UX Designer,Hybrid,41,Burnout,High,2,Back Pain,3,$80K-100K,
6/4/2025,26,Male,Europe,Healthcare,Executive Assistant,Hybrid,48,None,High,2,Shoulder Pain; Eye Strain,2,$120K+,
6/4/2025,64,Female,South America,Healthcare,Software Engineer,Onsite,43,ADHD,High,3,Eye Strain,3,$100K-120K,
6/4/2025,56,Male,Oceania,Manufacturing,Data Scientist,Onsite,56,None,Medium,2,Back Pain; Shoulder Pain,2,$80K-100K,
6/4/2025,57,Male,North America,Education,Digital Marketing Specialist,Hybrid,58,None,Medium,2,Neck Pain,3,$100K-120K,
6/4/2025,63,Male,Africa,Manufacturing,Business Analyst,Hybrid,55,None,Medium,4,Shoulder Pain; Eye Strain; Neck Pain,3,$60K-80K,
6/4/2025,26,Female,North America,Manufacturing,Business Analyst,Hybrid,64,None,High,4,Back Pain; Shoulder Pain; Eye Strain; Neck Pain,3,$40K-60K,
6/4/2025,33,Male,South America,Retail,Project Manager,Onsite,43,Anxiety,Medium,3,Back Pain; Shoulder Pain; Eye Strain,1,$60K-80K,
6/4/2025,45,Male,Oceania,Education,Data Analyst,Hybrid,61,None,High,3,Shoulder Pain; Eye Strain; Neck Pain,3,$60K-80K,
6/4/2025,30,Male,Asia,Healthcare,DevOps Engineer,Hybrid,57,Burnout,Low,4,Back Pain; Shoulder Pain; Eye Strain,4,$100K-120K,
6/4/2025,65,Female,Asia,Professional Services,Quality Assurance,Onsite,65,Stress Disorder,Low,1,Neck Pain; Wrist Pain,3,$100K-120K,
6/4/2025,33,Female,Asia,Retail,Technical Writer,Onsite,40,ADHD,Medium,1,Shoulder Pain,1,$60K-80K,
6/4/2025,46,Male,Africa,Marketing,IT Support,Hybrid,54,Burnout,Low,2,Back Pain; Shoulder Pain,1,$80K-100K,
6/4/2025,26,Female,Africa,Finance,Project Manager,Onsite,53,None,Medium,3,Neck Pain,3,$40K-60K,
6/4/2025,50,Female,North America,Manufacturing,Executive Assistant,Onsite,64,None,Medium,3,Back Pain; Neck Pain,3,$80K-100K,
6/4/2025,64,Male,Asia,Professional Services,Digital Marketing Specialist,Onsite,42,PTSD,High,3,Shoulder Pain; Eye Strain,1,$80K-100K,
6/4/2025,45,Male,North America,Retail,DevOps Engineer,Remote,35,Depression,High,2,None,2,$60K-80K,
6/4/2025,35,Female,Asia,Technology,Project Manager,Onsite,56,PTSD,Low,4,Back Pain; Wrist Pain,3,$80K-100K,
6/4/2025,43,Female,North America,Education,Technical Writer,Onsite,51,Burnout,Medium,5,Shoulder Pain; Eye Strain,1,$80K-100K,
6/4/2025,65,Male,South America,Finance,Consultant,Hybrid,64,Depression,Medium,3,Shoulder Pain; Eye Strain,2,$80K-100K,
6/4/2025,25,Female,Asia,Marketing,Marketing Specialist,Hybrid,47,Burnout,High,4,Shoulder Pain; Neck Pain,2,$60K-80K,
6/4/2025,55,Male,Oceania,Manufacturing,Account Manager,Remote,41,None,High,3,Back Pain; Shoulder Pain; Eye Strain,4,$80K-100K,
6/4/2025,51,Male,Oceania,Manufacturing,Technical Writer,Hybrid,49,Stress Disorder,Low,3,Shoulder Pain; Neck Pain,2,$60K-80K,
6/4/2025,35,Prefer not to say,Africa,Education,IT Support,Onsite,63,None,Low,5,None,2,$40K-60K,
6/4/2025,52,Male,Asia,Healthcare,Customer Service Manager,Hybrid,54,Stress Disorder,High,3,Back Pain,1,$100K-120K,
6/4/2025,32,Male,South America,Customer Service,Account Manager,Onsite,35,None,High,3,Back Pain; Shoulder Pain,3,$60K-80K,
6/4/2025,64,Female,Africa,Marketing,Product Manager,Remote,60,PTSD,High,3,Shoulder Pain; Wrist Pain,3,$80K-100K,
6/4/2025,56,Female,North America,Professional Services,Project Manager,Onsite,39,None,Medium,1,Eye Strain,3,$80K-100K,
6/4/2025,31,Male,Europe,Professional Services,Business Analyst,Onsite,60,None,Low,3,Back Pain; Shoulder Pain; Eye Strain,5,$60K-80K,
6/4/2025,29,Female,Africa,Healthcare,Project Manager,Onsite,65,None,Medium,4,Back Pain; Shoulder Pain,5,$80K-100K,
6/4/2025,23,Male,Europe,Education,Executive Assistant,Onsite,55,None,Low,3,Shoulder Pain; Wrist Pain,3,$100K-120K,
6/4/2025,35,Male,Africa,Professional Services,Product Manager,Onsite,55,PTSD,Low,2,Back Pain; Eye Strain; Neck Pain,4,$100K-120K,
6/4/2025,33,Female,South America,Education,Data Scientist,Remote,42,None,Medium,3,Back Pain; Shoulder Pain,3,$120K+,
6/4/2025,35,Female,North America,Professional Services,Technical Writer,Onsite,57,Burnout,Medium,2,Eye Strain; Neck Pain,1,$40K-60K,
6/4/2025,58,Female,South America,Manufacturing,DevOps Engineer,Hybrid,44,None,Medium,3,Shoulder Pain; Eye Strain; Wrist Pain,3,$60K-80K,
6/4/2025,39,Female,Europe,Manufacturing,UX Designer,Hybrid,50,ADHD,High,2,Eye Strain; Wrist Pain,3,$40K-60K,
6/4/2025,28,Female,Asia,Finance,Digital Marketing Specialist,Hybrid,39,PTSD,High,4,Back Pain; Shoulder Pain; Eye Strain,3,$40K-60K,
6/4/2025,31,Male,Oceania,Customer Service,Executive Assistant,Onsite,46,Anxiety,High,3,Shoulder Pain; Eye Strain,2,$40K-60K,
6/4/2025,47,Male,Africa,Finance,HR Manager,Onsite,45,Stress Disorder,High,1,Back Pain; Eye Strain,5,$60K-80K,
6/4/2025,56,Male,Africa,Technology,Operations Manager,Hybrid,59,None,Medium,4,Back Pain; Shoulder Pain; Neck Pain; Wrist Pain,4,$40K-60K,
6/4/2025,33,Female,North America,Professional Services,Data Analyst,Hybrid,59,ADHD,Medium,3,Shoulder Pain,2,$40K-60K,
6/4/2025,65,Female,North America,Manufacturing,Financial Analyst,Hybrid,51,None,Low,3,Shoulder Pain; Eye Strain,5,$60K-80K,
6/4/2025,48,Female,South America,Manufacturing,DevOps Engineer,Hybrid,45,None,Medium,2,Back Pain; Shoulder Pain; Neck Pain,3,$100K-120K,
6/4/2025,43,Male,Oceania,Finance,Research Scientist,Hybrid,42,Depression,Medium,4,Back Pain; Eye Strain,2,$60K-80K,
6/4/2025,50,Male,Oceania,Finance,UX Designer,Remote,57,None,High,4,Back Pain; Shoulder Pain; Eye Strain; Wrist Pain,3,$60K-80K,
6/4/2025,54,Female,North America,Manufacturing,Digital Marketing Specialist,Hybrid,63,Stress Disorder,Medium,2,Shoulder Pain; Eye Strain,2,$80K-100K,
6/4/2025,46,Male,Asia,Professional Services,UX Designer,Hybrid,55,ADHD,Low,2,Back Pain,4,$80K-100K,
6/4/2025,30,Female,North America,Professional Services,Product Manager,Onsite,43,None,Medium,3,Shoulder Pain; Wrist Pain,5,$80K-100K,
6/4/2025,49,Female,Asia,Technology,Technical Writer,Hybrid,59,ADHD,High,3,Back Pain,2,$40K-60K,
6/4/2025,36,Female,Asia,Marketing,Operations Manager,Remote,56,None,Medium,3,Back Pain; Eye Strain; Neck Pain,5,$100K-120K,
6/4/2025,62,Female,Africa,Technology,IT Support,Hybrid,52,None,Medium,3,Back Pain; Shoulder Pain; Eye Strain; Neck Pain,5,$100K-120K,
6/4/2025,51,Female,North America,Retail,Sales Representative,Onsite,39,Depression,Medium,5,Neck Pain,2,$100K-120K,
6/4/2025,51,Female,Europe,Healthcare,Content Writer,Onsite,53,None,High,1,None,4,$60K-80K,
6/4/2025,37,Male,Africa,Customer Service,Quality Assurance,Hybrid,55,PTSD,Low,2,Eye Strain,4,$80K-100K,
6/4/2025,50,Male,South America,Education,Customer Service Manager,Onsite,41,None,Low,2,Back Pain,4,$60K-80K,
6/4/2025,64,Female,Europe,Marketing,IT Support,Hybrid,44,Anxiety,Medium,1,Back Pain; Shoulder Pain; Neck Pain; Wrist Pain,2,$40K-60K,
6/4/2025,59,Female,Asia,Marketing,IT Support,Hybrid,55,Anxiety,Medium,3,Back Pain; Shoulder Pain; Eye Strain,3,$60K-80K,
6/4/2025,46,Male,North America,Professional Services,Operations Manager,Hybrid,45,Stress Disorder,Medium,1,Neck Pain,3,$60K-80K,
6/4/2025,33,Prefer not to say,North America,Professional Services,Software Engineer,Remote,46,Anxiety,High,1,Eye Strain; Wrist Pain,3,$60K-80K,
6/4/2025,61,Male,Europe,Manufacturing,UX Designer,Onsite,56,Anxiety,High,4,Back Pain,5,$40K-60K,
6/4/2025,58,Male,Oceania,Manufacturing,Data Analyst,Onsite,55,ADHD,Medium,3,Back Pain; Eye Strain; Neck Pain,2,$60K-80K,
6/4/2025,49,Female,Asia,Retail,Content Writer,Onsite,49,Burnout,Low,2,Back Pain; Shoulder Pain; Eye Strain; Neck Pain,2,$80K-100K,
6/4/2025,28,Non-binary,Africa,Manufacturing,Account Manager,Hybrid,58,Burnout,Low,5,Back Pain,4,$80K-100K,
6/4/2025,48,Female,Oceania,Professional Services,Account Manager,Onsite,59,None,Medium,2,Eye Strain,3,$100K-120K,
6/4/2025,36,Female,Africa,Healthcare,Social Media Manager,Hybrid,41,Stress Disorder,Medium,3,Shoulder Pain; Eye Strain,1,$60K-80K,
6/4/2025,27,Male,North America,Professional Services,Financial Analyst,Hybrid,55,Depression,Medium,3,Shoulder Pain; Eye Strain,3,$80K-100K,
6/4/2025,23,Male,Africa,Finance,Research Scientist,Onsite,50,PTSD,Medium,3,Back Pain; Neck Pain,3,$60K-80K,
6/4/2025,49,Male,Asia,Customer Service,HR Manager,Hybrid,59,PTSD,Medium,3,Shoulder Pain; Eye Strain; Neck Pain,3,$80K-100K,
6/4/2025,52,Prefer not to say,Africa,Professional Services,Social Media Manager,Hybrid,51,Anxiety,Medium,1,Back Pain; Eye Strain; Wrist Pain,2,$60K-80K,
6/4/2025,39,Female,South America,Technology,HR Manager,Hybrid,47,Burnout,High,4,Back Pain; Shoulder Pain,3,$60K-80K,
6/4/2025,38,Male,Europe,Technology,IT Support,Onsite,59,None,Medium,3,Shoulder Pain,2,$40K-60K,
6/4/2025,53,Male,Europe,Technology,Data Analyst,Remote,41,PTSD,Medium,2,Eye Strain,4,$80K-100K,
6/4/2025,35,Female,Oceania,Healthcare,Social Media Manager,Remote,61,None,High,3,Back Pain; Shoulder Pain; Eye Strain; Neck Pain; Wrist Pain,3,$60K-80K,
6/4/2025,40,Male,Africa,Technology,IT Support,Remote,36,Burnout,Low,4,Back Pain; Shoulder Pain,4,$80K-100K,
6/4/2025,47,Male,Africa,Education,IT Support,Hybrid,58,Depression,High,4,Eye Strain; Neck Pain,4,$60K-80K,
6/4/2025,61,Male,Europe,Retail,Operations Manager,Onsite,53,Burnout,High,4,None,2,$80K-100K,
6/4/2025,27,Non-binary,North America,Manufacturing,Digital Marketing Specialist,Onsite,63,None,Low,3,None,2,$60K-80K,
6/4/2025,63,Female,South America,Marketing,Quality Assurance,Onsite,49,PTSD,Low,4,Back Pain; Shoulder Pain; Eye Strain,1,$60K-80K,
6/4/2025,32,Male,Asia,Healthcare,Data Analyst,Hybrid,57,PTSD,High,4,Shoulder Pain,5,$80K-100K,
6/4/2025,24,Male,Oceania,Professional Services,IT Support,Remote,53,None,High,2,Back Pain; Shoulder Pain,3,$40K-60K,
6/4/2025,37,Female,Asia,Healthcare,Social Media Manager,Onsite,48,Anxiety,Medium,2,None,3,$120K+,
6/4/2025,45,Female,North America,Healthcare,Product Manager,Onsite,39,ADHD,Medium,5,Back Pain; Shoulder Pain; Wrist Pain,3,$100K-120K,
6/4/2025,54,Male,South America,Professional Services,Customer Service Manager,Hybrid,35,Anxiety,Medium,3,Shoulder Pain; Eye Strain,3,$80K-100K,
6/4/2025,43,Male,South America,Manufacturing,UX Designer,Remote,61,Stress Disorder,High,4,Shoulder Pain; Neck Pain,5,$60K-80K,
6/4/2025,32,Female,Africa,Technology,Customer Service Manager,Remote,43,None,High,3,Back Pain; Shoulder Pain,3,$40K-60K,
6/4/2025,40,Male,North America,Manufacturing,Project Manager,Remote,48,PTSD,Low,1,Back Pain; Shoulder Pain,4,$80K-100K,
6/4/2025,63,Male,Europe,Customer Service,Research Scientist,Onsite,35,None,Low,3,Back Pain; Eye Strain; Neck Pain,3,$100K-120K,
6/4/2025,47,Male,Asia,Technology,Project Manager,Remote,60,None,Medium,3,Back Pain; Shoulder Pain; Eye Strain; Neck Pain,2,$100K-120K,
6/4/2025,56,Female,South America,Education,DevOps Engineer,Onsite,57,Anxiety,Low,4,Back Pain; Neck Pain,3,$60K-80K,
6/4/2025,45,Male,Africa,Marketing,Software Engineer,Remote,65,None,High,3,Back Pain; Shoulder Pain,5,$100K-120K,
6/4/2025,28,Prefer not to say,Europe,Professional Services,Quality Assurance,Onsite,48,Depression,Low,3,Eye Strain,2,$60K-80K,
6/4/2025,63,Female,South America,Marketing,IT Support,Remote,57,Stress Disorder,Low,4,Back Pain; Shoulder Pain; Eye Strain,2,$60K-80K,
6/4/2025,63,Female,Asia,Finance,Software Engineer,Onsite,53,Depression,Medium,4,Shoulder Pain; Wrist Pain,1,$100K-120K,
6/4/2025,53,Male,North America,Technology,Quality Assurance,Hybrid,40,None,Medium,4,Back Pain; Shoulder Pain; Eye Strain,2,$80K-100K,
6/4/2025,56,Female,Europe,Finance,Marketing Specialist,Hybrid,50,Burnout,High,3,Eye Strain; Neck Pain; Wrist Pain,1,$60K-80K,
6/4/2025,52,Female,Africa,Finance,Social Media Manager,Hybrid,64,Burnout,Low,1,Eye Strain,4,$60K-80K,
6/4/2025,57,Female,Asia,Education,Project Manager,Onsite,42,None,Low,3,Back Pain; Shoulder Pain; Eye Strain; Wrist Pain,3,$80K-100K,
6/4/2025,62,Male,South America,Technology,Quality Assurance,Hybrid,53,Depression,Low,4,Shoulder Pain; Eye Strain,2,$80K-100K,
6/4/2025,61,Female,Oceania,Finance,Content Writer,Onsite,58,Burnout,Medium,4,Back Pain; Shoulder Pain,3,$40K-60K,
6/4/2025,58,Female,South America,Professional Services,Customer Service Manager,Onsite,44,Burnout,Medium,3,Back Pain; Shoulder Pain; Eye Strain,1,$120K+,
6/4/2025,60,Male,Africa,Marketing,Sales Representative,Hybrid,44,ADHD,High,2,Shoulder Pain,2,$40K-60K,
6/4/2025,38,Female,North America,Education,Research Scientist,Hybrid,42,Burnout,Medium,1,Shoulder Pain; Eye Strain,4,$60K-80K,
6/4/2025,52,Female,North America,Marketing,Financial Analyst,Onsite,35,None,Low,4,Back Pain; Shoulder Pain; Neck Pain,1,$60K-80K,
6/4/2025,24,Female,Oceania,Finance,Digital Marketing Specialist,Hybrid,45,Depression,High,1,Back Pain; Shoulder Pain; Eye Strain,4,$80K-100K,
6/4/2025,54,Female,Europe,Finance,Operations Manager,Onsite,37,Burnout,Medium,5,Back Pain; Shoulder Pain; Eye Strain,1,$80K-100K,
6/4/2025,31,Female,North America,Technology,Technical Writer,Onsite,45,None,High,4,Back Pain; Eye Strain,1,$60K-80K,
6/4/2025,39,Female,Europe,Healthcare,Content Writer,Remote,53,None,High,4,Back Pain,4,$80K-100K,
6/4/2025,51,Female,Africa,Professional Services,Financial Analyst,Onsite,63,ADHD,Medium,1,Back Pain,2,$60K-80K,
6/4/2025,25,Female,Oceania,Education,DevOps Engineer,Onsite,45,Stress Disorder,Low,3,Back Pain; Wrist Pain,4,$100K-120K,
6/4/2025,41,Male,Asia,Healthcare,Data Analyst,Onsite,57,Anxiety,Low,3,Back Pain; Shoulder Pain; Wrist Pain,2,$120K+,
6/4/2025,38,Female,Oceania,Technology,Project Manager,Hybrid,53,Burnout,Medium,3,Eye Strain,4,$60K-80K,
6/4/2025,37,Female,Europe,Professional Services,Executive Assistant,Onsite,41,Burnout,Low,4,Back Pain; Eye Strain,1,$40K-60K,
6/4/2025,60,Male,Asia,Retail,Quality Assurance,Onsite,40,Stress Disorder,Low,3,Shoulder Pain; Eye Strain,3,$60K-80K,
6/4/2025,25,Male,Europe,Professional Services,Technical Writer,Hybrid,48,Depression,Low,3,Eye Strain,1,$80K-100K,
6/4/2025,34,Female,Africa,Technology,Technical Writer,Remote,58,Stress Disorder,Medium,2,Eye Strain; Neck Pain,3,$60K-80K,
6/4/2025,61,Female,Europe,Professional Services,UX Designer,Onsite,52,ADHD,Low,5,Back Pain,3,$60K-80K,
6/4/2025,48,Male,North America,Education,Software Engineer,Hybrid,58,Depression,Medium,4,Shoulder Pain; Neck Pain,5,$80K-100K,
6/4/2025,45,Female,South America,Customer Service,Executive Assistant,Hybrid,36,Depression,Medium,1,Back Pain; Shoulder Pain; Eye Strain,2,$40K-60K,
6/4/2025,52,Female,Oceania,Professional Services,Marketing Specialist,Onsite,53,Anxiety,Medium,1,None,2,$60K-80K,
6/4/2025,41,Female,Asia,Healthcare,Data Analyst,Onsite,47,Stress Disorder,Medium,3,Wrist Pain,2,$80K-100K,
6/4/2025,43,Male,Europe,Healthcare,Business Analyst,Onsite,57,None,Low,4,Back Pain; Eye Strain,1,$80K-100K,
6/4/2025,44,Male,Africa,Professional Services,UX Designer,Onsite,40,ADHD,Low,4,Neck Pain,1,$60K-80K,
6/4/2025,33,Male,Asia,Retail,Consultant,Remote,44,Anxiety,Medium,3,Shoulder Pain,3,$60K-80K,
6/4/2025,41,Female,Asia,Education,Business Analyst,Hybrid,41,Burnout,Medium,3,Shoulder Pain; Eye Strain,3,$60K-80K,
6/4/2025,45,Male,Africa,Finance,Operations Manager,Hybrid,48,Burnout,High,1,Back Pain; Shoulder Pain; Eye Strain,1,$40K-60K,
6/4/2025,35,Female,Asia,Finance,Sales Representative,Onsite,50,Anxiety,Medium,3,None,3,$100K-120K,
6/5/2025,59,Male,North America,Professional Services,Data Analyst,Onsite,60,Anxiety,Medium,2,Back Pain; Neck Pain,3,$60K-80K,
6/5/2025,51,Female,South America,Technology,Quality Assurance,Hybrid,44,Stress Disorder,High,4,Eye Strain,1,$120K+,
6/5/2025,48,Female,Oceania,Customer Service,Technical Writer,Onsite,59,None,Medium,1,Back Pain; Shoulder Pain; Eye Strain,4,$60K-80K,
6/5/2025,30,Male,Asia,Manufacturing,Consultant,Remote,43,Stress Disorder,Medium,2,Eye Strain,1,$60K-80K,
6/5/2025,27,Male,North America,Customer Service,Consultant,Onsite,62,Burnout,Medium,4,Neck Pain,3,$40K-60K,
6/5/2025,55,Male,Asia,Education,Account Manager,Hybrid,57,Burnout,Low,2,Back Pain; Eye Strain,4,$60K-80K,
6/5/2025,50,Female,Asia,Manufacturing,IT Support,Onsite,40,ADHD,High,3,Back Pain,1,$80K-100K,
6/5/2025,48,Male,North America,Technology,Account Manager,Hybrid,42,Stress Disorder,Low,1,Back Pain; Neck Pain,1,$100K-120K,
6/5/2025,53,Male,Asia,Professional Services,Project Manager,Onsite,58,PTSD,High,5,Shoulder Pain; Neck Pain,3,$100K-120K,
6/5/2025,60,Female,Europe,Professional Services,Account Manager,Hybrid,46,PTSD,Medium,5,Back Pain; Shoulder Pain; Eye Strain,4,$60K-80K,
6/5/2025,63,Male,South America,Professional Services,Product Manager,Remote,64,Depression,Medium,4,Neck Pain,4,$80K-100K,
6/5/2025,35,Male,Asia,Education,Data Scientist,Onsite,50,Burnout,Medium,3,Shoulder Pain; Eye Strain,4,$100K-120K,
6/5/2025,57,Male,South America,Technology,IT Support,Hybrid,65,Stress Disorder,Medium,1,Back Pain; Eye Strain; Neck Pain,2,$40K-60K,
6/5/2025,46,Male,Asia,Healthcare,Product Manager,Onsite,52,PTSD,High,5,Back Pain; Shoulder Pain; Eye Strain,3,$100K-120K,
6/5/2025,61,Male,Europe,Customer Service,Financial Analyst,Onsite,44,None,High,3,Back Pain; Eye Strain; Neck Pain,1,$100K-120K,
6/5/2025,56,Male,Europe,Technology,Sales Representative,Remote,37,Burnout,High,3,Back Pain; Shoulder Pain,5,$80K-100K,
6/5/2025,33,Male,Oceania,Technology,Project Manager,Onsite,49,ADHD,Medium,1,Eye Strain; Neck Pain,2,$100K-120K,
6/5/2025,34,Female,Europe,Healthcare,Consultant,Remote,37,Stress Disorder,High,5,Neck Pain,4,$80K-100K,
6/5/2025,55,Female,South America,Technology,Product Manager,Remote,35,ADHD,Medium,3,Shoulder Pain; Eye Strain,1,$60K-80K,
6/5/2025,56,Male,South America,Technology,Technical Writer,Remote,36,None,High,1,Back Pain,4,$100K-120K,
6/5/2025,45,Female,Oceania,Professional Services,Product Manager,Hybrid,61,Burnout,Low,3,Back Pain,5,$100K-120K,
6/5/2025,35,Female,Oceania,Finance,Content Writer,Hybrid,62,None,Medium,3,Back Pain; Eye Strain,2,$40K-60K,
6/5/2025,61,Female,Europe,Manufacturing,Business Analyst,Onsite,38,Anxiety,Medium,4,None,1,$60K-80K,
6/5/2025,49,Male,Asia,Technology,IT Support,Remote,39,None,High,1,Shoulder Pain; Eye Strain,4,$60K-80K,
6/5/2025,54,Male,Oceania,Manufacturing,Data Scientist,Remote,39,Anxiety,Medium,1,Back Pain; Eye Strain,4,$100K-120K,
6/5/2025,22,Female,North America,Retail,UX Designer,Onsite,60,Anxiety,Medium,3,Shoulder Pain; Eye Strain; Neck Pain,3,$40K-60K,
6/5/2025,33,Male,Oceania,Finance,Marketing Specialist,Remote,43,Stress Disorder,High,4,Shoulder Pain; Eye Strain,4,$60K-80K,
6/5/2025,27,Female,Africa,Retail,Financial Analyst,Onsite,51,Stress Disorder,Medium,2,Eye Strain,2,$80K-100K,
6/5/2025,24,Female,South America,Education,Social Media Manager,Hybrid,57,None,Low,3,Shoulder Pain; Eye Strain; Neck Pain,2,$80K-100K,
6/5/2025,64,Female,Africa,Manufacturing,Quality Assurance,Hybrid,58,None,High,4,Back Pain,1,$120K+,
6/5/2025,32,Female,South America,Healthcare,HR Manager,Onsite,47,ADHD,High,3,Shoulder Pain; Eye Strain; Wrist Pain,1,$60K-80K,
6/5/2025,37,Male,Asia,Education,Data Analyst,Onsite,56,Burnout,Medium,3,Back Pain; Shoulder Pain; Eye Strain; Neck Pain; Wrist Pain,2,$80K-100K,
6/5/2025,34,Male,Africa,Technology,Digital Marketing Specialist,Hybrid,53,None,High,2,None,5,$80K-100K,
6/5/2025,54,Male,South America,Professional Services,Project Manager,Onsite,36,Burnout,High,3,Shoulder Pain,1,$100K-120K,
6/5/2025,39,Male,South America,Finance,Research Scientist,Onsite,39,PTSD,Medium,2,Back Pain; Eye Strain,4,$80K-100K,
6/5/2025,33,Female,South America,Professional Services,UX Designer,Onsite,44,PTSD,High,1,Back Pain,1,$40K-60K,
6/5/2025,45,Non-binary,Oceania,Technology,Research Scientist,Remote,56,None,Medium,1,Eye Strain; Neck Pain,5,$120K+,
6/5/2025,45,Male,Oceania,Technology,Account Manager,Onsite,44,Stress Disorder,Medium,3,Back Pain; Shoulder Pain; Eye Strain,1,$100K-120K,
6/5/2025,49,Female,South America,Technology,HR Manager,Remote,56,Stress Disorder,High,4,Shoulder Pain; Eye Strain; Neck Pain; Wrist Pain,4,$80K-100K,
6/5/2025,54,Female,Africa,Retail,Customer Service Manager,Onsite,51,Depression,Medium,2,None,1,$60K-80K,
6/5/2025,30,Female,Oceania,Professional Services,IT Support,Hybrid,41,ADHD,Low,3,Shoulder Pain,2,$80K-100K,
6/5/2025,22,Male,Africa,Marketing,Quality Assurance,Onsite,48,None,High,3,None,1,$60K-80K,
6/5/2025,46,Male,Oceania,Professional Services,Customer Service Manager,Onsite,38,Burnout,Medium,3,Back Pain; Shoulder Pain,2,$60K-80K,
6/5/2025,64,Female,Africa,Technology,Digital Marketing Specialist,Remote,44,Depression,Low,2,None,4,$60K-80K,
6/5/2025,23,Female,Africa,Finance,Sales Representative,Hybrid,42,None,Medium,3,Back Pain; Shoulder Pain; Neck Pain,3,$100K-120K,
6/5/2025,63,Female,Europe,Manufacturing,Software Engineer,Hybrid,65,Anxiety,Medium,3,Back Pain; Shoulder Pain; Wrist Pain,2,$100K-120K,
6/5/2025,25,Male,North America,Professional Services,Financial Analyst,Hybrid,48,None,Medium,1,Eye Strain; Neck Pain,3,$60K-80K,
6/5/2025,54,Female,North America,Manufacturing,DevOps Engineer,Remote,53,None,Medium,3,Back Pain; Shoulder Pain,4,$100K-120K,
6/5/2025,43,Female,Asia,Finance,Account Manager,Onsite,53,Anxiety,Medium,3,None,3,$80K-100K,
6/5/2025,32,Female,Oceania,Professional Services,IT Support,Onsite,61,None,High,4,Back Pain; Eye Strain; Wrist Pain,3,$100K-120K,
6/5/2025,31,Male,North America,Technology,Account Manager,Hybrid,35,PTSD,High,3,Shoulder Pain; Eye Strain,2,$60K-80K,
6/5/2025,59,Male,Asia,Technology,Research Scientist,Onsite,37,Depression,Medium,1,Back Pain,2,$60K-80K,
6/5/2025,44,Female,Africa,Manufacturing,Data Analyst,Onsite,50,None,High,3,Wrist Pain,1,$40K-60K,
6/5/2025,53,Male,Europe,Manufacturing,Executive Assistant,Hybrid,46,Stress Disorder,Medium,3,Shoulder Pain; Neck Pain,3,$40K-60K,
6/5/2025,28,Male,North America,Marketing,Consultant,Hybrid,50,PTSD,High,1,Back Pain; Eye Strain,2,$60K-80K,
6/5/2025,36,Female,Africa,Manufacturing,Business Analyst,Remote,63,None,Medium,4,None,3,$60K-80K,
6/5/2025,51,Female,North America,Customer Service,Operations Manager,Remote,47,Anxiety,Medium,2,Back Pain; Shoulder Pain; Eye Strain; Neck Pain,3,$100K-120K,
6/5/2025,56,Prefer not to say,South America,Manufacturing,Data Scientist,Remote,50,None,Medium,3,None,3,$120K+,
6/5/2025,38,Male,South America,Technology,UX Designer,Remote,42,ADHD,High,5,Shoulder Pain,5,$60K-80K,
6/5/2025,47,Male,Oceania,Technology,Data Analyst,Hybrid,47,Stress Disorder,Medium,3,Back Pain; Shoulder Pain,3,$60K-80K,
6/5/2025,39,Male,Oceania,Manufacturing,Product Manager,Hybrid,42,PTSD,High,3,Shoulder Pain; Eye Strain,2,$80K-100K,
6/5/2025,58,Male,South America,Technology,Account Manager,Hybrid,45,Burnout,Medium,4,Eye Strain,1,$100K-120K,
6/5/2025,31,Female,South America,Technology,Sales Representative,Remote,60,Depression,Low,5,Back Pain; Shoulder Pain; Eye Strain; Neck Pain,4,$60K-80K,
6/5/2025,33,Male,Asia,Finance,DevOps Engineer,Hybrid,43,None,Medium,4,Shoulder Pain; Neck Pain,4,$100K-120K,
6/5/2025,65,Male,South America,Healthcare,Data Analyst,Onsite,64,None,Medium,3,Back Pain; Shoulder Pain; Eye Strain,2,$100K-120K,
6/5/2025,56,Male,South America,Manufacturing,Social Media Manager,Onsite,47,Anxiety,Low,3,Shoulder Pain,3,$80K-100K,
6/5/2025,56,Female,Europe,Professional Services,Digital Marketing Specialist,Remote,61,Depression,High,1,Eye Strain,5,$80K-100K,
6/5/2025,52,Male,Asia,Marketing,Quality Assurance,Hybrid,55,Stress Disorder,Medium,3,Shoulder Pain; Eye Strain,3,$60K-80K,
6/5/2025,28,Female,Africa,Healthcare,Customer Service Manager,Hybrid,50,Burnout,Medium,3,Eye Strain,4,$60K-80K,
6/5/2025,44,Female,Oceania,Professional Services,Executive Assistant,Onsite,45,PTSD,Low,3,Back Pain; Shoulder Pain; Neck Pain,2,$60K-80K,
6/5/2025,53,Male,Africa,Professional Services,Consultant,Hybrid,38,Depression,High,4,Shoulder Pain; Neck Pain; Wrist Pain,2,$60K-80K,
6/5/2025,58,Female,Oceania,Technology,Project Manager,Hybrid,45,Stress Disorder,High,4,Back Pain; Eye Strain,1,$100K-120K,
6/5/2025,49,Female,Africa,Marketing,Sales Representative,Onsite,46,PTSD,Medium,2,Neck Pain; Wrist Pain,3,$60K-80K,
6/5/2025,48,Male,South America,Customer Service,DevOps Engineer,Onsite,40,Anxiety,Medium,5,Eye Strain,1,$60K-80K,
6/5/2025,27,Female,Africa,Customer Service,Marketing Specialist,Hybrid,57,Burnout,Low,3,Back Pain; Shoulder Pain; Eye Strain,1,$60K-80K,
6/5/2025,57,Male,Africa,Technology,Content Writer,Hybrid,44,None,Medium,4,Back Pain; Eye Strain; Neck Pain,3,$80K-100K,
6/5/2025,55,Female,Africa,Professional Services,Financial Analyst,Onsite,57,Depression,Low,5,Back Pain; Shoulder Pain; Eye Strain,2,$60K-80K,
6/5/2025,50,Female,Europe,Technology,Product Manager,Hybrid,41,Stress Disorder,Low,5,None,2,$60K-80K,
6/5/2025,61,Male,Asia,Technology,Content Writer,Hybrid,35,None,High,3,Back Pain,3,$40K-60K,
6/5/2025,24,Male,Africa,Retail,Content Writer,Hybrid,60,None,Medium,3,Wrist Pain,3,$80K-100K,
6/5/2025,23,Female,Europe,Professional Services,Account Manager,Onsite,44,PTSD,Medium,4,None,2,$80K-100K,
6/5/2025,33,Male,South America,Manufacturing,Research Scientist,Remote,62,Stress Disorder,High,5,Eye Strain,5,$80K-100K,
6/5/2025,53,Male,North America,Technology,Technical Writer,Remote,43,None,Medium,3,Back Pain; Eye Strain; Wrist Pain,3,$40K-60K,
6/5/2025,65,Female,North America,Finance,HR Manager,Remote,53,PTSD,High,2,Back Pain; Shoulder Pain; Neck Pain; Wrist Pain,4,$80K-100K,
6/5/2025,52,Male,Europe,Education,DevOps Engineer,Onsite,43,Burnout,Low,4,None,2,$100K-120K,
6/5/2025,40,Male,Europe,Technology,DevOps Engineer,Onsite,59,Stress Disorder,High,3,Back Pain,1,$100K-120K,
6/5/2025,24,Female,Africa,Professional Services,Content Writer,Onsite,62,Stress Disorder,Low,1,None,3,$80K-100K,
6/5/2025,55,Male,North America,Manufacturing,Data Scientist,Hybrid,39,Stress Disorder,Medium,4,Eye Strain; Neck Pain,1,$80K-100K,
6/5/2025,56,Female,North America,Customer Service,Data Scientist,Hybrid,47,Anxiety,High,2,Back Pain; Shoulder Pain; Eye Strain,4,$60K-80K,
6/5/2025,51,Male,South America,Education,Customer Service Manager,Onsite,56,Stress Disorder,Low,3,Back Pain; Eye Strain; Neck Pain,2,$40K-60K,
6/5/2025,37,Male,Europe,Manufacturing,DevOps Engineer,Hybrid,48,None,High,3,Back Pain; Shoulder Pain; Eye Strain; Neck Pain,2,$100K-120K,
6/5/2025,29,Male,Europe,Finance,Marketing Specialist,Onsite,44,Depression,High,5,Eye Strain; Neck Pain,2,$80K-100K,
6/5/2025,46,Female,South America,Professional Services,Consultant,Onsite,61,Anxiety,Low,2,Back Pain,2,$80K-100K,
6/5/2025,25,Male,South America,Education,DevOps Engineer,Hybrid,55,ADHD,High,5,Back Pain,4,$60K-80K,
6/5/2025,34,Male,North America,Manufacturing,Sales Representative,Hybrid,39,None,Medium,4,Eye Strain,4,$100K-120K,
6/5/2025,60,Male,North America,Professional Services,Content Writer,Onsite,52,None,Medium,2,Shoulder Pain,5,$40K-60K,
6/5/2025,37,Male,South America,Technology,Data Scientist,Remote,49,ADHD,High,2,Back Pain; Eye Strain; Neck Pain,4,$100K-120K,
6/5/2025,29,Non-binary,Asia,Education,Consultant,Hybrid,61,None,Medium,5,Eye Strain,2,$80K-100K,
6/5/2025,40,Prefer not to say,Asia,Professional Services,Technical Writer,Onsite,47,Burnout,High,2,Wrist Pain,2,$40K-60K,
6/5/2025,25,Male,Oceania,Technology,Research Scientist,Hybrid,55,None,Medium,3,Shoulder Pain,3,$40K-60K,
6/5/2025,55,Male,South America,Technology,Account Manager,Hybrid,39,PTSD,Low,5,Back Pain; Shoulder Pain,3,$60K-80K,
6/5/2025,33,Male,North America,Marketing,Account Manager,Onsite,40,None,High,3,Shoulder Pain,3,$80K-100K,
6/5/2025,31,Male,Africa,Customer Service,Account Manager,Hybrid,57,Anxiety,Medium,4,Back Pain; Shoulder Pain; Eye Strain; Wrist Pain,1,$60K-80K,
6/5/2025,31,Female,Africa,Professional Services,Executive Assistant,Onsite,61,None,High,4,Back Pain; Shoulder Pain,3,$40K-60K,
6/5/2025,55,Male,North America,Professional Services,Digital Marketing Specialist,Onsite,51,None,Low,1,Neck Pain; Wrist Pain,3,$80K-100K,
6/5/2025,47,Male,Africa,Professional Services,DevOps Engineer,Onsite,42,PTSD,Medium,4,Shoulder Pain,3,$80K-100K,
6/5/2025,28,Female,Africa,Professional Services,Digital Marketing Specialist,Onsite,47,Depression,High,2,Back Pain; Shoulder Pain; Eye Strain; Wrist Pain,2,$60K-80K,
6/5/2025,62,Male,Asia,Healthcare,Marketing Specialist,Hybrid,49,PTSD,Medium,5,Neck Pain,2,$60K-80K,
6/5/2025,50,Male,Africa,Technology,Data Analyst,Hybrid,44,Anxiety,High,5,Shoulder Pain,2,$40K-60K,
6/5/2025,62,Female,Africa,Healthcare,Project Manager,Onsite,50,PTSD,High,4,Back Pain; Shoulder Pain; Eye Strain,2,$80K-100K,
6/5/2025,25,Male,Oceania,Marketing,Business Analyst,Hybrid,38,Burnout,Low,4,Back Pain; Eye Strain,1,$60K-80K,
6/5/2025,64,Female,Asia,Technology,Quality Assurance,Remote,61,None,High,5,Wrist Pain,4,$60K-80K,
6/5/2025,56,Male,Oceania,Marketing,DevOps Engineer,Onsite,36,Depression,Low,5,Shoulder Pain; Eye Strain,2,$100K-120K,
6/5/2025,60,Female,Asia,Manufacturing,HR Manager,Onsite,51,ADHD,Medium,3,Shoulder Pain; Neck Pain; Wrist Pain,3,$100K-120K,
6/5/2025,47,Male,Oceania,Education,Business Analyst,Remote,47,Burnout,Medium,5,None,5,$80K-100K,
6/5/2025,45,Female,Africa,Professional Services,Content Writer,Onsite,59,Anxiety,High,1,None,3,$60K-80K,
6/5/2025,39,Female,North America,Professional Services,Data Analyst,Remote,49,None,High,3,Wrist Pain,3,$60K-80K,
6/5/2025,45,Male,South America,Finance,Data Scientist,Hybrid,41,ADHD,Low,3,Back Pain; Shoulder Pain,5,$60K-80K,
6/5/2025,30,Female,Oceania,Retail,HR Manager,Onsite,36,Stress Disorder,High,2,Back Pain; Shoulder Pain,5,$60K-80K,
6/5/2025,37,Female,Oceania,Professional Services,Quality Assurance,Hybrid,58,Stress Disorder,Medium,3,Back Pain; Shoulder Pain; Eye Strain,3,$60K-80K,
6/5/2025,50,Female,Asia,Finance,DevOps Engineer,Onsite,39,ADHD,Medium,3,Shoulder Pain; Eye Strain,1,$100K-120K,
6/5/2025,36,Male,Africa,Education,DevOps Engineer,Onsite,65,PTSD,Low,5,Shoulder Pain; Eye Strain; Neck Pain,2,$100K-120K,
6/5/2025,47,Male,South America,Professional Services,Social Media Manager,Onsite,51,Anxiety,Low,2,Back Pain; Eye Strain; Neck Pain; Wrist Pain,2,$40K-60K,
6/5/2025,34,Female,North America,Finance,Marketing Specialist,Onsite,40,Depression,Medium,5,Back Pain; Eye Strain,4,$80K-100K,
6/5/2025,55,Male,Asia,Finance,IT Support,Onsite,64,Depression,Low,4,Back Pain; Eye Strain,3,$100K-120K,
6/5/2025,41,Male,Africa,Professional Services,Product Manager,Onsite,40,None,High,5,Back Pain; Eye Strain,2,$80K-100K,
6/5/2025,57,Male,Oceania,Healthcare,Software Engineer,Onsite,61,ADHD,High,2,Back Pain,2,$80K-100K,
6/5/2025,34,Male,Europe,Professional Services,HR Manager,Onsite,61,Depression,High,3,Back Pain; Eye Strain,2,$60K-80K,
6/5/2025,33,Male,South America,Manufacturing,Data Analyst,Remote,37,None,High,1,Back Pain; Eye Strain; Neck Pain; Wrist Pain,1,$60K-80K,
6/5/2025,27,Male,Europe,Professional Services,Software Engineer,Onsite,35,None,Medium,4,Back Pain; Eye Strain,2,$120K+,
6/5/2025,44,Female,Asia,Technology,Financial Analyst,Remote,45,None,Medium,3,Shoulder Pain; Eye Strain; Wrist Pain,3,$80K-100K,
6/5/2025,44,Non-binary,Asia,Technology,Quality Assurance,Hybrid,35,None,Medium,4,Shoulder Pain,2,$60K-80K,
6/5/2025,60,Male,Asia,Technology,Quality Assurance,Hybrid,49,ADHD,Low,1,Back Pain,1,$100K-120K,
6/5/2025,60,Male,North America,Professional Services,DevOps Engineer,Remote,42,ADHD,Medium,3,Neck Pain,3,$60K-80K,
6/5/2025,59,Female,Oceania,Customer Service,Account Manager,Onsite,52,Burnout,Medium,3,Back Pain; Shoulder Pain; Eye Strain,1,$80K-100K,
6/6/2025,64,Male,Africa,Professional Services,Operations Manager,Onsite,53,Anxiety,Medium,1,Shoulder Pain,2,$80K-100K,
6/6/2025,43,Female,Oceania,Technology,Data Analyst,Hybrid,48,Stress Disorder,Low,2,Eye Strain,1,$80K-100K,
6/6/2025,34,Female,Europe,Marketing,Data Scientist,Remote,49,Burnout,High,3,Neck Pain; Wrist Pain,3,$100K-120K,
6/6/2025,43,Male,Asia,Education,Operations Manager,Onsite,36,Stress Disorder,Medium,4,Neck Pain,2,$60K-80K,
6/6/2025,58,Non-binary,Asia,Education,Executive Assistant,Onsite,46,PTSD,Medium,5,None,1,$80K-100K,
6/6/2025,27,Male,South America,Finance,Customer Service Manager,Onsite,63,Anxiety,Medium,3,None,1,$40K-60K,
6/6/2025,33,Non-binary,Africa,Professional Services,HR Manager,Hybrid,35,Stress Disorder,Medium,2,Eye Strain; Neck Pain,1,$60K-80K,
6/6/2025,46,Male,Asia,Healthcare,UX Designer,Hybrid,58,Depression,Medium,2,Back Pain,3,$80K-100K,
6/6/2025,52,Non-binary,North America,Professional Services,Technical Writer,Remote,64,Depression,High,2,Back Pain; Eye Strain,4,$80K-100K,
6/6/2025,25,Female,South America,Technology,UX Designer,Remote,57,None,High,2,Back Pain; Neck Pain,1,$40K-60K,
6/6/2025,52,Female,Oceania,Finance,Data Scientist,Remote,38,Burnout,High,3,Back Pain,2,$100K-120K,
6/6/2025,38,Male,Africa,Technology,Digital Marketing Specialist,Hybrid,41,PTSD,Medium,2,Back Pain; Eye Strain; Neck Pain,4,$80K-100K,
6/6/2025,37,Female,Oceania,Professional Services,Sales Representative,Onsite,41,Depression,Medium,3,Eye Strain,2,$60K-80K,
6/6/2025,59,Male,Asia,Professional Services,Business Analyst,Onsite,57,Stress Disorder,Medium,3,Back Pain,4,$60K-80K,
6/6/2025,62,Female,South America,Retail,Software Engineer,Hybrid,38,None,High,2,Back Pain; Shoulder Pain; Eye Strain,1,$100K-120K,
6/6/2025,44,Female,South America,Technology,Account Manager,Onsite,59,Depression,Low,1,Back Pain,2,$60K-80K,
6/6/2025,51,Female,South America,Finance,Content Writer,Onsite,52,PTSD,Medium,2,Eye Strain,3,$60K-80K,
6/6/2025,31,Female,Africa,Professional Services,HR Manager,Onsite,57,Burnout,High,2,Eye Strain,2,$60K-80K,
6/6/2025,57,Male,Africa,Professional Services,Data Scientist,Onsite,49,PTSD,Medium,5,Neck Pain,1,$60K-80K,
6/6/2025,38,Male,North America,Technology,Data Scientist,Onsite,53,Stress Disorder,Low,3,Eye Strain,2,$60K-80K,
6/6/2025,22,Male,Africa,Customer Service,Social Media Manager,Onsite,39,Depression,Medium,1,Back Pain,1,$40K-60K,
6/6/2025,30,Male,Oceania,Professional Services,IT Support,Hybrid,57,None,High,3,Back Pain; Shoulder Pain; Eye Strain,2,$40K-60K,
6/6/2025,35,Female,Asia,Professional Services,Sales Representative,Onsite,40,Anxiety,Medium,2,Eye Strain,3,$80K-100K,
6/6/2025,54,Female,South America,Finance,Executive Assistant,Hybrid,42,PTSD,Medium,2,Eye Strain; Wrist Pain,1,$80K-100K,
6/6/2025,49,Male,Europe,Education,Account Manager,Onsite,36,None,Medium,2,Shoulder Pain; Eye Strain,4,$60K-80K,
6/6/2025,61,Female,Africa,Finance,UX Designer,Onsite,54,PTSD,Low,3,Back Pain; Eye Strain,2,$80K-100K,
6/6/2025,56,Female,South America,Manufacturing,Data Analyst,Hybrid,52,Anxiety,Low,1,Back Pain; Eye Strain,2,$80K-100K,
6/6/2025,48,Female,South America,Technology,Project Manager,Hybrid,56,None,High,3,Shoulder Pain,3,$100K-120K,
6/6/2025,51,Male,South America,Technology,Technical Writer,Onsite,63,None,Low,4,Back Pain; Shoulder Pain; Eye Strain; Wrist Pain,2,$60K-80K,
6/6/2025,54,Female,Africa,Professional Services,Content Writer,Onsite,49,Depression,Low,5,Eye Strain,2,$80K-100K,
6/6/2025,31,Male,Asia,Finance,UX Designer,Remote,47,PTSD,High,5,Neck Pain,5,$80K-100K,
6/6/2025,51,Male,South America,Manufacturing,Product Manager,Hybrid,55,Depression,Low,2,None,1,$80K-100K,
6/6/2025,31,Female,North America,Technology,UX Designer,Hybrid,39,Anxiety,Medium,4,None,3,$40K-60K,
6/6/2025,58,Male,South America,Finance,Social Media Manager,Onsite,47,Anxiety,Medium,2,Eye Strain; Neck Pain,3,$80K-100K,
6/6/2025,63,Female,Europe,Education,UX Designer,Hybrid,47,None,High,3,Back Pain; Eye Strain,2,$80K-100K,
6/6/2025,42,Female,South America,Professional Services,Digital Marketing Specialist,Hybrid,58,None,Medium,4,None,2,$120K+,
6/6/2025,38,Female,Asia,Finance,Business Analyst,Onsite,42,Anxiety,High,5,Back Pain,2,$60K-80K,
6/6/2025,28,Male,Asia,Manufacturing,HR Manager,Hybrid,40,Anxiety,Medium,4,Back Pain; Eye Strain,3,$40K-60K,
6/6/2025,22,Male,North America,Professional Services,Executive Assistant,Onsite,52,Depression,Medium,4,None,2,$60K-80K,
6/6/2025,53,Female,South America,Education,Research Scientist,Onsite,36,None,Medium,2,Back Pain,3,$80K-100K,
6/6/2025,52,Female,North America,Professional Services,Technical Writer,Onsite,47,None,Low,3,Shoulder Pain,3,$60K-80K,
6/6/2025,30,Male,South America,Technology,Project Manager,Remote,58,ADHD,High,2,Back Pain; Eye Strain,2,$100K-120K,
6/6/2025,29,Female,South America,Marketing,Software Engineer,Onsite,65,PTSD,High,2,Back Pain; Shoulder Pain; Eye Strain,3,$100K-120K,
6/6/2025,33,Male,South America,Retail,Data Analyst,Remote,62,Burnout,Medium,2,Back Pain; Eye Strain; Neck Pain,4,$60K-80K,
6/6/2025,30,Male,Africa,Marketing,Quality Assurance,Hybrid,45,None,Medium,3,Back Pain; Shoulder Pain; Neck Pain,1,$40K-60K,
6/6/2025,30,Male,Asia,Professional Services,Research Scientist,Onsite,59,Stress Disorder,Low,1,None,3,$40K-60K,
6/6/2025,43,Female,Asia,Finance,IT Support,Onsite,64,Stress Disorder,High,2,Back Pain; Shoulder Pain; Neck Pain,2,$80K-100K,
6/6/2025,64,Male,South America,Retail,Product Manager,Onsite,59,None,Medium,4,None,4,$60K-80K,
6/6/2025,65,Female,North America,Manufacturing,Customer Service Manager,Remote,49,ADHD,Medium,3,Back Pain; Eye Strain,4,$60K-80K,
6/6/2025,35,Female,Asia,Technology,Executive Assistant,Onsite,37,PTSD,Medium,2,None,3,$80K-100K,
6/6/2025,28,Male,South America,Education,Data Scientist,Onsite,58,Stress Disorder,High,3,Back Pain,5,$100K-120K,
6/6/2025,35,Male,Oceania,Technology,Social Media Manager,Remote,58,None,High,2,Back Pain; Shoulder Pain; Eye Strain; Wrist Pain,3,$120K+,
6/6/2025,55,Female,Africa,Professional Services,Product Manager,Onsite,61,ADHD,High,5,Back Pain; Shoulder Pain; Eye Strain; Neck Pain,3,$60K-80K,
6/6/2025,50,Female,Asia,Professional Services,Operations Manager,Hybrid,36,Depression,Low,4,Back Pain; Shoulder Pain,2,$120K+,
6/6/2025,36,Non-binary,North America,Professional Services,Executive Assistant,Hybrid,48,None,Medium,3,Back Pain; Eye Strain,1,$80K-100K,
6/6/2025,42,Female,North America,Professional Services,Account Manager,Remote,44,PTSD,Medium,3,None,3,$40K-60K,
6/6/2025,26,Male,Europe,Finance,Data Scientist,Onsite,54,PTSD,Low,4,Eye Strain,3,$100K-120K,
6/6/2025,55,Female,Europe,Manufacturing,Quality Assurance,Remote,52,Anxiety,Medium,1,Back Pain; Shoulder Pain; Eye Strain,3,$40K-60K,
6/6/2025,38,Male,Africa,Education,Marketing Specialist,Onsite,57,Anxiety,High,2,Back Pain; Shoulder Pain; Eye Strain; Wrist Pain,1,$60K-80K,
6/6/2025,35,Female,North America,Marketing,Business Analyst,Onsite,37,Anxiety,High,1,Shoulder Pain; Eye Strain,5,$80K-100K,
6/6/2025,23,Male,Europe,Professional Services,Financial Analyst,Onsite,63,Depression,High,2,Back Pain; Eye Strain,3,$60K-80K,
6/6/2025,45,Female,South America,Customer Service,Data Scientist,Hybrid,43,ADHD,Medium,4,Back Pain; Wrist Pain,4,$120K+,
6/6/2025,57,Female,Oceania,Technology,Content Writer,Hybrid,63,None,High,5,Shoulder Pain; Eye Strain,3,$60K-80K,
6/6/2025,64,Male,Europe,Technology,Data Scientist,Hybrid,54,Depression,Medium,3,Shoulder Pain; Eye Strain,4,$120K+,
6/6/2025,57,Female,Oceania,Technology,Content Writer,Remote,40,Stress Disorder,Medium,1,Shoulder Pain,4,$40K-60K,
6/6/2025,63,Female,Africa,Professional Services,Quality Assurance,Onsite,36,Depression,Medium,4,Shoulder Pain; Neck Pain,3,$40K-60K,
6/6/2025,60,Male,South America,Professional Services,Customer Service Manager,Onsite,61,Stress Disorder,High,1,Back Pain; Eye Strain,3,$40K-60K,
6/6/2025,42,Female,North America,Customer Service,Quality Assurance,Onsite,47,Depression,Medium,2,Back Pain; Eye Strain,5,$80K-100K,
6/6/2025,39,Female,Asia,Technology,Customer Service Manager,Remote,41,None,High,4,Back Pain; Eye Strain; Neck Pain,3,$40K-60K,
6/6/2025,30,Female,Asia,Finance,DevOps Engineer,Onsite,56,PTSD,Low,2,Eye Strain; Wrist Pain,3,$80K-100K,
6/6/2025,25,Male,South America,Manufacturing,Sales Representative,Remote,35,Stress Disorder,High,3,Shoulder Pain; Eye Strain; Wrist Pain,4,$60K-80K,
6/6/2025,56,Male,Asia,Finance,Data Analyst,Onsite,51,Depression,High,2,Back Pain; Shoulder Pain,1,$100K-120K,
6/6/2025,28,Female,North America,Customer Service,Account Manager,Hybrid,62,Burnout,High,3,Back Pain; Shoulder Pain; Neck Pain,3,$40K-60K,
6/6/2025,39,Male,Asia,Marketing,Business Analyst,Hybrid,60,Burnout,Medium,5,None,4,$60K-80K,
6/6/2025,45,Female,North America,Technology,Digital Marketing Specialist,Onsite,65,None,Low,3,Shoulder Pain; Eye Strain,2,$80K-100K,
6/6/2025,62,Male,Oceania,Professional Services,Content Writer,Hybrid,39,Stress Disorder,High,3,Shoulder Pain; Eye Strain; Neck Pain,3,$80K-100K,
6/6/2025,46,Male,South America,Technology,Research Scientist,Hybrid,57,Depression,Medium,4,Back Pain,3,$80K-100K,
6/6/2025,22,Male,Africa,Professional Services,IT Support,Onsite,59,PTSD,Low,3,Back Pain; Shoulder Pain; Wrist Pain,4,$60K-80K,
6/6/2025,49,Male,Africa,Professional Services,Project Manager,Onsite,48,Burnout,Low,2,Eye Strain,3,$80K-100K,
6/6/2025,49,Male,Africa,Healthcare,Consultant,Onsite,40,Stress Disorder,Low,3,Eye Strain,2,$60K-80K,
6/6/2025,27,Male,South America,Technology,Software Engineer,Hybrid,41,PTSD,Medium,3,Back Pain,3,$60K-80K,
6/6/2025,22,Male,Oceania,Professional Services,Operations Manager,Remote,36,ADHD,High,2,Back Pain; Neck Pain,3,$40K-60K,
6/6/2025,27,Female,Asia,Technology,Financial Analyst,Onsite,38,None,Low,4,Shoulder Pain,1,$80K-100K,
6/6/2025,56,Male,Asia,Finance,Consultant,Remote,43,PTSD,High,3,Back Pain,4,$40K-60K,
6/6/2025,46,Male,South America,Technology,Consultant,Onsite,43,PTSD,Low,2,Back Pain,1,$80K-100K,
6/6/2025,27,Female,North America,Customer Service,Digital Marketing Specialist,Hybrid,43,None,High,1,Back Pain; Eye Strain,2,$80K-100K,
6/6/2025,22,Male,Asia,Education,Data Analyst,Onsite,35,None,Medium,1,Shoulder Pain; Neck Pain,3,$40K-60K,
6/6/2025,44,Female,South America,Technology,Social Media Manager,Hybrid,41,PTSD,High,1,None,2,$100K-120K,
6/6/2025,27,Female,Africa,Manufacturing,Quality Assurance,Hybrid,62,PTSD,Medium,4,Back Pain; Shoulder Pain; Eye Strain,3,$60K-80K,
6/6/2025,58,Female,North America,Retail,Software Engineer,Onsite,50,Depression,High,2,Back Pain,3,$120K+,
6/6/2025,54,Male,Africa,Professional Services,Software Engineer,Onsite,65,Stress Disorder,High,4,Back Pain; Shoulder Pain,3,$120K+,
6/6/2025,54,Male,Europe,Education,Business Analyst,Hybrid,37,Depression,High,3,Back Pain; Shoulder Pain,1,$80K-100K,
6/6/2025,40,Male,Oceania,Manufacturing,Product Manager,Hybrid,44,None,Medium,4,Wrist Pain,3,$80K-100K,
6/6/2025,35,Male,Europe,Retail,Marketing Specialist,Onsite,57,None,Medium,3,Eye Strain; Wrist Pain,3,$100K-120K,
6/6/2025,59,Male,South America,Professional Services,Marketing Specialist,Onsite,64,None,Low,3,Back Pain; Shoulder Pain; Eye Strain; Neck Pain,3,$80K-100K,
6/6/2025,46,Female,South America,Professional Services,Content Writer,Hybrid,54,None,Medium,2,Shoulder Pain; Eye Strain,4,$60K-80K,
6/6/2025,42,Female,Europe,Technology,Quality Assurance,Remote,64,Depression,High,3,Eye Strain; Wrist Pain,2,$80K-100K,
6/6/2025,27,Male,Oceania,Professional Services,Digital Marketing Specialist,Onsite,44,None,Low,4,Back Pain; Eye Strain,3,$80K-100K,
6/6/2025,47,Female,South America,Education,Executive Assistant,Remote,36,PTSD,Medium,5,Back Pain; Shoulder Pain,5,$40K-60K,
6/6/2025,41,Male,Asia,Professional Services,Digital Marketing Specialist,Remote,59,ADHD,High,3,Shoulder Pain; Wrist Pain,2,$80K-100K,
6/6/2025,57,Female,Asia,Technology,Operations Manager,Hybrid,48,Anxiety,Medium,4,Back Pain; Eye Strain,2,$60K-80K,
6/6/2025,26,Male,Africa,Manufacturing,HR Manager,Hybrid,60,Anxiety,Medium,3,Back Pain,2,$40K-60K,
6/6/2025,45,Female,South America,Professional Services,DevOps Engineer,Onsite,50,Anxiety,Low,3,Neck Pain,5,$80K-100K,
6/6/2025,38,Male,North America,Professional Services,Marketing Specialist,Hybrid,49,None,Medium,3,None,3,$100K-120K,
6/6/2025,63,Female,South America,Finance,Customer Service Manager,Hybrid,58,ADHD,High,2,Back Pain; Shoulder Pain,3,$60K-80K,
6/6/2025,61,Female,South America,Professional Services,Project Manager,Onsite,44,Burnout,Medium,4,Back Pain; Shoulder Pain; Eye Strain,4,$80K-100K,
6/6/2025,61,Female,South America,Technology,Digital Marketing Specialist,Onsite,61,ADHD,High,1,Back Pain; Shoulder Pain,2,$60K-80K,
6/6/2025,51,Male,Asia,Professional Services,Data Analyst,Hybrid,53,Anxiety,Low,4,Back Pain,4,$100K-120K,
6/6/2025,48,Male,North America,Marketing,Executive Assistant,Onsite,61,Burnout,Medium,5,Shoulder Pain; Neck Pain,3,$80K-100K,
6/6/2025,50,Male,Europe,Technology,Marketing Specialist,Hybrid,62,Stress Disorder,Low,5,Neck Pain,1,$60K-80K,
6/6/2025,65,Male,North America,Professional Services,Operations Manager,Onsite,39,Depression,High,3,Back Pain; Shoulder Pain; Eye Strain,2,$60K-80K,
6/6/2025,45,Female,Oceania,Professional Services,HR Manager,Onsite,52,None,Medium,3,Shoulder Pain; Eye Strain,3,$100K-120K,
6/6/2025,55,Male,Asia,Technology,Executive Assistant,Onsite,39,Anxiety,Medium,4,Shoulder Pain,1,$60K-80K,
6/6/2025,41,Male,Oceania,Technology,Customer Service Manager,Remote,53,None,High,4,Back Pain; Shoulder Pain,4,$60K-80K,
6/6/2025,36,Female,North America,Technology,Digital Marketing Specialist,Hybrid,38,None,Medium,2,None,2,$40K-60K,
6/6/2025,44,Female,Europe,Professional Services,Quality Assurance,Hybrid,36,PTSD,Medium,3,Back Pain; Shoulder Pain; Eye Strain,3,$80K-100K,
6/6/2025,56,Female,Oceania,Professional Services,DevOps Engineer,Hybrid,40,Anxiety,High,3,Back Pain; Eye Strain; Neck Pain,3,$80K-100K,
6/6/2025,45,Female,South America,Professional Services,Financial Analyst,Onsite,65,Burnout,Low,3,Eye Strain,2,$60K-80K,
6/7/2025,54,Male,North America,Retail,Technical Writer,Remote,41,Burnout,Medium,2,Back Pain; Neck Pain,3,$60K-80K,
6/7/2025,50,Male,Oceania,Technology,Customer Service Manager,Hybrid,37,Anxiety,Medium,3,None,2,$60K-80K,
6/7/2025,59,Male,South America,Technology,Social Media Manager,Hybrid,40,Anxiety,Medium,2,Back Pain; Wrist Pain,3,$100K-120K,
6/7/2025,47,Male,South America,Professional Services,Quality Assurance,Hybrid,63,None,Medium,2,Shoulder Pain,1,$60K-80K,
6/7/2025,54,Male,Asia,Professional Services,Digital Marketing Specialist,Remote,50,Anxiety,High,4,Shoulder Pain,4,$120K+,
6/7/2025,25,Female,Europe,Manufacturing,Customer Service Manager,Onsite,35,Burnout,Medium,3,Back Pain,1,$80K-100K,
6/7/2025,38,Male,South America,Professional Services,Customer Service Manager,Onsite,35,Stress Disorder,High,2,Back Pain; Shoulder Pain; Neck Pain,4,$40K-60K,
6/7/2025,23,Male,Oceania,Technology,Data Scientist,Remote,51,ADHD,Medium,2,Back Pain; Shoulder Pain,5,$120K+,
6/7/2025,50,Female,South America,Finance,Financial Analyst,Hybrid,60,None,High,1,Back Pain; Shoulder Pain,3,$40K-60K,
6/7/2025,40,Male,Africa,Professional Services,Digital Marketing Specialist,Onsite,37,Depression,High,4,Back Pain; Shoulder Pain,5,$40K-60K,
6/7/2025,22,Male,Oceania,Professional Services,Operations Manager,Onsite,46,Anxiety,High,4,Back Pain; Neck Pain; Wrist Pain,4,$60K-80K,
6/7/2025,36,Female,South America,Marketing,Sales Representative,Onsite,55,Anxiety,Medium,3,Back Pain,1,$80K-100K,
6/7/2025,65,Female,Oceania,Professional Services,Social Media Manager,Hybrid,52,ADHD,Medium,3,Shoulder Pain; Eye Strain; Neck Pain; Wrist Pain,2,$80K-100K,
6/7/2025,53,Male,Asia,Technology,Consultant,Onsite,64,PTSD,Medium,3,Shoulder Pain; Neck Pain,3,$100K-120K,
6/7/2025,32,Female,North America,Manufacturing,Software Engineer,Hybrid,52,PTSD,Medium,4,Back Pain; Eye Strain; Neck Pain,3,$80K-100K,
6/7/2025,49,Male,Europe,Finance,Marketing Specialist,Onsite,50,PTSD,High,3,Back Pain; Shoulder Pain; Eye Strain,2,$40K-60K,
6/7/2025,64,Female,South America,Technology,Consultant,Remote,37,Anxiety,High,4,Back Pain; Shoulder Pain,3,$60K-80K,
6/7/2025,48,Female,Asia,Technology,Digital Marketing Specialist,Onsite,37,Depression,Medium,3,Shoulder Pain,3,$120K+,
6/7/2025,35,Male,Asia,Professional Services,Digital Marketing Specialist,Onsite,56,Stress Disorder,Medium,3,Back Pain; Shoulder Pain; Eye Strain,2,$60K-80K,
6/7/2025,64,Female,Asia,Finance,Project Manager,Hybrid,43,Anxiety,Medium,1,Back Pain; Wrist Pain,1,$120K+,
6/7/2025,43,Female,North America,Finance,Business Analyst,Onsite,53,PTSD,Medium,5,Back Pain; Shoulder Pain,2,$80K-100K,
6/7/2025,46,Female,North America,Retail,Operations Manager,Onsite,52,Stress Disorder,Medium,2,Shoulder Pain; Eye Strain,1,$100K-120K,
6/7/2025,41,Female,Asia,Manufacturing,Account Manager,Hybrid,46,Burnout,Medium,2,Shoulder Pain,2,$80K-100K,
6/7/2025,23,Female,North America,Education,Operations Manager,Onsite,35,Depression,Medium,3,Shoulder Pain; Eye Strain; Wrist Pain,2,$60K-80K,
6/7/2025,59,Female,Africa,Professional Services,Social Media Manager,Onsite,36,None,Medium,3,Back Pain; Eye Strain,2,$60K-80K,
6/7/2025,51,Female,Africa,Technology,Quality Assurance,Remote,39,Stress Disorder,Medium,4,Back Pain,1,$40K-60K,
6/7/2025,41,Male,Oceania,Technology,Content Writer,Remote,63,PTSD,Medium,3,Back Pain; Eye Strain,3,$80K-100K,
6/7/2025,43,Female,South America,Technology,Software Engineer,Remote,52,ADHD,Medium,2,Back Pain; Neck Pain,3,$80K-100K,
6/7/2025,60,Male,Oceania,Education,Technical Writer,Onsite,51,None,Low,3,Back Pain; Eye Strain,3,$60K-80K,
6/7/2025,43,Prefer not to say,Africa,Marketing,Content Writer,Hybrid,46,Burnout,Medium,2,Shoulder Pain; Eye Strain,3,$120K+,
6/7/2025,53,Male,Oceania,Manufacturing,Quality Assurance,Onsite,56,None,Low,2,Wrist Pain,3,$100K-120K,
6/7/2025,46,Male,Africa,Professional Services,DevOps Engineer,Onsite,60,Depression,Low,3,Eye Strain,2,$80K-100K,
6/7/2025,22,Male,Asia,Education,Sales Representative,Hybrid,38,PTSD,High,4,Eye Strain; Wrist Pain,3,$60K-80K,
6/7/2025,64,Female,Africa,Retail,Operations Manager,Onsite,48,Depression,Low,4,Back Pain; Eye Strain; Wrist Pain,3,$80K-100K,
6/7/2025,50,Female,South America,Education,UX Designer,Onsite,57,PTSD,Low,1,Back Pain; Shoulder Pain; Neck Pain,1,$60K-80K,
6/7/2025,34,Male,Africa,Professional Services,DevOps Engineer,Hybrid,57,None,Low,2,None,3,$80K-100K,
6/7/2025,50,Female,Africa,Professional Services,Business Analyst,Onsite,57,PTSD,Medium,3,Back Pain; Eye Strain,2,$100K-120K,
6/7/2025,63,Female,South America,Professional Services,Quality Assurance,Onsite,40,Anxiety,Medium,5,Shoulder Pain; Eye Strain; Neck Pain,1,$80K-100K,
6/7/2025,61,Female,North America,Technology,Customer Service Manager,Hybrid,47,ADHD,Medium,3,Shoulder Pain; Eye Strain,3,$60K-80K,
6/7/2025,46,Female,North America,Manufacturing,Content Writer,Hybrid,35,ADHD,Low,5,Shoulder Pain; Wrist Pain,3,$60K-80K,
6/7/2025,60,Female,Africa,Finance,Data Scientist,Onsite,44,None,Medium,4,Shoulder Pain; Eye Strain,3,$80K-100K,
6/7/2025,59,Female,Oceania,Retail,Financial Analyst,Hybrid,62,ADHD,Medium,1,Shoulder Pain; Eye Strain; Wrist Pain,2,$40K-60K,
6/7/2025,48,Female,Europe,Professional Services,Product Manager,Hybrid,42,Stress Disorder,Low,1,Shoulder Pain; Eye Strain; Wrist Pain,1,$100K-120K,
6/7/2025,37,Female,Oceania,Professional Services,Financial Analyst,Onsite,57,Stress Disorder,Medium,3,Back Pain; Eye Strain,2,$80K-100K,
6/7/2025,36,Male,South America,Technology,Consultant,Hybrid,35,Anxiety,Medium,2,Back Pain; Eye Strain,3,$40K-60K,
6/7/2025,52,Female,South America,Technology,Data Analyst,Remote,43,None,High,3,Shoulder Pain,3,$60K-80K,
6/7/2025,48,Female,South America,Technology,Data Scientist,Hybrid,49,Anxiety,High,3,None,4,$80K-100K,
6/7/2025,57,Female,South America,Professional Services,Data Scientist,Remote,49,PTSD,Low,2,Back Pain,1,$100K-120K,
6/7/2025,32,Female,Africa,Professional Services,Executive Assistant,Remote,55,Burnout,High,1,Eye Strain,5,$40K-60K,
6/7/2025,51,Female,Africa,Healthcare,Financial Analyst,Hybrid,46,Stress Disorder,Medium,2,Back Pain; Shoulder Pain,4,$60K-80K,
6/7/2025,45,Male,Oceania,Customer Service,IT Support,Remote,60,Depression,High,1,Back Pain; Shoulder Pain; Wrist Pain,5,$60K-80K,
6/7/2025,65,Prefer not to say,Africa,Professional Services,Digital Marketing Specialist,Onsite,35,Stress Disorder,Low,3,Shoulder Pain,5,$100K-120K,
6/7/2025,46,Female,Africa,Manufacturing,Research Scientist,Onsite,59,PTSD,Medium,3,Shoulder Pain,3,$80K-100K,
6/7/2025,51,Male,South America,Professional Services,Digital Marketing Specialist,Hybrid,59,PTSD,High,4,Shoulder Pain,3,$60K-80K,
6/7/2025,48,Male,Oceania,Manufacturing,Marketing Specialist,Onsite,46,None,Medium,2,Shoulder Pain,2,$80K-100K,
6/7/2025,63,Female,South America,Healthcare,DevOps Engineer,Hybrid,56,Stress Disorder,Low,2,Shoulder Pain,3,$100K-120K,
6/7/2025,55,Female,Africa,Professional Services,Research Scientist,Hybrid,50,Stress Disorder,Medium,4,Back Pain; Shoulder Pain,1,$60K-80K,
6/7/2025,59,Male,Africa,Professional Services,Social Media Manager,Hybrid,64,PTSD,Medium,4,Back Pain; Shoulder Pain; Eye Strain,1,$80K-100K,
6/7/2025,33,Male,North America,Manufacturing,Business Analyst,Onsite,53,Depression,Low,2,Back Pain; Shoulder Pain; Neck Pain,2,$80K-100K,
6/7/2025,23,Female,South America,Professional Services,IT Support,Onsite,61,Depression,Low,3,Shoulder Pain; Wrist Pain,1,$100K-120K,
6/7/2025,54,Female,North America,Professional Services,Research Scientist,Onsite,59,None,High,5,None,3,$40K-60K,
6/7/2025,56,Male,South America,Marketing,Quality Assurance,Onsite,50,PTSD,Low,4,Back Pain,1,$80K-100K,
6/7/2025,32,Female,South America,Technology,HR Manager,Hybrid,35,Anxiety,High,2,Shoulder Pain; Eye Strain; Neck Pain,2,$60K-80K,
6/7/2025,60,Male,Europe,Technology,Marketing Specialist,Hybrid,36,Stress Disorder,Medium,3,Neck Pain,2,$80K-100K,
6/7/2025,25,Male,North America,Professional Services,HR Manager,Onsite,62,Depression,Medium,3,Back Pain; Eye Strain,2,$80K-100K,
6/7/2025,29,Male,South America,Professional Services,Digital Marketing Specialist,Onsite,40,Stress Disorder,Medium,3,None,2,$100K-120K,
6/7/2025,23,Male,North America,Technology,Product Manager,Hybrid,46,None,Medium,5,Back Pain; Eye Strain; Neck Pain,2,$60K-80K,
6/7/2025,47,Male,Africa,Professional Services,Data Analyst,Onsite,36,Burnout,High,2,Back Pain; Eye Strain; Neck Pain,1,$60K-80K,
6/7/2025,45,Female,Asia,Finance,Customer Service Manager,Onsite,57,None,Medium,2,Back Pain; Shoulder Pain; Wrist Pain,1,$80K-100K,
6/7/2025,43,Male,Oceania,Manufacturing,Product Manager,Hybrid,62,ADHD,Low,2,Back Pain; Eye Strain,3,$120K+,
6/7/2025,46,Male,Africa,Customer Service,UX Designer,Onsite,36,Anxiety,High,1,Eye Strain; Neck Pain,2,$60K-80K,
6/7/2025,50,Male,Asia,Professional Services,Financial Analyst,Remote,55,PTSD,Low,1,Shoulder Pain; Eye Strain,3,$80K-100K,
6/7/2025,48,Female,North America,Professional Services,Financial Analyst,Remote,55,None,High,5,Shoulder Pain; Eye Strain; Wrist Pain,3,$60K-80K,
6/7/2025,45,Female,North America,Professional Services,Technical Writer,Onsite,43,None,Medium,4,Back Pain; Neck Pain,3,$60K-80K,
6/7/2025,57,Female,North America,Education,Software Engineer,Hybrid,44,Anxiety,Low,3,Back Pain; Shoulder Pain; Eye Strain,3,$80K-100K,
6/7/2025,48,Female,Asia,Retail,Financial Analyst,Onsite,65,Burnout,Low,3,None,3,$60K-80K,
6/7/2025,34,Male,South America,Education,DevOps Engineer,Hybrid,38,Burnout,High,1,Eye Strain,4,$40K-60K,
6/7/2025,28,Female,South America,Marketing,Account Manager,Onsite,63,Stress Disorder,Low,3,Wrist Pain,2,$100K-120K,
6/7/2025,24,Male,Asia,Retail,Executive Assistant,Hybrid,60,None,High,2,Eye Strain; Neck Pain,1,$80K-100K,
6/7/2025,63,Male,Oceania,Education,Quality Assurance,Remote,40,PTSD,Medium,3,Shoulder Pain,4,$60K-80K,
6/7/2025,64,Non-binary,Africa,Education,Project Manager,Onsite,51,Depression,High,3,Back Pain; Eye Strain,1,$80K-100K,
6/7/2025,25,Male,Asia,Manufacturing,Account Manager,Onsite,43,PTSD,Medium,4,Back Pain; Shoulder Pain; Eye Strain,2,$80K-100K,
6/7/2025,61,Male,Europe,Professional Services,Digital Marketing Specialist,Hybrid,65,None,Low,4,Back Pain; Shoulder Pain,3,$80K-100K,
6/7/2025,43,Male,Asia,Retail,Customer Service Manager,Onsite,38,Burnout,Medium,2,Back Pain,1,$80K-100K,
6/7/2025,30,Male,Oceania,Professional Services,Quality Assurance,Hybrid,41,Burnout,Low,4,Eye Strain,3,$80K-100K,
6/7/2025,26,Female,Europe,Marketing,Digital Marketing Specialist,Hybrid,58,Anxiety,Low,4,Wrist Pain,3,$100K-120K,
6/7/2025,27,Male,North America,Healthcare,Software Engineer,Hybrid,56,Depression,High,1,Neck Pain,4,$80K-100K,
6/7/2025,60,Female,Asia,Manufacturing,HR Manager,Onsite,37,None,High,5,Shoulder Pain,2,$60K-80K,
6/7/2025,34,Female,Africa,Professional Services,Marketing Specialist,Onsite,48,Burnout,Medium,3,Back Pain; Shoulder Pain; Eye Strain; Neck Pain,1,$60K-80K,
6/7/2025,33,Male,Europe,Finance,Data Scientist,Hybrid,56,None,Medium,3,Back Pain; Shoulder Pain; Eye Strain,3,$100K-120K,
6/7/2025,56,Female,Africa,Technology,Data Scientist,Onsite,54,Depression,Low,3,Neck Pain,3,$120K+,
6/7/2025,36,Male,Europe,Healthcare,Consultant,Onsite,38,ADHD,High,2,Back Pain; Eye Strain,2,$40K-60K,
6/7/2025,29,Female,Oceania,Healthcare,DevOps Engineer,Remote,40,None,Medium,1,Back Pain; Shoulder Pain; Eye Strain,2,$80K-100K,
6/7/2025,57,Female,Asia,Finance,Technical Writer,Onsite,58,None,Medium,4,Back Pain; Shoulder Pain,3,$80K-100K,
6/7/2025,52,Male,Oceania,Technology,Customer Service Manager,Remote,59,None,Medium,2,Neck Pain,3,$100K-120K,
6/7/2025,47,Female,Europe,Marketing,Consultant,Onsite,47,Stress Disorder,Low,2,Back Pain,2,$40K-60K,
6/7/2025,24,Male,North America,Manufacturing,Software Engineer,Onsite,47,None,Medium,4,Back Pain; Shoulder Pain,2,$100K-120K,
6/7/2025,35,Male,Europe,Manufacturing,UX Designer,Hybrid,50,ADHD,Low,3,Back Pain,3,$100K-120K,
6/7/2025,31,Male,North America,Finance,IT Support,Onsite,63,Depression,Medium,1,Shoulder Pain; Eye Strain,3,$80K-100K,
6/7/2025,46,Male,Asia,Professional Services,UX Designer,Onsite,53,None,Medium,5,Back Pain; Eye Strain,4,$80K-100K,
6/7/2025,59,Prefer not to say,Europe,Manufacturing,Business Analyst,Hybrid,40,Burnout,High,1,Shoulder Pain; Eye Strain; Neck Pain,1,$80K-100K,
6/7/2025,51,Male,North America,Professional Services,Data Analyst,Hybrid,45,Anxiety,High,4,Back Pain; Shoulder Pain; Eye Strain,4,$80K-100K,
6/7/2025,44,Male,Africa,Professional Services,Data Analyst,Hybrid,47,Burnout,Medium,3,Shoulder Pain; Eye Strain,3,$80K-100K,
6/7/2025,49,Male,Africa,Finance,Marketing Specialist,Onsite,51,None,Medium,1,Neck Pain,1,$40K-60K,
6/7/2025,27,Female,Oceania,Professional Services,Operations Manager,Hybrid,46,None,Medium,3,Shoulder Pain; Wrist Pain,3,$60K-80K,
6/7/2025,25,Female,North America,Professional Services,Data Scientist,Hybrid,43,Stress Disorder,Medium,4,Back Pain; Neck Pain,2,$80K-100K,
6/7/2025,38,Female,South America,Marketing,HR Manager,Onsite,57,None,High,2,None,2,$60K-80K,
6/7/2025,54,Female,Asia,Professional Services,Research Scientist,Onsite,50,Anxiety,Low,2,Back Pain,2,$60K-80K,
6/7/2025,62,Female,South America,Marketing,Operations Manager,Onsite,37,Stress Disorder,High,2,Back Pain; Neck Pain,3,$80K-100K,
6/7/2025,57,Male,North America,Finance,Research Scientist,Onsite,52,None,Low,3,None,3,$60K-80K,
6/7/2025,43,Male,Europe,Technology,Financial Analyst,Remote,45,None,High,4,Shoulder Pain; Eye Strain,4,$120K+,
6/7/2025,65,Male,South America,Technology,IT Support,Hybrid,61,None,Medium,3,Eye Strain; Neck Pain,3,$40K-60K,
6/7/2025,53,Male,Oceania,Technology,Sales Representative,Hybrid,53,Anxiety,High,3,Back Pain,4,$80K-100K,
6/7/2025,46,Male,Africa,Manufacturing,Business Analyst,Remote,50,None,Medium,3,Neck Pain; Wrist Pain,5,$80K-100K,
6/7/2025,43,Female,Oceania,Professional Services,Account Manager,Onsite,56,Depression,High,3,Shoulder Pain,4,$120K+,
6/7/2025,31,Male,Oceania,Technology,Sales Representative,Remote,47,None,High,3,Back Pain; Shoulder Pain; Neck Pain,4,$80K-100K,
6/7/2025,58,Male,Europe,Manufacturing,Executive Assistant,Hybrid,62,PTSD,Medium,4,Shoulder Pain,3,$40K-60K,
6/7/2025,54,Male,Asia,Retail,Technical Writer,Onsite,50,None,Low,5,Shoulder Pain; Neck Pain,2,$80K-100K,
6/7/2025,54,Male,Oceania,Professional Services,Sales Representative,Hybrid,58,PTSD,Medium,2,None,4,$60K-80K,
6/7/2025,31,Male,Asia,Manufacturing,Project Manager,Remote,37,Burnout,Medium,2,Back Pain,4,$40K-60K,
6/7/2025,25,Female,Asia,Manufacturing,Social Media Manager,Onsite,49,Stress Disorder,High,4,Shoulder Pain; Eye Strain,5,$80K-100K,
6/7/2025,31,Male,North America,Marketing,Project Manager,Remote,57,PTSD,High,2,Back Pain; Eye Strain,4,$80K-100K,
6/7/2025,57,Female,Africa,Technology,Consultant,Hybrid,61,Anxiety,Medium,3,Eye Strain,1,$100K-120K,
6/7/2025,31,Female,Europe,Technology,DevOps Engineer,Hybrid,39,None,Medium,3,Back Pain; Eye Strain; Wrist Pain,4,$100K-120K,
6/7/2025,35,Female,Europe,Technology,HR Manager,Hybrid,35,Burnout,Medium,1,Back Pain; Shoulder Pain; Eye Strain,3,$40K-60K,
6/7/2025,63,Male,Asia,Finance,Technical Writer,Remote,36,None,Medium,1,Shoulder Pain; Eye Strain,5,$80K-100K,
6/7/2025,60,Male,Oceania,Professional Services,Data Analyst,Remote,47,Depression,Medium,1,Back Pain; Shoulder Pain; Neck Pain; Wrist Pain,4,$40K-60K,
6/7/2025,58,Female,Africa,Education,Digital Marketing Specialist,Hybrid,56,Stress Disorder,High,3,Back Pain; Eye Strain,2,$120K+,
6/7/2025,58,Female,South America,Professional Services,Content Writer,Remote,45,Anxiety,High,4,Back Pain,5,$40K-60K,
6/7/2025,59,Male,Europe,Professional Services,Sales Representative,Onsite,55,Stress Disorder,High,1,Shoulder Pain; Eye Strain; Neck Pain,1,$80K-100K,
6/7/2025,50,Female,Africa,Customer Service,Content Writer,Onsite,44,None,Medium,3,Shoulder Pain; Eye Strain,2,$80K-100K,
6/7/2025,25,Male,North America,Healthcare,IT Support,Onsite,51,Stress Disorder,High,3,Back Pain,2,$60K-80K,
6/7/2025,62,Female,Europe,Technology,Software Engineer,Hybrid,37,None,High,3,Shoulder Pain; Eye Strain; Wrist Pain,2,$60K-80K,
6/7/2025,63,Male,Asia,Technology,Executive Assistant,Hybrid,58,PTSD,Medium,2,Eye Strain; Neck Pain; Wrist Pain,3,$80K-100K,
6/7/2025,60,Female,Oceania,Technology,Product Manager,Onsite,43,PTSD,Medium,1,None,3,$100K-120K,
6/7/2025,50,Female,Africa,Education,IT Support,Onsite,56,Stress Disorder,High,3,Back Pain,5,$80K-100K,
6/7/2025,30,Male,Africa,Technology,Data Analyst,Remote,46,ADHD,Medium,1,Back Pain; Shoulder Pain; Eye Strain,4,$40K-60K,
6/8/2025,35,Male,Europe,Manufacturing,Consultant,Onsite,46,Depression,High,3,Neck Pain,4,$40K-60K,
6/8/2025,37,Female,Europe,Retail,DevOps Engineer,Onsite,49,None,High,3,Back Pain; Eye Strain,2,$80K-100K,
6/8/2025,61,Male,South America,Finance,Quality Assurance,Hybrid,55,Burnout,Low,3,None,4,$80K-100K,
6/8/2025,26,Female,Africa,Professional Services,Marketing Specialist,Hybrid,61,None,Medium,1,Shoulder Pain; Neck Pain; Wrist Pain,2,$40K-60K,
6/8/2025,41,Male,Africa,Education,Executive Assistant,Hybrid,49,Depression,Medium,4,Back Pain; Eye Strain,4,$60K-80K,
6/8/2025,47,Male,Oceania,Professional Services,UX Designer,Onsite,50,ADHD,Low,3,Shoulder Pain; Eye Strain,2,$80K-100K,
6/8/2025,41,Female,Europe,Professional Services,Sales Representative,Onsite,52,Depression,Medium,3,Back Pain; Neck Pain,1,$60K-80K,
6/8/2025,64,Male,South America,Technology,Quality Assurance,Remote,44,None,Medium,5,Back Pain,3,$40K-60K,
6/8/2025,44,Female,Africa,Manufacturing,Consultant,Remote,58,Burnout,Medium,2,Back Pain; Shoulder Pain; Eye Strain; Neck Pain,2,$60K-80K,
6/8/2025,63,Female,Asia,Professional Services,UX Designer,Hybrid,45,None,Medium,3,Eye Strain; Wrist Pain,2,$80K-100K,
6/8/2025,23,Female,North America,Healthcare,Content Writer,Hybrid,49,PTSD,High,1,Back Pain,2,$80K-100K,
6/8/2025,57,Male,South America,Retail,Social Media Manager,Hybrid,47,Depression,Medium,1,Back Pain; Shoulder Pain; Wrist Pain,2,$80K-100K,
6/8/2025,26,Male,Africa,Healthcare,Project Manager,Hybrid,47,None,High,2,Back Pain,2,$40K-60K,
6/8/2025,42,Female,North America,Professional Services,Software Engineer,Onsite,35,Depression,Low,3,Back Pain; Shoulder Pain,1,$60K-80K,
6/8/2025,29,Female,Europe,Professional Services,Data Analyst,Onsite,48,None,Medium,3,Back Pain; Shoulder Pain; Eye Strain,2,$60K-80K,
6/8/2025,59,Female,Africa,Retail,Quality Assurance,Onsite,37,Anxiety,Low,4,Back Pain; Shoulder Pain; Eye Strain; Neck Pain,2,$80K-100K,
6/8/2025,48,Male,South America,Professional Services,DevOps Engineer,Onsite,63,Depression,Medium,5,Eye Strain,2,$100K-120K,
6/8/2025,25,Male,Europe,Technology,Social Media Manager,Hybrid,53,Anxiety,High,2,Eye Strain,2,$60K-80K,
6/8/2025,61,Male,North America,Healthcare,Operations Manager,Onsite,64,None,Low,2,Shoulder Pain; Eye Strain,2,$60K-80K,
6/8/2025,63,Female,Asia,Finance,Project Manager,Hybrid,55,ADHD,High,1,None,4,$80K-100K,
6/8/2025,58,Male,Africa,Finance,Operations Manager,Hybrid,44,None,High,3,Back Pain; Shoulder Pain,2,$80K-100K,
6/8/2025,53,Female,Africa,Retail,Financial Analyst,Hybrid,60,None,High,4,Back Pain; Shoulder Pain; Eye Strain; Wrist Pain,2,$80K-100K,
6/8/2025,34,Female,Oceania,Technology,Sales Representative,Onsite,61,PTSD,Low,5,Eye Strain,2,$40K-60K,
6/8/2025,63,Male,Europe,Technology,Research Scientist,Hybrid,38,Depression,High,1,Shoulder Pain; Wrist Pain,2,$60K-80K,
6/8/2025,25,Male,North America,Healthcare,Business Analyst,Hybrid,47,Depression,Medium,4,Back Pain; Eye Strain; Neck Pain,3,$100K-120K,
6/8/2025,41,Male,Asia,Professional Services,Business Analyst,Onsite,35,Burnout,Medium,3,None,1,$100K-120K,
6/8/2025,36,Male,Asia,Marketing,DevOps Engineer,Onsite,35,None,Medium,3,Shoulder Pain,5,$100K-120K,
6/8/2025,22,Female,South America,Technology,Project Manager,Remote,54,None,Medium,1,Back Pain; Shoulder Pain; Eye Strain; Neck Pain,4,$80K-100K,
6/8/2025,23,Male,Oceania,Education,Content Writer,Hybrid,45,None,Medium,3,Back Pain; Shoulder Pain; Wrist Pain,5,$80K-100K,
6/8/2025,42,Male,Oceania,Professional Services,Executive Assistant,Hybrid,46,None,Medium,3,Back Pain; Shoulder Pain; Eye Strain,3,$40K-60K,
6/8/2025,59,Male,Europe,Education,Business Analyst,Onsite,45,ADHD,Medium,4,Neck Pain,2,$100K-120K,
6/8/2025,29,Female,North America,Technology,Executive Assistant,Hybrid,45,Anxiety,High,4,Back Pain; Eye Strain,1,$100K-120K,
6/8/2025,30,Male,Africa,Technology,Software Engineer,Hybrid,37,Anxiety,High,2,Back Pain; Shoulder Pain,3,$60K-80K,
6/8/2025,34,Female,Africa,Retail,Social Media Manager,Onsite,40,None,High,3,Back Pain; Neck Pain,5,$80K-100K,
6/8/2025,24,Male,Oceania,Technology,HR Manager,Remote,62,Stress Disorder,High,1,Back Pain; Neck Pain; Wrist Pain,3,$60K-80K,
6/8/2025,55,Female,South America,Marketing,Executive Assistant,Onsite,44,None,Medium,2,Eye Strain; Wrist Pain,3,$60K-80K,
6/8/2025,62,Male,Europe,Marketing,Social Media Manager,Onsite,38,Anxiety,Medium,2,Back Pain; Shoulder Pain; Eye Strain; Wrist Pain,3,$80K-100K,
6/8/2025,34,Female,Oceania,Finance,UX Designer,Onsite,61,ADHD,Low,4,Shoulder Pain; Eye Strain; Neck Pain,2,$60K-80K,
6/8/2025,65,Male,Africa,Technology,Consultant,Hybrid,47,PTSD,Medium,3,None,3,$40K-60K,
6/8/2025,30,Male,North America,Technology,Customer Service Manager,Remote,45,None,Medium,5,Shoulder Pain; Eye Strain; Neck Pain,3,$80K-100K,
6/8/2025,50,Male,Oceania,Healthcare,Account Manager,Onsite,57,ADHD,Low,1,None,1,$120K+,
6/8/2025,36,Male,Oceania,Professional Services,UX Designer,Remote,54,Stress Disorder,High,3,Back Pain,3,$60K-80K,
6/8/2025,26,Male,Oceania,Technology,IT Support,Hybrid,61,Depression,High,3,Back Pain; Eye Strain,3,$40K-60K,
6/8/2025,48,Female,North America,Customer Service,Content Writer,Onsite,56,PTSD,Medium,1,Shoulder Pain,1,$60K-80K,
6/8/2025,56,Male,Asia,Marketing,Digital Marketing Specialist,Onsite,61,Stress Disorder,Medium,3,Eye Strain; Neck Pain,2,$80K-100K,
6/8/2025,49,Male,South America,Education,HR Manager,Onsite,44,PTSD,Medium,3,Shoulder Pain; Neck Pain,2,$40K-60K,
6/8/2025,23,Male,South America,Finance,Financial Analyst,Remote,39,None,Low,3,Eye Strain; Wrist Pain,5,$120K+,
6/8/2025,34,Female,Oceania,Professional Services,Financial Analyst,Onsite,48,None,Low,1,Shoulder Pain,1,$100K-120K,
6/8/2025,30,Female,Oceania,Technology,Consultant,Onsite,46,Depression,High,4,None,1,$120K+,
6/8/2025,41,Male,Africa,Education,Project Manager,Onsite,44,PTSD,Medium,4,Shoulder Pain; Eye Strain; Neck Pain; Wrist Pain,1,$100K-120K,
6/8/2025,65,Male,Asia,Manufacturing,Content Writer,Hybrid,51,Anxiety,Low,5,Eye Strain,5,$60K-80K,
6/8/2025,43,Male,South America,Finance,DevOps Engineer,Remote,56,Stress Disorder,High,4,Back Pain; Eye Strain; Neck Pain,5,$100K-120K,
6/8/2025,53,Female,North America,Healthcare,Project Manager,Onsite,40,Stress Disorder,Medium,4,Back Pain; Shoulder Pain; Eye Strain,4,$60K-80K,
6/8/2025,41,Male,Africa,Retail,UX Designer,Hybrid,56,ADHD,High,3,Back Pain; Shoulder Pain; Eye Strain,4,$80K-100K,
6/8/2025,42,Male,Europe,Education,IT Support,Onsite,55,Anxiety,Low,1,Back Pain; Shoulder Pain; Eye Strain,3,$100K-120K,
6/8/2025,22,Male,Europe,Professional Services,Operations Manager,Hybrid,58,None,High,5,Back Pain; Shoulder Pain; Eye Strain,3,$40K-60K,
6/8/2025,37,Female,Europe,Customer Service,Consultant,Remote,39,Burnout,Medium,3,Shoulder Pain,5,$40K-60K,
6/8/2025,56,Female,North America,Manufacturing,Data Analyst,Hybrid,36,None,Medium,3,Wrist Pain,3,$40K-60K,
6/8/2025,41,Female,Asia,Customer Service,Technical Writer,Hybrid,56,PTSD,Medium,4,Back Pain; Shoulder Pain; Eye Strain; Neck Pain,3,$60K-80K,
6/8/2025,31,Female,Europe,Technology,Product Manager,Hybrid,53,ADHD,Low,4,Eye Strain; Neck Pain,2,$100K-120K,
6/8/2025,28,Female,Asia,Marketing,Operations Manager,Onsite,57,Burnout,Low,5,Wrist Pain,2,$120K+,
6/8/2025,45,Female,Africa,Finance,Research Scientist,Hybrid,49,Anxiety,Medium,4,Shoulder Pain,3,$80K-100K,
6/8/2025,24,Female,Africa,Technology,Financial Analyst,Onsite,63,Stress Disorder,Medium,4,None,1,$80K-100K,
6/8/2025,46,Female,Europe,Education,Customer Service Manager,Hybrid,45,None,High,3,Back Pain; Shoulder Pain; Eye Strain,5,$40K-60K,
6/8/2025,60,Male,Oceania,Education,Social Media Manager,Onsite,35,None,High,2,Back Pain; Shoulder Pain; Wrist Pain,1,$60K-80K,
6/8/2025,35,Male,Africa,Education,DevOps Engineer,Onsite,41,Anxiety,Medium,3,Eye Strain; Neck Pain,2,$100K-120K,
6/8/2025,53,Male,Africa,Professional Services,Quality Assurance,Remote,38,Burnout,Medium,3,Shoulder Pain; Eye Strain,4,$60K-80K,
6/8/2025,44,Male,Oceania,Manufacturing,Business Analyst,Hybrid,47,Burnout,High,5,Shoulder Pain,1,$40K-60K,
6/8/2025,29,Male,Africa,Healthcare,Social Media Manager,Hybrid,41,PTSD,Medium,1,Shoulder Pain; Eye Strain; Neck Pain,2,$60K-80K,
6/8/2025,28,Male,South America,Education,Account Manager,Onsite,38,ADHD,Low,4,Shoulder Pain,2,$60K-80K,
6/8/2025,35,Female,Europe,Technology,Technical Writer,Onsite,58,None,Medium,3,Shoulder Pain; Eye Strain,1,$60K-80K,
6/8/2025,22,Female,Oceania,Professional Services,Operations Manager,Onsite,64,ADHD,High,3,Back Pain,1,$100K-120K,
6/8/2025,31,Male,South America,Finance,Project Manager,Remote,48,None,High,3,Shoulder Pain; Eye Strain,1,$80K-100K,
6/8/2025,47,Male,North America,Technology,DevOps Engineer,Remote,55,PTSD,High,1,Shoulder Pain; Neck Pain,1,$40K-60K,
6/8/2025,23,Male,Oceania,Finance,Social Media Manager,Hybrid,52,Burnout,Medium,3,None,3,$60K-80K,
6/8/2025,62,Female,South America,Technology,Digital Marketing Specialist,Hybrid,41,ADHD,Low,2,Back Pain; Shoulder Pain; Wrist Pain,3,$60K-80K,
6/8/2025,38,Female,North America,Healthcare,Marketing Specialist,Remote,64,Anxiety,High,3,None,3,$60K-80K,
6/8/2025,47,Male,Europe,Technology,Social Media Manager,Onsite,57,Stress Disorder,Medium,2,Back Pain; Shoulder Pain; Eye Strain,1,$120K+,
6/8/2025,36,Male,North America,Professional Services,Research Scientist,Onsite,65,None,Low,1,Back Pain; Shoulder Pain; Neck Pain,2,$100K-120K,
6/8/2025,33,Female,Asia,Professional Services,Data Scientist,Onsite,48,Burnout,Medium,5,Back Pain; Eye Strain; Neck Pain,2,$100K-120K,
6/8/2025,51,Male,Africa,Technology,Product Manager,Onsite,53,PTSD,Low,2,Back Pain; Shoulder Pain; Eye Strain,5,$60K-80K,
6/8/2025,44,Male,Asia,Technology,Content Writer,Remote,62,ADHD,Medium,4,Back Pain; Eye Strain; Wrist Pain,1,$100K-120K,
6/8/2025,58,Male,South America,Professional Services,Account Manager,Hybrid,52,Anxiety,Low,4,Eye Strain,2,$60K-80K,
6/8/2025,52,Female,North America,Professional Services,DevOps Engineer,Onsite,53,Stress Disorder,Medium,3,Back Pain,3,$80K-100K,
6/8/2025,23,Male,North America,Technology,Digital Marketing Specialist,Hybrid,63,ADHD,High,5,Eye Strain,3,$40K-60K,
6/8/2025,48,Male,Europe,Education,Operations Manager,Onsite,38,Depression,Low,4,Back Pain; Shoulder Pain; Eye Strain; Wrist Pain,2,$80K-100K,
6/8/2025,29,Male,Europe,Healthcare,Content Writer,Hybrid,45,Anxiety,Medium,4,Shoulder Pain; Eye Strain,1,$60K-80K,
6/8/2025,23,Female,South America,Professional Services,Research Scientist,Onsite,35,Stress Disorder,Medium,4,Back Pain; Eye Strain,2,$60K-80K,
6/8/2025,58,Non-binary,Oceania,Healthcare,Customer Service Manager,Onsite,65,Anxiety,High,2,Back Pain,2,$60K-80K,
6/8/2025,39,Male,Africa,Technology,HR Manager,Hybrid,59,PTSD,High,3,Eye Strain,4,$40K-60K,
6/8/2025,44,Male,Asia,Retail,Customer Service Manager,Hybrid,49,Burnout,Medium,5,Shoulder Pain,3,$60K-80K,
6/8/2025,27,Female,Africa,Finance,Software Engineer,Onsite,35,Anxiety,High,4,None,2,$120K+,
6/8/2025,35,Male,Oceania,Professional Services,Product Manager,Onsite,37,Stress Disorder,Low,3,Shoulder Pain,2,$100K-120K,
6/8/2025,43,Female,North America,Retail,UX Designer,Onsite,45,ADHD,Low,5,Back Pain; Neck Pain,1,$40K-60K,
6/8/2025,47,Male,Oceania,Finance,IT Support,Onsite,56,Depression,Medium,3,Shoulder Pain; Eye Strain; Neck Pain; Wrist Pain,2,$60K-80K,
6/8/2025,39,Male,Oceania,Finance,Content Writer,Hybrid,54,ADHD,Low,2,Back Pain; Shoulder Pain; Eye Strain; Wrist Pain,1,$100K-120K,
6/8/2025,58,Female,Asia,Healthcare,Product Manager,Onsite,62,Stress Disorder,Low,3,Eye Strain,2,$100K-120K,
6/8/2025,48,Male,Asia,Professional Services,Marketing Specialist,Hybrid,50,Stress Disorder,Medium,5,Eye Strain; Neck Pain,4,$80K-100K,
6/8/2025,31,Prefer not to say,North America,Retail,Account Manager,Remote,39,Burnout,High,5,Eye Strain; Neck Pain,2,$120K+,
6/8/2025,51,Female,South America,Retail,Research Scientist,Onsite,61,ADHD,High,3,Back Pain; Eye Strain,3,$40K-60K,
6/8/2025,24,Male,Europe,Finance,Data Scientist,Onsite,48,None,High,4,Back Pain; Wrist Pain,2,$60K-80K,
6/8/2025,52,Prefer not to say,Europe,Professional Services,Social Media Manager,Onsite,55,None,Low,4,Back Pain; Eye Strain,1,$40K-60K,
6/8/2025,40,Male,Oceania,Marketing,IT Support,Hybrid,39,Depression,Medium,4,Back Pain; Eye Strain; Neck Pain,4,$100K-120K,
6/8/2025,35,Female,North America,Technology,Marketing Specialist,Onsite,43,ADHD,High,3,Back Pain; Shoulder Pain; Neck Pain; Wrist Pain,3,$40K-60K,
6/8/2025,26,Male,Asia,Technology,Data Analyst,Hybrid,64,None,Medium,3,Back Pain; Eye Strain,2,$40K-60K,
6/8/2025,34,Male,North America,Education,IT Support,Onsite,50,Stress Disorder,Medium,5,Shoulder Pain; Neck Pain,2,$120K+,
6/8/2025,53,Female,South America,Customer Service,Customer Service Manager,Hybrid,61,Burnout,Medium,3,Back Pain; Eye Strain; Wrist Pain,2,$80K-100K,
6/8/2025,50,Male,Europe,Professional Services,Software Engineer,Hybrid,46,Burnout,Medium,4,Back Pain,3,$60K-80K,
6/8/2025,60,Female,Africa,Technology,Financial Analyst,Hybrid,54,ADHD,Medium,1,Back Pain; Shoulder Pain; Eye Strain,3,$80K-100K,
6/8/2025,57,Female,North America,Manufacturing,Marketing Specialist,Onsite,45,None,Low,2,Back Pain; Shoulder Pain; Wrist Pain,2,$80K-100K,
6/8/2025,30,Male,Oceania,Professional Services,Consultant,Onsite,51,None,Medium,3,Shoulder Pain; Eye Strain,3,$40K-60K,
6/8/2025,57,Male,Africa,Marketing,DevOps Engineer,Onsite,49,ADHD,Low,3,Eye Strain,2,$120K+,
6/8/2025,53,Male,Asia,Professional Services,Customer Service Manager,Onsite,61,None,High,3,Back Pain; Shoulder Pain; Eye Strain; Neck Pain,2,$100K-120K,
6/8/2025,58,Female,Europe,Technology,Account Manager,Hybrid,65,None,Medium,4,Back Pain; Shoulder Pain; Neck Pain,4,$80K-100K,
6/8/2025,28,Female,Asia,Customer Service,Research Scientist,Onsite,48,Stress Disorder,Medium,5,Eye Strain,1,$40K-60K,
6/8/2025,34,Female,South America,Professional Services,Account Manager,Hybrid,40,Stress Disorder,Medium,4,Back Pain; Neck Pain,3,$120K+,
6/8/2025,34,Female,Africa,Marketing,Customer Service Manager,Hybrid,64,Burnout,Medium,3,Eye Strain; Wrist Pain,1,$40K-60K,
6/8/2025,58,Non-binary,Europe,Customer Service,Content Writer,Hybrid,56,Anxiety,Medium,2,Back Pain; Eye Strain,5,$60K-80K,
6/8/2025,27,Male,Oceania,Healthcare,Data Scientist,Onsite,58,None,Medium,3,Eye Strain; Neck Pain; Wrist Pain,2,$120K+,
6/8/2025,28,Female,North America,Finance,Customer Service Manager,Onsite,48,ADHD,Low,1,Shoulder Pain,2,$60K-80K,
6/8/2025,47,Male,North America,Manufacturing,Social Media Manager,Remote,42,ADHD,Low,4,Back Pain; Eye Strain,3,$60K-80K,
6/8/2025,55,Female,Africa,Professional Services,Account Manager,Hybrid,45,None,Medium,1,Eye Strain,3,$100K-120K,
6/8/2025,52,Female,North America,Finance,Executive Assistant,Hybrid,51,PTSD,High,1,None,3,$120K+,
6/9/2025,42,Male,North America,Retail,HR Manager,Hybrid,40,None,Medium,1,Back Pain; Shoulder Pain,1,$100K-120K,
6/9/2025,56,Female,Africa,Professional Services,Account Manager,Remote,40,Depression,High,5,Shoulder Pain; Eye Strain; Neck Pain,3,$60K-80K,
6/9/2025,49,Female,North America,Manufacturing,UX Designer,Hybrid,53,Depression,Low,2,Back Pain; Eye Strain; Wrist Pain,2,$60K-80K,
6/9/2025,58,Male,Asia,Professional Services,IT Support,Remote,49,Anxiety,High,1,Back Pain; Shoulder Pain; Eye Strain; Neck Pain,4,$120K+,
6/9/2025,65,Female,Oceania,Finance,Research Scientist,Onsite,57,None,High,1,Shoulder Pain,1,$60K-80K,
6/9/2025,62,Male,Africa,Professional Services,Consultant,Hybrid,54,Stress Disorder,Low,3,Shoulder Pain; Eye Strain; Wrist Pain,1,$60K-80K,
6/9/2025,33,Female,Oceania,Technology,Executive Assistant,Remote,47,Burnout,High,3,Back Pain; Shoulder Pain; Eye Strain; Wrist Pain,4,$60K-80K,
6/9/2025,28,Male,South America,Retail,Executive Assistant,Hybrid,49,ADHD,Low,2,Neck Pain,5,$60K-80K,
6/9/2025,43,Male,Europe,Manufacturing,Executive Assistant,Remote,35,PTSD,High,2,Shoulder Pain,4,$100K-120K,
6/9/2025,47,Female,Asia,Healthcare,Operations Manager,Onsite,47,Burnout,Medium,4,Shoulder Pain,2,$80K-100K,
6/9/2025,43,Male,Oceania,Finance,Digital Marketing Specialist,Onsite,62,PTSD,Medium,3,Back Pain; Eye Strain,3,$80K-100K,
6/9/2025,35,Male,South America,Professional Services,Business Analyst,Hybrid,43,PTSD,High,3,Back Pain; Eye Strain,4,$80K-100K,
6/9/2025,37,Female,South America,Finance,Consultant,Onsite,58,Stress Disorder,High,2,Back Pain; Eye Strain,2,$80K-100K,
6/9/2025,56,Female,Asia,Professional Services,Marketing Specialist,Remote,47,Anxiety,Low,4,Back Pain,5,$60K-80K,
6/9/2025,43,Male,Oceania,Retail,HR Manager,Hybrid,46,Depression,Low,4,Shoulder Pain,4,$80K-100K,
6/9/2025,36,Male,Asia,Professional Services,Social Media Manager,Onsite,56,Stress Disorder,Low,4,Shoulder Pain; Eye Strain,1,$120K+,
6/9/2025,26,Female,North America,Professional Services,IT Support,Hybrid,40,Anxiety,Low,3,Shoulder Pain,5,$80K-100K,
6/9/2025,56,Male,Africa,Education,Business Analyst,Onsite,65,Anxiety,High,5,Back Pain; Shoulder Pain; Eye Strain,2,$80K-100K,
6/9/2025,22,Female,South America,Education,Data Scientist,Onsite,55,None,High,4,Back Pain; Eye Strain,2,$80K-100K,
6/9/2025,64,Female,North America,Healthcare,Executive Assistant,Remote,54,Stress Disorder,Medium,1,Back Pain; Eye Strain,5,$60K-80K,
6/9/2025,40,Female,North America,Professional Services,HR Manager,Onsite,36,Anxiety,Low,4,Shoulder Pain,1,$80K-100K,
6/9/2025,56,Male,Asia,Marketing,Digital Marketing Specialist,Onsite,35,None,Medium,2,Back Pain; Wrist Pain,3,$80K-100K,
6/9/2025,62,Female,Asia,Manufacturing,Customer Service Manager,Onsite,59,ADHD,High,4,Back Pain; Neck Pain,5,$60K-80K,
6/9/2025,31,Female,North America,Finance,Executive Assistant,Onsite,47,None,High,3,Shoulder Pain; Eye Strain; Neck Pain,4,$80K-100K,
6/9/2025,50,Female,Africa,Professional Services,Data Scientist,Hybrid,55,None,High,3,Back Pain; Eye Strain,2,$120K+,
6/9/2025,50,Male,North America,Finance,Data Scientist,Onsite,42,None,Low,3,Back Pain; Shoulder Pain,3,$60K-80K,
6/9/2025,42,Female,South America,Professional Services,Product Manager,Hybrid,37,ADHD,Medium,2,Back Pain; Shoulder Pain; Eye Strain; Wrist Pain,4,$80K-100K,
6/9/2025,49,Female,Asia,Customer Service,Product Manager,Onsite,41,Burnout,Medium,4,Back Pain; Shoulder Pain; Wrist Pain,1,$80K-100K,
6/9/2025,48,Female,Asia,Technology,Financial Analyst,Remote,50,Stress Disorder,High,5,Back Pain; Eye Strain,3,$40K-60K,
6/9/2025,56,Female,Asia,Marketing,Account Manager,Remote,61,Anxiety,High,1,Back Pain; Shoulder Pain,4,$80K-100K,
6/9/2025,65,Non-binary,North America,Marketing,Account Manager,Onsite,62,Depression,Medium,5,Back Pain; Eye Strain; Neck Pain,2,$60K-80K,
6/9/2025,49,Female,Europe,Technology,Business Analyst,Hybrid,49,Depression,Low,2,Back Pain; Neck Pain,1,$80K-100K,
6/9/2025,58,Female,South America,Professional Services,Project Manager,Onsite,40,Depression,Low,2,Eye Strain,4,$80K-100K,
6/9/2025,52,Male,Africa,Finance,Customer Service Manager,Hybrid,58,Stress Disorder,Medium,3,Shoulder Pain; Eye Strain; Neck Pain,3,$80K-100K,
6/9/2025,50,Female,North America,Technology,Data Scientist,Hybrid,59,ADHD,Low,3,Eye Strain,3,$100K-120K,
6/9/2025,65,Female,Africa,Professional Services,HR Manager,Hybrid,58,Stress Disorder,Medium,3,Back Pain; Shoulder Pain; Eye Strain; Neck Pain; Wrist Pain,1,$100K-120K,
6/9/2025,60,Female,Africa,Finance,Product Manager,Onsite,49,Stress Disorder,Medium,3,Shoulder Pain,2,$80K-100K,
6/9/2025,65,Female,Asia,Healthcare,HR Manager,Onsite,40,PTSD,Low,4,Shoulder Pain; Eye Strain; Neck Pain,1,$60K-80K,
6/9/2025,49,Male,South America,Professional Services,Data Scientist,Hybrid,48,Depression,High,4,Back Pain; Shoulder Pain; Neck Pain,3,$40K-60K,
6/9/2025,38,Female,Oceania,Manufacturing,Business Analyst,Remote,57,Anxiety,Medium,3,Back Pain; Neck Pain,4,$40K-60K,
6/9/2025,59,Male,Europe,Professional Services,UX Designer,Onsite,38,ADHD,Low,3,Back Pain; Shoulder Pain; Eye Strain; Wrist Pain,2,$40K-60K,
6/9/2025,46,Male,Oceania,Healthcare,Software Engineer,Onsite,46,None,Medium,2,Back Pain; Shoulder Pain; Wrist Pain,3,$80K-100K,
6/9/2025,58,Male,Oceania,Healthcare,Project Manager,Onsite,46,PTSD,Low,3,Shoulder Pain; Neck Pain,5,$80K-100K,
6/9/2025,32,Female,South America,Customer Service,DevOps Engineer,Remote,46,PTSD,High,5,Shoulder Pain; Neck Pain,3,$100K-120K,
6/9/2025,43,Male,Oceania,Marketing,Research Scientist,Remote,55,Depression,Medium,1,Neck Pain,4,$60K-80K,
6/9/2025,41,Male,South America,Finance,Quality Assurance,Onsite,59,Burnout,Low,1,None,1,$80K-100K,
6/9/2025,43,Female,South America,Professional Services,UX Designer,Hybrid,56,Burnout,High,3,Shoulder Pain; Eye Strain,3,$40K-60K,
6/9/2025,54,Non-binary,Asia,Manufacturing,Data Scientist,Onsite,46,PTSD,Medium,3,Eye Strain,5,$100K-120K,
6/9/2025,22,Non-binary,Oceania,Professional Services,UX Designer,Onsite,56,Anxiety,Low,3,Back Pain; Shoulder Pain; Wrist Pain,2,$60K-80K,
6/9/2025,27,Female,South America,Professional Services,Social Media Manager,Onsite,47,ADHD,High,2,Shoulder Pain; Eye Strain,2,$80K-100K,
6/9/2025,26,Male,Africa,Professional Services,Digital Marketing Specialist,Hybrid,59,None,Low,1,None,3,$40K-60K,
6/9/2025,35,Male,North America,Customer Service,Social Media Manager,Onsite,51,Burnout,High,1,Back Pain,2,$40K-60K,
6/9/2025,31,Male,Europe,Healthcare,Content Writer,Remote,45,PTSD,Low,4,Back Pain; Shoulder Pain; Neck Pain,4,$40K-60K,
6/9/2025,29,Female,Europe,Education,Content Writer,Onsite,64,None,High,1,Back Pain; Shoulder Pain,3,$60K-80K,
6/9/2025,26,Female,Asia,Manufacturing,Quality Assurance,Onsite,43,ADHD,High,4,Back Pain; Eye Strain,1,$60K-80K,
6/9/2025,39,Male,Oceania,Professional Services,Project Manager,Onsite,42,Burnout,High,3,Back Pain; Eye Strain,1,$40K-60K,
6/9/2025,31,Female,Europe,Professional Services,Sales Representative,Hybrid,55,PTSD,Medium,4,Back Pain; Eye Strain; Wrist Pain,3,$100K-120K,
6/9/2025,24,Male,Oceania,Education,Content Writer,Remote,56,Stress Disorder,Low,3,Neck Pain; Wrist Pain,1,$40K-60K,
6/9/2025,49,Female,Oceania,Technology,Research Scientist,Hybrid,55,Burnout,Medium,1,Shoulder Pain; Neck Pain,2,$40K-60K,
6/9/2025,64,Female,North America,Finance,Content Writer,Remote,62,None,High,1,None,3,$40K-60K,
6/9/2025,46,Male,South America,Finance,DevOps Engineer,Onsite,43,Anxiety,Medium,4,Back Pain; Eye Strain,2,$80K-100K,
6/9/2025,25,Female,South America,Customer Service,DevOps Engineer,Onsite,37,Depression,Medium,2,None,2,$60K-80K,
6/9/2025,55,Female,North America,Technology,Digital Marketing Specialist,Remote,59,ADHD,Medium,3,Back Pain; Eye Strain,2,$60K-80K,
6/9/2025,53,Male,South America,Professional Services,DevOps Engineer,Remote,43,Anxiety,High,3,None,3,$100K-120K,
6/9/2025,55,Female,Europe,Professional Services,Operations Manager,Onsite,65,Burnout,Medium,4,Eye Strain; Neck Pain; Wrist Pain,1,$80K-100K,
6/9/2025,29,Female,Asia,Manufacturing,Project Manager,Hybrid,50,ADHD,Low,2,Shoulder Pain; Eye Strain,1,$100K-120K,
6/9/2025,60,Male,North America,Marketing,Social Media Manager,Remote,45,None,Medium,3,None,1,$60K-80K,
6/9/2025,32,Male,Asia,Healthcare,Digital Marketing Specialist,Onsite,62,None,Low,3,Back Pain; Shoulder Pain; Eye Strain,4,$60K-80K,
6/9/2025,45,Female,South America,Technology,Data Scientist,Remote,65,Stress Disorder,High,1,Back Pain; Eye Strain,5,$80K-100K,
6/9/2025,37,Female,Oceania,Education,Executive Assistant,Onsite,58,None,Medium,1,Shoulder Pain; Eye Strain; Neck Pain,4,$80K-100K,
6/9/2025,32,Male,Asia,Technology,Product Manager,Remote,58,Burnout,High,2,Back Pain,3,$100K-120K,
6/9/2025,43,Female,Africa,Professional Services,Marketing Specialist,Onsite,57,None,Medium,5,Back Pain; Shoulder Pain; Eye Strain,1,$40K-60K,
6/9/2025,58,Female,Africa,Healthcare,Sales Representative,Hybrid,46,None,Medium,2,Shoulder Pain; Eye Strain; Neck Pain,3,$60K-80K,
6/9/2025,64,Female,Asia,Manufacturing,Customer Service Manager,Hybrid,64,Depression,High,3,Shoulder Pain,4,$80K-100K,
6/9/2025,40,Female,Africa,Retail,Technical Writer,Hybrid,58,Depression,Medium,3,Back Pain; Eye Strain,4,$40K-60K,
6/9/2025,48,Non-binary,Africa,Technology,Executive Assistant,Onsite,45,ADHD,Low,3,Back Pain; Eye Strain; Wrist Pain,2,$80K-100K,
6/9/2025,61,Male,Africa,Technology,IT Support,Onsite,40,Burnout,High,2,Shoulder Pain; Neck Pain,1,$60K-80K,
6/9/2025,40,Male,North America,Finance,Customer Service Manager,Onsite,44,Depression,Medium,2,Back Pain; Eye Strain; Neck Pain; Wrist Pain,3,$40K-60K,
6/9/2025,42,Prefer not to say,Europe,Retail,Executive Assistant,Remote,59,PTSD,High,2,Wrist Pain,4,$60K-80K,
6/9/2025,46,Female,South America,Retail,Content Writer,Onsite,50,ADHD,Medium,3,Back Pain; Eye Strain,2,$80K-100K,
6/9/2025,24,Male,South America,Technology,Sales Representative,Onsite,37,PTSD,Medium,3,Back Pain; Eye Strain; Neck Pain; Wrist Pain,4,$40K-60K,
6/9/2025,50,Male,Europe,Finance,Data Scientist,Onsite,64,Burnout,Medium,5,Back Pain; Eye Strain; Neck Pain,2,$40K-60K,
6/9/2025,24,Female,Europe,Technology,Social Media Manager,Hybrid,41,Stress Disorder,Medium,4,Back Pain; Shoulder Pain,3,$60K-80K,
6/9/2025,59,Male,Africa,Technology,Content Writer,Hybrid,47,PTSD,Medium,4,Neck Pain,3,$60K-80K,
6/9/2025,33,Female,North America,Professional Services,HR Manager,Onsite,64,None,High,1,Back Pain,3,$80K-100K,
6/9/2025,37,Female,Africa,Finance,Project Manager,Onsite,51,Anxiety,High,1,Eye Strain,4,$80K-100K,
6/9/2025,45,Non-binary,Europe,Customer Service,Business Analyst,Hybrid,44,PTSD,High,3,Shoulder Pain; Eye Strain,5,$80K-100K,
6/9/2025,65,Male,Europe,Technology,IT Support,Remote,54,PTSD,High,4,Neck Pain,2,$80K-100K,
6/9/2025,54,Male,Africa,Marketing,Data Analyst,Onsite,58,Burnout,Low,5,Eye Strain,1,$60K-80K,
6/9/2025,39,Female,North America,Retail,Consultant,Onsite,55,None,Medium,3,Back Pain; Eye Strain,2,$80K-100K,
6/9/2025,63,Male,Africa,Education,Data Analyst,Onsite,37,Stress Disorder,Medium,1,Eye Strain,2,$60K-80K,
6/9/2025,49,Male,Oceania,Education,Social Media Manager,Onsite,36,PTSD,Low,4,Back Pain,1,$60K-80K,
6/9/2025,65,Male,Africa,Retail,Customer Service Manager,Hybrid,50,Depression,Low,3,Back Pain,4,$100K-120K,
6/9/2025,23,Male,Asia,Manufacturing,Quality Assurance,Onsite,47,Anxiety,Medium,4,Back Pain; Shoulder Pain; Eye Strain,5,$60K-80K,
6/9/2025,34,Male,North America,Marketing,Software Engineer,Onsite,36,ADHD,Low,5,Shoulder Pain,3,$60K-80K,
6/9/2025,41,Female,North America,Professional Services,Executive Assistant,Remote,44,None,Low,2,Shoulder Pain; Eye Strain,4,$80K-100K,
6/9/2025,52,Female,Oceania,Retail,Digital Marketing Specialist,Hybrid,62,Stress Disorder,High,5,None,2,$40K-60K,
6/9/2025,41,Female,Oceania,Healthcare,Business Analyst,Hybrid,64,Anxiety,Medium,1,Shoulder Pain; Eye Strain; Wrist Pain,2,$80K-100K,
6/9/2025,58,Male,Asia,Manufacturing,Sales Representative,Onsite,46,Stress Disorder,Medium,3,None,1,$60K-80K,
6/9/2025,61,Female,Oceania,Finance,Marketing Specialist,Onsite,44,ADHD,Medium,2,Back Pain; Shoulder Pain; Eye Strain; Neck Pain,1,$60K-80K,
6/9/2025,24,Male,Europe,Customer Service,Operations Manager,Onsite,35,Burnout,High,3,Shoulder Pain; Eye Strain; Neck Pain,3,$40K-60K,
6/9/2025,30,Female,Europe,Manufacturing,Operations Manager,Onsite,65,ADHD,Low,3,Neck Pain,1,$80K-100K,
6/10/2025,30,Male,Oceania,Technology,Technical Writer,Onsite,59,PTSD,High,2,Eye Strain,3,$80K-100K,
6/10/2025,40,Male,North America,Manufacturing,Research Scientist,Onsite,49,Depression,Medium,1,None,4,$80K-100K,
6/10/2025,46,Female,Africa,Technology,Quality Assurance,Hybrid,35,PTSD,High,4,Back Pain; Shoulder Pain,2,$60K-80K,
6/10/2025,56,Female,Oceania,Technology,Executive Assistant,Onsite,41,Anxiety,Low,1,Back Pain; Shoulder Pain; Eye Strain; Neck Pain,1,$80K-100K,
6/10/2025,56,Male,Europe,Manufacturing,HR Manager,Onsite,36,ADHD,Low,3,Shoulder Pain; Wrist Pain,2,$60K-80K,
6/10/2025,29,Male,South America,Education,IT Support,Hybrid,59,PTSD,Medium,4,Eye Strain,5,$60K-80K,
6/10/2025,58,Male,Africa,Professional Services,IT Support,Onsite,35,Depression,Medium,3,Back Pain; Eye Strain; Neck Pain,3,$60K-80K,
6/10/2025,62,Male,North America,Technology,Operations Manager,Remote,57,Burnout,High,3,None,1,$60K-80K,
6/10/2025,34,Female,North America,Manufacturing,Content Writer,Remote,64,None,Medium,3,Shoulder Pain; Eye Strain,4,$80K-100K,
6/10/2025,41,Female,Europe,Healthcare,Executive Assistant,Onsite,60,Burnout,Medium,1,Eye Strain,3,$80K-100K,
6/10/2025,51,Female,Africa,Professional Services,Financial Analyst,Onsite,47,Anxiety,High,4,Back Pain; Shoulder Pain; Eye Strain; Neck Pain; Wrist Pain,2,$40K-60K,
6/10/2025,63,Female,Asia,Education,Content Writer,Hybrid,56,Depression,Low,2,Eye Strain,1,$60K-80K,
6/10/2025,26,Female,North America,Customer Service,UX Designer,Remote,52,ADHD,High,3,Shoulder Pain; Eye Strain; Wrist Pain,3,$80K-100K,
6/10/2025,47,Female,Europe,Professional Services,Quality Assurance,Hybrid,58,Anxiety,Medium,2,Shoulder Pain,4,$120K+,
6/10/2025,38,Male,Asia,Professional Services,Project Manager,Onsite,44,PTSD,Medium,4,Eye Strain,3,$100K-120K,
6/10/2025,43,Female,Europe,Professional Services,Data Scientist,Hybrid,53,None,Medium,4,Back Pain,3,$100K-120K,
6/10/2025,35,Female,Oceania,Healthcare,Digital Marketing Specialist,Onsite,53,None,Low,3,Eye Strain; Neck Pain,2,$60K-80K,
6/10/2025,46,Male,North America,Customer Service,UX Designer,Hybrid,52,Anxiety,Medium,4,Back Pain; Eye Strain; Wrist Pain,5,$80K-100K,
6/10/2025,29,Male,Asia,Manufacturing,Research Scientist,Hybrid,59,Burnout,Medium,4,Back Pain; Shoulder Pain,1,$40K-60K,
6/10/2025,24,Male,Africa,Professional Services,Data Scientist,Onsite,56,Burnout,Medium,3,Eye Strain,4,$100K-120K,
6/10/2025,45,Male,North America,Education,Customer Service Manager,Remote,57,Stress Disorder,Medium,3,Back Pain; Shoulder Pain; Eye Strain,3,$60K-80K,
6/10/2025,63,Male,Africa,Healthcare,Data Scientist,Hybrid,48,Stress Disorder,High,4,Shoulder Pain; Eye Strain,3,$60K-80K,
6/10/2025,54,Male,Africa,Technology,Operations Manager,Onsite,59,Stress Disorder,Medium,1,Back Pain; Shoulder Pain,3,$80K-100K,
6/10/2025,52,Female,Europe,Professional Services,Marketing Specialist,Onsite,35,Anxiety,Medium,3,Eye Strain; Wrist Pain,3,$80K-100K,
6/10/2025,52,Prefer not to say,North America,Retail,Consultant,Onsite,41,ADHD,Low,5,Wrist Pain,2,$60K-80K,
6/10/2025,60,Male,North America,Customer Service,Marketing Specialist,Onsite,65,Depression,Low,3,Back Pain; Shoulder Pain; Eye Strain,3,$100K-120K,
6/10/2025,37,Female,Europe,Customer Service,Sales Representative,Hybrid,61,Depression,High,2,Back Pain; Eye Strain; Neck Pain,5,$80K-100K,
6/10/2025,36,Male,South America,Finance,Sales Representative,Onsite,62,None,High,2,Back Pain; Neck Pain,5,$80K-100K,
6/10/2025,29,Male,Europe,Technology,IT Support,Hybrid,41,Burnout,Medium,2,Back Pain; Shoulder Pain; Eye Strain; Neck Pain,1,$80K-100K,
6/10/2025,60,Female,Europe,Retail,Data Scientist,Onsite,65,None,Low,2,Shoulder Pain; Eye Strain,4,$80K-100K,
6/10/2025,43,Female,Europe,Technology,Research Scientist,Remote,48,None,Medium,1,Wrist Pain,1,$60K-80K,
6/10/2025,27,Female,Africa,Professional Services,Customer Service Manager,Onsite,65,PTSD,Medium,4,Back Pain; Shoulder Pain; Eye Strain,2,$60K-80K,
6/10/2025,54,Male,Africa,Finance,Data Scientist,Onsite,63,Stress Disorder,High,3,Back Pain; Shoulder Pain; Eye Strain; Wrist Pain,2,$100K-120K,
6/10/2025,50,Female,Oceania,Manufacturing,Account Manager,Hybrid,40,PTSD,Medium,3,Back Pain; Shoulder Pain; Eye Strain,3,$80K-100K,
6/10/2025,65,Male,Asia,Marketing,Research Scientist,Onsite,60,None,Medium,3,Neck Pain,2,$80K-100K,
6/10/2025,58,Male,Asia,Healthcare,Account Manager,Hybrid,54,Stress Disorder,Low,2,Back Pain; Shoulder Pain,1,$80K-100K,
6/10/2025,27,Non-binary,Europe,Marketing,Content Writer,Remote,47,PTSD,Medium,1,Back Pain; Eye Strain,5,$60K-80K,
6/10/2025,61,Female,South America,Customer Service,HR Manager,Onsite,45,Stress Disorder,High,4,None,3,$80K-100K,
6/10/2025,52,Female,South America,Customer Service,Data Analyst,Onsite,58,Burnout,Medium,3,None,2,$60K-80K,
6/10/2025,60,Male,North America,Technology,IT Support,Hybrid,59,None,High,4,Shoulder Pain,3,$40K-60K,
6/10/2025,65,Female,Africa,Professional Services,UX Designer,Onsite,58,ADHD,High,2,Shoulder Pain; Eye Strain,2,$60K-80K,
6/10/2025,39,Female,Europe,Manufacturing,Data Scientist,Remote,41,Stress Disorder,Low,3,Back Pain; Shoulder Pain; Eye Strain,5,$120K+,
6/10/2025,29,Male,South America,Professional Services,Consultant,Onsite,46,PTSD,Medium,3,Shoulder Pain; Eye Strain,3,$80K-100K,
6/10/2025,59,Female,Europe,Education,Customer Service Manager,Remote,64,Anxiety,High,4,Back Pain; Shoulder Pain; Eye Strain; Neck Pain,4,$40K-60K,
6/10/2025,44,Female,Europe,Professional Services,Quality Assurance,Hybrid,62,Burnout,Medium,3,Back Pain; Shoulder Pain; Eye Strain,3,$60K-80K,
6/10/2025,61,Male,North America,Professional Services,HR Manager,Hybrid,41,None,High,3,Back Pain; Eye Strain; Neck Pain,2,$80K-100K,
6/10/2025,59,Female,Oceania,Professional Services,IT Support,Onsite,63,ADHD,Medium,2,Back Pain,1,$40K-60K,
6/10/2025,25,Male,North America,Finance,Marketing Specialist,Onsite,51,None,Low,3,Back Pain; Eye Strain,2,$80K-100K,
6/10/2025,38,Female,South America,Technology,Digital Marketing Specialist,Remote,53,ADHD,High,4,Shoulder Pain; Neck Pain,4,$60K-80K,
6/10/2025,60,Male,Asia,Marketing,Customer Service Manager,Onsite,43,PTSD,Medium,2,Back Pain; Eye Strain,2,$60K-80K,
6/10/2025,30,Male,Africa,Retail,Project Manager,Onsite,55,None,High,5,Neck Pain,1,$100K-120K,
6/10/2025,52,Female,Europe,Technology,Sales Representative,Onsite,48,Burnout,Medium,3,Back Pain,2,$60K-80K,
6/10/2025,27,Prefer not to say,South America,Finance,Technical Writer,Remote,54,None,Low,2,Back Pain; Neck Pain,2,$40K-60K,
6/10/2025,40,Female,South America,Education,Research Scientist,Onsite,46,Burnout,Low,1,Eye Strain,3,$40K-60K,
6/10/2025,40,Male,Oceania,Manufacturing,Software Engineer,Onsite,59,None,Low,3,Eye Strain,1,$100K-120K,
6/10/2025,22,Male,Asia,Manufacturing,Consultant,Hybrid,35,ADHD,Medium,3,Back Pain; Eye Strain,2,$80K-100K,
6/10/2025,40,Female,Europe,Customer Service,DevOps Engineer,Onsite,62,Depression,High,4,Eye Strain,3,$80K-100K,
6/10/2025,63,Male,Europe,Healthcare,HR Manager,Onsite,60,None,Medium,1,Eye Strain; Neck Pain,1,$60K-80K,
6/10/2025,23,Female,North America,Retail,Project Manager,Hybrid,64,Burnout,Medium,5,Back Pain; Shoulder Pain; Eye Strain,2,$60K-80K,
6/10/2025,43,Male,South America,Customer Service,Operations Manager,Hybrid,51,PTSD,Low,3,Neck Pain,3,$60K-80K,
6/10/2025,40,Female,Europe,Finance,UX Designer,Remote,65,PTSD,Medium,4,Back Pain; Eye Strain,3,$80K-100K,
6/10/2025,56,Female,Oceania,Professional Services,Business Analyst,Onsite,50,ADHD,High,3,Back Pain,1,$40K-60K,
6/10/2025,65,Male,Oceania,Manufacturing,Business Analyst,Remote,65,None,Low,5,Eye Strain,3,$120K+,
6/10/2025,45,Male,North America,Retail,Sales Representative,Hybrid,57,PTSD,High,3,Shoulder Pain; Eye Strain; Wrist Pain,2,$40K-60K,
6/10/2025,59,Male,Europe,Retail,Data Analyst,Onsite,36,Depression,Low,5,Back Pain; Eye Strain; Neck Pain,3,$60K-80K,
6/10/2025,34,Male,Asia,Professional Services,Project Manager,Remote,56,None,Medium,2,Back Pain; Shoulder Pain; Eye Strain,2,$60K-80K,
6/10/2025,47,Male,North America,Technology,Quality Assurance,Hybrid,53,None,High,3,Shoulder Pain; Eye Strain,3,$40K-60K,
6/10/2025,65,Male,Africa,Finance,Research Scientist,Onsite,57,Stress Disorder,Medium,3,Back Pain; Shoulder Pain; Eye Strain; Neck Pain,3,$60K-80K,
6/10/2025,54,Female,Africa,Professional Services,Operations Manager,Onsite,41,ADHD,Medium,3,Shoulder Pain; Eye Strain; Neck Pain,3,$60K-80K,
6/10/2025,63,Male,South America,Technology,Financial Analyst,Hybrid,56,PTSD,Medium,1,None,3,$60K-80K,
6/10/2025,60,Female,North America,Retail,Product Manager,Onsite,63,None,Low,3,Back Pain,4,$60K-80K,
6/10/2025,42,Female,Asia,Finance,Account Manager,Onsite,43,None,Medium,3,Shoulder Pain,3,$60K-80K,
6/10/2025,43,Male,Europe,Professional Services,UX Designer,Onsite,56,Anxiety,Low,3,Back Pain; Shoulder Pain; Wrist Pain,1,$60K-80K,
6/10/2025,57,Male,Africa,Technology,Technical Writer,Remote,60,Depression,Medium,3,Eye Strain; Neck Pain,3,$80K-100K,
6/10/2025,26,Female,North America,Professional Services,Account Manager,Onsite,40,PTSD,High,2,Back Pain; Eye Strain,1,$60K-80K,
6/10/2025,28,Female,North America,Healthcare,IT Support,Onsite,59,Stress Disorder,Low,2,Eye Strain,3,$60K-80K,
6/10/2025,40,Female,Asia,Technology,Financial Analyst,Remote,44,PTSD,High,3,Back Pain; Shoulder Pain,5,$80K-100K,
6/10/2025,26,Female,Africa,Healthcare,Consultant,Onsite,37,None,Medium,3,Back Pain; Wrist Pain,1,$60K-80K,
6/10/2025,50,Female,Asia,Technology,Software Engineer,Hybrid,65,Stress Disorder,Medium,4,Back Pain; Eye Strain; Neck Pain; Wrist Pain,4,$80K-100K,
6/10/2025,35,Male,Africa,Professional Services,Data Scientist,Onsite,56,Anxiety,Low,1,Back Pain; Wrist Pain,5,$80K-100K,
6/10/2025,60,Non-binary,Asia,Finance,Marketing Specialist,Remote,36,None,High,3,Back Pain; Shoulder Pain; Eye Strain,4,$40K-60K,
6/10/2025,42,Female,Europe,Professional Services,HR Manager,Onsite,39,Depression,Low,5,Shoulder Pain,4,$80K-100K,
6/10/2025,41,Male,Europe,Manufacturing,Quality Assurance,Onsite,52,Burnout,Medium,4,Back Pain; Shoulder Pain; Eye Strain; Neck Pain,2,$60K-80K,
6/10/2025,48,Male,Oceania,Professional Services,Software Engineer,Hybrid,55,PTSD,Low,2,Shoulder Pain; Neck Pain,2,$120K+,
6/10/2025,28,Male,North America,Technology,HR Manager,Remote,40,Anxiety,Low,3,Back Pain; Eye Strain,3,$60K-80K,
6/10/2025,60,Female,North America,Manufacturing,Software Engineer,Remote,57,Stress Disorder,Medium,2,Back Pain; Shoulder Pain; Neck Pain,5,$120K+,
6/10/2025,58,Female,North America,Education,Digital Marketing Specialist,Onsite,42,Stress Disorder,Low,5,Shoulder Pain; Eye Strain,3,$100K-120K,
6/10/2025,50,Female,Europe,Professional Services,IT Support,Onsite,54,None,Medium,3,Eye Strain,1,$80K-100K,
6/10/2025,35,Female,Oceania,Healthcare,Quality Assurance,Remote,49,PTSD,Medium,3,Back Pain; Eye Strain; Wrist Pain,5,$60K-80K,
6/10/2025,25,Female,Africa,Technology,Product Manager,Hybrid,57,Anxiety,Low,2,Shoulder Pain,2,$60K-80K,
6/10/2025,22,Male,North America,Education,Research Scientist,Remote,59,None,Medium,4,Back Pain; Shoulder Pain; Eye Strain,4,$80K-100K,
6/10/2025,43,Male,Europe,Customer Service,DevOps Engineer,Onsite,52,Anxiety,Medium,2,Eye Strain,5,$60K-80K,
6/10/2025,40,Male,Africa,Customer Service,Marketing Specialist,Hybrid,65,None,Medium,3,Eye Strain; Neck Pain; Wrist Pain,3,$40K-60K,
6/10/2025,58,Female,Europe,Manufacturing,Marketing Specialist,Hybrid,43,ADHD,Low,3,Back Pain; Shoulder Pain; Eye Strain; Neck Pain,3,$60K-80K,
6/10/2025,31,Female,North America,Healthcare,Product Manager,Remote,46,ADHD,High,4,Back Pain; Shoulder Pain; Wrist Pain,5,$100K-120K,
6/10/2025,54,Female,Oceania,Technology,Operations Manager,Hybrid,60,None,Medium,1,Back Pain; Eye Strain; Neck Pain,1,$80K-100K,
6/10/2025,34,Non-binary,South America,Professional Services,Consultant,Onsite,40,PTSD,Low,5,Eye Strain,3,$80K-100K,
6/10/2025,38,Male,North America,Professional Services,Business Analyst,Hybrid,51,Burnout,High,3,Shoulder Pain; Wrist Pain,5,$60K-80K,
6/10/2025,57,Male,Africa,Manufacturing,Operations Manager,Hybrid,50,Burnout,Medium,3,Shoulder Pain,2,$80K-100K,
6/10/2025,36,Male,Africa,Manufacturing,Technical Writer,Onsite,52,Stress Disorder,Medium,1,Back Pain; Eye Strain; Neck Pain,1,$60K-80K,
6/10/2025,56,Male,Europe,Professional Services,Social Media Manager,Onsite,42,Depression,High,3,Back Pain; Neck Pain; Wrist Pain,4,$40K-60K,
6/11/2025,52,Male,Oceania,Manufacturing,HR Manager,Hybrid,55,Burnout,Low,1,Eye Strain,1,$80K-100K,
6/11/2025,49,Male,South America,Manufacturing,Operations Manager,Remote,59,Anxiety,High,1,Shoulder Pain; Wrist Pain,4,$60K-80K,
6/11/2025,55,Male,Africa,Finance,Sales Representative,Onsite,39,None,Medium,5,None,2,$80K-100K,
6/11/2025,47,Male,Africa,Manufacturing,Executive Assistant,Hybrid,35,Anxiety,High,3,Back Pain; Shoulder Pain; Eye Strain; Neck Pain,1,$120K+,
6/11/2025,23,Male,Africa,Finance,Software Engineer,Hybrid,44,Stress Disorder,Medium,1,Back Pain; Shoulder Pain; Eye Strain,3,$80K-100K,
6/11/2025,57,Female,South America,Retail,Operations Manager,Onsite,64,Burnout,Medium,3,Eye Strain,1,$60K-80K,
6/11/2025,47,Female,South America,Customer Service,Account Manager,Onsite,53,ADHD,Medium,3,Back Pain,2,$60K-80K,
6/11/2025,32,Male,South America,Professional Services,Operations Manager,Onsite,58,Stress Disorder,Low,2,Back Pain; Shoulder Pain; Neck Pain,4,$80K-100K,
6/11/2025,29,Female,North America,Customer Service,Project Manager,Hybrid,53,Depression,Low,2,Back Pain; Shoulder Pain; Eye Strain,3,$40K-60K,
6/11/2025,27,Female,Asia,Professional Services,Financial Analyst,Onsite,55,Stress Disorder,Low,4,Back Pain; Shoulder Pain; Eye Strain; Neck Pain; Wrist Pain,2,$60K-80K,
6/11/2025,22,Female,North America,Manufacturing,Business Analyst,Hybrid,37,Anxiety,Low,3,Back Pain; Shoulder Pain,3,$40K-60K,
6/11/2025,31,Male,Asia,Professional Services,Project Manager,Hybrid,60,Burnout,Medium,4,Eye Strain,4,$40K-60K,
6/11/2025,37,Female,North America,Manufacturing,Data Scientist,Hybrid,44,Burnout,Medium,1,None,2,$120K+,
6/11/2025,50,Female,North America,Retail,Executive Assistant,Onsite,60,Depression,Medium,1,Neck Pain,3,$80K-100K,
6/11/2025,36,Male,Africa,Education,Software Engineer,Onsite,62,Stress Disorder,Medium,3,Shoulder Pain,1,$80K-100K,
6/11/2025,59,Female,Oceania,Professional Services,Technical Writer,Onsite,59,None,Medium,1,Back Pain; Shoulder Pain; Neck Pain,3,$80K-100K,
6/11/2025,24,Female,Oceania,Technology,Executive Assistant,Hybrid,40,PTSD,High,3,Shoulder Pain; Eye Strain,5,$60K-80K,
6/11/2025,45,Female,Europe,Professional Services,HR Manager,Onsite,60,Depression,Low,2,Back Pain; Shoulder Pain,3,$60K-80K,
6/11/2025,54,Female,Africa,Finance,UX Designer,Onsite,57,Stress Disorder,High,5,Back Pain; Wrist Pain,1,$40K-60K,
6/11/2025,64,Male,Oceania,Manufacturing,Content Writer,Remote,55,ADHD,Medium,4,Neck Pain; Wrist Pain,4,$60K-80K,
6/11/2025,44,Male,South America,Professional Services,Data Analyst,Hybrid,50,None,Low,4,Back Pain; Shoulder Pain; Eye Strain; Neck Pain; Wrist Pain,4,$40K-60K,
6/11/2025,33,Male,Europe,Professional Services,Technical Writer,Onsite,54,ADHD,Medium,3,Neck Pain,2,$40K-60K,
6/11/2025,23,Female,Africa,Finance,Sales Representative,Hybrid,49,Burnout,Low,4,Back Pain; Shoulder Pain,2,$80K-100K,
6/11/2025,33,Male,Asia,Manufacturing,Technical Writer,Onsite,51,Anxiety,Medium,5,Shoulder Pain; Eye Strain,3,$80K-100K,
6/11/2025,33,Female,Africa,Education,IT Support,Remote,52,Depression,High,2,Shoulder Pain,3,$80K-100K,
6/11/2025,64,Female,Asia,Education,IT Support,Remote,45,Anxiety,High,5,Back Pain; Eye Strain; Neck Pain; Wrist Pain,3,$80K-100K,
6/11/2025,38,Female,Africa,Healthcare,UX Designer,Onsite,45,None,High,2,Back Pain; Shoulder Pain; Eye Strain,4,$80K-100K,
6/11/2025,44,Female,Europe,Professional Services,Technical Writer,Onsite,54,PTSD,Low,5,Eye Strain,3,$60K-80K,
6/11/2025,60,Male,Africa,Professional Services,Customer Service Manager,Hybrid,57,ADHD,Low,3,Shoulder Pain; Neck Pain,2,$80K-100K,
6/11/2025,43,Male,Europe,Professional Services,Data Analyst,Onsite,56,PTSD,Medium,4,Eye Strain,2,$60K-80K,
6/11/2025,30,Male,Europe,Finance,Financial Analyst,Onsite,49,None,Medium,3,Back Pain; Shoulder Pain; Eye Strain; Neck Pain,2,$60K-80K,
6/11/2025,52,Male,South America,Retail,Customer Service Manager,Hybrid,35,Burnout,Medium,2,Shoulder Pain,3,$80K-100K,
6/11/2025,52,Female,South America,Healthcare,Consultant,Onsite,56,Depression,Medium,4,Back Pain; Eye Strain; Neck Pain; Wrist Pain,2,$60K-80K,
6/11/2025,36,Female,South America,Healthcare,IT Support,Hybrid,61,ADHD,Medium,1,Back Pain; Shoulder Pain; Eye Strain,2,$100K-120K,
6/11/2025,57,Female,Europe,Healthcare,Software Engineer,Hybrid,37,None,Low,2,Back Pain; Wrist Pain,3,$40K-60K,
6/11/2025,48,Male,Africa,Professional Services,Social Media Manager,Onsite,38,Anxiety,Medium,2,Shoulder Pain; Eye Strain; Neck Pain,2,$60K-80K,
6/11/2025,29,Female,Oceania,Technology,DevOps Engineer,Onsite,57,None,Medium,3,Shoulder Pain,3,$100K-120K,
6/11/2025,36,Male,Europe,Retail,Financial Analyst,Onsite,44,None,Low,4,None,3,$100K-120K,
6/11/2025,47,Female,Africa,Technology,Social Media Manager,Hybrid,46,None,Medium,3,Neck Pain,3,$80K-100K,
6/11/2025,52,Female,Europe,Manufacturing,Operations Manager,Remote,44,Burnout,Medium,4,Shoulder Pain,4,$60K-80K,
6/11/2025,32,Female,Oceania,Healthcare,HR Manager,Hybrid,53,Anxiety,High,3,Eye Strain,4,$80K-100K,
6/11/2025,64,Male,South America,Technology,Project Manager,Onsite,54,PTSD,Medium,3,Shoulder Pain,2,$100K-120K,
6/11/2025,31,Male,Oceania,Technology,Financial Analyst,Hybrid,49,None,High,1,None,1,$60K-80K,
6/11/2025,28,Female,Asia,Professional Services,Data Analyst,Remote,55,PTSD,Low,2,Back Pain; Shoulder Pain,3,$40K-60K,
6/11/2025,48,Female,South America,Technology,Data Scientist,Hybrid,41,PTSD,Medium,5,Shoulder Pain; Eye Strain,4,$80K-100K,
6/11/2025,47,Male,Oceania,Technology,DevOps Engineer,Remote,43,None,High,4,Back Pain; Eye Strain; Neck Pain,3,$40K-60K,
6/11/2025,26,Male,Europe,Professional Services,Executive Assistant,Onsite,35,None,Low,3,Back Pain; Eye Strain,2,$60K-80K,
6/11/2025,34,Female,Asia,Manufacturing,Product Manager,Onsite,52,Anxiety,High,2,Back Pain; Wrist Pain,2,$100K-120K,
6/11/2025,25,Female,South America,Manufacturing,UX Designer,Onsite,50,Burnout,Medium,1,Shoulder Pain; Eye Strain,2,$60K-80K,
6/11/2025,47,Male,North America,Professional Services,Social Media Manager,Onsite,49,None,Medium,1,Back Pain; Eye Strain,2,$60K-80K,
6/11/2025,26,Female,North America,Marketing,Research Scientist,Hybrid,40,Depression,High,5,Back Pain; Eye Strain,2,$80K-100K,
6/11/2025,47,Female,Africa,Retail,Business Analyst,Onsite,41,None,Medium,4,Back Pain; Wrist Pain,3,$100K-120K,
6/11/2025,51,Female,Oceania,Marketing,Quality Assurance,Onsite,49,None,High,3,Shoulder Pain; Eye Strain,1,$100K-120K,
6/11/2025,50,Female,Asia,Healthcare,Project Manager,Remote,59,Depression,Medium,4,Back Pain; Shoulder Pain,3,$80K-100K,
6/11/2025,47,Female,Europe,Professional Services,IT Support,Hybrid,42,ADHD,Medium,4,Back Pain; Neck Pain,2,$120K+,
6/11/2025,48,Female,Oceania,Retail,Data Scientist,Onsite,38,Stress Disorder,High,5,Back Pain,4,$80K-100K,
6/11/2025,34,Female,Europe,Technology,Business Analyst,Hybrid,53,ADHD,High,5,Shoulder Pain,2,$60K-80K,
6/11/2025,57,Female,Europe,Professional Services,Account Manager,Remote,43,ADHD,Medium,2,Eye Strain,2,$80K-100K,
6/11/2025,26,Female,Oceania,Education,Data Scientist,Hybrid,38,PTSD,Medium,2,Back Pain; Wrist Pain,4,$100K-120K,
6/11/2025,54,Female,Asia,Marketing,Social Media Manager,Onsite,44,Stress Disorder,Low,3,Back Pain,1,$60K-80K,
6/11/2025,29,Female,Oceania,Professional Services,Account Manager,Onsite,45,None,Medium,1,Eye Strain,2,$60K-80K,
6/11/2025,23,Male,South America,Technology,Product Manager,Onsite,56,Anxiety,Low,3,Back Pain; Eye Strain; Neck Pain; Wrist Pain,2,$120K+,
6/11/2025,26,Male,Oceania,Technology,Account Manager,Hybrid,56,None,Medium,3,Neck Pain; Wrist Pain,3,$60K-80K,
6/11/2025,34,Female,South America,Manufacturing,Consultant,Remote,51,ADHD,High,2,Eye Strain,3,$40K-60K,
6/11/2025,53,Male,Asia,Professional Services,Customer Service Manager,Hybrid,50,None,Low,2,Eye Strain; Neck Pain,1,$40K-60K,
6/11/2025,28,Male,Oceania,Manufacturing,Social Media Manager,Remote,55,None,Low,3,Neck Pain,5,$80K-100K,
6/11/2025,48,Female,Africa,Education,Operations Manager,Remote,49,Anxiety,High,3,Back Pain; Shoulder Pain; Eye Strain,3,$40K-60K,
6/11/2025,38,Male,Africa,Education,Data Scientist,Onsite,43,ADHD,Medium,5,Shoulder Pain; Eye Strain; Neck Pain; Wrist Pain,3,$60K-80K,
6/11/2025,51,Male,Asia,Professional Services,Data Scientist,Onsite,55,Depression,High,5,Back Pain; Eye Strain,1,$40K-60K,
6/11/2025,50,Male,South America,Customer Service,Customer Service Manager,Onsite,41,None,Medium,3,Wrist Pain,1,$80K-100K,
6/11/2025,47,Female,North America,Manufacturing,Data Analyst,Remote,36,Anxiety,High,3,Back Pain; Wrist Pain,4,$80K-100K,
6/11/2025,54,Male,Oceania,Education,Sales Representative,Onsite,61,PTSD,Medium,3,Back Pain; Neck Pain,2,$60K-80K,
6/11/2025,27,Female,South America,Manufacturing,HR Manager,Hybrid,57,PTSD,High,3,None,3,$60K-80K,
6/11/2025,57,Male,Oceania,Retail,Social Media Manager,Remote,64,None,Medium,3,Back Pain; Neck Pain; Wrist Pain,3,$100K-120K,
6/11/2025,30,Male,Europe,Professional Services,Consultant,Onsite,36,Anxiety,Medium,3,Back Pain; Shoulder Pain; Eye Strain,3,$60K-80K,
6/11/2025,29,Male,Oceania,Healthcare,Financial Analyst,Hybrid,39,None,Medium,3,None,1,$100K-120K,
6/11/2025,45,Female,Asia,Professional Services,Executive Assistant,Onsite,62,Stress Disorder,High,3,Eye Strain,5,$60K-80K,
6/11/2025,30,Female,North America,Professional Services,Marketing Specialist,Hybrid,53,None,Medium,1,Shoulder Pain; Neck Pain,3,$60K-80K,
6/11/2025,42,Female,North America,Marketing,Technical Writer,Onsite,61,Anxiety,Low,4,Back Pain; Shoulder Pain; Eye Strain,3,$80K-100K,
6/11/2025,52,Male,Oceania,Retail,Customer Service Manager,Onsite,48,None,Low,1,Neck Pain,3,$80K-100K,
6/11/2025,51,Female,Europe,Professional Services,Project Manager,Onsite,54,Depression,Low,1,Back Pain; Eye Strain; Neck Pain,1,$100K-120K,
6/11/2025,25,Male,South America,Marketing,Research Scientist,Onsite,50,Stress Disorder,Medium,5,None,2,$80K-100K,
6/11/2025,34,Female,Oceania,Manufacturing,DevOps Engineer,Onsite,39,Burnout,Low,1,Shoulder Pain; Neck Pain,3,$100K-120K,
6/11/2025,55,Female,Asia,Finance,Consultant,Remote,49,Burnout,High,1,Shoulder Pain; Eye Strain,2,$40K-60K,
6/11/2025,28,Female,Europe,Professional Services,Consultant,Hybrid,53,ADHD,High,2,Eye Strain,3,$40K-60K,
6/11/2025,24,Male,Africa,Technology,Research Scientist,Onsite,51,Anxiety,Medium,4,Eye Strain; Wrist Pain,3,$120K+,
6/11/2025,34,Male,Asia,Technology,Project Manager,Hybrid,42,ADHD,High,4,Eye Strain,4,$60K-80K,
6/11/2025,56,Male,South America,Marketing,Business Analyst,Onsite,60,Depression,Medium,3,Back Pain; Shoulder Pain; Wrist Pain,4,$80K-100K,
6/11/2025,65,Male,Africa,Healthcare,Research Scientist,Hybrid,49,Stress Disorder,High,3,Back Pain; Shoulder Pain; Eye Strain; Neck Pain,5,$80K-100K,
6/11/2025,46,Male,Africa,Education,Account Manager,Hybrid,56,PTSD,Medium,2,Back Pain; Shoulder Pain; Eye Strain,4,$60K-80K,
6/11/2025,53,Male,South America,Healthcare,Data Scientist,Hybrid,61,Stress Disorder,High,2,None,2,$100K-120K,
6/11/2025,65,Female,South America,Education,Social Media Manager,Remote,52,None,High,3,None,5,$40K-60K,
6/11/2025,32,Non-binary,Asia,Professional Services,Quality Assurance,Onsite,48,PTSD,Low,3,Eye Strain,2,$80K-100K,
6/11/2025,49,Female,Europe,Finance,Financial Analyst,Onsite,45,PTSD,Medium,4,Back Pain; Shoulder Pain; Eye Strain; Wrist Pain,1,$80K-100K,
6/11/2025,33,Female,Africa,Professional Services,Technical Writer,Onsite,60,Anxiety,High,3,Shoulder Pain,1,$40K-60K,
6/11/2025,54,Male,South America,Marketing,Business Analyst,Onsite,37,ADHD,Low,2,Eye Strain,1,$40K-60K,
6/11/2025,44,Male,North America,Technology,Software Engineer,Remote,37,Depression,Low,4,Shoulder Pain,5,$120K+,
6/11/2025,38,Female,Europe,Finance,Executive Assistant,Onsite,49,ADHD,Medium,1,Shoulder Pain; Eye Strain,3,$60K-80K,
6/11/2025,52,Male,North America,Technology,Research Scientist,Remote,65,Anxiety,High,3,Shoulder Pain,3,$60K-80K,
6/11/2025,40,Male,South America,Technology,Business Analyst,Onsite,50,ADHD,Medium,2,Back Pain; Eye Strain,1,$100K-120K,
6/11/2025,45,Female,Oceania,Technology,Research Scientist,Remote,43,PTSD,High,1,Eye Strain; Wrist Pain,4,$80K-100K,
6/11/2025,55,Female,North America,Healthcare,Product Manager,Onsite,60,None,Medium,5,Back Pain; Eye Strain,1,$120K+,
6/11/2025,37,Male,Asia,Finance,Software Engineer,Onsite,50,None,Low,5,Shoulder Pain,2,$100K-120K,
6/11/2025,22,Male,Asia,Professional Services,IT Support,Onsite,55,None,Medium,4,Back Pain,3,$60K-80K,
6/11/2025,30,Male,South America,Professional Services,Data Scientist,Onsite,65,Anxiety,High,3,Back Pain; Shoulder Pain,1,$80K-100K,
6/11/2025,36,Male,South America,Technology,HR Manager,Hybrid,45,Burnout,High,3,Back Pain; Shoulder Pain; Eye Strain,2,$40K-60K,
6/11/2025,24,Male,Asia,Customer Service,Software Engineer,Hybrid,36,Stress Disorder,Medium,2,Back Pain; Shoulder Pain; Eye Strain; Neck Pain,1,$60K-80K,
6/11/2025,62,Female,Europe,Technology,Operations Manager,Onsite,42,None,High,3,Back Pain,2,$100K-120K,
6/11/2025,64,Female,Oceania,Healthcare,Operations Manager,Onsite,38,None,High,4,None,2,$80K-100K,
6/11/2025,23,Female,Oceania,Manufacturing,Consultant,Onsite,47,PTSD,Low,2,Back Pain; Eye Strain,2,$100K-120K,
6/11/2025,37,Female,North America,Professional Services,Consultant,Onsite,59,None,Medium,3,Back Pain; Shoulder Pain; Eye Strain,5,$80K-100K,
6/11/2025,32,Male,Oceania,Manufacturing,Financial Analyst,Hybrid,60,Burnout,High,4,Shoulder Pain,4,$80K-100K,
6/11/2025,33,Male,North America,Education,IT Support,Hybrid,62,ADHD,Medium,1,Back Pain; Shoulder Pain; Eye Strain,5,$80K-100K,
6/11/2025,65,Male,Africa,Education,Digital Marketing Specialist,Onsite,47,Stress Disorder,Medium,3,Eye Strain; Neck Pain,2,$80K-100K,
6/11/2025,23,Male,North America,Healthcare,Project Manager,Onsite,38,PTSD,High,2,Back Pain; Shoulder Pain,1,$120K+,
6/11/2025,58,Prefer not to say,North America,Finance,Content Writer,Onsite,60,PTSD,High,4,Back Pain; Wrist Pain,2,$100K-120K,
6/11/2025,39,Male,Asia,Finance,Executive Assistant,Hybrid,58,Stress Disorder,Medium,1,Back Pain,3,$40K-60K,
6/12/2025,46,Female,South America,Healthcare,Marketing Specialist,Onsite,44,Burnout,Low,2,Back Pain; Shoulder Pain; Eye Strain,3,$60K-80K,
6/12/2025,47,Male,Oceania,Healthcare,Customer Service Manager,Onsite,42,Anxiety,Medium,3,Back Pain; Shoulder Pain; Eye Strain; Wrist Pain,3,$40K-60K,
6/12/2025,56,Male,South America,Professional Services,DevOps Engineer,Onsite,36,None,Medium,1,Shoulder Pain,3,$100K-120K,
6/12/2025,30,Male,Oceania,Professional Services,Account Manager,Onsite,48,ADHD,Low,5,Back Pain; Shoulder Pain,1,$60K-80K,
6/12/2025,37,Female,Europe,Technology,Customer Service Manager,Remote,56,Stress Disorder,High,3,Back Pain; Shoulder Pain; Neck Pain,4,$60K-80K,
6/12/2025,24,Female,Oceania,Manufacturing,IT Support,Hybrid,64,Burnout,High,3,Back Pain; Eye Strain; Neck Pain,1,$60K-80K,
6/12/2025,65,Female,Oceania,Technology,Financial Analyst,Remote,42,None,High,1,Back Pain; Shoulder Pain; Neck Pain,1,$100K-120K,
6/12/2025,24,Male,Oceania,Education,Sales Representative,Onsite,65,Burnout,Medium,5,Eye Strain; Wrist Pain,2,$60K-80K,
6/12/2025,28,Male,South America,Healthcare,Research Scientist,Hybrid,46,Stress Disorder,Medium,5,Eye Strain,2,$120K+,
6/12/2025,33,Male,North America,Professional Services,Research Scientist,Onsite,50,PTSD,High,3,Back Pain; Neck Pain,2,$100K-120K,
6/12/2025,51,Male,South America,Finance,Social Media Manager,Onsite,40,Depression,Medium,3,Back Pain; Shoulder Pain; Eye Strain,2,$80K-100K,
6/12/2025,38,Male,North America,Finance,Executive Assistant,Onsite,51,None,Medium,2,Back Pain,2,$100K-120K,
6/12/2025,32,Male,North America,Technology,Research Scientist,Hybrid,56,Anxiety,Low,2,Back Pain; Shoulder Pain; Eye Strain; Wrist Pain,2,$40K-60K,
6/12/2025,63,Female,Oceania,Technology,Digital Marketing Specialist,Hybrid,39,PTSD,High,4,Back Pain,4,$100K-120K,
6/12/2025,23,Female,North America,Education,Account Manager,Onsite,48,Depression,High,1,Back Pain; Shoulder Pain,3,$80K-100K,
6/12/2025,39,Male,Africa,Professional Services,Operations Manager,Hybrid,44,Depression,High,5,Shoulder Pain; Eye Strain,5,$60K-80K,
6/12/2025,53,Female,South America,Finance,IT Support,Onsite,47,Depression,High,3,Wrist Pain,1,$40K-60K,
6/12/2025,34,Female,Asia,Retail,DevOps Engineer,Hybrid,45,Depression,High,5,Shoulder Pain,4,$60K-80K,
6/12/2025,22,Male,Africa,Finance,HR Manager,Onsite,41,Depression,Medium,2,Back Pain; Shoulder Pain; Neck Pain,3,$60K-80K,
6/12/2025,33,Male,North America,Finance,Data Analyst,Onsite,41,Stress Disorder,Medium,4,Shoulder Pain; Eye Strain; Neck Pain,3,$40K-60K,
6/12/2025,64,Male,Africa,Manufacturing,Marketing Specialist,Onsite,58,None,Low,3,Back Pain; Shoulder Pain; Neck Pain,3,$60K-80K,
6/12/2025,49,Female,North America,Finance,DevOps Engineer,Onsite,63,Depression,Medium,5,Back Pain; Shoulder Pain; Eye Strain,3,$100K-120K,
6/12/2025,29,Female,North America,Professional Services,HR Manager,Onsite,52,PTSD,Low,4,Eye Strain,2,$60K-80K,
6/12/2025,56,Male,North America,Professional Services,UX Designer,Hybrid,56,Burnout,Low,5,Back Pain; Neck Pain,4,$40K-60K,
6/12/2025,54,Non-binary,Oceania,Manufacturing,IT Support,Onsite,41,Anxiety,Low,3,Back Pain; Eye Strain; Neck Pain,3,$100K-120K,
6/12/2025,44,Non-binary,Oceania,Education,Project Manager,Onsite,59,Burnout,Low,3,Shoulder Pain; Eye Strain; Neck Pain,2,$40K-60K,
6/12/2025,65,Female,North America,Technology,UX Designer,Onsite,54,Depression,Medium,3,Back Pain; Neck Pain,1,$80K-100K,
6/12/2025,52,Male,South America,Customer Service,Operations Manager,Hybrid,54,Burnout,Medium,1,Shoulder Pain; Eye Strain,4,$100K-120K,
6/12/2025,41,Female,South America,Professional Services,Technical Writer,Onsite,57,PTSD,Medium,2,Back Pain; Shoulder Pain; Eye Strain; Wrist Pain,3,$120K+,
6/12/2025,26,Male,North America,Retail,Software Engineer,Hybrid,36,None,High,3,Back Pain,3,$100K-120K,
6/12/2025,52,Female,Asia,Professional Services,Consultant,Hybrid,46,Depression,High,1,Eye Strain,3,$60K-80K,
6/12/2025,56,Female,North America,Professional Services,Financial Analyst,Onsite,65,Burnout,Low,5,Eye Strain; Wrist Pain,3,$100K-120K,
6/12/2025,37,Non-binary,South America,Manufacturing,Technical Writer,Remote,35,None,High,3,Shoulder Pain; Eye Strain; Wrist Pain,1,$80K-100K,
6/12/2025,26,Male,Asia,Education,Sales Representative,Remote,38,PTSD,High,4,Back Pain; Shoulder Pain; Eye Strain; Neck Pain; Wrist Pain,1,$80K-100K,
6/12/2025,39,Male,Europe,Technology,Data Scientist,Hybrid,60,Stress Disorder,Medium,2,Shoulder Pain; Eye Strain,2,$40K-60K,
6/12/2025,34,Female,South America,Technology,Research Scientist,Hybrid,56,ADHD,High,4,Back Pain; Eye Strain,4,$60K-80K,
6/12/2025,46,Male,North America,Professional Services,Content Writer,Onsite,44,ADHD,Medium,2,Eye Strain; Neck Pain,2,$40K-60K,
6/12/2025,51,Male,Oceania,Professional Services,IT Support,Onsite,57,Depression,Low,5,Neck Pain,2,$100K-120K,
6/12/2025,23,Female,Asia,Manufacturing,Data Analyst,Hybrid,49,None,High,5,Back Pain; Eye Strain,2,$120K+,
6/12/2025,44,Female,Africa,Marketing,Executive Assistant,Hybrid,61,None,High,3,Back Pain; Eye Strain; Neck Pain,3,$40K-60K,
6/12/2025,62,Female,Africa,Finance,UX Designer,Onsite,52,ADHD,Medium,1,Back Pain,5,$80K-100K,
6/12/2025,28,Male,Asia,Customer Service,Content Writer,Onsite,39,Depression,Low,5,Back Pain; Shoulder Pain; Eye Strain,1,$100K-120K,
6/12/2025,25,Non-binary,Europe,Professional Services,Customer Service Manager,Onsite,50,None,Medium,2,Back Pain; Shoulder Pain; Eye Strain,5,$40K-60K,
6/12/2025,39,Female,Asia,Healthcare,UX Designer,Onsite,46,None,Medium,5,Shoulder Pain; Neck Pain,4,$40K-60K,
6/12/2025,49,Female,Africa,Education,Content Writer,Onsite,44,Depression,Medium,4,Shoulder Pain,3,$40K-60K,
6/12/2025,45,Female,South America,Professional Services,UX Designer,Onsite,52,ADHD,High,2,Back Pain,2,$80K-100K,
6/12/2025,44,Non-binary,Asia,Professional Services,Data Scientist,Onsite,57,None,Medium,4,Eye Strain,2,$80K-100K,
6/12/2025,41,Male,South America,Education,Financial Analyst,Hybrid,47,None,High,2,None,3,$80K-100K,
6/12/2025,40,Female,South America,Manufacturing,HR Manager,Onsite,36,PTSD,Medium,5,Back Pain,1,$80K-100K,
6/12/2025,55,Non-binary,Oceania,Technology,Consultant,Hybrid,50,None,High,3,Back Pain,3,$80K-100K,
6/12/2025,30,Male,Africa,Technology,Customer Service Manager,Hybrid,42,Depression,Medium,3,Back Pain,4,$40K-60K,
6/12/2025,27,Female,North America,Finance,HR Manager,Onsite,47,Depression,High,3,Back Pain; Shoulder Pain; Eye Strain,1,$60K-80K,
6/12/2025,49,Male,Europe,Retail,Data Analyst,Onsite,51,Anxiety,Low,1,Back Pain; Eye Strain,1,$80K-100K,
6/12/2025,56,Male,Oceania,Healthcare,Research Scientist,Hybrid,46,None,Medium,2,Shoulder Pain; Eye Strain,2,$80K-100K,
6/12/2025,39,Male,Asia,Professional Services,Digital Marketing Specialist,Onsite,46,Depression,Medium,3,Back Pain; Eye Strain,2,$60K-80K,
6/12/2025,24,Male,Asia,Technology,Executive Assistant,Remote,47,Depression,Low,2,None,3,$60K-80K,
6/12/2025,57,Male,South America,Technology,Technical Writer,Remote,62,None,Medium,3,Eye Strain; Neck Pain,4,$80K-100K,
6/12/2025,26,Male,North America,Customer Service,Project Manager,Hybrid,57,None,Low,5,Eye Strain,5,$40K-60K,
6/12/2025,63,Male,South America,Professional Services,Content Writer,Hybrid,65,None,Medium,3,Eye Strain,1,$80K-100K,
6/12/2025,46,Female,Asia,Finance,Project Manager,Onsite,42,ADHD,High,3,Back Pain; Eye Strain; Neck Pain,1,$80K-100K,
6/12/2025,60,Male,Oceania,Manufacturing,Operations Manager,Hybrid,50,PTSD,Medium,2,Eye Strain,3,$120K+,
6/12/2025,61,Female,Europe,Retail,Product Manager,Remote,37,Anxiety,High,5,Back Pain; Eye Strain,5,$80K-100K,
6/12/2025,57,Male,Oceania,Finance,UX Designer,Hybrid,59,None,Medium,3,Back Pain; Shoulder Pain; Eye Strain,3,$60K-80K,
6/12/2025,29,Female,South America,Finance,UX Designer,Remote,56,PTSD,Low,3,Shoulder Pain; Eye Strain,3,$40K-60K,
6/12/2025,63,Male,South America,Professional Services,Data Scientist,Onsite,53,None,Low,5,Back Pain; Shoulder Pain; Eye Strain,4,$100K-120K,
6/12/2025,22,Male,Oceania,Finance,Sales Representative,Onsite,58,Depression,Medium,3,Back Pain; Shoulder Pain; Eye Strain; Neck Pain,5,$40K-60K,
6/12/2025,22,Female,Africa,Professional Services,UX Designer,Hybrid,58,None,Medium,3,Shoulder Pain,4,$80K-100K,
6/12/2025,43,Female,Oceania,Healthcare,DevOps Engineer,Hybrid,37,None,Medium,3,Eye Strain,3,$100K-120K,
6/12/2025,52,Male,Africa,Technology,Consultant,Hybrid,56,Stress Disorder,High,2,Back Pain; Eye Strain,3,$60K-80K,
6/12/2025,39,Female,Africa,Finance,Operations Manager,Hybrid,64,None,Low,2,Back Pain,3,$80K-100K,
6/12/2025,28,Female,South America,Professional Services,Data Analyst,Onsite,44,Anxiety,Low,3,Shoulder Pain,3,$80K-100K,
6/12/2025,34,Female,Oceania,Technology,Technical Writer,Onsite,64,ADHD,High,3,Back Pain; Eye Strain; Neck Pain,2,$60K-80K,
6/12/2025,32,Female,Oceania,Marketing,Product Manager,Onsite,61,Stress Disorder,Low,5,Shoulder Pain; Eye Strain,2,$60K-80K,
6/12/2025,23,Female,South America,Technology,Customer Service Manager,Remote,53,Stress Disorder,High,3,Back Pain; Eye Strain; Neck Pain,1,$80K-100K,
6/12/2025,64,Male,Asia,Finance,Project Manager,Remote,63,Burnout,Medium,1,Back Pain; Neck Pain,5,$80K-100K,
6/12/2025,28,Female,North America,Technology,Technical Writer,Hybrid,62,Burnout,Low,2,Back Pain; Neck Pain,2,$40K-60K,
6/12/2025,33,Male,Europe,Education,HR Manager,Onsite,64,Anxiety,Medium,1,None,2,$40K-60K,
6/12/2025,58,Female,Oceania,Technology,HR Manager,Hybrid,51,Burnout,Medium,1,Back Pain; Shoulder Pain; Eye Strain; Wrist Pain,2,$40K-60K,
6/12/2025,41,Female,Africa,Professional Services,Quality Assurance,Remote,62,Depression,Medium,3,Back Pain,5,$60K-80K,
6/12/2025,38,Male,Oceania,Healthcare,Product Manager,Hybrid,64,ADHD,High,3,Shoulder Pain; Eye Strain,2,$100K-120K,
6/12/2025,64,Male,Europe,Technology,DevOps Engineer,Hybrid,60,PTSD,Medium,4,Back Pain; Shoulder Pain,3,$100K-120K,
6/12/2025,65,Male,Asia,Healthcare,Technical Writer,Onsite,40,None,Medium,4,None,2,$60K-80K,
6/12/2025,48,Female,Asia,Education,Sales Representative,Remote,57,Depression,Medium,3,Eye Strain; Neck Pain,3,$80K-100K,
6/12/2025,44,Male,South America,Finance,Business Analyst,Onsite,59,Burnout,Medium,1,Eye Strain,3,$80K-100K,
6/12/2025,52,Female,South America,Professional Services,Financial Analyst,Onsite,64,None,Medium,1,Back Pain; Shoulder Pain; Eye Strain,4,$80K-100K,
6/12/2025,41,Female,Africa,Manufacturing,HR Manager,Remote,57,Stress Disorder,Medium,4,None,3,$60K-80K,
6/12/2025,41,Male,Europe,Finance,Business Analyst,Hybrid,63,ADHD,Medium,5,Back Pain; Eye Strain,4,$60K-80K,
6/12/2025,49,Male,Europe,Manufacturing,DevOps Engineer,Remote,47,Depression,Medium,1,Back Pain; Shoulder Pain; Eye Strain,2,$40K-60K,
6/12/2025,47,Non-binary,Asia,Professional Services,Software Engineer,Onsite,50,PTSD,High,3,Eye Strain,3,$60K-80K,
6/12/2025,39,Male,North America,Retail,IT Support,Hybrid,40,None,High,4,Back Pain; Shoulder Pain; Neck Pain,2,$60K-80K,
6/12/2025,22,Male,Oceania,Healthcare,Sales Representative,Onsite,58,None,Medium,4,Eye Strain; Neck Pain,1,$80K-100K,
6/12/2025,52,Female,Africa,Customer Service,Product Manager,Onsite,64,ADHD,Low,4,Back Pain; Shoulder Pain; Eye Strain,2,$100K-120K,
6/12/2025,31,Male,Asia,Marketing,Content Writer,Hybrid,36,PTSD,Medium,3,Shoulder Pain; Eye Strain; Neck Pain,3,$60K-80K,
6/12/2025,38,Male,Africa,Education,Customer Service Manager,Onsite,47,None,High,5,Eye Strain,1,$100K-120K,
6/12/2025,47,Male,North America,Manufacturing,Executive Assistant,Onsite,54,None,Low,5,None,3,$80K-100K,
6/12/2025,45,Male,Europe,Technology,Business Analyst,Remote,57,PTSD,Medium,5,None,4,$60K-80K,
6/12/2025,26,Male,Asia,Professional Services,Quality Assurance,Onsite,41,Stress Disorder,Low,4,Back Pain; Shoulder Pain; Eye Strain; Neck Pain,3,$60K-80K,
6/12/2025,22,Male,Oceania,Education,HR Manager,Onsite,60,ADHD,Low,4,Back Pain,2,$60K-80K,
6/12/2025,44,Female,Europe,Manufacturing,Financial Analyst,Remote,36,Burnout,Medium,2,Back Pain; Eye Strain,5,$60K-80K,
6/12/2025,26,Male,South America,Education,Product Manager,Hybrid,44,None,Low,3,Shoulder Pain; Eye Strain,3,$80K-100K,
6/12/2025,44,Female,Asia,Professional Services,IT Support,Onsite,49,ADHD,Medium,3,Shoulder Pain; Eye Strain; Neck Pain,3,$80K-100K,
6/12/2025,37,Male,Europe,Professional Services,HR Manager,Onsite,51,Depression,High,3,Shoulder Pain,2,$60K-80K,
6/12/2025,23,Female,Asia,Technology,Quality Assurance,Onsite,60,PTSD,High,5,Shoulder Pain; Eye Strain; Neck Pain; Wrist Pain,4,$80K-100K,
6/12/2025,59,Male,Europe,Education,Research Scientist,Onsite,65,Depression,Medium,4,Shoulder Pain; Neck Pain,1,$60K-80K,
6/12/2025,32,Female,South America,Professional Services,Account Manager,Onsite,56,PTSD,Low,5,Wrist Pain,3,$60K-80K,
6/12/2025,32,Female,Europe,Customer Service,DevOps Engineer,Hybrid,48,ADHD,High,2,Back Pain; Eye Strain,3,$80K-100K,
6/12/2025,35,Female,South America,Retail,HR Manager,Hybrid,47,PTSD,Medium,2,Back Pain; Shoulder Pain; Eye Strain,2,$40K-60K,
6/12/2025,62,Female,Asia,Professional Services,Customer Service Manager,Hybrid,42,PTSD,Medium,4,Eye Strain; Neck Pain,4,$80K-100K,
6/12/2025,33,Male,Asia,Retail,Data Analyst,Onsite,40,ADHD,Low,4,None,1,$40K-60K,
6/12/2025,39,Male,Europe,Education,Executive Assistant,Onsite,56,PTSD,Medium,4,Shoulder Pain; Neck Pain,3,$80K-100K,
6/12/2025,52,Male,Europe,Finance,UX Designer,Onsite,44,Burnout,Low,3,Back Pain; Shoulder Pain; Eye Strain; Neck Pain,1,$60K-80K,
6/12/2025,54,Male,North America,Professional Services,DevOps Engineer,Hybrid,57,None,Medium,2,None,2,$100K-120K,
6/12/2025,36,Male,South America,Education,Data Scientist,Remote,64,None,High,3,Eye Strain,4,$100K-120K,
6/12/2025,32,Male,Oceania,Professional Services,Account Manager,Onsite,65,PTSD,Low,1,Back Pain; Shoulder Pain,1,$100K-120K,
6/12/2025,47,Female,Europe,Education,Marketing Specialist,Onsite,64,ADHD,Low,1,Shoulder Pain,2,$100K-120K,
6/12/2025,48,Female,Africa,Finance,Social Media Manager,Onsite,46,None,Low,3,Neck Pain; Wrist Pain,2,$40K-60K,
6/12/2025,47,Male,South America,Technology,Data Analyst,Hybrid,61,PTSD,High,4,Back Pain; Shoulder Pain; Neck Pain,2,$60K-80K,
6/12/2025,31,Female,Asia,Technology,Digital Marketing Specialist,Remote,50,Anxiety,High,4,Back Pain; Eye Strain; Neck Pain,5,$80K-100K,
6/12/2025,52,Male,Europe,Professional Services,Software Engineer,Onsite,50,PTSD,Medium,5,Back Pain,3,$100K-120K,
6/12/2025,65,Female,Africa,Professional Services,Data Analyst,Remote,53,Burnout,High,2,Eye Strain,3,$60K-80K,
6/12/2025,57,Female,Africa,Marketing,Account Manager,Onsite,64,Burnout,High,4,Back Pain; Wrist Pain,1,$60K-80K,
6/12/2025,64,Female,Europe,Professional Services,Customer Service Manager,Hybrid,45,None,Medium,1,Back Pain; Shoulder Pain,4,$60K-80K,
6/12/2025,30,Male,Europe,Professional Services,Social Media Manager,Hybrid,41,None,Low,2,Eye Strain; Neck Pain,2,$80K-100K,
6/12/2025,51,Male,Africa,Professional Services,Social Media Manager,Remote,51,Burnout,High,3,Back Pain; Eye Strain,4,$60K-80K,
6/12/2025,50,Female,Oceania,Finance,Content Writer,Hybrid,59,None,Low,3,Back Pain; Shoulder Pain; Eye Strain,3,$60K-80K,
6/12/2025,56,Female,Europe,Technology,Product Manager,Remote,40,Stress Disorder,High,1,Eye Strain; Wrist Pain,3,$80K-100K,
6/12/2025,24,Female,Oceania,Education,Project Manager,Remote,43,None,Low,3,Shoulder Pain; Eye Strain; Neck Pain,5,$40K-60K,
6/12/2025,37,Male,Oceania,Marketing,Content Writer,Onsite,50,Depression,High,4,Back Pain; Neck Pain,3,$100K-120K,
6/12/2025,60,Female,North America,Finance,Executive Assistant,Onsite,64,PTSD,High,1,Shoulder Pain,2,$60K-80K,
6/12/2025,22,Female,South America,Marketing,Content Writer,Hybrid,58,Depression,High,3,Shoulder Pain; Wrist Pain,1,$100K-120K,
6/12/2025,60,Male,Asia,Marketing,Customer Service Manager,Hybrid,51,Burnout,High,3,Back Pain; Shoulder Pain; Eye Strain,3,$80K-100K,
6/12/2025,26,Male,Europe,Technology,Product Manager,Remote,39,PTSD,Medium,1,Back Pain; Eye Strain,4,$80K-100K,
6/13/2025,28,Female,North America,Finance,Technical Writer,Onsite,54,PTSD,Medium,2,Back Pain; Neck Pain,5,$60K-80K,
6/13/2025,37,Female,Africa,Finance,Project Manager,Onsite,53,None,Medium,3,Back Pain; Shoulder Pain,1,$60K-80K,
6/13/2025,63,Male,Europe,Retail,Customer Service Manager,Onsite,35,None,Medium,1,Back Pain; Shoulder Pain; Eye Strain,3,$60K-80K,
6/13/2025,28,Male,Europe,Education,HR Manager,Hybrid,59,None,Medium,3,Back Pain; Shoulder Pain,3,$100K-120K,
6/13/2025,53,Male,Africa,Education,Operations Manager,Hybrid,59,Burnout,High,3,Eye Strain; Neck Pain,1,$80K-100K,
6/13/2025,53,Male,South America,Professional Services,DevOps Engineer,Onsite,50,Burnout,Medium,3,Shoulder Pain,5,$60K-80K,
6/13/2025,60,Non-binary,Asia,Healthcare,Financial Analyst,Onsite,59,Anxiety,High,3,Eye Strain; Neck Pain,5,$80K-100K,
6/13/2025,42,Female,South America,Professional Services,Research Scientist,Onsite,55,Stress Disorder,High,1,Shoulder Pain; Eye Strain,4,$120K+,
6/13/2025,42,Female,Asia,Healthcare,Product Manager,Hybrid,35,Burnout,High,2,Eye Strain; Neck Pain,2,$40K-60K,
6/13/2025,38,Male,Africa,Marketing,Digital Marketing Specialist,Hybrid,64,Burnout,Medium,1,Neck Pain,3,$120K+,
6/13/2025,54,Male,Europe,Marketing,Product Manager,Onsite,42,Stress Disorder,High,3,Back Pain; Eye Strain,2,$80K-100K,
6/13/2025,24,Female,Europe,Education,IT Support,Onsite,41,None,Low,2,Back Pain; Shoulder Pain; Eye Strain,5,$100K-120K,
6/13/2025,41,Male,Africa,Education,Financial Analyst,Remote,63,Stress Disorder,High,3,Neck Pain; Wrist Pain,2,$80K-100K,
6/13/2025,40,Female,Europe,Manufacturing,Quality Assurance,Onsite,45,ADHD,Low,2,Back Pain; Eye Strain,2,$60K-80K,
6/13/2025,52,Female,South America,Retail,IT Support,Onsite,37,Depression,Low,1,Back Pain; Shoulder Pain; Eye Strain,3,$40K-60K,
6/13/2025,47,Female,Africa,Professional Services,Social Media Manager,Remote,40,Depression,Medium,3,Back Pain; Eye Strain,4,$40K-60K,
6/13/2025,33,Female,Asia,Customer Service,Technical Writer,Remote,42,None,Medium,4,Back Pain; Shoulder Pain; Eye Strain; Neck Pain,2,$60K-80K,
6/13/2025,57,Female,Asia,Finance,Account Manager,Hybrid,38,Depression,Medium,5,Shoulder Pain; Eye Strain,2,$40K-60K,
6/13/2025,58,Male,Oceania,Manufacturing,Product Manager,Hybrid,58,Stress Disorder,Medium,3,Eye Strain,1,$80K-100K,
6/13/2025,37,Male,Europe,Education,Quality Assurance,Onsite,57,None,Low,5,Back Pain; Shoulder Pain; Wrist Pain,4,$60K-80K,
6/13/2025,36,Female,Oceania,Professional Services,Research Scientist,Remote,43,Depression,High,3,Back Pain; Eye Strain; Neck Pain,5,$80K-100K,
6/13/2025,39,Female,Asia,Technology,Technical Writer,Hybrid,46,Burnout,High,3,None,3,$80K-100K,
6/13/2025,29,Male,Europe,Finance,Technical Writer,Onsite,51,None,Low,3,Shoulder Pain,2,$40K-60K,
6/13/2025,39,Male,North America,Finance,Customer Service Manager,Remote,60,None,Medium,4,Shoulder Pain; Eye Strain,5,$80K-100K,
6/13/2025,61,Female,Oceania,Retail,Research Scientist,Onsite,36,PTSD,Medium,3,Back Pain; Eye Strain,3,$60K-80K,
6/13/2025,28,Female,South America,Manufacturing,Content Writer,Hybrid,63,ADHD,High,5,Neck Pain,2,$40K-60K,
6/13/2025,31,Male,Europe,Professional Services,Social Media Manager,Onsite,57,Burnout,Medium,3,Shoulder Pain,2,$100K-120K,
6/13/2025,63,Female,Asia,Professional Services,UX Designer,Onsite,63,Burnout,High,3,Back Pain; Eye Strain,3,$40K-60K,
6/13/2025,41,Female,Africa,Professional Services,Account Manager,Onsite,57,Depression,Low,4,Back Pain; Shoulder Pain,3,$60K-80K,
6/13/2025,59,Female,Africa,Customer Service,DevOps Engineer,Onsite,47,ADHD,Medium,2,Back Pain; Shoulder Pain,3,$80K-100K,
6/13/2025,64,Female,Asia,Technology,Business Analyst,Hybrid,54,Stress Disorder,High,2,Eye Strain,3,$60K-80K,
6/13/2025,24,Male,Africa,Technology,IT Support,Remote,57,None,High,1,Back Pain; Shoulder Pain,3,$40K-60K,
6/13/2025,64,Male,North America,Technology,Consultant,Hybrid,57,ADHD,Medium,5,Shoulder Pain,3,$120K+,
6/13/2025,55,Male,Asia,Finance,Account Manager,Hybrid,48,Stress Disorder,Medium,2,Eye Strain; Wrist Pain,1,$100K-120K,
6/13/2025,65,Male,Europe,Professional Services,HR Manager,Onsite,49,Stress Disorder,Low,4,None,2,$80K-100K,
6/13/2025,36,Male,Asia,Marketing,Social Media Manager,Hybrid,49,None,Low,3,Back Pain; Shoulder Pain,3,$100K-120K,
6/13/2025,28,Male,Europe,Manufacturing,Data Scientist,Remote,60,Burnout,Medium,3,Shoulder Pain; Eye Strain,4,$120K+,
6/13/2025,57,Male,Africa,Technology,UX Designer,Remote,49,None,Medium,3,Back Pain; Eye Strain,4,$60K-80K,
6/13/2025,31,Male,Africa,Technology,Research Scientist,Hybrid,41,Stress Disorder,Medium,2,Back Pain; Eye Strain; Wrist Pain,2,$40K-60K,
6/13/2025,30,Male,Oceania,Professional Services,Business Analyst,Onsite,63,None,Low,4,Back Pain; Eye Strain,3,$60K-80K,
6/13/2025,48,Male,Africa,Retail,Consultant,Onsite,50,Depression,Medium,3,Neck Pain,2,$60K-80K,
6/13/2025,53,Male,Africa,Technology,Research Scientist,Remote,58,ADHD,Low,4,Eye Strain,4,$40K-60K,
6/13/2025,35,Female,Europe,Retail,Research Scientist,Hybrid,58,None,High,3,Back Pain; Shoulder Pain; Neck Pain,2,$40K-60K,
6/13/2025,51,Male,Africa,Professional Services,Technical Writer,Onsite,48,None,High,3,Back Pain; Shoulder Pain; Neck Pain,1,$60K-80K,
6/13/2025,37,Male,Europe,Manufacturing,Business Analyst,Hybrid,38,None,Low,4,Back Pain; Shoulder Pain,2,$120K+,
6/13/2025,51,Male,Oceania,Finance,Software Engineer,Onsite,38,Anxiety,High,3,Shoulder Pain; Eye Strain,1,$100K-120K,
6/13/2025,26,Female,Europe,Finance,Product Manager,Onsite,55,Depression,Low,3,Eye Strain; Neck Pain,1,$100K-120K,
6/13/2025,29,Male,Europe,Technology,Project Manager,Remote,42,Stress Disorder,Medium,3,Back Pain; Eye Strain,4,$80K-100K,
6/13/2025,65,Female,Asia,Manufacturing,HR Manager,Hybrid,47,Burnout,Low,4,Back Pain; Shoulder Pain,2,$100K-120K,
6/13/2025,38,Male,North America,Professional Services,Financial Analyst,Hybrid,58,None,High,3,Back Pain; Shoulder Pain; Eye Strain; Neck Pain,2,$60K-80K,
6/13/2025,56,Female,Oceania,Professional Services,DevOps Engineer,Hybrid,40,Burnout,Medium,5,None,3,$80K-100K,
6/13/2025,52,Female,South America,Finance,DevOps Engineer,Onsite,35,PTSD,Medium,3,Back Pain; Shoulder Pain; Neck Pain,2,$80K-100K,
6/13/2025,26,Male,Africa,Technology,Account Manager,Onsite,55,Anxiety,Low,3,Back Pain; Eye Strain,2,$80K-100K,
6/13/2025,54,Male,Europe,Professional Services,Digital Marketing Specialist,Hybrid,45,PTSD,Medium,4,Eye Strain,1,$120K+,
6/13/2025,45,Female,Asia,Technology,Product Manager,Hybrid,56,None,Medium,3,Back Pain; Shoulder Pain; Eye Strain; Wrist Pain,3,$100K-120K,
6/13/2025,46,Male,North America,Professional Services,Marketing Specialist,Hybrid,48,None,High,2,Shoulder Pain; Eye Strain,2,$100K-120K,
6/13/2025,64,Non-binary,South America,Marketing,Consultant,Onsite,55,ADHD,High,3,Back Pain; Shoulder Pain,2,$80K-100K,
6/13/2025,30,Non-binary,Europe,Technology,Operations Manager,Hybrid,45,PTSD,High,2,Eye Strain; Neck Pain,3,$60K-80K,
6/13/2025,51,Female,Europe,Manufacturing,Data Scientist,Onsite,56,Anxiety,Medium,2,Shoulder Pain; Neck Pain; Wrist Pain,2,$100K-120K,
6/13/2025,50,Male,Europe,Technology,Business Analyst,Hybrid,62,None,High,4,None,5,$60K-80K,
6/13/2025,38,Male,Oceania,Customer Service,Research Scientist,Onsite,42,PTSD,Low,4,Wrist Pain,1,$120K+,
6/13/2025,27,Male,Oceania,Technology,Technical Writer,Remote,42,Stress Disorder,High,3,None,4,$40K-60K,
6/13/2025,32,Female,Oceania,Retail,Executive Assistant,Hybrid,49,ADHD,High,3,Back Pain; Shoulder Pain; Eye Strain; Neck Pain,1,$80K-100K,
6/13/2025,48,Female,South America,Marketing,Research Scientist,Onsite,51,Burnout,High,2,Shoulder Pain; Eye Strain,2,$120K+,
6/13/2025,62,Male,Europe,Healthcare,Executive Assistant,Hybrid,35,PTSD,Medium,3,Eye Strain,5,$40K-60K,
6/13/2025,34,Male,North America,Customer Service,DevOps Engineer,Onsite,62,PTSD,High,3,Back Pain; Neck Pain,2,$100K-120K,
6/13/2025,24,Female,South America,Manufacturing,DevOps Engineer,Hybrid,47,None,Low,3,Eye Strain,4,$80K-100K,
6/13/2025,47,Female,South America,Manufacturing,UX Designer,Hybrid,41,None,High,3,Eye Strain,3,$80K-100K,
6/13/2025,31,Female,North America,Education,Customer Service Manager,Onsite,50,Depression,Low,4,Eye Strain; Neck Pain,2,$60K-80K,
6/13/2025,28,Female,Oceania,Professional Services,Technical Writer,Remote,36,Anxiety,High,2,None,2,$80K-100K,
6/13/2025,30,Female,North America,Professional Services,Product Manager,Onsite,45,None,High,3,Shoulder Pain; Wrist Pain,2,$80K-100K,
6/13/2025,48,Female,North America,Education,Consultant,Hybrid,36,None,Low,4,None,2,$120K+,
6/13/2025,54,Male,North America,Professional Services,Data Scientist,Hybrid,57,ADHD,Medium,1,Shoulder Pain,3,$100K-120K,
6/13/2025,33,Non-binary,South America,Education,Quality Assurance,Onsite,46,Burnout,Medium,3,Back Pain; Shoulder Pain; Eye Strain,4,$80K-100K,
6/13/2025,61,Female,Asia,Professional Services,Social Media Manager,Hybrid,39,PTSD,Medium,2,Eye Strain,1,$80K-100K,
6/13/2025,43,Male,South America,Education,Account Manager,Onsite,65,ADHD,Medium,3,Eye Strain,2,$60K-80K,
6/13/2025,54,Female,Oceania,Technology,Consultant,Remote,53,Burnout,High,2,None,1,$80K-100K,
6/13/2025,30,Male,North America,Technology,Content Writer,Onsite,65,Burnout,Low,3,Back Pain; Shoulder Pain,1,$60K-80K,
6/13/2025,48,Male,South America,Education,Operations Manager,Hybrid,49,None,Medium,4,Shoulder Pain; Neck Pain; Wrist Pain,3,$80K-100K,
6/13/2025,36,Male,North America,Technology,Executive Assistant,Hybrid,61,Anxiety,High,4,Back Pain; Neck Pain; Wrist Pain,2,$120K+,
6/13/2025,23,Female,Asia,Manufacturing,Sales Representative,Onsite,65,None,Low,4,Back Pain; Shoulder Pain; Neck Pain; Wrist Pain,1,$120K+,
6/13/2025,43,Male,South America,Technology,Technical Writer,Remote,50,ADHD,Medium,3,None,5,$40K-60K,
6/13/2025,43,Male,Oceania,Manufacturing,Data Scientist,Hybrid,65,PTSD,Low,3,Shoulder Pain; Eye Strain,4,$40K-60K,
6/13/2025,24,Female,Oceania,Technology,UX Designer,Hybrid,44,Anxiety,Low,2,Shoulder Pain; Eye Strain,2,$60K-80K,
6/13/2025,39,Female,Asia,Professional Services,Quality Assurance,Remote,43,Stress Disorder,Medium,4,Back Pain; Shoulder Pain,4,$80K-100K,
6/13/2025,54,Male,South America,Professional Services,HR Manager,Remote,38,None,High,3,Back Pain,5,$40K-60K,
6/13/2025,45,Female,Oceania,Professional Services,Data Analyst,Onsite,55,Stress Disorder,High,3,Back Pain; Shoulder Pain; Eye Strain; Neck Pain,2,$60K-80K,
6/13/2025,39,Male,Europe,Customer Service,Software Engineer,Onsite,55,None,Medium,2,Back Pain; Eye Strain,1,$100K-120K,
6/13/2025,28,Male,Asia,Professional Services,Marketing Specialist,Hybrid,58,PTSD,High,4,Back Pain; Neck Pain,4,$40K-60K,
6/13/2025,32,Female,Asia,Technology,DevOps Engineer,Onsite,57,Anxiety,Medium,5,Shoulder Pain,1,$100K-120K,
6/13/2025,43,Female,Oceania,Technology,Data Analyst,Remote,45,ADHD,Medium,3,Back Pain; Eye Strain; Neck Pain,2,$80K-100K,
6/13/2025,57,Male,North America,Retail,HR Manager,Onsite,59,Depression,Medium,2,Back Pain,1,$60K-80K,
6/13/2025,48,Non-binary,Asia,Finance,DevOps Engineer,Hybrid,59,Depression,Low,4,Shoulder Pain; Neck Pain,3,$80K-100K,
6/13/2025,43,Female,South America,Professional Services,Project Manager,Onsite,65,Stress Disorder,Medium,5,Eye Strain; Wrist Pain,2,$80K-100K,
6/13/2025,56,Male,Europe,Finance,DevOps Engineer,Hybrid,52,Depression,High,3,Back Pain; Eye Strain,2,$120K+,
6/13/2025,24,Male,South America,Professional Services,Customer Service Manager,Onsite,58,Depression,Medium,3,Back Pain,4,$60K-80K,
6/13/2025,46,Male,Africa,Education,Data Scientist,Onsite,64,Anxiety,Low,1,Shoulder Pain; Eye Strain,3,$60K-80K,
6/13/2025,48,Male,South America,Customer Service,Software Engineer,Onsite,56,ADHD,Medium,2,Back Pain; Shoulder Pain; Neck Pain,3,$60K-80K,
6/13/2025,54,Female,North America,Finance,Executive Assistant,Hybrid,37,Anxiety,Low,4,Eye Strain; Neck Pain,4,$80K-100K,
6/13/2025,31,Female,Oceania,Retail,Product Manager,Hybrid,46,None,Medium,3,Back Pain; Shoulder Pain,4,$120K+,
6/13/2025,38,Male,North America,Healthcare,HR Manager,Remote,52,None,Medium,3,Shoulder Pain,4,$40K-60K,
6/13/2025,43,Male,South America,Retail,Software Engineer,Remote,62,Stress Disorder,Medium,3,Back Pain; Neck Pain,4,$100K-120K,
6/13/2025,43,Female,South America,Marketing,Technical Writer,Hybrid,56,Anxiety,Medium,3,Back Pain; Shoulder Pain,4,$80K-100K,
6/13/2025,53,Male,South America,Technology,Software Engineer,Remote,46,None,Medium,3,Shoulder Pain; Eye Strain; Neck Pain; Wrist Pain,3,$100K-120K,
6/13/2025,36,Male,South America,Finance,Social Media Manager,Onsite,35,Burnout,Low,3,Back Pain; Wrist Pain,1,$40K-60K,
6/13/2025,58,Male,Asia,Customer Service,Content Writer,Remote,39,None,Medium,3,Back Pain; Shoulder Pain; Eye Strain,3,$60K-80K,
6/13/2025,48,Male,South America,Manufacturing,Software Engineer,Hybrid,54,Stress Disorder,High,1,Shoulder Pain,2,$80K-100K,
6/13/2025,65,Male,Europe,Manufacturing,Customer Service Manager,Hybrid,61,Burnout,High,3,Eye Strain; Wrist Pain,3,$60K-80K,
6/13/2025,47,Female,Europe,Professional Services,Digital Marketing Specialist,Onsite,48,None,Medium,3,Shoulder Pain,1,$40K-60K,
6/13/2025,49,Male,Oceania,Retail,Financial Analyst,Onsite,43,PTSD,Low,3,Back Pain; Shoulder Pain; Eye Strain; Neck Pain,2,$60K-80K,
6/13/2025,58,Male,Oceania,Healthcare,Marketing Specialist,Onsite,56,PTSD,High,2,Shoulder Pain,1,$40K-60K,
6/13/2025,62,Male,Oceania,Finance,Research Scientist,Onsite,52,Depression,High,3,Back Pain; Eye Strain,2,$60K-80K,
6/13/2025,46,Female,Oceania,Finance,Business Analyst,Onsite,40,Anxiety,Medium,2,Shoulder Pain; Eye Strain,2,$100K-120K,
6/13/2025,62,Female,Europe,Technology,Digital Marketing Specialist,Hybrid,51,Depression,Low,1,Shoulder Pain,3,$40K-60K,
6/13/2025,61,Male,Oceania,Professional Services,DevOps Engineer,Onsite,42,ADHD,High,2,Eye Strain,2,$80K-100K,
6/13/2025,24,Male,Oceania,Manufacturing,Customer Service Manager,Onsite,50,Burnout,High,2,Neck Pain,2,$60K-80K,
6/13/2025,52,Female,Europe,Manufacturing,Digital Marketing Specialist,Onsite,63,Burnout,Low,2,Eye Strain,1,$60K-80K,
6/13/2025,61,Male,Europe,Education,Executive Assistant,Remote,60,None,High,3,Back Pain; Shoulder Pain; Eye Strain,3,$120K+,
6/13/2025,48,Male,South America,Professional Services,Consultant,Hybrid,40,Burnout,High,1,Shoulder Pain; Eye Strain,3,$40K-60K,
6/14/2025,46,Male,Oceania,Retail,Customer Service Manager,Remote,63,Burnout,High,5,Shoulder Pain; Neck Pain; Wrist Pain,3,$80K-100K,
6/14/2025,53,Non-binary,Oceania,Retail,Data Analyst,Onsite,36,None,Low,3,Back Pain; Neck Pain,2,$120K+,
6/14/2025,61,Female,Asia,Professional Services,Executive Assistant,Remote,55,Anxiety,High,4,Shoulder Pain; Eye Strain,2,$80K-100K,
6/14/2025,27,Female,Africa,Marketing,Operations Manager,Onsite,49,Burnout,Medium,3,Back Pain; Wrist Pain,5,$80K-100K,
6/14/2025,41,Male,Africa,Technology,Marketing Specialist,Onsite,40,Anxiety,High,5,Back Pain,3,$40K-60K,
6/14/2025,33,Male,Asia,Finance,Project Manager,Onsite,44,None,Medium,3,Back Pain; Shoulder Pain; Eye Strain,3,$80K-100K,
6/14/2025,52,Male,Asia,Finance,Social Media Manager,Hybrid,54,Anxiety,High,4,Shoulder Pain; Eye Strain; Neck Pain,2,$80K-100K,
6/14/2025,64,Male,Oceania,Manufacturing,Digital Marketing Specialist,Hybrid,51,Burnout,Medium,1,None,2,$60K-80K,
6/14/2025,58,Male,North America,Healthcare,Sales Representative,Onsite,38,None,Low,3,Shoulder Pain,1,$40K-60K,
6/14/2025,63,Female,Europe,Finance,Data Scientist,Remote,47,Stress Disorder,High,2,Back Pain; Shoulder Pain; Eye Strain; Neck Pain; Wrist Pain,3,$100K-120K,
6/14/2025,35,Male,North America,Customer Service,Content Writer,Hybrid,36,PTSD,Low,3,Shoulder Pain; Eye Strain,5,$40K-60K,
6/14/2025,62,Male,Oceania,Finance,Data Scientist,Onsite,44,Depression,High,2,Eye Strain,2,$80K-100K,
6/14/2025,54,Male,Oceania,Finance,Operations Manager,Remote,55,Depression,Low,4,Back Pain; Wrist Pain,4,$80K-100K,
6/14/2025,45,Male,Asia,Marketing,Technical Writer,Onsite,36,None,Low,3,Eye Strain,2,$60K-80K,
6/14/2025,39,Male,Oceania,Retail,Technical Writer,Onsite,45,None,Medium,3,Back Pain; Eye Strain; Wrist Pain,1,$60K-80K,
6/14/2025,48,Male,Africa,Healthcare,Business Analyst,Onsite,52,Stress Disorder,High,3,Neck Pain,3,$40K-60K,
6/14/2025,27,Male,South America,Customer Service,DevOps Engineer,Onsite,63,PTSD,High,1,Shoulder Pain,2,$40K-60K,
6/14/2025,47,Female,South America,Customer Service,Marketing Specialist,Hybrid,41,ADHD,Low,3,Eye Strain,4,$60K-80K,
6/14/2025,44,Male,Africa,Healthcare,Sales Representative,Onsite,45,None,High,4,Back Pain,4,$80K-100K,
6/14/2025,36,Female,Asia,Professional Services,Project Manager,Hybrid,60,ADHD,Low,4,Neck Pain,3,$100K-120K,
6/14/2025,42,Male,Oceania,Technology,Executive Assistant,Remote,64,None,High,5,Shoulder Pain,3,$60K-80K,
6/14/2025,62,Female,North America,Professional Services,IT Support,Onsite,60,Anxiety,Medium,3,Shoulder Pain; Neck Pain,2,$40K-60K,
6/14/2025,22,Male,North America,Retail,Sales Representative,Remote,65,Depression,Medium,2,Shoulder Pain,3,$60K-80K,
6/14/2025,45,Male,North America,Healthcare,UX Designer,Remote,49,Stress Disorder,Medium,3,Back Pain; Shoulder Pain,4,$60K-80K,
6/14/2025,40,Male,Oceania,Manufacturing,Financial Analyst,Hybrid,53,Anxiety,High,4,Shoulder Pain,3,$80K-100K,
6/14/2025,49,Male,Oceania,Finance,Social Media Manager,Hybrid,59,Anxiety,High,4,Shoulder Pain; Eye Strain,4,$80K-100K,
6/14/2025,23,Male,North America,Technology,Technical Writer,Remote,61,PTSD,Low,2,Neck Pain,4,$80K-100K,
6/14/2025,62,Female,Africa,Healthcare,Research Scientist,Onsite,57,PTSD,Low,1,Back Pain; Shoulder Pain,2,$120K+,
6/14/2025,58,Female,South America,Professional Services,Data Analyst,Hybrid,59,Stress Disorder,Low,4,Back Pain,2,$60K-80K,
6/14/2025,59,Male,Africa,Manufacturing,Executive Assistant,Remote,51,PTSD,High,2,Back Pain,3,$60K-80K,
6/14/2025,31,Male,Europe,Technology,UX Designer,Onsite,49,Stress Disorder,Low,1,Back Pain; Eye Strain; Neck Pain,1,$80K-100K,
6/14/2025,47,Male,Africa,Technology,Financial Analyst,Hybrid,63,Depression,High,3,Shoulder Pain; Eye Strain,3,$40K-60K,
6/14/2025,35,Female,North America,Customer Service,Data Scientist,Remote,52,Depression,High,4,Shoulder Pain; Wrist Pain,4,$100K-120K,
6/14/2025,33,Female,Europe,Technology,Customer Service Manager,Hybrid,56,PTSD,High,3,Back Pain; Eye Strain,3,$100K-120K,
6/14/2025,42,Female,South America,Finance,Marketing Specialist,Onsite,58,Burnout,Medium,3,Shoulder Pain; Eye Strain,1,$80K-100K,
6/14/2025,62,Male,North America,Professional Services,Sales Representative,Onsite,48,ADHD,Medium,2,None,3,$80K-100K,
6/14/2025,55,Male,South America,Education,Research Scientist,Onsite,61,None,Medium,3,Back Pain; Shoulder Pain; Eye Strain; Neck Pain,2,$120K+,
6/14/2025,31,Male,Oceania,Finance,Research Scientist,Hybrid,47,Depression,Low,1,Back Pain; Shoulder Pain; Wrist Pain,2,$80K-100K,
6/14/2025,61,Male,North America,Education,IT Support,Hybrid,64,None,Low,5,Shoulder Pain; Eye Strain; Neck Pain,3,$40K-60K,
6/14/2025,65,Male,Africa,Finance,Customer Service Manager,Remote,52,Depression,High,2,Shoulder Pain,5,$40K-60K,
6/14/2025,40,Male,Oceania,Manufacturing,Project Manager,Hybrid,38,ADHD,Medium,2,Back Pain; Eye Strain,1,$100K-120K,
6/14/2025,34,Male,Africa,Technology,Executive Assistant,Onsite,62,PTSD,Low,5,Back Pain; Neck Pain,5,$100K-120K,
6/14/2025,29,Male,Asia,Finance,Customer Service Manager,Hybrid,56,PTSD,Medium,2,Back Pain; Eye Strain,3,$60K-80K,
6/14/2025,50,Female,Europe,Education,Quality Assurance,Remote,49,ADHD,Medium,4,Back Pain; Eye Strain,3,$40K-60K,
6/14/2025,51,Male,Asia,Technology,Sales Representative,Hybrid,53,Depression,High,5,Shoulder Pain,4,$60K-80K,
6/14/2025,52,Male,Oceania,Education,Software Engineer,Onsite,54,None,Medium,3,Back Pain; Shoulder Pain; Eye Strain; Wrist Pain,3,$100K-120K,
6/14/2025,39,Female,South America,Healthcare,Social Media Manager,Onsite,60,ADHD,Medium,1,Back Pain; Shoulder Pain; Eye Strain,1,$40K-60K,
6/14/2025,27,Female,South America,Finance,Operations Manager,Hybrid,63,Stress Disorder,Medium,2,Eye Strain,3,$80K-100K,
6/14/2025,63,Female,South America,Healthcare,Quality Assurance,Onsite,59,ADHD,Medium,5,Back Pain; Shoulder Pain; Eye Strain; Neck Pain,2,$100K-120K,
6/14/2025,42,Male,North America,Technology,Technical Writer,Remote,49,Burnout,High,3,Shoulder Pain,3,$60K-80K,
6/14/2025,23,Male,South America,Professional Services,DevOps Engineer,Onsite,62,None,Medium,1,Back Pain; Shoulder Pain; Eye Strain,2,$60K-80K,
6/14/2025,64,Female,Asia,Education,Operations Manager,Hybrid,41,Burnout,High,4,Back Pain; Eye Strain,2,$60K-80K,
6/14/2025,25,Male,Oceania,Education,Consultant,Remote,49,Anxiety,Low,3,Eye Strain; Neck Pain,5,$60K-80K,
6/14/2025,45,Male,Europe,Technology,Customer Service Manager,Onsite,46,Anxiety,Medium,4,Back Pain; Eye Strain,3,$80K-100K,
6/14/2025,32,Female,Oceania,Manufacturing,HR Manager,Onsite,56,PTSD,Medium,1,Shoulder Pain; Eye Strain,2,$80K-100K,
6/14/2025,47,Male,Africa,Marketing,Customer Service Manager,Hybrid,43,None,High,3,None,3,$60K-80K,
6/14/2025,44,Female,South America,Finance,Operations Manager,Onsite,53,Stress Disorder,Medium,2,Shoulder Pain,3,$40K-60K,
6/14/2025,32,Male,Africa,Finance,Digital Marketing Specialist,Onsite,65,PTSD,Medium,3,Shoulder Pain,3,$80K-100K,
6/14/2025,51,Female,Africa,Professional Services,Data Analyst,Hybrid,40,None,High,3,Shoulder Pain; Eye Strain; Neck Pain,1,$60K-80K,
6/14/2025,40,Male,Oceania,Healthcare,Social Media Manager,Onsite,46,Stress Disorder,Medium,2,Back Pain; Eye Strain,2,$60K-80K,
6/14/2025,37,Female,Oceania,Education,Technical Writer,Onsite,36,None,Low,4,Eye Strain,2,$60K-80K,
6/14/2025,31,Female,Asia,Professional Services,Project Manager,Onsite,40,Anxiety,Medium,5,None,3,$100K-120K,
6/14/2025,61,Female,Oceania,Professional Services,Project Manager,Hybrid,46,PTSD,Medium,5,Shoulder Pain; Neck Pain,2,$80K-100K,
6/14/2025,33,Female,South America,Healthcare,Software Engineer,Remote,64,Anxiety,High,2,Back Pain; Shoulder Pain; Eye Strain,4,$100K-120K,
6/14/2025,64,Female,Europe,Healthcare,UX Designer,Hybrid,50,Depression,Medium,2,Back Pain; Shoulder Pain,4,$120K+,
6/14/2025,49,Male,Asia,Professional Services,Financial Analyst,Onsite,39,None,Medium,2,Shoulder Pain,3,$100K-120K,
6/14/2025,30,Male,Asia,Marketing,Product Manager,Hybrid,61,ADHD,High,3,Back Pain,3,$80K-100K,
6/14/2025,27,Male,Europe,Technology,Research Scientist,Hybrid,58,None,High,4,Back Pain; Shoulder Pain; Eye Strain,1,$80K-100K,
6/14/2025,47,Female,Oceania,Manufacturing,Operations Manager,Remote,57,Burnout,Medium,2,Back Pain; Shoulder Pain; Eye Strain,4,$80K-100K,
6/14/2025,36,Male,South America,Professional Services,Financial Analyst,Onsite,53,Anxiety,Low,1,Shoulder Pain; Eye Strain,2,$40K-60K,
6/14/2025,42,Male,South America,Finance,Data Scientist,Hybrid,43,Anxiety,Medium,2,None,2,$120K+,
6/14/2025,32,Male,North America,Education,Account Manager,Remote,55,Burnout,Medium,1,Shoulder Pain; Neck Pain,4,$60K-80K,
6/14/2025,50,Male,Europe,Education,Customer Service Manager,Hybrid,35,Burnout,Low,3,Back Pain,3,$60K-80K,
6/14/2025,59,Female,South America,Technology,Customer Service Manager,Onsite,43,Anxiety,High,4,None,1,$60K-80K,
6/14/2025,50,Female,Africa,Professional Services,HR Manager,Onsite,47,Stress Disorder,Medium,2,Back Pain; Shoulder Pain; Eye Strain,4,$60K-80K,
6/14/2025,46,Female,Oceania,Professional Services,Customer Service Manager,Onsite,62,Anxiety,Low,3,Back Pain; Eye Strain; Neck Pain,2,$60K-80K,
6/14/2025,56,Male,Oceania,Technology,UX Designer,Hybrid,49,Depression,Low,4,Shoulder Pain; Eye Strain,3,$80K-100K,
6/14/2025,47,Male,Oceania,Technology,Research Scientist,Onsite,57,None,Low,4,Back Pain; Shoulder Pain; Neck Pain,2,$60K-80K,
6/14/2025,33,Female,North America,Healthcare,Data Analyst,Onsite,60,Stress Disorder,High,2,Shoulder Pain,3,$60K-80K,
6/14/2025,60,Male,Asia,Technology,Business Analyst,Hybrid,60,ADHD,Medium,2,Back Pain; Shoulder Pain,2,$100K-120K,
6/14/2025,46,Male,Oceania,Technology,IT Support,Hybrid,47,ADHD,Medium,1,None,2,$100K-120K,
6/14/2025,62,Female,Asia,Manufacturing,Technical Writer,Hybrid,46,Depression,Low,4,Back Pain; Shoulder Pain,3,$80K-100K,
6/14/2025,53,Male,Oceania,Professional Services,Digital Marketing Specialist,Hybrid,59,None,Low,3,None,3,$60K-80K,
6/14/2025,64,Male,South America,Finance,Product Manager,Hybrid,35,Depression,Medium,3,Back Pain; Shoulder Pain; Eye Strain; Wrist Pain,2,$80K-100K,
6/14/2025,60,Female,South America,Customer Service,HR Manager,Onsite,37,Depression,Medium,2,Eye Strain; Neck Pain,1,$80K-100K,
6/14/2025,45,Female,Europe,Healthcare,Product Manager,Onsite,52,PTSD,High,3,Back Pain; Shoulder Pain; Eye Strain; Wrist Pain,4,$60K-80K,
6/14/2025,57,Female,Europe,Education,Software Engineer,Remote,65,None,Medium,2,Back Pain; Eye Strain,3,$80K-100K,
6/14/2025,50,Male,South America,Customer Service,Consultant,Onsite,45,None,High,3,Eye Strain,3,$80K-100K,
6/14/2025,62,Female,Oceania,Manufacturing,Project Manager,Onsite,59,Burnout,Low,1,Shoulder Pain; Eye Strain,2,$40K-60K,
6/14/2025,62,Female,South America,Retail,Research Scientist,Onsite,45,Anxiety,Low,1,Shoulder Pain; Eye Strain,2,$80K-100K,
6/14/2025,25,Female,Europe,Professional Services,HR Manager,Onsite,63,None,Low,4,Back Pain; Shoulder Pain; Eye Strain,1,$80K-100K,
6/14/2025,28,Male,Oceania,Professional Services,UX Designer,Onsite,58,PTSD,Low,3,Back Pain; Shoulder Pain; Eye Strain,3,$100K-120K,
6/14/2025,32,Prefer not to say,Africa,Professional Services,HR Manager,Onsite,56,Burnout,High,3,Shoulder Pain; Neck Pain,2,$40K-60K,
6/14/2025,57,Female,North America,Finance,Operations Manager,Remote,42,None,High,5,Back Pain,4,$60K-80K,
6/14/2025,45,Male,North America,Manufacturing,Sales Representative,Onsite,62,Stress Disorder,Medium,4,Back Pain; Neck Pain,3,$80K-100K,
6/14/2025,41,Male,South America,Finance,Project Manager,Onsite,49,None,Medium,3,Back Pain,3,$80K-100K,
6/14/2025,36,Male,Africa,Technology,Project Manager,Onsite,36,Depression,Medium,3,Back Pain; Neck Pain,2,$60K-80K,
6/14/2025,51,Male,Europe,Marketing,Business Analyst,Remote,50,None,Medium,4,Back Pain; Shoulder Pain; Eye Strain,5,$80K-100K,
6/14/2025,52,Female,South America,Customer Service,Marketing Specialist,Onsite,58,Burnout,Low,3,Back Pain; Shoulder Pain; Neck Pain,4,$100K-120K,
6/14/2025,59,Female,North America,Education,Data Analyst,Onsite,60,None,High,4,Back Pain; Eye Strain,3,$60K-80K,
6/14/2025,30,Female,Asia,Professional Services,Business Analyst,Onsite,62,Depression,Medium,5,Eye Strain; Neck Pain,2,$60K-80K,
6/14/2025,50,Female,Africa,Education,Account Manager,Onsite,37,Stress Disorder,Medium,2,Neck Pain,1,$60K-80K,
6/14/2025,57,Female,North America,Professional Services,DevOps Engineer,Onsite,47,None,Medium,1,Shoulder Pain; Eye Strain; Neck Pain,1,$100K-120K,
6/14/2025,51,Female,Africa,Finance,Research Scientist,Onsite,40,None,Medium,3,Shoulder Pain; Eye Strain,1,$40K-60K,
6/14/2025,36,Male,Oceania,Healthcare,Research Scientist,Onsite,39,None,Medium,3,Shoulder Pain; Eye Strain,4,$60K-80K,
6/14/2025,60,Female,Asia,Technology,Sales Representative,Remote,48,PTSD,High,3,Back Pain; Eye Strain; Neck Pain,3,$40K-60K,
6/14/2025,63,Female,South America,Professional Services,Product Manager,Remote,42,None,High,3,Eye Strain; Neck Pain,3,$80K-100K,
6/14/2025,36,Male,Africa,Customer Service,Product Manager,Onsite,39,None,High,4,None,3,$40K-60K,
6/14/2025,43,Male,Asia,Customer Service,Content Writer,Onsite,61,None,High,2,Shoulder Pain,2,$80K-100K,
6/14/2025,39,Female,South America,Finance,Data Scientist,Hybrid,55,PTSD,High,4,None,4,$100K-120K,
6/14/2025,63,Female,North America,Technology,Research Scientist,Hybrid,50,Burnout,Medium,4,Back Pain; Shoulder Pain; Eye Strain,2,$60K-80K,
6/14/2025,53,Female,North America,Healthcare,Executive Assistant,Onsite,61,Stress Disorder,High,4,Back Pain; Eye Strain,1,$80K-100K,
6/14/2025,35,Male,North America,Manufacturing,Consultant,Hybrid,50,Burnout,Medium,5,None,4,$80K-100K,
6/14/2025,42,Female,North America,Marketing,Social Media Manager,Hybrid,37,None,Medium,2,Eye Strain; Wrist Pain,4,$100K-120K,
6/14/2025,37,Male,Oceania,Education,Marketing Specialist,Onsite,49,None,High,3,Back Pain; Eye Strain,1,$60K-80K,
6/14/2025,24,Female,Africa,Education,Customer Service Manager,Remote,52,Stress Disorder,High,4,Eye Strain; Neck Pain,1,$60K-80K,
6/14/2025,35,Male,North America,Technology,Business Analyst,Remote,50,None,High,1,Shoulder Pain; Eye Strain; Wrist Pain,4,$40K-60K,
6/14/2025,58,Male,Africa,Finance,Customer Service Manager,Onsite,35,None,High,3,Back Pain; Eye Strain; Neck Pain,5,$60K-80K,
6/14/2025,51,Male,Europe,Manufacturing,HR Manager,Hybrid,35,None,Medium,4,Back Pain; Eye Strain,3,$120K+,
6/14/2025,61,Female,Africa,Education,Digital Marketing Specialist,Onsite,54,ADHD,Medium,3,Shoulder Pain,4,$60K-80K,
6/14/2025,36,Female,Africa,Manufacturing,HR Manager,Remote,65,Stress Disorder,High,1,Eye Strain; Neck Pain,3,$80K-100K,
6/14/2025,47,Female,Europe,Manufacturing,Account Manager,Remote,45,None,Low,4,Shoulder Pain; Eye Strain; Neck Pain,3,$80K-100K,
6/14/2025,37,Non-binary,North America,Manufacturing,Social Media Manager,Hybrid,36,Depression,Medium,2,Shoulder Pain; Eye Strain; Neck Pain,2,$40K-60K,
6/14/2025,25,Male,South America,Professional Services,UX Designer,Onsite,65,None,Low,4,Back Pain,3,$100K-120K,
6/14/2025,59,Female,North America,Technology,Product Manager,Hybrid,56,ADHD,Medium,1,Back Pain; Shoulder Pain; Eye Strain,4,$60K-80K,
6/14/2025,25,Male,Asia,Technology,Customer Service Manager,Hybrid,41,ADHD,Low,3,Eye Strain; Neck Pain,1,$40K-60K,
6/14/2025,28,Male,Oceania,Technology,Consultant,Remote,41,Anxiety,Low,3,Back Pain; Neck Pain,1,$40K-60K,
6/14/2025,59,Male,Africa,Professional Services,HR Manager,Remote,45,Stress Disorder,Medium,5,Back Pain; Shoulder Pain; Eye Strain,3,$40K-60K,
6/15/2025,43,Female,Oceania,Technology,Software Engineer,Onsite,43,None,Medium,2,Shoulder Pain,2,$100K-120K,
6/15/2025,43,Male,North America,Manufacturing,Product Manager,Onsite,37,Burnout,High,1,Back Pain; Shoulder Pain; Neck Pain,2,$80K-100K,
6/15/2025,58,Male,Europe,Technology,Product Manager,Remote,44,None,High,4,Back Pain,3,$60K-80K,
6/15/2025,35,Male,Oceania,Technology,Digital Marketing Specialist,Remote,40,None,Medium,3,Back Pain,4,$100K-120K,
6/15/2025,60,Male,South America,Professional Services,Social Media Manager,Hybrid,64,ADHD,Medium,1,Shoulder Pain; Wrist Pain,2,$40K-60K,
6/15/2025,58,Male,Africa,Marketing,Social Media Manager,Hybrid,55,Depression,High,4,Back Pain; Shoulder Pain,2,$80K-100K,
6/15/2025,50,Female,Europe,Healthcare,Operations Manager,Onsite,45,ADHD,Low,4,Shoulder Pain; Eye Strain,4,$40K-60K,
6/15/2025,35,Male,Africa,Professional Services,Data Scientist,Onsite,59,None,Low,1,Shoulder Pain; Eye Strain,2,$100K-120K,
6/15/2025,23,Male,Africa,Healthcare,Marketing Specialist,Onsite,64,ADHD,Low,3,Wrist Pain,3,$60K-80K,
6/15/2025,33,Male,Oceania,Manufacturing,Executive Assistant,Onsite,59,Burnout,Medium,2,Back Pain; Eye Strain,1,$80K-100K,
6/15/2025,29,Male,Oceania,Customer Service,Data Scientist,Onsite,35,Depression,Medium,2,Back Pain; Shoulder Pain; Eye Strain; Neck Pain,3,$40K-60K,
6/15/2025,37,Female,South America,Healthcare,Data Scientist,Onsite,45,Depression,Low,2,Shoulder Pain; Eye Strain,3,$120K+,
6/15/2025,47,Female,North America,Healthcare,DevOps Engineer,Onsite,36,ADHD,Low,3,Shoulder Pain; Wrist Pain,2,$60K-80K,
6/15/2025,64,Female,Europe,Manufacturing,Social Media Manager,Onsite,46,Stress Disorder,Low,3,Shoulder Pain; Eye Strain; Wrist Pain,3,$80K-100K,
6/15/2025,32,Male,Oceania,Manufacturing,Financial Analyst,Hybrid,56,None,Medium,4,Shoulder Pain; Eye Strain,3,$80K-100K,
6/15/2025,22,Male,South America,Finance,Project Manager,Onsite,36,PTSD,Medium,4,Shoulder Pain; Eye Strain,1,$100K-120K,
6/15/2025,28,Male,Asia,Manufacturing,Data Analyst,Hybrid,55,Burnout,High,3,Back Pain; Shoulder Pain; Wrist Pain,4,$40K-60K,
6/15/2025,61,Female,South America,Professional Services,Marketing Specialist,Remote,60,Depression,Low,4,Back Pain; Shoulder Pain,1,$60K-80K,
6/15/2025,49,Prefer not to say,Oceania,Technology,Operations Manager,Hybrid,53,Depression,Medium,3,Eye Strain,2,$60K-80K,
6/15/2025,30,Female,Asia,Finance,Customer Service Manager,Onsite,63,Burnout,Low,2,Back Pain,1,$40K-60K,
6/15/2025,57,Male,North America,Finance,DevOps Engineer,Hybrid,59,None,Medium,3,Back Pain; Shoulder Pain,3,$60K-80K,
6/15/2025,26,Female,Asia,Education,Data Analyst,Onsite,60,None,Low,2,Shoulder Pain,4,$60K-80K,
6/15/2025,42,Male,Asia,Professional Services,Social Media Manager,Onsite,39,PTSD,High,3,None,4,$80K-100K,
6/15/2025,36,Female,South America,Manufacturing,Data Analyst,Hybrid,48,None,High,1,Back Pain,1,$100K-120K,
6/15/2025,45,Female,Asia,Professional Services,Digital Marketing Specialist,Hybrid,40,Burnout,High,5,Eye Strain; Wrist Pain,4,$100K-120K,
6/15/2025,46,Female,South America,Healthcare,Marketing Specialist,Onsite,63,PTSD,High,3,None,2,$80K-100K,
6/15/2025,52,Male,North America,Finance,Business Analyst,Hybrid,63,PTSD,Medium,5,Back Pain; Shoulder Pain; Eye Strain; Neck Pain,3,$120K+,
6/15/2025,35,Female,Asia,Manufacturing,Project Manager,Onsite,39,None,Medium,1,Shoulder Pain; Eye Strain,5,$120K+,
6/15/2025,54,Female,South America,Finance,HR Manager,Remote,59,ADHD,High,5,Eye Strain; Neck Pain,4,$40K-60K,
6/15/2025,56,Male,Asia,Manufacturing,Financial Analyst,Onsite,59,Anxiety,Medium,3,Shoulder Pain; Eye Strain,3,$80K-100K,
6/15/2025,42,Female,Europe,Professional Services,Operations Manager,Hybrid,43,ADHD,Medium,5,Eye Strain,2,$40K-60K,
6/15/2025,60,Female,South America,Manufacturing,Sales Representative,Onsite,45,Stress Disorder,Medium,3,Shoulder Pain; Neck Pain,2,$40K-60K,
6/15/2025,65,Female,Europe,Technology,Digital Marketing Specialist,Hybrid,53,Anxiety,High,5,Eye Strain,1,$60K-80K,
6/15/2025,38,Female,Africa,Professional Services,Operations Manager,Remote,59,None,Low,2,Back Pain,4,$60K-80K,
6/15/2025,65,Male,Asia,Manufacturing,Product Manager,Remote,65,None,Medium,2,Eye Strain,3,$60K-80K,
6/15/2025,28,Male,Oceania,Manufacturing,HR Manager,Onsite,62,Anxiety,High,2,None,2,$100K-120K,
6/15/2025,40,Male,North America,Education,Digital Marketing Specialist,Remote,52,Anxiety,Low,3,Back Pain; Shoulder Pain; Eye Strain; Neck Pain,3,$80K-100K,
6/15/2025,38,Female,South America,Professional Services,Operations Manager,Onsite,36,None,High,3,None,2,$40K-60K,
6/15/2025,49,Female,North America,Professional Services,IT Support,Remote,49,Anxiety,Low,1,Neck Pain,3,$80K-100K,
6/15/2025,46,Male,South America,Technology,Customer Service Manager,Hybrid,35,None,High,3,Back Pain; Eye Strain,3,$40K-60K,
6/15/2025,45,Female,South America,Healthcare,Executive Assistant,Remote,57,None,Medium,2,Shoulder Pain; Eye Strain,1,$60K-80K,
6/15/2025,59,Male,Europe,Education,Social Media Manager,Onsite,45,PTSD,Medium,3,Neck Pain; Wrist Pain,2,$80K-100K,
6/15/2025,29,Female,Asia,Professional Services,Business Analyst,Onsite,54,None,Medium,3,Back Pain; Shoulder Pain; Wrist Pain,1,$40K-60K,
6/15/2025,59,Male,Asia,Healthcare,IT Support,Onsite,38,None,Low,4,Shoulder Pain; Eye Strain,2,$60K-80K,
6/15/2025,50,Female,North America,Finance,Executive Assistant,Onsite,44,Stress Disorder,Low,2,Eye Strain,3,$40K-60K,
6/15/2025,53,Male,South America,Professional Services,Data Scientist,Onsite,35,None,Medium,1,Back Pain; Eye Strain; Neck Pain,2,$100K-120K,
6/15/2025,23,Male,South America,Education,Business Analyst,Onsite,35,ADHD,Medium,4,Back Pain; Neck Pain,3,$80K-100K,
6/15/2025,60,Female,South America,Finance,Project Manager,Hybrid,43,None,High,3,Shoulder Pain; Eye Strain,4,$100K-120K,
6/15/2025,34,Female,Europe,Professional Services,Consultant,Onsite,61,Depression,Medium,4,Back Pain; Neck Pain,2,$40K-60K,
6/15/2025,64,Female,Europe,Retail,Executive Assistant,Remote,53,ADHD,Low,4,Shoulder Pain,5,$80K-100K,
6/15/2025,53,Female,Asia,Professional Services,Executive Assistant,Onsite,46,None,High,4,Shoulder Pain; Eye Strain,1,$80K-100K,
6/15/2025,24,Female,Europe,Marketing,Product Manager,Hybrid,42,Stress Disorder,Medium,1,Neck Pain,4,$100K-120K,
6/15/2025,64,Female,South America,Professional Services,Marketing Specialist,Onsite,37,ADHD,Low,4,Back Pain; Shoulder Pain; Eye Strain,4,$60K-80K,
6/15/2025,56,Female,Europe,Professional Services,Quality Assurance,Onsite,62,Stress Disorder,High,4,Back Pain; Neck Pain,3,$40K-60K,
6/15/2025,62,Male,Asia,Professional Services,Project Manager,Remote,55,None,High,4,Back Pain; Eye Strain,4,$100K-120K,
6/15/2025,45,Female,Africa,Technology,Project Manager,Remote,42,ADHD,High,2,Shoulder Pain; Eye Strain,4,$120K+,
6/15/2025,65,Male,North America,Manufacturing,Social Media Manager,Onsite,52,None,High,3,None,1,$40K-60K,
6/15/2025,56,Male,North America,Professional Services,Quality Assurance,Onsite,55,PTSD,Low,1,Eye Strain,2,$40K-60K,
6/15/2025,51,Male,Oceania,Technology,Business Analyst,Remote,63,None,High,5,Shoulder Pain; Eye Strain,4,$60K-80K,
6/15/2025,36,Male,South America,Professional Services,Data Scientist,Remote,60,Stress Disorder,Medium,1,Shoulder Pain,4,$100K-120K,
6/15/2025,50,Female,South America,Retail,DevOps Engineer,Hybrid,62,Stress Disorder,High,3,Back Pain,3,$120K+,
6/15/2025,47,Female,Europe,Healthcare,IT Support,Onsite,45,None,Low,4,None,3,$80K-100K,
6/15/2025,33,Male,Asia,Technology,UX Designer,Onsite,35,None,High,4,Back Pain; Shoulder Pain; Eye Strain,3,$80K-100K,
6/15/2025,33,Female,Africa,Finance,UX Designer,Onsite,54,Burnout,High,3,Eye Strain,2,$60K-80K,
6/15/2025,54,Female,Oceania,Education,Quality Assurance,Onsite,56,Anxiety,High,4,Shoulder Pain,2,$60K-80K,
6/15/2025,26,Male,South America,Healthcare,Operations Manager,Hybrid,38,None,Low,1,Eye Strain,5,$60K-80K,
6/15/2025,63,Male,Asia,Technology,Marketing Specialist,Onsite,58,Burnout,Medium,4,Back Pain; Shoulder Pain,2,$80K-100K,
6/15/2025,46,Male,North America,Professional Services,DevOps Engineer,Onsite,38,None,Low,3,Back Pain,1,$100K-120K,
6/15/2025,60,Male,Oceania,Technology,Software Engineer,Hybrid,59,ADHD,High,1,Eye Strain,3,$100K-120K,
6/15/2025,58,Male,Asia,Finance,Project Manager,Hybrid,55,Stress Disorder,High,4,Back Pain; Shoulder Pain; Eye Strain,3,$80K-100K,
6/15/2025,62,Male,Oceania,Manufacturing,Financial Analyst,Remote,63,ADHD,High,3,Back Pain,3,$60K-80K,
6/15/2025,22,Male,Oceania,Retail,Product Manager,Onsite,37,Depression,Medium,5,None,2,$80K-100K,
6/15/2025,62,Male,Asia,Finance,Research Scientist,Remote,48,Stress Disorder,High,2,Back Pain,5,$80K-100K,
6/15/2025,39,Female,Europe,Technology,IT Support,Onsite,52,Anxiety,High,5,Back Pain; Eye Strain; Neck Pain,3,$60K-80K,
6/15/2025,53,Male,Asia,Customer Service,Account Manager,Onsite,65,Burnout,Low,3,Back Pain,1,$60K-80K,
6/15/2025,48,Female,Asia,Technology,UX Designer,Remote,39,None,High,3,Back Pain; Shoulder Pain; Eye Strain,5,$80K-100K,
6/15/2025,58,Female,Oceania,Manufacturing,Operations Manager,Onsite,41,Depression,Low,2,Back Pain; Shoulder Pain,3,$80K-100K,
6/15/2025,52,Female,North America,Education,Operations Manager,Onsite,42,Depression,Low,3,Shoulder Pain; Eye Strain,3,$40K-60K,
6/15/2025,48,Male,South America,Professional Services,DevOps Engineer,Onsite,37,Stress Disorder,High,1,Shoulder Pain; Wrist Pain,5,$100K-120K,
6/15/2025,36,Non-binary,Asia,Finance,Data Scientist,Onsite,52,None,Low,4,Back Pain; Neck Pain; Wrist Pain,3,$120K+,
6/15/2025,44,Female,Oceania,Customer Service,IT Support,Hybrid,51,ADHD,Medium,4,Back Pain,1,$120K+,
6/15/2025,39,Female,South America,Manufacturing,Business Analyst,Hybrid,42,ADHD,Medium,3,Eye Strain; Wrist Pain,3,$80K-100K,
6/15/2025,51,Male,Europe,Finance,Technical Writer,Onsite,59,ADHD,High,2,Eye Strain; Wrist Pain,5,$80K-100K,
6/15/2025,31,Male,South America,Finance,Customer Service Manager,Onsite,56,Depression,Medium,3,Shoulder Pain,2,$80K-100K,
6/15/2025,32,Male,Oceania,Education,Executive Assistant,Hybrid,62,Anxiety,Medium,4,Shoulder Pain; Wrist Pain,4,$80K-100K,
6/15/2025,26,Female,South America,Finance,Financial Analyst,Onsite,65,None,High,2,Eye Strain,3,$80K-100K,
6/15/2025,59,Female,North America,Technology,Marketing Specialist,Hybrid,50,Stress Disorder,Low,3,Back Pain; Shoulder Pain; Eye Strain,1,$60K-80K,
6/15/2025,47,Male,North America,Technology,Sales Representative,Onsite,40,None,High,2,Back Pain; Eye Strain,3,$40K-60K,
6/15/2025,27,Male,Asia,Technology,Technical Writer,Onsite,42,Depression,Medium,3,Back Pain; Eye Strain,1,$80K-100K,
6/15/2025,52,Female,Africa,Professional Services,Data Scientist,Remote,50,Anxiety,Medium,3,None,5,$120K+,
6/15/2025,27,Female,Europe,Professional Services,Data Analyst,Onsite,38,PTSD,Medium,3,Back Pain; Eye Strain,1,$120K+,
6/15/2025,56,Female,Europe,Manufacturing,Financial Analyst,Remote,63,Depression,Medium,3,None,4,$100K-120K,
6/15/2025,35,Male,North America,Professional Services,Social Media Manager,Hybrid,63,Anxiety,Medium,5,Shoulder Pain; Eye Strain; Neck Pain,2,$120K+,
6/15/2025,54,Female,South America,Finance,Consultant,Onsite,39,PTSD,High,3,Back Pain; Shoulder Pain; Eye Strain,3,$100K-120K,
6/15/2025,22,Female,Europe,Professional Services,Account Manager,Hybrid,51,Stress Disorder,High,3,None,3,$120K+,
6/15/2025,32,Female,Asia,Professional Services,Account Manager,Onsite,44,Stress Disorder,Low,4,Shoulder Pain; Eye Strain,1,$40K-60K,
6/15/2025,46,Male,South America,Technology,Operations Manager,Hybrid,52,Depression,Medium,3,Eye Strain,1,$40K-60K,
6/15/2025,52,Male,Africa,Marketing,Content Writer,Onsite,43,PTSD,Medium,2,Back Pain; Eye Strain; Neck Pain; Wrist Pain,2,$60K-80K,
6/15/2025,26,Female,Asia,Manufacturing,Account Manager,Remote,46,Burnout,High,4,Shoulder Pain; Eye Strain; Wrist Pain,1,$80K-100K,
6/15/2025,39,Male,Europe,Finance,Business Analyst,Onsite,50,Depression,Low,5,Back Pain; Eye Strain,3,$80K-100K,
6/15/2025,45,Male,South America,Technology,Customer Service Manager,Hybrid,43,ADHD,Medium,4,None,4,$60K-80K,
6/15/2025,57,Female,South America,Customer Service,Customer Service Manager,Hybrid,46,Burnout,Low,2,Shoulder Pain,5,$60K-80K,
6/15/2025,23,Female,Asia,Professional Services,Quality Assurance,Onsite,44,Anxiety,Medium,3,Shoulder Pain; Eye Strain,2,$100K-120K,
6/15/2025,31,Male,Europe,Marketing,Operations Manager,Onsite,45,Anxiety,Medium,3,Eye Strain,2,$80K-100K,
6/15/2025,56,Female,Africa,Technology,DevOps Engineer,Onsite,41,Burnout,Low,2,Shoulder Pain; Eye Strain; Neck Pain,2,$60K-80K,
6/15/2025,42,Male,Oceania,Healthcare,Content Writer,Remote,36,None,High,4,Neck Pain,4,$80K-100K,
6/15/2025,60,Male,South America,Technology,Consultant,Hybrid,51,None,Low,5,Shoulder Pain,2,$60K-80K,
6/15/2025,65,Male,Asia,Customer Service,IT Support,Remote,61,Stress Disorder,High,4,None,2,$60K-80K,
6/15/2025,23,Male,South America,Professional Services,Sales Representative,Hybrid,51,ADHD,Medium,3,Back Pain; Shoulder Pain; Neck Pain,4,$60K-80K,
6/15/2025,44,Male,South America,Technology,Executive Assistant,Onsite,39,Stress Disorder,Medium,2,Back Pain,3,$60K-80K,
6/15/2025,34,Male,South America,Technology,Sales Representative,Remote,43,ADHD,High,4,Back Pain,2,$40K-60K,
6/15/2025,36,Female,South America,Technology,Research Scientist,Onsite,52,None,Medium,4,Back Pain; Shoulder Pain,1,$120K+,
6/15/2025,50,Male,South America,Professional Services,Software Engineer,Onsite,46,Anxiety,Low,4,Back Pain; Eye Strain; Wrist Pain,1,$120K+,
6/15/2025,31,Male,Oceania,Professional Services,UX Designer,Remote,47,None,Medium,3,Back Pain; Shoulder Pain,3,$60K-80K,
6/15/2025,60,Female,Africa,Manufacturing,IT Support,Hybrid,37,Stress Disorder,High,3,Shoulder Pain; Wrist Pain,3,$60K-80K,
6/15/2025,52,Male,Asia,Healthcare,HR Manager,Onsite,55,Burnout,Medium,3,Back Pain; Shoulder Pain; Eye Strain; Neck Pain,1,$40K-60K,
6/15/2025,54,Male,Asia,Technology,Project Manager,Remote,57,Depression,High,5,Shoulder Pain; Neck Pain,5,$40K-60K,
6/15/2025,59,Male,Asia,Retail,UX Designer,Onsite,53,PTSD,Medium,5,Back Pain; Shoulder Pain; Eye Strain,1,$80K-100K,
6/15/2025,24,Male,South America,Technology,DevOps Engineer,Hybrid,61,None,High,3,Shoulder Pain; Eye Strain,2,$80K-100K,
6/15/2025,31,Male,Asia,Technology,Project Manager,Hybrid,48,Depression,Low,3,Back Pain; Neck Pain,3,$80K-100K,
6/15/2025,42,Female,Oceania,Professional Services,UX Designer,Hybrid,54,Burnout,Medium,1,Back Pain; Shoulder Pain; Eye Strain,4,$60K-80K,
6/15/2025,41,Male,Europe,Finance,Customer Service Manager,Onsite,48,PTSD,Low,3,Back Pain; Shoulder Pain,3,$80K-100K,
6/15/2025,32,Male,South America,Professional Services,Research Scientist,Onsite,62,None,High,5,Back Pain,4,$80K-100K,
6/15/2025,45,Male,Europe,Marketing,Operations Manager,Hybrid,37,None,Medium,2,Back Pain; Shoulder Pain,3,$80K-100K,
6/15/2025,63,Male,Europe,Technology,Research Scientist,Hybrid,63,PTSD,Medium,4,Back Pain; Shoulder Pain; Eye Strain; Neck Pain,3,$80K-100K,
6/15/2025,30,Female,Asia,Healthcare,Executive Assistant,Onsite,60,PTSD,Medium,4,Shoulder Pain; Neck Pain,3,$120K+,
6/15/2025,45,Male,Asia,Technology,DevOps Engineer,Remote,54,ADHD,Medium,4,Shoulder Pain,4,$80K-100K,
6/15/2025,60,Male,Europe,Finance,Quality Assurance,Onsite,56,ADHD,Medium,3,Shoulder Pain; Eye Strain,2,$60K-80K,
6/15/2025,45,Male,Oceania,Education,Marketing Specialist,Hybrid,46,Depression,Medium,5,Back Pain; Shoulder Pain,4,$80K-100K,
6/15/2025,60,Female,Europe,Professional Services,Social Media Manager,Hybrid,53,None,Medium,1,Eye Strain; Neck Pain,3,$80K-100K,
6/16/2025,38,Male,Europe,Manufacturing,Operations Manager,Remote,64,None,High,4,Back Pain; Eye Strain; Neck Pain,5,$60K-80K,
6/16/2025,52,Male,Africa,Professional Services,DevOps Engineer,Onsite,41,Burnout,Medium,3,Back Pain; Eye Strain; Neck Pain,1,$80K-100K,
6/16/2025,36,Male,South America,Finance,Content Writer,Hybrid,35,Burnout,High,2,Back Pain; Eye Strain,4,$80K-100K,
6/16/2025,22,Female,North America,Technology,Quality Assurance,Remote,55,Anxiety,High,5,Back Pain; Shoulder Pain; Eye Strain; Neck Pain,5,$80K-100K,
6/16/2025,34,Male,South America,Technology,Software Engineer,Remote,37,Stress Disorder,High,3,Shoulder Pain,5,$80K-100K,
6/16/2025,50,Female,Oceania,Technology,Software Engineer,Onsite,65,PTSD,Medium,3,Back Pain,4,$100K-120K,
6/16/2025,31,Female,South America,Healthcare,Research Scientist,Onsite,38,Anxiety,Medium,2,Shoulder Pain; Eye Strain; Wrist Pain,3,$60K-80K,
6/16/2025,54,Female,Africa,Manufacturing,Data Scientist,Remote,55,None,High,2,None,4,$120K+,
6/16/2025,46,Male,Africa,Healthcare,Business Analyst,Onsite,45,Burnout,Medium,3,Back Pain; Shoulder Pain; Wrist Pain,3,$60K-80K,
6/16/2025,45,Female,South America,Manufacturing,Product Manager,Remote,57,None,High,5,Back Pain; Eye Strain,4,$80K-100K,
6/16/2025,30,Male,Africa,Technology,Product Manager,Hybrid,62,PTSD,Medium,3,Back Pain; Neck Pain,3,$80K-100K,
6/16/2025,38,Female,Oceania,Technology,HR Manager,Hybrid,35,Depression,Medium,2,Back Pain,3,$80K-100K,
6/16/2025,34,Female,South America,Marketing,Social Media Manager,Hybrid,63,Stress Disorder,Medium,1,Wrist Pain,1,$60K-80K,
6/16/2025,60,Female,Asia,Technology,Operations Manager,Onsite,39,None,High,4,Back Pain; Eye Strain,2,$80K-100K,
6/16/2025,58,Female,Europe,Technology,UX Designer,Remote,50,Anxiety,Medium,4,Back Pain,4,$80K-100K,
6/16/2025,23,Male,Europe,Professional Services,Operations Manager,Onsite,57,Depression,Low,2,Back Pain; Neck Pain,3,$40K-60K,
6/16/2025,46,Male,Asia,Marketing,Consultant,Onsite,48,Stress Disorder,Medium,5,Neck Pain,1,$60K-80K,
6/16/2025,29,Male,South America,Professional Services,IT Support,Onsite,54,Stress Disorder,Low,3,Back Pain; Shoulder Pain; Eye Strain,1,$60K-80K,
6/16/2025,41,Female,North America,Professional Services,Product Manager,Hybrid,49,None,High,4,Back Pain; Wrist Pain,4,$80K-100K,
6/16/2025,47,Male,Oceania,Marketing,Account Manager,Onsite,64,Anxiety,Low,3,Back Pain; Shoulder Pain; Eye Strain,1,$80K-100K,
6/16/2025,44,Male,Asia,Healthcare,Digital Marketing Specialist,Hybrid,64,ADHD,High,3,Back Pain; Shoulder Pain,4,$60K-80K,
6/16/2025,36,Male,South America,Technology,Quality Assurance,Hybrid,64,Depression,Medium,3,Back Pain; Shoulder Pain; Eye Strain,3,$60K-80K,
6/16/2025,61,Male,North America,Professional Services,DevOps Engineer,Onsite,44,Stress Disorder,High,3,Back Pain,2,$100K-120K,
6/16/2025,45,Female,South America,Technology,Quality Assurance,Hybrid,47,PTSD,Low,3,Back Pain; Eye Strain,4,$60K-80K,
6/16/2025,57,Female,Oceania,Healthcare,Digital Marketing Specialist,Onsite,59,None,High,3,Eye Strain; Neck Pain; Wrist Pain,1,$40K-60K,
6/16/2025,34,Female,South America,Retail,Software Engineer,Hybrid,37,None,Medium,3,Eye Strain; Wrist Pain,3,$60K-80K,
6/16/2025,51,Female,Oceania,Finance,Software Engineer,Onsite,52,Anxiety,Low,2,Back Pain; Eye Strain,1,$100K-120K,
6/16/2025,36,Male,North America,Healthcare,Digital Marketing Specialist,Onsite,49,Depression,Medium,1,Shoulder Pain,1,$60K-80K,
6/16/2025,22,Female,Africa,Technology,DevOps Engineer,Onsite,43,Stress Disorder,Medium,3,Back Pain; Shoulder Pain; Eye Strain,3,$60K-80K,
6/16/2025,49,Female,Africa,Technology,Data Scientist,Remote,36,Anxiety,Low,1,Back Pain; Eye Strain; Wrist Pain,3,$100K-120K,
6/16/2025,61,Male,North America,Professional Services,Consultant,Onsite,40,Burnout,Low,3,Shoulder Pain; Eye Strain,4,$40K-60K,
6/16/2025,30,Female,North America,Finance,DevOps Engineer,Onsite,54,Anxiety,Medium,3,Back Pain,2,$100K-120K,
6/16/2025,65,Male,Oceania,Professional Services,Data Scientist,Onsite,61,Depression,High,2,Back Pain; Shoulder Pain; Eye Strain,1,$80K-100K,
6/16/2025,37,Female,Oceania,Marketing,DevOps Engineer,Onsite,47,None,Low,3,None,3,$120K+,
6/16/2025,27,Female,Africa,Technology,Business Analyst,Hybrid,43,PTSD,Medium,3,Back Pain; Shoulder Pain; Eye Strain,3,$100K-120K,
6/16/2025,48,Female,Asia,Finance,Consultant,Onsite,52,Burnout,High,3,Back Pain; Eye Strain,2,$60K-80K,
6/16/2025,45,Female,South America,Education,IT Support,Remote,47,None,Medium,3,Eye Strain,4,$40K-60K,
6/16/2025,63,Female,Oceania,Retail,Sales Representative,Onsite,36,Depression,Medium,4,Shoulder Pain; Eye Strain,3,$80K-100K,
6/16/2025,55,Male,North America,Manufacturing,Project Manager,Remote,40,PTSD,Medium,2,Back Pain; Eye Strain; Neck Pain,1,$60K-80K,
6/16/2025,54,Male,Africa,Manufacturing,Data Analyst,Remote,43,ADHD,Medium,2,Back Pain; Shoulder Pain; Eye Strain,5,$40K-60K,
6/16/2025,29,Female,Europe,Professional Services,Quality Assurance,Hybrid,56,Anxiety,Low,4,Back Pain; Eye Strain,3,$60K-80K,
6/16/2025,51,Female,Africa,Technology,Software Engineer,Remote,53,Stress Disorder,Medium,2,Back Pain,1,$80K-100K,
6/16/2025,26,Male,Africa,Healthcare,Business Analyst,Hybrid,44,Stress Disorder,Low,4,Back Pain; Shoulder Pain; Eye Strain,4,$40K-60K,
6/16/2025,28,Male,Africa,Technology,Data Analyst,Hybrid,40,Stress Disorder,Medium,3,Shoulder Pain,4,$40K-60K,
6/16/2025,41,Female,South America,Finance,Content Writer,Hybrid,36,None,Medium,2,Back Pain; Eye Strain,4,$120K+,
6/16/2025,59,Female,Europe,Professional Services,Data Scientist,Hybrid,52,None,High,2,Back Pain; Neck Pain,1,$100K-120K,
6/16/2025,51,Female,Oceania,Finance,Customer Service Manager,Onsite,47,ADHD,High,4,Eye Strain,4,$60K-80K,
6/16/2025,50,Male,Asia,Professional Services,Product Manager,Hybrid,40,PTSD,Medium,3,Back Pain; Shoulder Pain,4,$60K-80K,
6/16/2025,35,Non-binary,Asia,Professional Services,Account Manager,Onsite,65,PTSD,Low,3,Back Pain; Eye Strain,3,$60K-80K,
6/16/2025,44,Male,South America,Professional Services,HR Manager,Onsite,39,Anxiety,High,1,Back Pain; Shoulder Pain,5,$80K-100K,
6/16/2025,32,Female,South America,Professional Services,Operations Manager,Hybrid,58,None,Medium,3,Back Pain; Shoulder Pain,3,$40K-60K,
6/16/2025,45,Female,Oceania,Finance,Project Manager,Onsite,37,Depression,Low,5,Back Pain; Shoulder Pain,2,$80K-100K,
6/16/2025,58,Male,North America,Finance,Customer Service Manager,Hybrid,63,Depression,Medium,4,Eye Strain,1,$80K-100K,
6/16/2025,52,Female,North America,Professional Services,UX Designer,Onsite,39,Stress Disorder,Medium,3,Back Pain; Shoulder Pain; Eye Strain,1,$80K-100K,
6/16/2025,40,Female,Europe,Professional Services,Software Engineer,Hybrid,39,ADHD,High,4,Eye Strain,4,$60K-80K,
6/16/2025,51,Female,Europe,Professional Services,UX Designer,Remote,57,Anxiety,Medium,5,Eye Strain,5,$120K+,
6/16/2025,24,Male,North America,Education,DevOps Engineer,Onsite,61,Burnout,Low,3,Shoulder Pain; Neck Pain,2,$40K-60K,
6/16/2025,56,Male,South America,Professional Services,Data Scientist,Remote,39,ADHD,Medium,2,Back Pain,4,$120K+,
6/16/2025,32,Female,Oceania,Customer Service,Business Analyst,Remote,42,ADHD,High,3,Shoulder Pain; Eye Strain,4,$80K-100K,
6/16/2025,40,Male,Asia,Retail,Business Analyst,Onsite,44,Burnout,Medium,2,Back Pain,2,$60K-80K,
6/16/2025,31,Female,North America,Technology,Product Manager,Hybrid,44,None,High,3,Back Pain; Shoulder Pain; Eye Strain; Neck Pain,2,$60K-80K,
6/16/2025,42,Female,South America,Technology,Project Manager,Remote,56,None,High,4,Eye Strain; Wrist Pain,2,$60K-80K,
6/16/2025,38,Male,Europe,Marketing,Product Manager,Hybrid,64,Burnout,High,4,Back Pain; Shoulder Pain,3,$80K-100K,
6/16/2025,56,Female,Europe,Finance,Research Scientist,Onsite,42,Burnout,Low,4,Back Pain; Eye Strain,4,$80K-100K,
6/16/2025,30,Male,South America,Manufacturing,Account Manager,Hybrid,38,Stress Disorder,Medium,4,Eye Strain,2,$40K-60K,
6/16/2025,29,Male,Oceania,Technology,Software Engineer,Hybrid,56,PTSD,High,3,Back Pain; Shoulder Pain,3,$80K-100K,
6/16/2025,30,Male,Europe,Customer Service,Social Media Manager,Onsite,54,Anxiety,Medium,5,Eye Strain; Wrist Pain,1,$100K-120K,
6/16/2025,62,Female,South America,Technology,Digital Marketing Specialist,Hybrid,50,None,Low,3,Back Pain; Neck Pain,2,$40K-60K,
6/16/2025,30,Female,Asia,Finance,HR Manager,Hybrid,35,None,High,3,Back Pain; Eye Strain; Neck Pain; Wrist Pain,5,$60K-80K,
6/16/2025,37,Male,North America,Professional Services,Business Analyst,Hybrid,45,None,Medium,5,Shoulder Pain,4,$80K-100K,
6/16/2025,59,Male,Africa,Education,Financial Analyst,Onsite,52,Stress Disorder,Low,2,Shoulder Pain; Eye Strain,3,$100K-120K,
6/16/2025,40,Male,Africa,Professional Services,Product Manager,Remote,65,Stress Disorder,Medium,3,Eye Strain,3,$80K-100K,
6/16/2025,39,Female,Europe,Finance,Software Engineer,Hybrid,40,PTSD,High,2,Shoulder Pain; Eye Strain,3,$120K+,
6/16/2025,26,Female,South America,Marketing,Content Writer,Onsite,40,PTSD,Low,2,Back Pain; Shoulder Pain,5,$60K-80K,
6/16/2025,36,Female,Oceania,Finance,Data Scientist,Onsite,65,ADHD,Medium,3,Back Pain; Shoulder Pain,3,$100K-120K,
6/16/2025,52,Male,Asia,Professional Services,HR Manager,Hybrid,43,PTSD,High,2,Back Pain; Shoulder Pain; Wrist Pain,4,$60K-80K,
6/16/2025,47,Male,North America,Manufacturing,Content Writer,Onsite,62,Burnout,High,3,Back Pain; Shoulder Pain,2,$80K-100K,
6/16/2025,28,Male,South America,Technology,Technical Writer,Hybrid,47,None,Medium,3,None,4,$100K-120K,
6/16/2025,32,Male,South America,Education,Social Media Manager,Onsite,50,None,Low,3,Back Pain,3,$60K-80K,
6/16/2025,49,Male,Oceania,Professional Services,Data Analyst,Hybrid,37,Anxiety,Medium,4,None,1,$100K-120K,
6/16/2025,61,Male,Africa,Manufacturing,Product Manager,Hybrid,46,Stress Disorder,Medium,3,Eye Strain,2,$40K-60K,
6/16/2025,62,Female,Africa,Healthcare,UX Designer,Onsite,54,Depression,High,4,Back Pain; Shoulder Pain; Eye Strain; Neck Pain,3,$40K-60K,
6/16/2025,28,Male,Oceania,Professional Services,Quality Assurance,Onsite,63,Depression,Medium,3,Neck Pain,3,$60K-80K,
6/16/2025,42,Female,North America,Technology,Research Scientist,Onsite,63,Anxiety,High,5,Shoulder Pain; Eye Strain,2,$60K-80K,
6/16/2025,26,Male,South America,Technology,Executive Assistant,Hybrid,48,Stress Disorder,High,2,Back Pain; Neck Pain,3,$60K-80K,
6/16/2025,58,Male,Oceania,Finance,Data Analyst,Remote,53,Burnout,High,3,Back Pain; Eye Strain,5,$40K-60K,
6/16/2025,24,Female,Europe,Professional Services,IT Support,Remote,43,PTSD,High,3,Back Pain; Shoulder Pain; Eye Strain,4,$80K-100K,
6/16/2025,56,Male,Oceania,Finance,UX Designer,Remote,38,Stress Disorder,Low,3,Back Pain; Neck Pain; Wrist Pain,2,$40K-60K,
6/16/2025,44,Male,North America,Customer Service,Research Scientist,Onsite,54,Stress Disorder,Medium,4,Shoulder Pain,3,$80K-100K,
6/16/2025,33,Male,Europe,Education,Data Analyst,Onsite,38,Anxiety,High,4,Wrist Pain,1,$80K-100K,
6/16/2025,31,Female,Europe,Marketing,DevOps Engineer,Onsite,36,None,Medium,3,Back Pain; Eye Strain,2,$80K-100K,
6/16/2025,62,Female,Europe,Marketing,Data Scientist,Hybrid,40,ADHD,High,4,Back Pain,4,$60K-80K,
6/16/2025,27,Male,Oceania,Healthcare,Digital Marketing Specialist,Hybrid,46,None,Medium,3,None,3,$80K-100K,
6/16/2025,24,Female,Oceania,Technology,Digital Marketing Specialist,Onsite,62,Anxiety,Low,4,None,1,$60K-80K,
6/16/2025,32,Male,Europe,Technology,Marketing Specialist,Hybrid,36,PTSD,Medium,3,Shoulder Pain,3,$80K-100K,
6/16/2025,24,Female,North America,Manufacturing,Financial Analyst,Onsite,39,Burnout,Medium,4,Back Pain; Eye Strain; Neck Pain,2,$80K-100K,
6/16/2025,65,Male,North America,Manufacturing,Technical Writer,Onsite,39,Depression,High,4,Eye Strain,4,$100K-120K,
6/16/2025,31,Female,Asia,Professional Services,Operations Manager,Onsite,36,Burnout,Low,4,None,1,$40K-60K,
6/16/2025,27,Female,South America,Retail,Data Analyst,Hybrid,40,Burnout,Low,1,Back Pain,4,$60K-80K,
6/16/2025,63,Male,Africa,Retail,Account Manager,Hybrid,38,None,High,1,Back Pain; Eye Strain,2,$60K-80K,
6/16/2025,38,Female,Africa,Customer Service,Business Analyst,Hybrid,40,ADHD,High,4,Back Pain; Shoulder Pain,2,$40K-60K,
6/16/2025,49,Male,Asia,Technology,Digital Marketing Specialist,Onsite,36,PTSD,Low,3,Back Pain; Shoulder Pain; Eye Strain,2,$60K-80K,
6/16/2025,39,Male,Asia,Finance,Data Analyst,Onsite,58,None,Medium,3,Shoulder Pain,3,$80K-100K,
6/16/2025,30,Male,Asia,Retail,Account Manager,Hybrid,55,Anxiety,Low,3,Eye Strain,4,$60K-80K,
6/16/2025,46,Female,Oceania,Customer Service,Business Analyst,Hybrid,61,Stress Disorder,Medium,2,Wrist Pain,3,$40K-60K,
6/16/2025,39,Female,Asia,Professional Services,Technical Writer,Hybrid,49,Anxiety,Medium,3,Eye Strain,3,$120K+,
6/16/2025,37,Male,Oceania,Marketing,Research Scientist,Onsite,35,ADHD,Low,3,Neck Pain,2,$80K-100K,
6/16/2025,43,Female,Europe,Marketing,Research Scientist,Onsite,37,PTSD,Low,3,Neck Pain,1,$80K-100K,
6/16/2025,29,Male,Oceania,Education,Quality Assurance,Onsite,56,Depression,Medium,3,Back Pain; Shoulder Pain; Eye Strain; Neck Pain,2,$40K-60K,
6/16/2025,34,Female,Africa,Technology,Data Scientist,Onsite,36,Depression,Medium,4,Back Pain; Shoulder Pain; Wrist Pain,5,$120K+,
6/16/2025,38,Male,Europe,Professional Services,IT Support,Hybrid,45,Burnout,Medium,4,Shoulder Pain,3,$60K-80K,
6/16/2025,64,Female,Asia,Manufacturing,Quality Assurance,Onsite,55,Anxiety,Medium,1,None,1,$80K-100K,
6/16/2025,42,Female,North America,Manufacturing,Data Analyst,Onsite,50,PTSD,Low,5,Shoulder Pain,1,$60K-80K,
6/16/2025,55,Female,Africa,Manufacturing,Software Engineer,Hybrid,48,None,High,4,Back Pain; Eye Strain,3,$100K-120K,
6/16/2025,65,Non-binary,Europe,Professional Services,Software Engineer,Hybrid,54,None,High,3,Shoulder Pain; Eye Strain,4,$120K+,
6/16/2025,56,Male,South America,Professional Services,Content Writer,Onsite,60,ADHD,High,1,Neck Pain,3,$60K-80K,
6/16/2025,49,Female,Oceania,Manufacturing,UX Designer,Onsite,44,None,High,4,Back Pain; Eye Strain,1,$80K-100K,
6/16/2025,43,Male,Oceania,Manufacturing,Data Scientist,Hybrid,36,Stress Disorder,High,3,Eye Strain,3,$100K-120K,
6/16/2025,60,Non-binary,Africa,Technology,IT Support,Hybrid,50,None,High,3,Shoulder Pain; Neck Pain,3,$100K-120K,
6/16/2025,41,Male,Oceania,Technology,Quality Assurance,Remote,43,Stress Disorder,Low,3,Eye Strain,4,$120K+,
6/16/2025,47,Male,South America,Retail,DevOps Engineer,Onsite,60,Depression,Medium,4,Back Pain; Shoulder Pain,1,$100K-120K,
6/16/2025,62,Female,Europe,Technology,Technical Writer,Hybrid,46,Anxiety,High,3,Back Pain; Shoulder Pain,1,$100K-120K,
6/16/2025,64,Female,Oceania,Customer Service,Product Manager,Onsite,42,PTSD,Medium,1,Shoulder Pain; Eye Strain,2,$80K-100K,
6/16/2025,38,Male,North America,Marketing,Marketing Specialist,Onsite,37,None,Medium,3,Shoulder Pain; Wrist Pain,2,$40K-60K,
6/16/2025,31,Female,Africa,Technology,Account Manager,Hybrid,55,Stress Disorder,Medium,2,Eye Strain,5,$80K-100K,
6/16/2025,60,Male,Europe,Manufacturing,Sales Representative,Onsite,64,None,High,1,None,2,$100K-120K,
6/16/2025,41,Male,Asia,Healthcare,Product Manager,Onsite,51,PTSD,High,3,Back Pain; Shoulder Pain; Eye Strain,4,$100K-120K,
6/16/2025,49,Female,Africa,Technology,Research Scientist,Remote,43,Stress Disorder,High,3,Eye Strain,1,$60K-80K,
6/16/2025,25,Female,Africa,Customer Service,Social Media Manager,Onsite,38,Stress Disorder,High,3,Shoulder Pain; Eye Strain; Wrist Pain,2,$40K-60K,
6/16/2025,54,Female,Oceania,Customer Service,Account Manager,Onsite,63,Stress Disorder,Medium,1,Back Pain; Eye Strain,2,$80K-100K,
6/16/2025,62,Male,Asia,Professional Services,Content Writer,Onsite,47,Depression,Medium,4,None,1,$60K-80K,
6/16/2025,26,Male,Africa,Customer Service,HR Manager,Hybrid,44,Anxiety,High,4,Back Pain; Eye Strain; Wrist Pain,2,$60K-80K,
6/16/2025,30,Female,Africa,Manufacturing,Research Scientist,Onsite,45,Anxiety,Medium,1,Eye Strain; Neck Pain,3,$60K-80K,
6/16/2025,59,Female,Asia,Healthcare,DevOps Engineer,Onsite,40,Burnout,High,4,Back Pain; Shoulder Pain; Eye Strain; Neck Pain,3,$100K-120K,
6/17/2025,34,Male,Oceania,Customer Service,Research Scientist,Hybrid,57,None,High,3,Back Pain,2,$60K-80K,
6/17/2025,32,Female,Europe,Manufacturing,Product Manager,Hybrid,55,None,High,3,Shoulder Pain; Eye Strain,2,$80K-100K,
6/17/2025,33,Male,South America,Professional Services,Product Manager,Hybrid,47,ADHD,Low,1,Back Pain; Shoulder Pain; Eye Strain; Neck Pain,3,$80K-100K,
6/17/2025,45,Male,Europe,Technology,Consultant,Remote,51,PTSD,High,2,Back Pain; Eye Strain,4,$80K-100K,
6/17/2025,61,Female,South America,Technology,Marketing Specialist,Onsite,52,Anxiety,Low,4,Shoulder Pain; Neck Pain,5,$100K-120K,
6/17/2025,64,Male,South America,Professional Services,Quality Assurance,Onsite,54,Stress Disorder,Medium,3,None,4,$60K-80K,
6/17/2025,54,Female,South America,Manufacturing,Operations Manager,Remote,65,Anxiety,Medium,3,Neck Pain,1,$60K-80K,
6/17/2025,24,Male,Oceania,Professional Services,IT Support,Hybrid,60,Anxiety,Medium,4,Neck Pain,4,$60K-80K,
6/17/2025,42,Male,South America,Technology,Project Manager,Hybrid,39,Burnout,Medium,3,Back Pain; Shoulder Pain; Eye Strain,3,$40K-60K,
6/17/2025,45,Prefer not to say,Asia,Finance,IT Support,Remote,60,Stress Disorder,Low,5,Eye Strain,5,$80K-100K,
6/17/2025,39,Female,South America,Manufacturing,Account Manager,Hybrid,62,None,High,1,None,5,$60K-80K,
6/17/2025,48,Male,Asia,Manufacturing,HR Manager,Hybrid,45,ADHD,Medium,3,Wrist Pain,4,$40K-60K,
6/17/2025,47,Male,North America,Manufacturing,Quality Assurance,Onsite,60,ADHD,High,3,Eye Strain; Wrist Pain,2,$100K-120K,
6/17/2025,34,Male,North America,Technology,Customer Service Manager,Onsite,49,ADHD,Medium,2,Back Pain; Eye Strain; Neck Pain,1,$60K-80K,
6/17/2025,65,Female,South America,Manufacturing,UX Designer,Hybrid,35,Stress Disorder,High,2,Eye Strain,5,$40K-60K,
6/17/2025,44,Female,North America,Marketing,Consultant,Onsite,41,Stress Disorder,Low,3,Shoulder Pain; Neck Pain; Wrist Pain,1,$80K-100K,
6/17/2025,53,Male,South America,Finance,IT Support,Onsite,42,Stress Disorder,High,3,Eye Strain,3,$120K+,
6/17/2025,45,Male,Europe,Healthcare,Financial Analyst,Onsite,52,Stress Disorder,Low,3,Back Pain; Shoulder Pain; Eye Strain,2,$100K-120K,
6/17/2025,56,Non-binary,Oceania,Finance,UX Designer,Hybrid,63,ADHD,Medium,2,None,1,$60K-80K,
6/17/2025,30,Male,Oceania,Finance,Project Manager,Onsite,54,PTSD,Low,5,Back Pain; Neck Pain,1,$80K-100K,
6/17/2025,34,Female,Europe,Professional Services,Business Analyst,Onsite,45,ADHD,Low,2,None,2,$80K-100K,
6/17/2025,63,Female,Africa,Professional Services,IT Support,Onsite,52,ADHD,High,3,Eye Strain,2,$60K-80K,
6/17/2025,61,Male,Europe,Finance,Marketing Specialist,Onsite,51,ADHD,High,5,Back Pain; Shoulder Pain; Eye Strain; Neck Pain,2,$100K-120K,
6/17/2025,53,Non-binary,Europe,Professional Services,Digital Marketing Specialist,Remote,36,None,High,3,Shoulder Pain; Neck Pain; Wrist Pain,2,$80K-100K,
6/17/2025,51,Male,Europe,Technology,UX Designer,Hybrid,41,Stress Disorder,Low,2,Back Pain; Neck Pain,1,$60K-80K,
6/17/2025,32,Male,Europe,Finance,Quality Assurance,Hybrid,55,None,Low,4,Shoulder Pain,4,$120K+,
6/17/2025,50,Female,South America,Technology,Financial Analyst,Hybrid,62,ADHD,Low,3,Back Pain; Wrist Pain,3,$60K-80K,
6/17/2025,37,Female,Asia,Technology,Software Engineer,Remote,50,Burnout,Medium,4,Back Pain; Eye Strain,4,$80K-100K,
6/17/2025,49,Female,South America,Healthcare,Software Engineer,Onsite,56,ADHD,Medium,2,Back Pain; Shoulder Pain; Neck Pain,2,$80K-100K,
6/17/2025,39,Female,Africa,Customer Service,Project Manager,Onsite,64,ADHD,Low,4,Eye Strain,3,$60K-80K,
6/17/2025,26,Non-binary,Asia,Manufacturing,Project Manager,Hybrid,48,Burnout,Medium,4,None,1,$60K-80K,
6/17/2025,45,Male,Asia,Marketing,Content Writer,Onsite,54,PTSD,High,5,Shoulder Pain; Neck Pain,2,$40K-60K,
6/17/2025,26,Male,Africa,Healthcare,Digital Marketing Specialist,Remote,36,Anxiety,Medium,1,Back Pain; Shoulder Pain,3,$60K-80K,
6/17/2025,40,Female,Oceania,Education,Account Manager,Onsite,37,ADHD,High,2,None,1,$80K-100K,
6/17/2025,51,Female,South America,Professional Services,Digital Marketing Specialist,Onsite,39,None,Medium,4,None,4,$40K-60K,
6/17/2025,23,Male,Asia,Marketing,Financial Analyst,Hybrid,61,None,Medium,4,Back Pain; Shoulder Pain; Eye Strain,5,$100K-120K,
6/17/2025,43,Female,Africa,Retail,UX Designer,Hybrid,35,Anxiety,Low,3,Neck Pain,3,$60K-80K,
6/17/2025,51,Male,Oceania,Professional Services,Social Media Manager,Onsite,64,PTSD,Medium,1,Back Pain; Shoulder Pain; Eye Strain,3,$60K-80K,
6/17/2025,34,Female,Oceania,Customer Service,Quality Assurance,Remote,36,None,High,3,Shoulder Pain; Eye Strain,3,$40K-60K,
6/17/2025,45,Female,Asia,Professional Services,DevOps Engineer,Onsite,40,Stress Disorder,Low,4,Shoulder Pain; Eye Strain; Neck Pain,3,$100K-120K,
6/17/2025,33,Male,Europe,Marketing,Sales Representative,Onsite,62,Burnout,Medium,1,Shoulder Pain; Eye Strain; Neck Pain,1,$100K-120K,
6/17/2025,41,Female,South America,Education,Product Manager,Remote,53,Burnout,High,4,Back Pain; Shoulder Pain; Neck Pain,4,$80K-100K,
6/17/2025,36,Non-binary,South America,Technology,Digital Marketing Specialist,Hybrid,45,None,Medium,3,Eye Strain; Neck Pain,2,$40K-60K,
6/17/2025,37,Male,Asia,Technology,Sales Representative,Hybrid,40,Burnout,Medium,3,Back Pain; Shoulder Pain; Eye Strain; Neck Pain,3,$60K-80K,
6/17/2025,62,Female,Oceania,Professional Services,Social Media Manager,Onsite,46,PTSD,Low,4,Eye Strain,2,$80K-100K,
6/17/2025,56,Male,Asia,Professional Services,Operations Manager,Onsite,50,Depression,Low,3,None,2,$60K-80K,
6/17/2025,51,Female,Asia,Technology,IT Support,Onsite,65,Stress Disorder,Medium,3,Eye Strain,1,$80K-100K,
6/17/2025,31,Male,Asia,Manufacturing,Sales Representative,Hybrid,65,Depression,Low,2,Back Pain; Shoulder Pain; Neck Pain,1,$60K-80K,
6/17/2025,34,Female,South America,Finance,Consultant,Onsite,40,Depression,Medium,2,None,4,$60K-80K,
6/17/2025,63,Female,Asia,Finance,Operations Manager,Hybrid,37,Anxiety,Medium,1,Eye Strain,3,$120K+,
6/17/2025,58,Male,Africa,Professional Services,Quality Assurance,Remote,59,PTSD,Medium,3,Back Pain; Shoulder Pain; Eye Strain,2,$40K-60K,
6/17/2025,39,Male,Oceania,Retail,Business Analyst,Onsite,50,Depression,Medium,3,Shoulder Pain; Eye Strain; Wrist Pain,5,$60K-80K,
6/17/2025,57,Female,Asia,Marketing,Software Engineer,Onsite,63,Depression,High,3,Back Pain; Shoulder Pain,3,$100K-120K,
6/17/2025,33,Female,Europe,Education,Quality Assurance,Hybrid,55,Depression,High,2,Back Pain; Shoulder Pain,3,$80K-100K,
6/17/2025,36,Female,North America,Finance,IT Support,Onsite,42,Depression,Medium,2,Back Pain; Eye Strain,4,$80K-100K,
6/17/2025,49,Male,Europe,Technology,Operations Manager,Onsite,41,ADHD,High,3,Eye Strain,2,$120K+,
6/17/2025,27,Non-binary,South America,Technology,Marketing Specialist,Onsite,51,None,High,3,Back Pain; Eye Strain,2,$120K+,
6/17/2025,22,Female,South America,Professional Services,Research Scientist,Onsite,43,Burnout,Medium,3,Shoulder Pain; Neck Pain,2,$40K-60K,
6/17/2025,55,Male,South America,Professional Services,Software Engineer,Onsite,53,Burnout,High,3,None,2,$80K-100K,
6/17/2025,43,Female,Asia,Healthcare,Account Manager,Hybrid,37,Burnout,Medium,4,Eye Strain,1,$80K-100K,
6/17/2025,48,Male,Africa,Professional Services,Product Manager,Hybrid,64,Stress Disorder,Medium,2,Shoulder Pain; Eye Strain,1,$80K-100K,
6/17/2025,31,Female,South America,Manufacturing,Quality Assurance,Onsite,52,None,Medium,3,Back Pain; Shoulder Pain; Eye Strain,3,$60K-80K,
6/17/2025,30,Female,Africa,Education,Data Scientist,Onsite,61,ADHD,Medium,3,Back Pain,2,$120K+,
6/17/2025,27,Male,North America,Education,Project Manager,Onsite,59,Depression,Low,4,Shoulder Pain; Eye Strain; Wrist Pain,3,$100K-120K,
6/17/2025,34,Female,Oceania,Manufacturing,Executive Assistant,Hybrid,45,None,Medium,5,Shoulder Pain; Neck Pain,4,$80K-100K,
6/17/2025,50,Male,Europe,Manufacturing,Consultant,Hybrid,39,Burnout,Low,4,Back Pain; Neck Pain,2,$40K-60K,
6/17/2025,59,Male,South America,Finance,HR Manager,Onsite,56,Stress Disorder,High,1,Neck Pain,1,$60K-80K,
6/17/2025,46,Male,Oceania,Manufacturing,Sales Representative,Hybrid,50,None,Low,3,Back Pain; Shoulder Pain; Neck Pain,5,$100K-120K,
6/17/2025,22,Male,Asia,Professional Services,Social Media Manager,Onsite,44,ADHD,Medium,2,Back Pain; Shoulder Pain; Eye Strain; Neck Pain,2,$60K-80K,
6/17/2025,34,Female,Oceania,Education,Technical Writer,Onsite,42,None,Low,3,Back Pain,3,$60K-80K,
6/17/2025,57,Female,Asia,Customer Service,Technical Writer,Onsite,41,ADHD,Medium,3,Back Pain; Shoulder Pain; Eye Strain; Neck Pain; Wrist Pain,3,$120K+,
6/17/2025,27,Female,Africa,Technology,Operations Manager,Onsite,48,Depression,Medium,2,Shoulder Pain; Eye Strain,3,$60K-80K,
6/17/2025,41,Female,Oceania,Technology,Project Manager,Hybrid,36,None,Medium,3,Back Pain; Shoulder Pain,4,$60K-80K,
6/17/2025,41,Female,South America,Professional Services,Marketing Specialist,Onsite,62,Burnout,High,2,Back Pain; Eye Strain,5,$60K-80K,
6/17/2025,24,Female,Oceania,Professional Services,Product Manager,Remote,40,PTSD,Medium,4,Back Pain; Eye Strain; Neck Pain,4,$60K-80K,
6/17/2025,57,Female,South America,Professional Services,Data Analyst,Remote,41,Depression,Low,3,Back Pain,5,$40K-60K,
6/17/2025,30,Female,Asia,Marketing,DevOps Engineer,Onsite,48,Anxiety,Medium,4,None,3,$80K-100K,
6/17/2025,38,Female,Oceania,Professional Services,Account Manager,Hybrid,62,ADHD,Low,2,Back Pain,1,$80K-100K,
6/17/2025,38,Female,Africa,Manufacturing,Marketing Specialist,Hybrid,56,Anxiety,High,3,None,1,$60K-80K,
6/17/2025,29,Male,Asia,Professional Services,Financial Analyst,Hybrid,45,None,Low,1,Shoulder Pain; Eye Strain,3,$60K-80K,
6/17/2025,34,Female,Oceania,Finance,Account Manager,Remote,61,Stress Disorder,Low,2,Back Pain; Shoulder Pain; Eye Strain; Neck Pain,5,$100K-120K,
6/17/2025,22,Male,Asia,Professional Services,Social Media Manager,Onsite,44,PTSD,High,3,Shoulder Pain; Eye Strain,1,$120K+,
6/17/2025,51,Male,Europe,Technology,Marketing Specialist,Onsite,40,Anxiety,Medium,5,Eye Strain; Neck Pain,2,$80K-100K,
6/17/2025,38,Male,Asia,Manufacturing,DevOps Engineer,Hybrid,50,Depression,High,1,Shoulder Pain,1,$100K-120K,
6/17/2025,48,Female,Asia,Professional Services,Software Engineer,Hybrid,61,Burnout,Medium,2,Shoulder Pain; Eye Strain; Neck Pain,4,$120K+,
6/17/2025,30,Female,Oceania,Marketing,Quality Assurance,Remote,39,None,High,3,Shoulder Pain; Eye Strain,5,$40K-60K,
6/17/2025,37,Male,North America,Education,Operations Manager,Onsite,64,None,High,1,Back Pain; Shoulder Pain; Neck Pain,2,$80K-100K,
6/17/2025,50,Male,South America,Marketing,IT Support,Onsite,51,None,High,3,Back Pain; Shoulder Pain; Eye Strain; Neck Pain,4,$40K-60K,
6/17/2025,61,Female,South America,Retail,Digital Marketing Specialist,Hybrid,44,Stress Disorder,Low,3,Back Pain; Shoulder Pain; Neck Pain,3,$80K-100K,
6/17/2025,36,Female,North America,Manufacturing,Quality Assurance,Remote,44,None,Medium,1,Shoulder Pain,3,$40K-60K,
6/17/2025,58,Female,Europe,Education,Content Writer,Onsite,56,Depression,Medium,3,Eye Strain; Neck Pain,1,$40K-60K,
6/17/2025,56,Male,Oceania,Professional Services,Software Engineer,Onsite,61,PTSD,Medium,3,Neck Pain,5,$120K+,
6/17/2025,57,Male,South America,Finance,Operations Manager,Onsite,58,None,Medium,2,Shoulder Pain; Eye Strain,3,$60K-80K,
6/17/2025,57,Male,Europe,Healthcare,IT Support,Onsite,43,None,High,3,Eye Strain,1,$60K-80K,
6/17/2025,48,Male,Europe,Retail,Software Engineer,Onsite,57,None,Medium,2,Shoulder Pain,2,$120K+,
6/17/2025,55,Non-binary,Asia,Finance,Software Engineer,Hybrid,64,Burnout,High,3,Wrist Pain,2,$60K-80K,
6/17/2025,65,Male,North America,Marketing,IT Support,Hybrid,48,None,Medium,3,Shoulder Pain,2,$40K-60K,
6/17/2025,48,Female,South America,Marketing,Sales Representative,Onsite,47,Stress Disorder,Medium,4,Shoulder Pain; Eye Strain; Neck Pain,1,$40K-60K,
6/17/2025,40,Male,North America,Manufacturing,Data Analyst,Onsite,47,None,Low,2,Back Pain; Shoulder Pain; Eye Strain,1,$60K-80K,
6/17/2025,64,Male,Africa,Technology,DevOps Engineer,Remote,45,Burnout,High,3,Shoulder Pain,4,$100K-120K,
6/17/2025,60,Male,North America,Education,Customer Service Manager,Hybrid,60,Anxiety,Low,1,Shoulder Pain,3,$60K-80K,
6/17/2025,27,Female,Africa,Education,Research Scientist,Onsite,43,Depression,High,5,Back Pain; Eye Strain,1,$60K-80K,
6/17/2025,59,Female,Africa,Finance,Quality Assurance,Hybrid,59,None,Medium,3,Neck Pain,2,$40K-60K,
6/17/2025,57,Male,Oceania,Professional Services,IT Support,Onsite,42,Depression,Medium,4,Back Pain; Eye Strain,3,$40K-60K,
6/17/2025,44,Prefer not to say,Asia,Professional Services,Data Analyst,Hybrid,58,None,High,3,Shoulder Pain,3,$60K-80K,
6/17/2025,39,Non-binary,North America,Professional Services,Quality Assurance,Hybrid,40,None,High,3,Shoulder Pain,3,$60K-80K,
6/17/2025,59,Prefer not to say,Europe,Manufacturing,Sales Representative,Hybrid,46,Depression,Low,2,Eye Strain,1,$60K-80K,
6/17/2025,31,Female,Europe,Manufacturing,Business Analyst,Hybrid,59,Stress Disorder,High,4,Back Pain,3,$80K-100K,
6/17/2025,27,Male,Africa,Marketing,IT Support,Hybrid,43,Burnout,High,3,Back Pain; Shoulder Pain,2,$80K-100K,
6/17/2025,53,Female,Europe,Technology,DevOps Engineer,Hybrid,63,Anxiety,High,2,Back Pain; Shoulder Pain; Eye Strain,1,$120K+,
6/17/2025,56,Female,Oceania,Technology,Research Scientist,Remote,55,ADHD,High,3,None,3,$40K-60K,
6/17/2025,31,Male,North America,Professional Services,HR Manager,Onsite,48,ADHD,Medium,3,Back Pain; Eye Strain,1,$60K-80K,
6/17/2025,58,Male,South America,Professional Services,Product Manager,Onsite,61,ADHD,High,3,Back Pain; Shoulder Pain; Neck Pain,2,$100K-120K,
6/17/2025,37,Female,Europe,Retail,Social Media Manager,Onsite,54,None,Medium,5,Back Pain; Eye Strain,3,$100K-120K,
6/17/2025,55,Male,South America,Finance,HR Manager,Onsite,38,None,Low,1,Back Pain; Eye Strain,2,$80K-100K,
6/17/2025,57,Male,Asia,Professional Services,Marketing Specialist,Remote,35,Stress Disorder,High,2,Wrist Pain,4,$120K+,
6/17/2025,46,Male,Asia,Education,Operations Manager,Onsite,54,ADHD,Medium,1,Shoulder Pain; Eye Strain; Neck Pain,5,$60K-80K,
6/17/2025,46,Female,South America,Healthcare,Social Media Manager,Onsite,59,Burnout,Medium,4,Back Pain; Shoulder Pain; Wrist Pain,2,$60K-80K,
6/17/2025,29,Male,Europe,Finance,Project Manager,Remote,40,Stress Disorder,Medium,5,Shoulder Pain; Eye Strain,4,$100K-120K,
6/17/2025,47,Female,North America,Technology,Software Engineer,Onsite,47,None,High,5,Back Pain; Neck Pain,1,$80K-100K,
6/18/2025,37,Female,Asia,Healthcare,Data Scientist,Onsite,50,Anxiety,Medium,1,Back Pain; Shoulder Pain; Eye Strain; Wrist Pain,1,$80K-100K,
6/18/2025,33,Male,Oceania,Customer Service,Data Scientist,Onsite,39,PTSD,High,3,Back Pain; Shoulder Pain,4,$60K-80K,
6/18/2025,39,Female,Europe,Education,Business Analyst,Onsite,62,ADHD,High,2,Back Pain; Shoulder Pain; Eye Strain,2,$60K-80K,
6/18/2025,63,Male,South America,Technology,Executive Assistant,Hybrid,37,Stress Disorder,High,3,Shoulder Pain; Neck Pain,4,$80K-100K,
6/18/2025,32,Male,Africa,Retail,Software Engineer,Hybrid,56,Anxiety,Medium,2,None,3,$40K-60K,
6/18/2025,43,Male,Asia,Technology,Operations Manager,Hybrid,43,ADHD,Low,1,Shoulder Pain,4,$80K-100K,
6/18/2025,39,Female,South America,Technology,Software Engineer,Hybrid,65,None,Medium,2,Shoulder Pain; Eye Strain; Neck Pain,2,$120K+,
6/18/2025,46,Male,Africa,Education,Financial Analyst,Hybrid,41,Anxiety,Medium,4,Back Pain; Shoulder Pain,3,$80K-100K,
6/18/2025,33,Female,South America,Technology,Technical Writer,Onsite,36,None,Low,3,Wrist Pain,1,$120K+,
6/18/2025,38,Female,South America,Technology,Consultant,Hybrid,46,Anxiety,Medium,3,Back Pain; Shoulder Pain; Eye Strain; Wrist Pain,4,$60K-80K,
6/18/2025,47,Female,Europe,Manufacturing,Marketing Specialist,Hybrid,48,None,High,2,Back Pain; Shoulder Pain; Eye Strain; Neck Pain; Wrist Pain,4,$60K-80K,
6/18/2025,41,Female,North America,Professional Services,IT Support,Onsite,41,PTSD,High,1,Shoulder Pain; Eye Strain,3,$60K-80K,
6/18/2025,59,Female,Asia,Technology,Executive Assistant,Remote,61,None,Medium,4,Eye Strain,3,$40K-60K,
6/18/2025,47,Female,Europe,Finance,Content Writer,Hybrid,39,Anxiety,High,5,Shoulder Pain; Eye Strain; Neck Pain,2,$40K-60K,
6/18/2025,31,Female,Oceania,Retail,Sales Representative,Onsite,55,PTSD,High,1,Back Pain; Eye Strain,2,$60K-80K,
6/18/2025,44,Male,Europe,Retail,Digital Marketing Specialist,Remote,35,ADHD,Low,2,Back Pain,4,$40K-60K,
6/18/2025,26,Male,Oceania,Manufacturing,Marketing Specialist,Hybrid,39,Burnout,High,2,Shoulder Pain; Eye Strain,3,$60K-80K,
6/18/2025,53,Female,North America,Technology,Data Scientist,Onsite,55,ADHD,Medium,3,Shoulder Pain; Eye Strain,2,$80K-100K,
6/18/2025,48,Female,North America,Healthcare,Technical Writer,Onsite,48,Stress Disorder,High,4,Back Pain; Shoulder Pain; Neck Pain; Wrist Pain,2,$60K-80K,
6/18/2025,26,Male,Oceania,Professional Services,Data Analyst,Remote,56,Stress Disorder,Medium,4,Neck Pain,2,$100K-120K,
6/18/2025,62,Male,North America,Technology,Digital Marketing Specialist,Onsite,57,Stress Disorder,High,2,Eye Strain,2,$40K-60K,
6/18/2025,36,Female,Oceania,Finance,Content Writer,Remote,44,PTSD,Medium,1,Back Pain; Shoulder Pain,4,$80K-100K,
6/18/2025,46,Male,Europe,Healthcare,Business Analyst,Hybrid,56,None,Medium,4,Eye Strain,1,$60K-80K,
6/18/2025,53,Female,North America,Finance,Marketing Specialist,Onsite,63,ADHD,High,2,Back Pain; Shoulder Pain; Wrist Pain,5,$120K+,
6/18/2025,22,Female,Africa,Education,Software Engineer,Onsite,46,PTSD,Medium,4,Back Pain; Shoulder Pain; Eye Strain; Neck Pain,2,$80K-100K,
6/18/2025,52,Male,Africa,Manufacturing,Business Analyst,Hybrid,39,Depression,Medium,4,None,1,$80K-100K,
6/18/2025,53,Female,Africa,Retail,UX Designer,Onsite,60,None,Medium,5,Back Pain; Eye Strain,5,$40K-60K,
6/18/2025,53,Male,Oceania,Professional Services,Operations Manager,Onsite,51,PTSD,Medium,1,Back Pain,5,$80K-100K,
6/18/2025,38,Male,North America,Professional Services,Technical Writer,Hybrid,59,PTSD,Low,3,Eye Strain,4,$60K-80K,
6/18/2025,22,Female,Asia,Technology,Technical Writer,Hybrid,57,ADHD,Medium,4,Back Pain,2,$40K-60K,
6/18/2025,52,Female,Europe,Professional Services,Technical Writer,Onsite,42,Stress Disorder,Low,4,Back Pain; Eye Strain; Wrist Pain,2,$40K-60K,
6/18/2025,52,Female,South America,Education,Social Media Manager,Onsite,57,PTSD,Low,5,Back Pain; Shoulder Pain; Eye Strain; Wrist Pain,4,$80K-100K,
6/18/2025,42,Female,South America,Professional Services,Customer Service Manager,Onsite,50,Stress Disorder,Medium,3,Back Pain; Shoulder Pain; Eye Strain,3,$60K-80K,
6/18/2025,24,Male,Oceania,Manufacturing,IT Support,Remote,62,Burnout,Medium,1,Back Pain; Neck Pain,4,$60K-80K,
6/18/2025,65,Male,Oceania,Technology,Project Manager,Hybrid,55,Stress Disorder,Low,5,None,4,$60K-80K,
6/18/2025,61,Female,South America,Healthcare,Digital Marketing Specialist,Hybrid,47,None,Medium,2,Back Pain; Shoulder Pain,1,$60K-80K,
6/18/2025,22,Male,Asia,Manufacturing,Digital Marketing Specialist,Remote,58,None,Medium,5,None,2,$100K-120K,
6/18/2025,62,Female,North America,Retail,Business Analyst,Onsite,38,Burnout,Low,2,Back Pain; Shoulder Pain,2,$60K-80K,
6/18/2025,57,Female,South America,Marketing,IT Support,Onsite,56,Burnout,Medium,3,Shoulder Pain; Eye Strain; Neck Pain; Wrist Pain,5,$80K-100K,
6/18/2025,51,Male,South America,Marketing,Technical Writer,Hybrid,47,PTSD,High,1,Back Pain,4,$40K-60K,
6/18/2025,50,Male,Oceania,Technology,Executive Assistant,Hybrid,57,PTSD,Low,1,Back Pain,5,$60K-80K,
6/18/2025,57,Male,Europe,Manufacturing,Quality Assurance,Onsite,37,Anxiety,High,4,None,2,$80K-100K,
6/18/2025,47,Male,South America,Manufacturing,Business Analyst,Onsite,63,PTSD,Low,3,Back Pain; Neck Pain,1,$60K-80K,
6/18/2025,47,Male,South America,Marketing,DevOps Engineer,Hybrid,57,Stress Disorder,High,1,Eye Strain,3,$100K-120K,
6/18/2025,39,Male,Africa,Professional Services,Content Writer,Onsite,35,ADHD,Medium,3,None,2,$60K-80K,
6/18/2025,59,Male,South America,Retail,IT Support,Hybrid,50,Anxiety,Medium,3,Eye Strain,2,$80K-100K,
6/18/2025,52,Male,Africa,Education,HR Manager,Hybrid,62,PTSD,Low,3,Back Pain; Eye Strain,3,$80K-100K,
6/18/2025,28,Female,Europe,Customer Service,HR Manager,Remote,60,Depression,High,3,Back Pain; Eye Strain,4,$60K-80K,
6/18/2025,59,Female,North America,Manufacturing,Quality Assurance,Onsite,41,Depression,Low,2,Back Pain; Eye Strain,1,$60K-80K,
6/18/2025,30,Male,Asia,Professional Services,Financial Analyst,Hybrid,38,None,Medium,3,Back Pain; Shoulder Pain; Eye Strain,1,$60K-80K,
6/18/2025,25,Male,Oceania,Technology,Research Scientist,Remote,49,PTSD,Medium,2,Back Pain; Eye Strain,5,$60K-80K,
6/18/2025,53,Female,Asia,Education,Data Scientist,Hybrid,43,Burnout,Medium,3,Back Pain; Eye Strain,2,$120K+,
6/18/2025,27,Male,Europe,Professional Services,Account Manager,Onsite,60,None,Medium,1,Eye Strain; Neck Pain,2,$40K-60K,
6/18/2025,43,Female,Europe,Healthcare,UX Designer,Hybrid,57,Depression,High,2,Eye Strain,1,$60K-80K,
6/18/2025,34,Male,Europe,Retail,Operations Manager,Remote,60,PTSD,High,2,Back Pain; Shoulder Pain; Eye Strain; Wrist Pain,5,$100K-120K,
6/18/2025,24,Male,South America,Customer Service,Data Scientist,Onsite,65,ADHD,High,3,Shoulder Pain; Eye Strain; Wrist Pain,2,$100K-120K,
6/18/2025,22,Female,Europe,Retail,DevOps Engineer,Onsite,60,ADHD,Medium,3,Back Pain; Neck Pain; Wrist Pain,2,$120K+,
6/18/2025,48,Female,South America,Professional Services,Technical Writer,Onsite,62,Stress Disorder,High,5,Back Pain; Shoulder Pain; Eye Strain,3,$80K-100K,
6/18/2025,27,Non-binary,South America,Manufacturing,Quality Assurance,Remote,64,Anxiety,Medium,3,Shoulder Pain; Eye Strain; Neck Pain,4,$100K-120K,
6/18/2025,34,Female,Europe,Retail,Content Writer,Onsite,44,PTSD,Low,3,Neck Pain,3,$40K-60K,
6/18/2025,52,Male,North America,Retail,Social Media Manager,Onsite,64,Burnout,Medium,2,None,4,$120K+,
6/18/2025,23,Female,Oceania,Professional Services,Marketing Specialist,Hybrid,65,PTSD,High,3,None,3,$100K-120K,
6/18/2025,29,Non-binary,North America,Education,Project Manager,Onsite,43,Stress Disorder,Medium,5,Eye Strain,3,$60K-80K,
6/18/2025,62,Female,South America,Manufacturing,Executive Assistant,Onsite,51,PTSD,Medium,4,Back Pain,1,$60K-80K,
6/18/2025,28,Female,Asia,Manufacturing,Consultant,Remote,39,Anxiety,Medium,4,Eye Strain; Wrist Pain,4,$60K-80K,
6/18/2025,31,Female,Oceania,Professional Services,Customer Service Manager,Onsite,36,Depression,Medium,3,Back Pain; Shoulder Pain,3,$60K-80K,
6/18/2025,24,Male,North America,Healthcare,Product Manager,Onsite,48,PTSD,Medium,3,Back Pain; Shoulder Pain,2,$80K-100K,
6/18/2025,34,Female,North America,Professional Services,Content Writer,Onsite,46,Burnout,Medium,5,Back Pain; Shoulder Pain; Eye Strain; Neck Pain,1,$100K-120K,
6/18/2025,45,Female,South America,Education,Technical Writer,Onsite,46,ADHD,High,3,Eye Strain; Neck Pain,1,$80K-100K,
6/18/2025,42,Female,Asia,Professional Services,Quality Assurance,Onsite,44,None,Low,5,Back Pain; Shoulder Pain; Neck Pain,3,$120K+,
6/18/2025,35,Female,North America,Technology,Operations Manager,Remote,54,None,High,3,Eye Strain; Neck Pain,2,$40K-60K,
6/18/2025,24,Female,Oceania,Manufacturing,Customer Service Manager,Hybrid,45,None,Low,5,Back Pain; Shoulder Pain; Eye Strain; Neck Pain,3,$60K-80K,
6/18/2025,41,Female,North America,Healthcare,Quality Assurance,Onsite,53,ADHD,Low,3,Eye Strain,3,$60K-80K,
6/18/2025,25,Non-binary,South America,Professional Services,Software Engineer,Onsite,54,Anxiety,High,5,Back Pain; Shoulder Pain,1,$60K-80K,
6/18/2025,40,Female,South America,Finance,UX Designer,Remote,47,PTSD,Medium,2,Wrist Pain,3,$40K-60K,
6/18/2025,23,Male,Oceania,Professional Services,IT Support,Onsite,39,Burnout,Low,4,Back Pain; Shoulder Pain,1,$80K-100K,
6/18/2025,53,Male,Africa,Professional Services,Financial Analyst,Onsite,50,Anxiety,Medium,3,Eye Strain,2,$100K-120K,
6/18/2025,54,Male,Europe,Professional Services,Product Manager,Onsite,63,Anxiety,Low,3,Shoulder Pain; Eye Strain; Neck Pain,2,$80K-100K,
6/18/2025,61,Male,Europe,Finance,Research Scientist,Hybrid,56,None,Low,1,Back Pain,4,$80K-100K,
6/18/2025,31,Female,South America,Professional Services,Operations Manager,Hybrid,37,ADHD,High,4,None,4,$60K-80K,
6/18/2025,28,Female,Europe,Technology,Research Scientist,Hybrid,40,PTSD,Low,1,Back Pain; Eye Strain; Neck Pain,3,$60K-80K,
6/18/2025,58,Male,South America,Education,Financial Analyst,Remote,60,Depression,Low,5,None,3,$100K-120K,
6/18/2025,25,Female,Asia,Manufacturing,Sales Representative,Hybrid,44,ADHD,Medium,4,Back Pain; Shoulder Pain,3,$80K-100K,
6/18/2025,54,Female,South America,Professional Services,Research Scientist,Onsite,55,ADHD,Medium,3,Back Pain; Neck Pain,4,$60K-80K,
6/18/2025,39,Female,North America,Technology,Product Manager,Hybrid,37,Anxiety,High,3,Back Pain; Shoulder Pain; Eye Strain; Wrist Pain,1,$60K-80K,
6/18/2025,26,Prefer not to say,Africa,Education,Content Writer,Hybrid,59,ADHD,Low,4,Back Pain; Wrist Pain,4,$60K-80K,
6/18/2025,48,Female,Europe,Professional Services,HR Manager,Onsite,63,None,Low,2,Back Pain; Eye Strain,1,$60K-80K,
6/18/2025,36,Female,Asia,Healthcare,Business Analyst,Hybrid,58,PTSD,High,4,Wrist Pain,3,$100K-120K,
6/18/2025,61,Female,South America,Professional Services,Business Analyst,Hybrid,56,None,Low,1,Back Pain; Eye Strain; Neck Pain,3,$60K-80K,
6/18/2025,61,Male,South America,Technology,Project Manager,Hybrid,43,Burnout,Medium,2,None,2,$60K-80K,
6/18/2025,56,Female,South America,Technology,Social Media Manager,Onsite,52,None,Low,3,Back Pain; Eye Strain,2,$60K-80K,
6/18/2025,32,Male,Oceania,Technology,Social Media Manager,Onsite,64,Burnout,High,4,Shoulder Pain,2,$80K-100K,
6/18/2025,43,Male,Europe,Professional Services,Business Analyst,Onsite,64,Burnout,Medium,3,Back Pain; Shoulder Pain; Wrist Pain,1,$40K-60K,
6/18/2025,27,Male,Europe,Technology,HR Manager,Onsite,53,None,Low,4,Back Pain; Shoulder Pain,3,$60K-80K,
6/18/2025,51,Female,Europe,Technology,HR Manager,Hybrid,53,Stress Disorder,Medium,5,Shoulder Pain,1,$80K-100K,
6/18/2025,33,Male,South America,Customer Service,Digital Marketing Specialist,Onsite,53,ADHD,Medium,4,Shoulder Pain; Neck Pain,3,$80K-100K,
6/18/2025,29,Female,North America,Technology,Data Analyst,Onsite,52,None,Medium,3,Back Pain; Shoulder Pain,3,$40K-60K,
6/18/2025,50,Female,North America,Retail,Software Engineer,Remote,51,Depression,Medium,4,None,4,$80K-100K,
6/18/2025,55,Female,Africa,Technology,Account Manager,Hybrid,41,None,Medium,2,Back Pain; Eye Strain,1,$60K-80K,
6/18/2025,22,Female,Africa,Manufacturing,Customer Service Manager,Onsite,60,None,Medium,4,Eye Strain,2,$120K+,
6/18/2025,40,Male,Oceania,Technology,Data Analyst,Hybrid,48,Stress Disorder,High,4,Shoulder Pain; Neck Pain,1,$80K-100K,
6/18/2025,28,Male,Africa,Education,Content Writer,Onsite,36,Anxiety,Medium,3,Back Pain; Shoulder Pain; Eye Strain,3,$80K-100K,
6/18/2025,45,Female,South America,Manufacturing,Data Analyst,Onsite,53,ADHD,Low,3,Back Pain; Eye Strain,2,$80K-100K,
6/18/2025,62,Female,Africa,Marketing,Data Analyst,Remote,44,None,High,1,Eye Strain; Neck Pain; Wrist Pain,4,$60K-80K,
6/18/2025,53,Female,Asia,Professional Services,Sales Representative,Onsite,42,PTSD,Low,4,Eye Strain; Neck Pain,1,$80K-100K,
6/18/2025,37,Male,Europe,Education,Product Manager,Onsite,64,ADHD,Low,4,Back Pain,1,$120K+,
6/18/2025,45,Male,Asia,Professional Services,UX Designer,Onsite,51,PTSD,High,1,Shoulder Pain,4,$40K-60K,
6/18/2025,47,Male,Asia,Manufacturing,DevOps Engineer,Onsite,35,PTSD,High,3,Back Pain; Eye Strain,3,$100K-120K,
6/18/2025,61,Male,Oceania,Professional Services,Project Manager,Onsite,41,ADHD,High,2,Back Pain; Shoulder Pain; Eye Strain; Neck Pain,1,$100K-120K,
6/18/2025,36,Female,Africa,Healthcare,Sales Representative,Onsite,40,Burnout,Medium,2,Shoulder Pain,2,$80K-100K,
6/18/2025,41,Male,Africa,Professional Services,UX Designer,Onsite,41,Burnout,Low,4,Eye Strain; Neck Pain,3,$80K-100K,
6/18/2025,56,Female,Europe,Technology,Product Manager,Hybrid,52,Stress Disorder,Medium,3,Shoulder Pain; Eye Strain,1,$40K-60K,
6/18/2025,43,Male,Africa,Technology,Data Analyst,Remote,45,Stress Disorder,Medium,2,None,5,$60K-80K,
6/18/2025,50,Non-binary,Oceania,Marketing,Software Engineer,Hybrid,56,Depression,Medium,3,None,2,$120K+,
6/18/2025,35,Male,Africa,Professional Services,Data Analyst,Hybrid,47,None,High,1,Neck Pain,1,$60K-80K,
6/18/2025,55,Male,Europe,Healthcare,Software Engineer,Hybrid,60,Stress Disorder,High,5,Shoulder Pain,3,$120K+,
6/18/2025,54,Female,Oceania,Professional Services,Quality Assurance,Hybrid,40,Anxiety,High,1,Back Pain; Eye Strain,3,$40K-60K,
6/18/2025,51,Female,Asia,Marketing,Data Analyst,Onsite,65,Anxiety,High,2,Back Pain,2,$100K-120K,
6/18/2025,45,Male,Europe,Education,Sales Representative,Onsite,59,ADHD,High,4,Back Pain,1,$80K-100K,
6/18/2025,53,Non-binary,Oceania,Manufacturing,Sales Representative,Onsite,60,Burnout,Medium,1,Back Pain; Shoulder Pain; Eye Strain,2,$60K-80K,
6/18/2025,24,Male,Oceania,Healthcare,DevOps Engineer,Hybrid,57,ADHD,Low,5,Shoulder Pain; Eye Strain; Neck Pain,3,$80K-100K,
6/19/2025,43,Non-binary,Asia,Finance,Data Analyst,Onsite,65,ADHD,Medium,4,Shoulder Pain,2,$100K-120K,
6/19/2025,48,Female,Africa,Finance,Marketing Specialist,Onsite,39,None,High,3,Shoulder Pain; Eye Strain,3,$80K-100K,
6/19/2025,24,Female,South America,Education,Product Manager,Remote,64,None,Low,3,Back Pain; Shoulder Pain; Eye Strain,4,$60K-80K,
6/19/2025,46,Female,Europe,Healthcare,Executive Assistant,Onsite,39,Burnout,Medium,4,Eye Strain,2,$100K-120K,
6/19/2025,29,Male,Europe,Customer Service,Data Analyst,Remote,58,Depression,Medium,5,Back Pain,3,$60K-80K,
6/19/2025,33,Female,South America,Healthcare,Project Manager,Hybrid,46,ADHD,Medium,3,Shoulder Pain; Eye Strain,4,$80K-100K,
6/19/2025,39,Female,South America,Finance,UX Designer,Onsite,45,Burnout,High,4,Eye Strain; Neck Pain,2,$40K-60K,
6/19/2025,62,Female,North America,Marketing,Digital Marketing Specialist,Hybrid,64,PTSD,Low,2,None,5,$60K-80K,
6/19/2025,27,Female,Europe,Marketing,Sales Representative,Onsite,54,None,Medium,5,Shoulder Pain; Eye Strain,4,$80K-100K,
6/19/2025,63,Female,Oceania,Healthcare,Project Manager,Onsite,52,PTSD,Low,3,Back Pain; Shoulder Pain; Eye Strain,5,$80K-100K,
6/19/2025,30,Female,North America,Manufacturing,Project Manager,Remote,48,Burnout,Medium,5,Back Pain; Shoulder Pain,4,$80K-100K,
6/19/2025,53,Male,Europe,Technology,Digital Marketing Specialist,Onsite,64,None,Low,2,Eye Strain,3,$40K-60K,
6/19/2025,56,Female,Oceania,Marketing,Business Analyst,Onsite,45,None,High,2,Neck Pain; Wrist Pain,3,$60K-80K,
6/19/2025,59,Male,Asia,Healthcare,Product Manager,Onsite,63,ADHD,Medium,4,Wrist Pain,2,$80K-100K,
6/19/2025,26,Female,Europe,Marketing,Research Scientist,Onsite,46,None,High,3,Shoulder Pain; Eye Strain,3,$60K-80K,
6/19/2025,60,Male,Oceania,Professional Services,UX Designer,Onsite,39,None,Medium,1,Back Pain; Shoulder Pain; Eye Strain; Neck Pain; Wrist Pain,4,$100K-120K,
6/19/2025,39,Female,Africa,Finance,Consultant,Hybrid,61,Depression,Medium,2,Shoulder Pain; Eye Strain; Neck Pain,4,$80K-100K,
6/19/2025,45,Female,Oceania,Marketing,Business Analyst,Onsite,45,Burnout,Medium,5,Eye Strain,1,$60K-80K,
6/19/2025,48,Male,Europe,Finance,UX Designer,Onsite,45,Depression,Medium,3,Back Pain; Shoulder Pain; Eye Strain,5,$60K-80K,
6/19/2025,23,Female,North America,Education,IT Support,Hybrid,51,None,High,3,Back Pain; Shoulder Pain; Eye Strain,2,$80K-100K,
6/19/2025,60,Female,Europe,Customer Service,Financial Analyst,Onsite,38,None,Medium,1,Eye Strain,4,$60K-80K,
6/19/2025,44,Female,Africa,Manufacturing,Sales Representative,Onsite,59,Anxiety,Low,3,Shoulder Pain,4,$40K-60K,
6/19/2025,55,Male,Asia,Manufacturing,Data Scientist,Onsite,51,Burnout,Medium,3,Wrist Pain,2,$100K-120K,
6/19/2025,58,Female,Asia,Professional Services,Software Engineer,Remote,56,PTSD,High,2,Shoulder Pain; Eye Strain,4,$80K-100K,
6/19/2025,60,Male,Africa,Technology,Digital Marketing Specialist,Onsite,65,Anxiety,Medium,4,Shoulder Pain; Eye Strain,1,$80K-100K,
6/19/2025,53,Female,Africa,Education,Executive Assistant,Onsite,38,PTSD,High,1,Shoulder Pain,2,$120K+,
6/19/2025,51,Female,Africa,Technology,Social Media Manager,Remote,37,Depression,High,2,Back Pain; Shoulder Pain; Eye Strain,3,$120K+,
6/19/2025,23,Female,Oceania,Technology,Social Media Manager,Remote,62,None,Medium,3,Back Pain; Neck Pain,2,$60K-80K,
6/19/2025,37,Male,Oceania,Marketing,Executive Assistant,Onsite,50,PTSD,Medium,3,Eye Strain,1,$80K-100K,
6/19/2025,26,Male,South America,Professional Services,Account Manager,Onsite,40,Anxiety,Medium,3,Shoulder Pain,2,$40K-60K,
6/19/2025,30,Female,South America,Retail,Digital Marketing Specialist,Hybrid,54,None,High,4,Eye Strain,1,$40K-60K,
6/19/2025,37,Female,Asia,Finance,Operations Manager,Hybrid,64,None,Medium,5,Back Pain; Shoulder Pain; Eye Strain,4,$80K-100K,
6/19/2025,48,Male,Africa,Manufacturing,Software Engineer,Remote,54,None,High,3,Back Pain; Wrist Pain,5,$60K-80K,
6/19/2025,29,Male,South America,Technology,Research Scientist,Hybrid,43,Anxiety,High,2,Back Pain; Eye Strain; Wrist Pain,1,$100K-120K,
6/19/2025,56,Female,North America,Marketing,Account Manager,Hybrid,60,ADHD,Medium,1,Neck Pain; Wrist Pain,4,$80K-100K,
6/19/2025,40,Female,Oceania,Healthcare,Sales Representative,Onsite,56,ADHD,Medium,4,Back Pain; Eye Strain,2,$60K-80K,
6/19/2025,35,Male,Asia,Technology,Social Media Manager,Remote,45,None,Medium,2,Eye Strain; Wrist Pain,3,$60K-80K,
6/19/2025,55,Male,Africa,Healthcare,Customer Service Manager,Hybrid,56,Depression,High,2,Back Pain; Eye Strain; Neck Pain,4,$80K-100K,
6/19/2025,64,Female,North America,Professional Services,Consultant,Onsite,64,PTSD,Low,2,Shoulder Pain; Eye Strain,4,$80K-100K,
6/19/2025,45,Male,Oceania,Professional Services,Technical Writer,Hybrid,58,ADHD,Medium,4,Back Pain; Eye Strain,3,$100K-120K,
6/19/2025,60,Female,South America,Professional Services,Account Manager,Onsite,37,Stress Disorder,Medium,2,Eye Strain; Neck Pain; Wrist Pain,4,$80K-100K,
6/19/2025,36,Female,North America,Technology,IT Support,Remote,36,None,High,3,Back Pain; Eye Strain,2,$40K-60K,
6/19/2025,45,Female,North America,Education,Technical Writer,Onsite,60,None,Low,2,Shoulder Pain; Eye Strain; Neck Pain,4,$80K-100K,
6/19/2025,55,Male,Europe,Technology,Content Writer,Remote,62,Anxiety,Medium,5,Shoulder Pain; Eye Strain,5,$80K-100K,
6/19/2025,27,Female,Oceania,Professional Services,Technical Writer,Onsite,63,None,Medium,3,Back Pain; Neck Pain,1,$60K-80K,
6/19/2025,44,Female,North America,Customer Service,Financial Analyst,Hybrid,41,Depression,Medium,4,Shoulder Pain; Eye Strain,2,$80K-100K,
6/19/2025,62,Female,Oceania,Professional Services,UX Designer,Remote,45,PTSD,Medium,3,Neck Pain; Wrist Pain,4,$40K-60K,
6/19/2025,42,Female,Africa,Technology,Research Scientist,Hybrid,60,Depression,Medium,5,Back Pain; Eye Strain; Neck Pain,3,$60K-80K,
6/19/2025,24,Male,Europe,Technology,Consultant,Hybrid,63,None,High,4,Back Pain; Shoulder Pain,3,$40K-60K,
6/19/2025,46,Male,Oceania,Professional Services,Product Manager,Onsite,45,Anxiety,Medium,1,Back Pain; Shoulder Pain; Eye Strain,1,$40K-60K,
6/19/2025,29,Female,North America,Professional Services,Marketing Specialist,Onsite,53,None,High,3,Eye Strain,5,$60K-80K,
6/19/2025,32,Female,Asia,Professional Services,Customer Service Manager,Onsite,48,Burnout,Medium,3,Shoulder Pain; Eye Strain,2,$60K-80K,
6/19/2025,23,Male,Oceania,Customer Service,Data Scientist,Onsite,61,None,High,3,Wrist Pain,1,$80K-100K,
6/19/2025,48,Female,Africa,Finance,UX Designer,Onsite,54,ADHD,Low,3,Back Pain; Shoulder Pain; Eye Strain,3,$40K-60K,
6/19/2025,24,Female,Asia,Finance,Marketing Specialist,Onsite,50,Anxiety,Medium,3,Shoulder Pain; Wrist Pain,2,$60K-80K,
6/19/2025,31,Male,Asia,Finance,Data Analyst,Onsite,54,ADHD,Low,3,Shoulder Pain,5,$80K-100K,
6/19/2025,31,Male,North America,Finance,Data Scientist,Remote,53,None,Medium,3,Back Pain; Shoulder Pain; Eye Strain,4,$80K-100K,
6/19/2025,61,Female,Europe,Customer Service,Marketing Specialist,Onsite,43,PTSD,High,3,Back Pain,2,$60K-80K,
6/19/2025,32,Male,Europe,Technology,Content Writer,Onsite,62,PTSD,High,4,Eye Strain; Wrist Pain,2,$60K-80K,
6/19/2025,44,Male,Asia,Marketing,Data Scientist,Hybrid,64,Stress Disorder,High,4,Eye Strain,3,$60K-80K,
6/19/2025,44,Female,North America,Healthcare,Operations Manager,Onsite,39,Burnout,Medium,2,Back Pain; Shoulder Pain,1,$60K-80K,
6/19/2025,30,Male,Asia,Education,DevOps Engineer,Onsite,40,Anxiety,Low,3,Neck Pain; Wrist Pain,4,$80K-100K,
6/19/2025,53,Male,South America,Technology,Data Scientist,Remote,43,None,High,3,Shoulder Pain; Wrist Pain,2,$80K-100K,
6/19/2025,24,Male,South America,Education,Digital Marketing Specialist,Onsite,56,None,Medium,2,Shoulder Pain; Wrist Pain,3,$40K-60K,
6/19/2025,53,Male,Oceania,Professional Services,Customer Service Manager,Onsite,43,None,High,1,Back Pain; Eye Strain; Neck Pain,2,$60K-80K,
6/19/2025,45,Female,North America,Professional Services,Business Analyst,Remote,61,Stress Disorder,Medium,4,Shoulder Pain,5,$60K-80K,
6/19/2025,53,Male,Asia,Finance,Customer Service Manager,Onsite,35,Depression,Medium,4,Back Pain,1,$60K-80K,
6/19/2025,37,Female,Africa,Manufacturing,DevOps Engineer,Onsite,54,Anxiety,Low,1,Back Pain; Eye Strain,2,$100K-120K,
6/19/2025,65,Female,Asia,Professional Services,Consultant,Onsite,63,PTSD,Medium,3,Back Pain; Shoulder Pain; Wrist Pain,1,$100K-120K,
6/19/2025,54,Female,Asia,Manufacturing,Content Writer,Remote,39,PTSD,High,3,Eye Strain,4,$40K-60K,
6/19/2025,38,Female,Asia,Finance,DevOps Engineer,Onsite,62,Stress Disorder,High,5,Shoulder Pain; Neck Pain,4,$40K-60K,
6/19/2025,55,Female,South America,Manufacturing,Research Scientist,Hybrid,52,ADHD,Medium,3,Back Pain; Shoulder Pain; Neck Pain; Wrist Pain,3,$60K-80K,
6/19/2025,27,Female,Europe,Education,Marketing Specialist,Onsite,62,PTSD,High,4,Back Pain; Shoulder Pain; Neck Pain,1,$100K-120K,
6/19/2025,55,Male,Africa,Technology,IT Support,Remote,50,Depression,High,2,Eye Strain; Neck Pain,3,$80K-100K,
6/19/2025,50,Male,North America,Education,Content Writer,Remote,58,None,Medium,2,Shoulder Pain; Neck Pain,5,$100K-120K,
6/19/2025,47,Male,Oceania,Retail,Operations Manager,Hybrid,39,Stress Disorder,Medium,1,Eye Strain,3,$120K+,
6/19/2025,59,Male,Asia,Education,Project Manager,Hybrid,44,None,High,5,Shoulder Pain,1,$40K-60K,
6/19/2025,57,Female,Asia,Education,Research Scientist,Onsite,45,ADHD,Low,3,Shoulder Pain,3,$100K-120K,
6/19/2025,40,Female,Africa,Healthcare,Social Media Manager,Onsite,45,Burnout,High,3,Back Pain; Shoulder Pain; Eye Strain,4,$80K-100K,
6/19/2025,33,Male,Oceania,Finance,Operations Manager,Hybrid,65,None,High,3,Back Pain; Shoulder Pain; Eye Strain,4,$80K-100K,
6/19/2025,29,Male,Asia,Education,Marketing Specialist,Onsite,42,Burnout,High,4,None,3,$80K-100K,
6/19/2025,51,Male,Africa,Manufacturing,Data Analyst,Onsite,52,Depression,Medium,1,Shoulder Pain; Eye Strain; Neck Pain,2,$60K-80K,
6/19/2025,37,Male,South America,Education,Product Manager,Remote,54,Anxiety,High,3,Back Pain,3,$60K-80K,
6/19/2025,62,Male,Africa,Education,Project Manager,Onsite,56,PTSD,Medium,3,Eye Strain; Neck Pain; Wrist Pain,5,$120K+,
6/19/2025,31,Female,South America,Education,Quality Assurance,Onsite,54,Stress Disorder,Medium,3,Shoulder Pain; Neck Pain,2,$60K-80K,
6/19/2025,56,Male,Oceania,Finance,Consultant,Onsite,60,Anxiety,Medium,4,Back Pain; Shoulder Pain; Eye Strain,3,$60K-80K,
6/19/2025,56,Female,Africa,Education,Product Manager,Remote,61,None,Low,3,Back Pain; Shoulder Pain; Neck Pain; Wrist Pain,5,$100K-120K,
6/19/2025,57,Female,Asia,Customer Service,Software Engineer,Onsite,38,Anxiety,Low,4,Back Pain; Shoulder Pain,5,$40K-60K,
6/19/2025,37,Female,Africa,Technology,Data Scientist,Onsite,53,ADHD,Low,2,Back Pain; Eye Strain; Neck Pain,2,$60K-80K,
6/19/2025,65,Female,North America,Professional Services,Marketing Specialist,Hybrid,49,Depression,High,2,Shoulder Pain; Eye Strain; Wrist Pain,3,$40K-60K,
6/19/2025,34,Male,Oceania,Technology,UX Designer,Remote,60,None,High,2,Back Pain; Shoulder Pain; Eye Strain,4,$40K-60K,
6/19/2025,59,Female,Europe,Retail,Customer Service Manager,Hybrid,51,None,Medium,3,Back Pain,4,$100K-120K,
6/19/2025,40,Female,North America,Technology,Business Analyst,Onsite,45,Depression,Medium,1,Wrist Pain,2,$60K-80K,
6/19/2025,44,Female,Africa,Professional Services,Research Scientist,Hybrid,54,Depression,High,4,Neck Pain,2,$80K-100K,
6/19/2025,31,Female,North America,Manufacturing,Technical Writer,Onsite,55,Burnout,Low,1,Shoulder Pain; Eye Strain; Neck Pain; Wrist Pain,1,$40K-60K,
6/19/2025,24,Male,South America,Finance,Software Engineer,Hybrid,41,Depression,High,3,Eye Strain,4,$60K-80K,
6/19/2025,31,Female,North America,Marketing,Customer Service Manager,Onsite,51,Anxiety,Medium,3,Back Pain; Neck Pain,2,$60K-80K,
6/19/2025,35,Female,Asia,Retail,Account Manager,Onsite,56,Burnout,Low,3,Eye Strain; Neck Pain,3,$60K-80K,
6/19/2025,59,Male,North America,Manufacturing,Research Scientist,Onsite,35,None,Low,1,None,3,$60K-80K,
6/19/2025,60,Female,Oceania,Professional Services,Technical Writer,Onsite,52,None,Medium,5,Shoulder Pain,3,$120K+,
6/19/2025,49,Female,Africa,Customer Service,Customer Service Manager,Onsite,39,Anxiety,Low,4,Back Pain; Shoulder Pain; Eye Strain,2,$80K-100K,
6/19/2025,38,Female,Asia,Professional Services,Quality Assurance,Hybrid,44,PTSD,High,3,Back Pain; Neck Pain,3,$80K-100K,
6/19/2025,45,Female,North America,Professional Services,Project Manager,Hybrid,42,Stress Disorder,High,5,Back Pain; Shoulder Pain,5,$100K-120K,
6/19/2025,36,Female,Europe,Manufacturing,Software Engineer,Onsite,36,ADHD,Low,4,Wrist Pain,1,$100K-120K,
6/19/2025,63,Female,North America,Technology,Marketing Specialist,Onsite,37,Stress Disorder,Medium,2,Shoulder Pain; Eye Strain,3,$60K-80K,
6/19/2025,24,Female,Oceania,Finance,Financial Analyst,Onsite,46,Anxiety,High,1,Back Pain; Shoulder Pain; Eye Strain; Neck Pain,2,$100K-120K,
6/19/2025,49,Female,North America,Retail,Marketing Specialist,Onsite,60,PTSD,Medium,4,Back Pain; Eye Strain,2,$40K-60K,
6/19/2025,47,Non-binary,South America,Retail,Quality Assurance,Hybrid,42,Anxiety,High,2,Shoulder Pain; Eye Strain,3,$80K-100K,
6/19/2025,58,Female,Oceania,Finance,Account Manager,Hybrid,46,Depression,Medium,3,Back Pain; Eye Strain,3,$60K-80K,
6/19/2025,40,Male,Africa,Education,Quality Assurance,Onsite,59,PTSD,Low,4,Eye Strain,2,$80K-100K,
6/19/2025,43,Male,Asia,Marketing,Quality Assurance,Hybrid,54,Burnout,Medium,3,Back Pain; Shoulder Pain; Eye Strain,2,$80K-100K,
6/19/2025,26,Male,South America,Customer Service,Business Analyst,Hybrid,51,Stress Disorder,High,1,Back Pain; Shoulder Pain; Eye Strain; Wrist Pain,3,$80K-100K,
6/19/2025,31,Non-binary,Asia,Finance,Account Manager,Onsite,50,None,Medium,2,Eye Strain,1,$100K-120K,
6/19/2025,38,Male,Asia,Retail,Data Scientist,Onsite,65,Burnout,Medium,3,Back Pain; Wrist Pain,1,$60K-80K,
6/19/2025,32,Male,Europe,Customer Service,Digital Marketing Specialist,Onsite,52,None,Medium,3,Eye Strain; Neck Pain,3,$80K-100K,
6/19/2025,43,Female,North America,Professional Services,Quality Assurance,Onsite,40,Burnout,Medium,4,Back Pain,2,$100K-120K,
6/19/2025,25,Male,South America,Technology,Executive Assistant,Onsite,45,None,Low,2,None,3,$60K-80K,
6/19/2025,50,Male,Oceania,Finance,Business Analyst,Hybrid,55,None,Low,4,Shoulder Pain; Neck Pain,3,$60K-80K,
6/19/2025,28,Male,Asia,Marketing,Software Engineer,Remote,58,Anxiety,High,3,Back Pain; Shoulder Pain; Neck Pain,3,$100K-120K,
6/19/2025,26,Male,Asia,Manufacturing,Customer Service Manager,Onsite,40,Burnout,Medium,4,Back Pain; Shoulder Pain; Eye Strain,2,$60K-80K,
6/19/2025,27,Female,North America,Professional Services,Operations Manager,Onsite,47,Depression,High,4,Back Pain,4,$80K-100K,
6/19/2025,56,Male,Africa,Education,Project Manager,Remote,63,None,Medium,3,Eye Strain,4,$100K-120K,
6/19/2025,47,Female,Oceania,Professional Services,HR Manager,Onsite,65,PTSD,Medium,3,None,2,$60K-80K,
6/19/2025,48,Male,Europe,Technology,Software Engineer,Hybrid,64,PTSD,High,3,Back Pain; Shoulder Pain; Eye Strain,3,$100K-120K,
6/19/2025,61,Female,Asia,Professional Services,Data Analyst,Onsite,53,Anxiety,Low,1,Shoulder Pain; Eye Strain,3,$80K-100K,
6/19/2025,59,Female,South America,Technology,Research Scientist,Hybrid,50,None,Medium,5,Back Pain,3,$60K-80K,
6/19/2025,62,Female,Africa,Technology,Operations Manager,Remote,42,None,Low,3,Back Pain; Shoulder Pain; Eye Strain,5,$60K-80K,
6/20/2025,49,Prefer not to say,Oceania,Manufacturing,Data Analyst,Onsite,65,Stress Disorder,Medium,1,None,3,$60K-80K,
6/20/2025,53,Male,Europe,Professional Services,Financial Analyst,Hybrid,42,Depression,High,1,Shoulder Pain; Eye Strain,3,$80K-100K,
6/20/2025,44,Female,Africa,Healthcare,Product Manager,Onsite,64,Stress Disorder,Medium,1,None,3,$80K-100K,
6/20/2025,27,Male,Asia,Professional Services,Project Manager,Onsite,59,Depression,Low,1,Back Pain; Shoulder Pain,2,$40K-60K,
6/20/2025,59,Female,Europe,Technology,Business Analyst,Onsite,55,None,High,3,Eye Strain,2,$80K-100K,
6/20/2025,31,Male,Oceania,Marketing,IT Support,Hybrid,57,None,High,3,Back Pain; Eye Strain; Neck Pain,4,$120K+,
6/20/2025,61,Male,Oceania,Education,IT Support,Onsite,46,Stress Disorder,Medium,4,Eye Strain,3,$100K-120K,
6/20/2025,33,Male,Europe,Technology,IT Support,Onsite,35,Burnout,Low,3,Back Pain; Shoulder Pain; Eye Strain; Neck Pain; Wrist Pain,2,$100K-120K,
6/20/2025,58,Male,Asia,Manufacturing,Product Manager,Onsite,35,None,Medium,3,Back Pain,5,$80K-100K,
6/20/2025,59,Male,Europe,Manufacturing,HR Manager,Hybrid,48,ADHD,Low,3,Back Pain; Shoulder Pain; Eye Strain; Neck Pain,3,$60K-80K,
6/20/2025,50,Male,South America,Marketing,DevOps Engineer,Hybrid,61,Anxiety,Low,3,Back Pain,2,$60K-80K,
6/20/2025,31,Female,Africa,Technology,Technical Writer,Onsite,60,PTSD,Medium,3,Shoulder Pain; Wrist Pain,5,$60K-80K,
6/20/2025,29,Female,North America,Technology,Financial Analyst,Hybrid,37,Stress Disorder,Medium,3,Shoulder Pain,1,$60K-80K,
6/20/2025,27,Male,South America,Technology,Executive Assistant,Remote,47,None,High,3,Eye Strain,3,$80K-100K,
6/20/2025,42,Female,Asia,Education,DevOps Engineer,Hybrid,45,ADHD,Medium,2,Shoulder Pain; Wrist Pain,3,$80K-100K,
6/20/2025,64,Female,South America,Finance,DevOps Engineer,Onsite,47,None,Medium,3,Back Pain; Eye Strain; Neck Pain; Wrist Pain,5,$120K+,
6/20/2025,25,Male,Asia,Healthcare,Consultant,Remote,37,Depression,High,3,Neck Pain,5,$60K-80K,
6/20/2025,27,Male,Asia,Professional Services,Social Media Manager,Hybrid,54,PTSD,Low,3,Shoulder Pain; Eye Strain,2,$40K-60K,
6/20/2025,55,Female,South America,Technology,Consultant,Hybrid,54,None,Medium,1,Back Pain,1,$120K+,
6/20/2025,46,Male,Africa,Healthcare,Social Media Manager,Onsite,38,ADHD,High,1,Back Pain; Shoulder Pain; Eye Strain,1,$60K-80K,
6/20/2025,47,Female,North America,Retail,Financial Analyst,Remote,50,Anxiety,High,1,Shoulder Pain; Eye Strain,3,$80K-100K,
6/20/2025,30,Female,North America,Marketing,UX Designer,Onsite,57,Stress Disorder,High,3,Eye Strain,2,$80K-100K,
6/20/2025,46,Male,North America,Manufacturing,Project Manager,Onsite,35,None,Medium,3,Back Pain; Eye Strain; Neck Pain,3,$60K-80K,
6/20/2025,50,Female,South America,Customer Service,Customer Service Manager,Hybrid,62,None,Medium,2,Shoulder Pain,4,$80K-100K,
6/20/2025,40,Female,Africa,Technology,Sales Representative,Onsite,57,Stress Disorder,High,4,Back Pain,3,$60K-80K,
6/20/2025,63,Female,Africa,Professional Services,Consultant,Onsite,44,Burnout,Medium,4,Back Pain; Eye Strain; Neck Pain,2,$100K-120K,
6/20/2025,36,Male,North America,Professional Services,Product Manager,Onsite,36,ADHD,Medium,3,Eye Strain; Neck Pain,2,$60K-80K,
6/20/2025,50,Male,Asia,Professional Services,Digital Marketing Specialist,Remote,50,Burnout,Medium,3,Back Pain; Eye Strain; Neck Pain,4,$80K-100K,
6/20/2025,53,Male,North America,Healthcare,Research Scientist,Onsite,44,ADHD,High,5,Eye Strain,4,$80K-100K,
6/20/2025,56,Male,Oceania,Professional Services,Marketing Specialist,Onsite,64,None,Low,3,Back Pain; Shoulder Pain; Eye Strain; Wrist Pain,2,$80K-100K,
6/20/2025,54,Male,Africa,Professional Services,Project Manager,Hybrid,45,Stress Disorder,Medium,3,Shoulder Pain; Eye Strain,3,$80K-100K,
6/20/2025,24,Female,Asia,Finance,Consultant,Onsite,53,None,Medium,4,Back Pain; Eye Strain,2,$100K-120K,
6/20/2025,35,Male,Asia,Marketing,Project Manager,Onsite,36,Depression,High,4,Back Pain; Shoulder Pain; Neck Pain; Wrist Pain,4,$80K-100K,
6/20/2025,32,Male,South America,Professional Services,Technical Writer,Onsite,48,None,High,4,Back Pain; Shoulder Pain,2,$40K-60K,
6/20/2025,34,Male,Oceania,Finance,Executive Assistant,Hybrid,47,None,Medium,2,Eye Strain; Neck Pain,4,$80K-100K,
6/20/2025,40,Female,Asia,Technology,Quality Assurance,Hybrid,64,Stress Disorder,High,3,Shoulder Pain; Eye Strain,2,$80K-100K,
6/20/2025,24,Female,South America,Finance,Sales Representative,Remote,52,Stress Disorder,Medium,3,Shoulder Pain; Eye Strain,5,$100K-120K,
6/20/2025,33,Female,Oceania,Education,Data Analyst,Onsite,49,None,Low,1,Back Pain; Shoulder Pain; Wrist Pain,5,$60K-80K,
6/20/2025,56,Male,South America,Professional Services,Software Engineer,Remote,50,Depression,Medium,1,Shoulder Pain; Eye Strain,5,$120K+,
6/20/2025,56,Prefer not to say,Europe,Education,Account Manager,Hybrid,38,Burnout,High,3,Eye Strain; Neck Pain,4,$80K-100K,
6/20/2025,57,Female,North America,Finance,Content Writer,Remote,39,PTSD,High,2,Back Pain; Shoulder Pain; Eye Strain; Neck Pain,4,$60K-80K,
6/20/2025,56,Female,North America,Marketing,Consultant,Onsite,65,Stress Disorder,Medium,5,Back Pain; Eye Strain,3,$100K-120K,
6/20/2025,53,Male,Oceania,Retail,UX Designer,Onsite,47,PTSD,Medium,5,Shoulder Pain; Eye Strain,5,$60K-80K,
6/20/2025,50,Female,North America,Customer Service,Business Analyst,Remote,63,ADHD,Medium,3,Shoulder Pain,4,$80K-100K,
6/20/2025,24,Prefer not to say,North America,Education,IT Support,Remote,37,ADHD,Medium,1,Back Pain; Eye Strain,4,$40K-60K,
6/20/2025,52,Male,South America,Education,Research Scientist,Remote,39,ADHD,High,3,Back Pain; Shoulder Pain; Eye Strain,3,$40K-60K,
6/20/2025,57,Female,Europe,Finance,Marketing Specialist,Remote,53,Anxiety,High,5,Shoulder Pain; Eye Strain,2,$80K-100K,
6/20/2025,48,Male,North America,Manufacturing,Account Manager,Remote,57,PTSD,High,3,Back Pain; Neck Pain,5,$40K-60K,
6/20/2025,44,Female,Asia,Retail,Social Media Manager,Onsite,38,None,Low,5,Back Pain; Shoulder Pain,2,$80K-100K,
6/20/2025,50,Non-binary,Europe,Retail,Research Scientist,Remote,52,Stress Disorder,Medium,3,Shoulder Pain; Eye Strain; Neck Pain,2,$40K-60K,
6/20/2025,38,Male,South America,Technology,Digital Marketing Specialist,Remote,43,None,High,5,Shoulder Pain; Eye Strain,2,$60K-80K,
6/20/2025,35,Male,Oceania,Healthcare,Business Analyst,Hybrid,38,Burnout,High,1,Back Pain,3,$60K-80K,
6/20/2025,58,Female,South America,Technology,Content Writer,Remote,52,ADHD,High,5,Back Pain; Neck Pain; Wrist Pain,2,$80K-100K,
6/20/2025,37,Female,Africa,Technology,Data Scientist,Remote,54,None,Medium,3,Eye Strain,3,$100K-120K,
6/20/2025,52,Female,Asia,Manufacturing,Software Engineer,Hybrid,62,Anxiety,High,2,Back Pain,3,$60K-80K,
6/20/2025,37,Male,Africa,Manufacturing,Content Writer,Hybrid,47,ADHD,Medium,1,Back Pain; Eye Strain; Neck Pain,4,$80K-100K,
6/20/2025,52,Male,South America,Finance,Business Analyst,Onsite,36,Anxiety,Low,1,Back Pain,3,$100K-120K,
6/20/2025,22,Male,Oceania,Marketing,Marketing Specialist,Onsite,40,None,High,3,Back Pain; Shoulder Pain; Eye Strain; Wrist Pain,2,$60K-80K,
6/20/2025,30,Male,Europe,Manufacturing,Sales Representative,Onsite,50,None,Medium,4,None,2,$60K-80K,
6/20/2025,34,Male,North America,Professional Services,Business Analyst,Onsite,37,Depression,Low,3,Back Pain; Shoulder Pain; Eye Strain; Wrist Pain,3,$80K-100K,
6/20/2025,43,Male,Europe,Professional Services,Data Analyst,Onsite,65,Burnout,Low,5,Neck Pain,1,$60K-80K,
6/20/2025,27,Male,North America,Technology,IT Support,Hybrid,49,None,High,1,Back Pain; Shoulder Pain; Eye Strain; Wrist Pain,3,$60K-80K,
6/20/2025,35,Female,Africa,Education,DevOps Engineer,Onsite,47,Burnout,Low,2,Shoulder Pain,3,$100K-120K,
6/20/2025,23,Male,Oceania,Customer Service,IT Support,Onsite,46,Anxiety,Medium,4,Shoulder Pain; Neck Pain,2,$80K-100K,
6/20/2025,29,Male,Oceania,Technology,Project Manager,Hybrid,50,None,Low,3,Back Pain; Shoulder Pain; Eye Strain,2,$60K-80K,
6/20/2025,31,Male,Africa,Finance,Content Writer,Remote,37,Anxiety,Medium,3,Back Pain; Shoulder Pain,1,$60K-80K,
6/20/2025,33,Non-binary,Africa,Professional Services,Data Scientist,Onsite,63,Burnout,Medium,2,Back Pain; Neck Pain,3,$120K+,
6/20/2025,29,Female,Asia,Customer Service,IT Support,Hybrid,42,None,Medium,4,Back Pain; Shoulder Pain; Eye Strain,3,$40K-60K,
6/20/2025,59,Male,North America,Healthcare,Customer Service Manager,Onsite,50,ADHD,Low,3,Eye Strain,2,$40K-60K,
6/20/2025,24,Female,Oceania,Technology,Data Scientist,Hybrid,55,None,Medium,4,Back Pain,2,$120K+,
6/20/2025,33,Female,Oceania,Healthcare,Operations Manager,Onsite,46,Anxiety,Low,5,Eye Strain,2,$80K-100K,
6/20/2025,31,Female,Oceania,Retail,UX Designer,Onsite,49,None,Medium,3,Back Pain; Eye Strain,1,$60K-80K,
6/20/2025,36,Male,Asia,Finance,Consultant,Onsite,43,Burnout,Low,3,None,2,$60K-80K,
6/20/2025,28,Female,North America,Manufacturing,HR Manager,Hybrid,59,Depression,High,1,Shoulder Pain,2,$80K-100K,
6/20/2025,64,Female,North America,Professional Services,Data Scientist,Hybrid,45,Anxiety,High,3,Back Pain; Eye Strain,3,$120K+,
6/20/2025,27,Male,Oceania,Technology,Technical Writer,Onsite,61,Burnout,High,4,None,1,$120K+,
6/20/2025,29,Non-binary,Africa,Education,Data Analyst,Hybrid,40,Anxiety,Low,5,Shoulder Pain; Neck Pain,2,$40K-60K,
6/20/2025,30,Female,South America,Professional Services,UX Designer,Onsite,54,Stress Disorder,High,3,Shoulder Pain; Eye Strain; Wrist Pain,4,$60K-80K,
6/20/2025,28,Male,Africa,Finance,Sales Representative,Onsite,43,PTSD,Medium,4,Back Pain; Shoulder Pain; Eye Strain,2,$80K-100K,
6/20/2025,34,Male,Oceania,Retail,Software Engineer,Onsite,38,ADHD,Medium,3,Back Pain; Shoulder Pain; Eye Strain,4,$80K-100K,
6/20/2025,46,Male,South America,Professional Services,Data Analyst,Onsite,57,None,Medium,3,Shoulder Pain; Eye Strain,2,$60K-80K,
6/20/2025,29,Female,Europe,Healthcare,Data Analyst,Hybrid,64,ADHD,High,3,None,1,$80K-100K,
6/20/2025,43,Male,North America,Professional Services,Data Analyst,Hybrid,53,None,Medium,2,None,3,$80K-100K,
6/20/2025,48,Female,Asia,Professional Services,Quality Assurance,Hybrid,45,Stress Disorder,Medium,2,None,3,$60K-80K,
6/20/2025,46,Male,South America,Healthcare,Sales Representative,Onsite,40,Burnout,Medium,3,Back Pain; Eye Strain; Neck Pain,2,$60K-80K,
6/20/2025,30,Female,South America,Manufacturing,Product Manager,Onsite,46,Stress Disorder,Medium,3,Shoulder Pain; Neck Pain,1,$60K-80K,
6/20/2025,34,Male,Africa,Retail,Quality Assurance,Onsite,38,Anxiety,Low,4,Shoulder Pain; Eye Strain,2,$80K-100K,
6/20/2025,50,Male,Africa,Manufacturing,Social Media Manager,Hybrid,60,Anxiety,Medium,3,Back Pain,5,$80K-100K,
6/20/2025,61,Male,South America,Manufacturing,Digital Marketing Specialist,Remote,65,Stress Disorder,Medium,2,Back Pain; Shoulder Pain; Eye Strain,4,$60K-80K,
6/20/2025,60,Female,North America,Marketing,Account Manager,Onsite,36,None,Medium,3,Shoulder Pain; Eye Strain; Wrist Pain,4,$40K-60K,
6/20/2025,54,Female,Europe,Retail,Financial Analyst,Onsite,58,Anxiety,Medium,3,None,2,$40K-60K,
6/20/2025,44,Male,Africa,Professional Services,Data Analyst,Onsite,51,Stress Disorder,High,4,Eye Strain; Wrist Pain,1,$80K-100K,
6/20/2025,39,Male,North America,Technology,Data Analyst,Remote,39,ADHD,High,2,Back Pain,4,$80K-100K,
6/20/2025,58,Female,Africa,Marketing,Social Media Manager,Hybrid,64,None,Medium,3,Back Pain; Eye Strain; Neck Pain; Wrist Pain,2,$80K-100K,
6/20/2025,29,Male,South America,Professional Services,Consultant,Onsite,46,Anxiety,Medium,2,Neck Pain; Wrist Pain,3,$80K-100K,
6/20/2025,63,Male,Europe,Professional Services,Consultant,Remote,59,None,Medium,3,Back Pain; Shoulder Pain; Eye Strain,1,$40K-60K,
6/20/2025,27,Male,Oceania,Manufacturing,Quality Assurance,Hybrid,48,None,Low,3,Back Pain,4,$40K-60K,
6/20/2025,50,Male,Oceania,Customer Service,Financial Analyst,Hybrid,65,Stress Disorder,High,2,Back Pain,2,$40K-60K,
6/20/2025,62,Non-binary,Africa,Professional Services,Data Scientist,Remote,44,Anxiety,Low,5,Wrist Pain,4,$80K-100K,
6/20/2025,23,Female,Asia,Marketing,Financial Analyst,Onsite,65,ADHD,High,3,Neck Pain,4,$80K-100K,
6/20/2025,22,Female,South America,Technology,Consultant,Hybrid,45,PTSD,Medium,4,Back Pain; Shoulder Pain,4,$60K-80K,
6/20/2025,35,Female,Europe,Manufacturing,UX Designer,Hybrid,48,Anxiety,Medium,3,Eye Strain,4,$60K-80K,
6/20/2025,37,Female,South America,Marketing,Business Analyst,Hybrid,43,None,High,3,None,4,$100K-120K,
6/20/2025,27,Female,Africa,Professional Services,HR Manager,Onsite,43,Depression,Medium,3,Shoulder Pain; Eye Strain,4,$80K-100K,
6/20/2025,44,Female,Oceania,Customer Service,Business Analyst,Onsite,51,Anxiety,High,3,Back Pain; Wrist Pain,2,$80K-100K,
6/20/2025,24,Female,Asia,Education,Financial Analyst,Onsite,57,PTSD,Low,4,None,1,$40K-60K,
6/20/2025,28,Male,Europe,Healthcare,Account Manager,Onsite,58,Anxiety,Low,2,Back Pain; Eye Strain,2,$80K-100K,
6/20/2025,61,Male,North America,Retail,Product Manager,Remote,35,Stress Disorder,Low,2,Back Pain; Shoulder Pain; Eye Strain,2,$80K-100K,
6/20/2025,43,Female,North America,Finance,Data Analyst,Onsite,37,PTSD,Medium,3,Back Pain,2,$80K-100K,
6/20/2025,38,Male,Europe,Finance,Financial Analyst,Hybrid,39,None,Medium,2,None,1,$60K-80K,
6/20/2025,34,Male,Oceania,Education,Quality Assurance,Hybrid,45,Stress Disorder,High,4,Back Pain; Shoulder Pain; Eye Strain; Neck Pain,1,$120K+,
6/20/2025,22,Male,South America,Finance,Financial Analyst,Onsite,41,Stress Disorder,High,3,Back Pain; Shoulder Pain; Neck Pain,1,$100K-120K,
6/20/2025,42,Female,Oceania,Manufacturing,Account Manager,Onsite,35,Burnout,Medium,1,Shoulder Pain; Eye Strain; Neck Pain,4,$80K-100K,
6/20/2025,52,Female,Oceania,Manufacturing,Account Manager,Hybrid,54,None,Medium,4,Shoulder Pain; Eye Strain,4,$40K-60K,
6/20/2025,39,Male,Oceania,Healthcare,Product Manager,Onsite,37,Depression,Low,2,Eye Strain,2,$80K-100K,
6/20/2025,31,Male,North America,Education,Data Analyst,Onsite,39,None,High,3,Eye Strain,2,$80K-100K,
6/20/2025,45,Male,Africa,Finance,Social Media Manager,Onsite,52,ADHD,Low,3,Back Pain; Eye Strain; Neck Pain,3,$40K-60K,
6/20/2025,40,Female,South America,Manufacturing,Financial Analyst,Onsite,38,Anxiety,Medium,3,Back Pain; Neck Pain; Wrist Pain,2,$100K-120K,
6/20/2025,60,Female,Asia,Manufacturing,Project Manager,Hybrid,44,None,High,3,Eye Strain,4,$80K-100K,
6/20/2025,24,Non-binary,South America,Professional Services,Content Writer,Onsite,44,None,Low,4,Eye Strain; Neck Pain,2,$120K+,
6/20/2025,49,Male,South America,Manufacturing,Social Media Manager,Onsite,56,None,Low,4,Back Pain; Shoulder Pain,2,$80K-100K,
6/21/2025,59,Male,Africa,Manufacturing,Research Scientist,Onsite,46,Depression,Medium,1,None,3,$60K-80K,
6/21/2025,22,Female,South America,Finance,UX Designer,Hybrid,35,Anxiety,Medium,3,Shoulder Pain; Eye Strain,3,$60K-80K,
6/21/2025,52,Female,Africa,Healthcare,Data Scientist,Onsite,56,Stress Disorder,Low,3,Back Pain; Eye Strain,3,$80K-100K,
6/21/2025,53,Male,Africa,Professional Services,Software Engineer,Onsite,55,Depression,High,2,Shoulder Pain; Eye Strain; Neck Pain,2,$120K+,
6/21/2025,32,Female,Africa,Healthcare,Data Analyst,Remote,50,Burnout,High,3,None,3,$100K-120K,
6/21/2025,54,Male,Oceania,Manufacturing,Content Writer,Hybrid,52,Depression,High,5,None,2,$120K+,
6/21/2025,51,Male,Europe,Finance,DevOps Engineer,Onsite,38,None,Medium,3,Back Pain; Wrist Pain,2,$80K-100K,
6/21/2025,42,Female,North America,Technology,Project Manager,Onsite,65,Depression,High,3,Shoulder Pain; Eye Strain,5,$60K-80K,
6/21/2025,31,Male,South America,Retail,Operations Manager,Onsite,45,None,Medium,2,Shoulder Pain; Eye Strain,1,$80K-100K,
6/21/2025,62,Non-binary,North America,Customer Service,Customer Service Manager,Onsite,38,Burnout,Low,2,Back Pain; Neck Pain; Wrist Pain,3,$60K-80K,
6/21/2025,50,Male,North America,Technology,Sales Representative,Remote,51,None,Low,5,Shoulder Pain; Eye Strain,4,$80K-100K,
6/21/2025,37,Female,North America,Technology,UX Designer,Onsite,38,None,Low,4,Back Pain; Shoulder Pain; Eye Strain,2,$60K-80K,
6/21/2025,38,Male,Africa,Healthcare,Marketing Specialist,Onsite,42,PTSD,Low,2,Shoulder Pain; Neck Pain,3,$60K-80K,
6/21/2025,42,Female,Asia,Manufacturing,Business Analyst,Remote,47,None,High,3,Wrist Pain,1,$40K-60K,
6/21/2025,60,Female,South America,Education,Content Writer,Onsite,48,None,High,3,Back Pain; Shoulder Pain; Eye Strain; Neck Pain; Wrist Pain,2,$60K-80K,
6/21/2025,24,Female,Africa,Finance,Customer Service Manager,Onsite,38,PTSD,Low,4,Back Pain; Eye Strain; Neck Pain,3,$60K-80K,
6/21/2025,34,Female,Europe,Finance,Sales Representative,Onsite,65,None,Medium,2,Back Pain; Shoulder Pain,1,$100K-120K,
6/21/2025,23,Female,Europe,Retail,IT Support,Onsite,44,ADHD,High,3,None,3,$60K-80K,
6/21/2025,65,Female,Oceania,Professional Services,IT Support,Onsite,48,Stress Disorder,High,3,Shoulder Pain,2,$80K-100K,
6/21/2025,55,Female,Asia,Professional Services,Data Scientist,Remote,49,Depression,High,4,Neck Pain,5,$100K-120K,
6/21/2025,44,Male,North America,Marketing,Marketing Specialist,Onsite,62,Burnout,Medium,3,Back Pain,2,$60K-80K,
6/21/2025,63,Male,Oceania,Manufacturing,Account Manager,Hybrid,41,None,Medium,4,Back Pain; Shoulder Pain,2,$80K-100K,
6/21/2025,62,Male,Oceania,Professional Services,Sales Representative,Hybrid,53,Stress Disorder,Medium,5,Shoulder Pain,1,$60K-80K,
6/21/2025,49,Male,South America,Professional Services,Consultant,Onsite,59,None,Low,4,Back Pain; Eye Strain; Neck Pain,4,$80K-100K,
6/21/2025,43,Female,Europe,Manufacturing,DevOps Engineer,Remote,47,Depression,High,5,Back Pain; Eye Strain; Neck Pain; Wrist Pain,3,$80K-100K,
6/21/2025,43,Male,Oceania,Marketing,Data Scientist,Hybrid,61,None,High,3,Shoulder Pain,3,$80K-100K,
6/21/2025,39,Female,Africa,Technology,DevOps Engineer,Onsite,46,Stress Disorder,Low,4,Back Pain; Eye Strain; Wrist Pain,2,$60K-80K,
6/21/2025,65,Male,Europe,Finance,UX Designer,Remote,40,PTSD,Low,5,Shoulder Pain; Eye Strain,5,$80K-100K,
6/21/2025,45,Male,Oceania,Professional Services,Account Manager,Onsite,35,ADHD,Low,1,Eye Strain,2,$80K-100K,
6/21/2025,48,Female,Asia,Retail,Data Scientist,Hybrid,56,ADHD,Low,1,None,1,$100K-120K,
6/21/2025,52,Female,South America,Manufacturing,UX Designer,Hybrid,50,Depression,Medium,1,Eye Strain,5,$60K-80K,
6/21/2025,40,Male,Europe,Professional Services,Business Analyst,Onsite,38,Stress Disorder,Medium,1,Shoulder Pain; Neck Pain,3,$40K-60K,
6/21/2025,60,Male,Oceania,Education,Consultant,Onsite,60,Burnout,Low,4,None,2,$60K-80K,
6/21/2025,30,Male,North America,Finance,IT Support,Hybrid,43,Depression,High,2,Shoulder Pain; Eye Strain,1,$60K-80K,
6/21/2025,29,Female,Europe,Manufacturing,Data Analyst,Onsite,58,Depression,Medium,2,Back Pain; Eye Strain; Neck Pain,3,$80K-100K,
6/21/2025,62,Female,Africa,Education,Operations Manager,Onsite,48,Burnout,Medium,5,Shoulder Pain; Wrist Pain,2,$60K-80K,
6/21/2025,64,Female,North America,Professional Services,Content Writer,Onsite,64,ADHD,High,2,Back Pain; Shoulder Pain; Eye Strain,2,$80K-100K,
6/21/2025,64,Male,Africa,Manufacturing,Marketing Specialist,Remote,37,None,High,4,Eye Strain,5,$60K-80K,
6/21/2025,53,Female,Oceania,Healthcare,Marketing Specialist,Remote,39,Anxiety,High,3,Shoulder Pain; Eye Strain,5,$80K-100K,
6/21/2025,57,Female,Africa,Customer Service,Financial Analyst,Onsite,55,ADHD,Low,3,Eye Strain,1,$40K-60K,
6/21/2025,41,Male,Europe,Healthcare,Quality Assurance,Remote,58,Anxiety,High,3,Back Pain; Neck Pain,4,$120K+,
6/21/2025,27,Male,Europe,Professional Services,IT Support,Hybrid,47,Depression,High,5,Back Pain; Shoulder Pain; Neck Pain,2,$100K-120K,
6/21/2025,48,Male,Asia,Manufacturing,Quality Assurance,Onsite,59,Burnout,Medium,4,Back Pain; Shoulder Pain,3,$100K-120K,
6/21/2025,33,Male,North America,Technology,Marketing Specialist,Hybrid,38,Stress Disorder,Low,2,Back Pain,3,$60K-80K,
6/21/2025,47,Female,Oceania,Professional Services,Customer Service Manager,Onsite,58,Burnout,Medium,1,Back Pain; Neck Pain,1,$80K-100K,
6/21/2025,42,Male,Asia,Retail,Operations Manager,Onsite,60,None,Medium,3,Eye Strain,1,$80K-100K,
6/21/2025,58,Non-binary,South America,Professional Services,UX Designer,Onsite,40,Anxiety,Low,5,Back Pain,2,$60K-80K,
6/21/2025,47,Female,Oceania,Professional Services,Digital Marketing Specialist,Onsite,62,Stress Disorder,Low,1,Back Pain; Shoulder Pain; Eye Strain,2,$100K-120K,
6/21/2025,55,Female,Oceania,Marketing,Project Manager,Onsite,48,Anxiety,Low,2,Shoulder Pain; Neck Pain; Wrist Pain,3,$100K-120K,
6/21/2025,32,Female,South America,Professional Services,Operations Manager,Onsite,35,Stress Disorder,Medium,3,Back Pain; Eye Strain,2,$80K-100K,
6/21/2025,64,Female,South America,Technology,Marketing Specialist,Hybrid,37,Anxiety,Medium,3,Back Pain; Eye Strain,4,$60K-80K,
6/21/2025,39,Female,Oceania,Marketing,Customer Service Manager,Onsite,51,None,Low,3,None,2,$100K-120K,
6/21/2025,27,Male,Europe,Marketing,Quality Assurance,Onsite,38,ADHD,Medium,5,Back Pain,3,$120K+,
6/21/2025,45,Female,Asia,Finance,DevOps Engineer,Onsite,63,None,Medium,4,None,4,$120K+,
6/21/2025,60,Female,Asia,Professional Services,HR Manager,Hybrid,45,Burnout,High,3,Back Pain; Neck Pain,4,$100K-120K,
6/21/2025,52,Female,North America,Marketing,Consultant,Onsite,46,Stress Disorder,High,4,Back Pain; Shoulder Pain,2,$40K-60K,
6/21/2025,29,Male,Europe,Healthcare,Content Writer,Onsite,39,Burnout,High,3,Neck Pain,1,$80K-100K,
6/21/2025,23,Male,Asia,Customer Service,Data Analyst,Hybrid,58,PTSD,Medium,2,Back Pain; Shoulder Pain; Eye Strain; Wrist Pain,3,$100K-120K,
6/21/2025,34,Male,South America,Manufacturing,DevOps Engineer,Hybrid,53,ADHD,Low,2,Back Pain,4,$100K-120K,
6/21/2025,34,Female,North America,Marketing,HR Manager,Hybrid,39,Depression,High,3,Back Pain; Shoulder Pain,3,$40K-60K,
6/21/2025,45,Female,South America,Technology,HR Manager,Remote,64,Anxiety,High,1,Eye Strain; Wrist Pain,4,$40K-60K,
6/21/2025,30,Female,South America,Technology,DevOps Engineer,Hybrid,44,Stress Disorder,High,3,Back Pain,3,$100K-120K,
6/21/2025,22,Female,Europe,Healthcare,Account Manager,Remote,64,PTSD,Medium,3,Shoulder Pain,4,$60K-80K,
6/21/2025,44,Female,Oceania,Professional Services,Digital Marketing Specialist,Onsite,43,PTSD,Medium,2,None,4,$40K-60K,
6/21/2025,62,Male,South America,Marketing,Consultant,Onsite,38,ADHD,Medium,4,Shoulder Pain; Neck Pain; Wrist Pain,1,$60K-80K,
6/21/2025,36,Female,Europe,Professional Services,Sales Representative,Onsite,38,Burnout,High,2,Back Pain; Shoulder Pain,3,$60K-80K,
6/21/2025,23,Male,North America,Technology,HR Manager,Hybrid,55,Burnout,High,3,Back Pain; Shoulder Pain; Eye Strain,4,$100K-120K,
6/21/2025,48,Female,Oceania,Education,Software Engineer,Onsite,46,Anxiety,Medium,2,Shoulder Pain,2,$100K-120K,
6/21/2025,36,Male,Europe,Healthcare,Account Manager,Onsite,38,None,Low,1,Back Pain; Neck Pain,2,$80K-100K,
6/21/2025,46,Female,North America,Retail,Technical Writer,Remote,55,None,Low,3,Wrist Pain,4,$60K-80K,
6/21/2025,46,Male,Africa,Professional Services,Business Analyst,Remote,36,Anxiety,High,4,Back Pain; Eye Strain,2,$60K-80K,
6/21/2025,44,Female,Africa,Manufacturing,IT Support,Onsite,48,Burnout,Medium,3,Back Pain,4,$80K-100K,
6/21/2025,42,Female,Asia,Technology,Research Scientist,Onsite,43,Burnout,Medium,3,Shoulder Pain; Wrist Pain,2,$100K-120K,
6/21/2025,37,Male,Oceania,Technology,Content Writer,Remote,43,Burnout,Low,3,Shoulder Pain; Eye Strain,4,$100K-120K,
6/21/2025,25,Female,Africa,Finance,Consultant,Remote,47,Depression,High,4,Back Pain; Eye Strain,4,$80K-100K,
6/21/2025,56,Female,North America,Professional Services,Content Writer,Hybrid,57,Depression,High,2,Back Pain; Shoulder Pain; Eye Strain; Neck Pain,4,$40K-60K,
6/21/2025,46,Male,Asia,Education,Research Scientist,Onsite,49,None,Low,3,Eye Strain; Wrist Pain,1,$60K-80K,
6/21/2025,61,Female,Africa,Technology,Research Scientist,Onsite,39,PTSD,Medium,3,Neck Pain; Wrist Pain,3,$80K-100K,
6/21/2025,39,Male,Africa,Healthcare,Sales Representative,Hybrid,35,PTSD,High,3,Shoulder Pain; Wrist Pain,3,$120K+,
6/21/2025,62,Female,South America,Marketing,Project Manager,Onsite,54,Stress Disorder,Medium,2,Back Pain; Shoulder Pain; Neck Pain,3,$40K-60K,
6/21/2025,34,Female,Asia,Professional Services,Operations Manager,Onsite,40,ADHD,Low,3,Shoulder Pain,2,$80K-100K,
6/21/2025,40,Male,Asia,Professional Services,Quality Assurance,Hybrid,54,Anxiety,High,3,Shoulder Pain,2,$40K-60K,
6/21/2025,36,Male,South America,Professional Services,DevOps Engineer,Onsite,48,PTSD,Medium,3,Back Pain; Neck Pain,1,$100K-120K,
6/21/2025,55,Male,South America,Education,Account Manager,Hybrid,38,None,High,2,Eye Strain,4,$80K-100K,
6/21/2025,46,Male,North America,Marketing,Executive Assistant,Onsite,62,ADHD,Medium,3,Eye Strain,1,$60K-80K,
6/21/2025,45,Female,Africa,Finance,Quality Assurance,Hybrid,45,ADHD,Medium,3,Back Pain; Shoulder Pain; Eye Strain,1,$60K-80K,
6/21/2025,45,Male,Asia,Technology,DevOps Engineer,Hybrid,58,PTSD,High,4,Back Pain; Eye Strain,5,$120K+,
6/21/2025,25,Female,Africa,Finance,DevOps Engineer,Onsite,43,PTSD,Medium,5,Back Pain; Eye Strain; Neck Pain,2,$60K-80K,
6/21/2025,42,Male,North America,Manufacturing,Sales Representative,Remote,50,Anxiety,High,5,Back Pain; Wrist Pain,5,$80K-100K,
6/21/2025,32,Non-binary,Oceania,Finance,Software Engineer,Onsite,36,Anxiety,High,4,Back Pain; Shoulder Pain; Eye Strain; Neck Pain; Wrist Pain,3,$80K-100K,
6/21/2025,24,Male,Africa,Technology,Product Manager,Onsite,60,Stress Disorder,High,1,Back Pain; Wrist Pain,3,$40K-60K,
6/21/2025,54,Female,Africa,Technology,Data Analyst,Hybrid,42,None,High,2,Back Pain,2,$60K-80K,
6/21/2025,49,Female,Europe,Customer Service,Product Manager,Onsite,52,Stress Disorder,Medium,3,Shoulder Pain,2,$80K-100K,
6/21/2025,23,Female,North America,Technology,HR Manager,Onsite,36,None,Medium,5,Back Pain; Shoulder Pain; Eye Strain,4,$60K-80K,
6/21/2025,40,Male,Africa,Technology,Technical Writer,Remote,45,PTSD,High,4,Back Pain,1,$60K-80K,
6/21/2025,33,Male,Africa,Professional Services,Quality Assurance,Hybrid,58,Depression,High,4,None,3,$60K-80K,
6/21/2025,28,Male,Europe,Finance,HR Manager,Onsite,37,Anxiety,Medium,5,Eye Strain,2,$40K-60K,
6/21/2025,28,Male,Oceania,Customer Service,Project Manager,Onsite,49,ADHD,Low,2,Back Pain; Eye Strain; Neck Pain,2,$120K+,
6/21/2025,27,Female,Africa,Professional Services,Technical Writer,Onsite,59,None,Medium,4,Back Pain,3,$40K-60K,
6/21/2025,45,Female,Oceania,Manufacturing,Technical Writer,Onsite,40,None,Medium,3,Eye Strain,4,$60K-80K,
6/21/2025,40,Female,Asia,Retail,Sales Representative,Onsite,55,Burnout,Low,5,Eye Strain,3,$100K-120K,
6/21/2025,44,Male,Europe,Professional Services,Content Writer,Onsite,47,Depression,Medium,3,None,1,$60K-80K,
6/21/2025,52,Male,South America,Education,Social Media Manager,Hybrid,35,Depression,Low,4,Back Pain; Shoulder Pain; Eye Strain,1,$60K-80K,
6/21/2025,25,Male,Europe,Professional Services,Project Manager,Hybrid,45,PTSD,High,5,Back Pain; Shoulder Pain,5,$60K-80K,
6/21/2025,47,Female,North America,Customer Service,Data Analyst,Remote,38,Stress Disorder,Medium,3,Back Pain; Shoulder Pain; Eye Strain; Neck Pain; Wrist Pain,4,$60K-80K,
6/21/2025,46,Male,South America,Finance,HR Manager,Onsite,64,Depression,Medium,1,Shoulder Pain; Eye Strain,2,$40K-60K,
6/21/2025,50,Male,Africa,Professional Services,Consultant,Onsite,65,Anxiety,Medium,5,Back Pain; Shoulder Pain,1,$40K-60K,
6/21/2025,50,Female,Asia,Professional Services,Executive Assistant,Hybrid,55,PTSD,Medium,3,Back Pain; Shoulder Pain,3,$60K-80K,
6/21/2025,38,Male,Oceania,Technology,Marketing Specialist,Onsite,60,None,Medium,3,Shoulder Pain,2,$40K-60K,
6/21/2025,43,Male,Africa,Education,Consultant,Onsite,52,Stress Disorder,High,2,None,3,$80K-100K,
6/21/2025,22,Male,Asia,Professional Services,Operations Manager,Hybrid,60,None,Medium,3,Back Pain; Eye Strain,2,$80K-100K,
6/21/2025,54,Female,Europe,Professional Services,HR Manager,Onsite,36,None,High,3,Shoulder Pain; Neck Pain,2,$60K-80K,
6/21/2025,36,Male,North America,Retail,Product Manager,Hybrid,37,PTSD,High,4,Back Pain; Shoulder Pain,1,$40K-60K,
6/21/2025,44,Female,Asia,Healthcare,Data Analyst,Remote,57,Anxiety,High,5,Eye Strain,3,$80K-100K,
6/21/2025,58,Female,Africa,Technology,Sales Representative,Onsite,49,PTSD,Low,5,Back Pain,1,$60K-80K,
6/21/2025,44,Male,Africa,Technology,Research Scientist,Remote,39,Anxiety,High,4,Eye Strain,4,$60K-80K,
6/21/2025,65,Female,Europe,Professional Services,Digital Marketing Specialist,Hybrid,65,None,High,3,Back Pain; Shoulder Pain,2,$80K-100K,
6/21/2025,46,Male,Africa,Professional Services,Customer Service Manager,Onsite,46,None,Low,3,Shoulder Pain; Eye Strain,1,$100K-120K,
6/21/2025,29,Male,South America,Technology,Project Manager,Hybrid,63,None,Medium,4,Eye Strain; Wrist Pain,2,$120K+,
6/21/2025,63,Female,Europe,Finance,Customer Service Manager,Hybrid,44,Anxiety,Medium,5,Back Pain; Shoulder Pain,2,$40K-60K,
6/21/2025,53,Female,Europe,Technology,Business Analyst,Remote,41,Burnout,Low,5,Back Pain; Eye Strain; Neck Pain,3,$80K-100K,
6/21/2025,35,Male,North America,Manufacturing,Business Analyst,Remote,42,PTSD,Medium,2,Back Pain; Eye Strain; Wrist Pain,5,$60K-80K,
6/21/2025,57,Male,North America,Professional Services,Content Writer,Onsite,59,Burnout,High,2,Back Pain; Eye Strain; Wrist Pain,1,$40K-60K,
6/21/2025,40,Male,Africa,Healthcare,Digital Marketing Specialist,Onsite,45,Burnout,Low,3,None,2,$60K-80K,
6/21/2025,61,Male,Africa,Professional Services,Technical Writer,Onsite,45,Burnout,Medium,4,Eye Strain; Neck Pain,4,$40K-60K,
6/21/2025,49,Male,Oceania,Education,Sales Representative,Hybrid,56,PTSD,Low,2,Back Pain; Shoulder Pain; Eye Strain,1,$40K-60K,
6/21/2025,44,Female,South America,Professional Services,Research Scientist,Onsite,36,ADHD,Medium,2,Back Pain,3,$60K-80K,
6/21/2025,62,Male,Europe,Customer Service,Digital Marketing Specialist,Onsite,46,Stress Disorder,Medium,5,Back Pain; Eye Strain,1,$40K-60K,
6/21/2025,32,Female,Africa,Finance,Financial Analyst,Hybrid,43,None,Medium,3,Back Pain; Shoulder Pain; Eye Strain,2,$100K-120K,
6/22/2025,52,Male,Europe,Manufacturing,Operations Manager,Hybrid,44,PTSD,Low,1,Back Pain; Shoulder Pain; Eye Strain,2,$60K-80K,
6/22/2025,46,Male,South America,Education,Software Engineer,Onsite,56,Anxiety,Medium,2,Shoulder Pain,3,$100K-120K,
6/22/2025,29,Female,Europe,Finance,Quality Assurance,Onsite,48,Stress Disorder,Medium,3,Shoulder Pain,4,$40K-60K,
6/22/2025,40,Male,Oceania,Professional Services,Quality Assurance,Onsite,48,Depression,High,3,None,4,$60K-80K,
6/22/2025,60,Female,Europe,Technology,Marketing Specialist,Remote,44,Anxiety,Medium,3,Back Pain; Shoulder Pain,2,$60K-80K,
6/22/2025,27,Male,Africa,Professional Services,Quality Assurance,Onsite,37,None,Medium,3,Back Pain; Shoulder Pain,2,$40K-60K,
6/22/2025,59,Female,North America,Marketing,Digital Marketing Specialist,Onsite,55,Depression,Medium,3,Shoulder Pain; Neck Pain,2,$100K-120K,
6/22/2025,23,Male,Asia,Professional Services,HR Manager,Onsite,54,Anxiety,Low,1,Back Pain; Shoulder Pain; Eye Strain; Wrist Pain,2,$100K-120K,
6/22/2025,27,Female,South America,Professional Services,Research Scientist,Remote,60,Depression,High,4,Back Pain; Shoulder Pain; Eye Strain; Wrist Pain,5,$80K-100K,
6/22/2025,34,Female,Europe,Healthcare,Sales Representative,Onsite,64,ADHD,Medium,5,Shoulder Pain; Neck Pain,1,$80K-100K,
6/22/2025,37,Female,Europe,Professional Services,Data Scientist,Onsite,58,Stress Disorder,Medium,3,Shoulder Pain; Eye Strain,1,$100K-120K,
6/22/2025,54,Non-binary,Oceania,Manufacturing,Customer Service Manager,Onsite,64,Burnout,High,1,Shoulder Pain,3,$60K-80K,
6/22/2025,27,Female,North America,Education,Customer Service Manager,Hybrid,60,ADHD,Low,3,Shoulder Pain,4,$60K-80K,
6/22/2025,24,Female,North America,Manufacturing,HR Manager,Onsite,55,Burnout,High,4,Eye Strain,1,$100K-120K,
6/22/2025,65,Female,North America,Education,Social Media Manager,Onsite,55,None,High,3,Back Pain; Eye Strain,1,$80K-100K,
6/22/2025,53,Female,South America,Finance,Data Analyst,Onsite,54,ADHD,Medium,3,Back Pain; Eye Strain,3,$60K-80K,
6/22/2025,53,Female,North America,Professional Services,Project Manager,Remote,51,Stress Disorder,High,5,Back Pain; Neck Pain,2,$120K+,
6/22/2025,51,Female,North America,Retail,Sales Representative,Remote,49,PTSD,Low,4,Back Pain; Shoulder Pain; Wrist Pain,3,$80K-100K,
6/22/2025,30,Male,Asia,Professional Services,Data Scientist,Hybrid,56,Anxiety,Medium,3,None,2,$100K-120K,
6/22/2025,61,Male,Asia,Education,Data Analyst,Onsite,63,None,Low,2,Back Pain; Shoulder Pain; Eye Strain,3,$120K+,
6/22/2025,25,Male,Africa,Professional Services,Consultant,Hybrid,40,None,High,3,None,3,$60K-80K,
6/22/2025,31,Male,Africa,Finance,IT Support,Remote,53,Depression,Medium,5,Back Pain; Shoulder Pain,4,$60K-80K,
6/22/2025,25,Female,Oceania,Healthcare,Software Engineer,Onsite,38,ADHD,Low,2,Shoulder Pain; Neck Pain,1,$100K-120K,
6/22/2025,25,Male,Europe,Marketing,Executive Assistant,Onsite,35,Stress Disorder,Medium,4,Back Pain,1,$80K-100K,
6/22/2025,55,Male,Oceania,Technology,Sales Representative,Remote,53,Depression,High,3,None,3,$40K-60K,
6/22/2025,42,Male,South America,Technology,Operations Manager,Onsite,51,PTSD,Medium,4,Shoulder Pain,3,$80K-100K,
6/22/2025,63,Male,Europe,Manufacturing,Research Scientist,Onsite,49,None,Medium,4,Shoulder Pain,1,$80K-100K,
6/22/2025,43,Female,Asia,Professional Services,DevOps Engineer,Onsite,60,Depression,High,5,Neck Pain; Wrist Pain,4,$100K-120K,
6/22/2025,45,Female,South America,Professional Services,Digital Marketing Specialist,Onsite,43,Stress Disorder,High,3,Back Pain; Shoulder Pain; Eye Strain,2,$100K-120K,
6/22/2025,22,Male,Africa,Healthcare,Account Manager,Onsite,59,Burnout,Medium,5,Shoulder Pain,2,$80K-100K,
6/22/2025,58,Female,North America,Technology,IT Support,Hybrid,50,Anxiety,Medium,3,Back Pain; Shoulder Pain; Eye Strain; Neck Pain,3,$60K-80K,
6/22/2025,26,Male,Africa,Technology,Software Engineer,Hybrid,65,PTSD,Low,4,None,2,$100K-120K,
6/22/2025,33,Female,Asia,Manufacturing,HR Manager,Onsite,50,Depression,Low,4,Back Pain; Shoulder Pain; Wrist Pain,1,$40K-60K,
6/22/2025,32,Female,Europe,Professional Services,Software Engineer,Onsite,46,None,Medium,3,None,2,$80K-100K,
6/22/2025,28,Female,Asia,Technology,Content Writer,Hybrid,41,Depression,High,4,None,3,$120K+,
6/22/2025,49,Female,North America,Technology,HR Manager,Hybrid,49,Anxiety,Low,3,Eye Strain,2,$80K-100K,
6/22/2025,52,Male,Oceania,Technology,Financial Analyst,Onsite,54,Burnout,Low,2,Shoulder Pain; Eye Strain,2,$60K-80K,
6/22/2025,22,Male,South America,Education,Data Analyst,Onsite,61,Burnout,Medium,2,Back Pain; Eye Strain,4,$100K-120K,
6/22/2025,42,Male,South America,Healthcare,IT Support,Hybrid,58,None,Medium,4,Back Pain; Wrist Pain,3,$80K-100K,
6/22/2025,63,Male,North America,Technology,Quality Assurance,Hybrid,43,PTSD,High,2,Back Pain,1,$40K-60K,
6/22/2025,25,Female,Oceania,Technology,Customer Service Manager,Remote,50,None,Medium,5,Back Pain; Shoulder Pain; Eye Strain; Neck Pain,3,$40K-60K,
6/22/2025,27,Prefer not to say,Africa,Healthcare,Consultant,Hybrid,62,None,Medium,4,Back Pain; Shoulder Pain; Eye Strain,3,$100K-120K,
6/22/2025,63,Female,Oceania,Finance,Operations Manager,Remote,36,None,High,5,Shoulder Pain,3,$40K-60K,
6/22/2025,45,Female,Oceania,Retail,Customer Service Manager,Onsite,54,PTSD,High,1,Shoulder Pain; Wrist Pain,1,$120K+,
6/22/2025,56,Female,Asia,Healthcare,Content Writer,Hybrid,62,Stress Disorder,Medium,5,Shoulder Pain; Eye Strain,3,$60K-80K,
6/22/2025,53,Female,Europe,Finance,DevOps Engineer,Onsite,48,None,Low,5,Shoulder Pain; Wrist Pain,2,$100K-120K,
6/22/2025,60,Male,Oceania,Technology,Data Analyst,Onsite,56,None,Medium,1,Back Pain; Eye Strain,2,$80K-100K,
6/22/2025,53,Female,Africa,Healthcare,Data Scientist,Onsite,35,Anxiety,High,4,Back Pain; Eye Strain; Wrist Pain,1,$60K-80K,
6/22/2025,61,Female,South America,Manufacturing,Project Manager,Remote,62,PTSD,Medium,3,Neck Pain,2,$80K-100K,
6/22/2025,47,Male,Asia,Education,Digital Marketing Specialist,Hybrid,48,None,High,4,Shoulder Pain; Eye Strain,3,$100K-120K,
6/22/2025,44,Male,South America,Professional Services,UX Designer,Hybrid,35,Stress Disorder,Medium,4,None,1,$60K-80K,
6/22/2025,38,Male,Oceania,Education,DevOps Engineer,Onsite,57,Burnout,Medium,4,Back Pain; Shoulder Pain; Eye Strain,2,$120K+,
6/22/2025,65,Female,Europe,Technology,HR Manager,Remote,47,None,High,2,Back Pain; Shoulder Pain; Neck Pain; Wrist Pain,2,$60K-80K,
6/22/2025,24,Male,Asia,Healthcare,Financial Analyst,Onsite,55,None,Low,2,Neck Pain,2,$60K-80K,
6/22/2025,63,Female,Asia,Technology,Software Engineer,Onsite,38,PTSD,High,3,Back Pain; Shoulder Pain; Eye Strain; Neck Pain,1,$100K-120K,
6/22/2025,53,Female,Asia,Marketing,Financial Analyst,Remote,52,ADHD,High,3,Eye Strain; Wrist Pain,3,$120K+,
6/22/2025,63,Male,South America,Professional Services,Customer Service Manager,Hybrid,46,None,Medium,4,Back Pain; Shoulder Pain; Eye Strain; Neck Pain,2,$80K-100K,
6/22/2025,44,Male,Europe,Education,IT Support,Hybrid,36,None,High,2,Shoulder Pain,3,$60K-80K,
6/22/2025,37,Female,Oceania,Finance,DevOps Engineer,Hybrid,62,Burnout,High,4,None,3,$80K-100K,
6/22/2025,54,Male,Europe,Education,Digital Marketing Specialist,Hybrid,65,Anxiety,Medium,1,Shoulder Pain,3,$100K-120K,
6/22/2025,42,Male,Asia,Education,Project Manager,Onsite,51,Anxiety,Medium,3,Shoulder Pain,3,$120K+,
6/22/2025,47,Female,Africa,Customer Service,Business Analyst,Onsite,53,PTSD,Low,1,Shoulder Pain,4,$60K-80K,
6/22/2025,59,Female,Oceania,Finance,Product Manager,Hybrid,60,Depression,Medium,3,Back Pain; Shoulder Pain; Eye Strain; Neck Pain,4,$60K-80K,
6/22/2025,61,Male,Africa,Technology,Data Scientist,Hybrid,50,Anxiety,Medium,1,Back Pain; Eye Strain,4,$80K-100K,
6/22/2025,51,Female,South America,Technology,Data Analyst,Remote,42,Burnout,Medium,2,Back Pain; Shoulder Pain; Eye Strain,4,$60K-80K,
6/22/2025,40,Female,North America,Education,Customer Service Manager,Remote,37,Burnout,Medium,2,Wrist Pain,4,$40K-60K,
6/22/2025,59,Female,North America,Professional Services,IT Support,Onsite,48,Depression,High,4,Back Pain; Shoulder Pain; Neck Pain,2,$60K-80K,
6/22/2025,44,Female,South America,Professional Services,Data Analyst,Onsite,53,None,High,1,Back Pain; Shoulder Pain; Wrist Pain,1,$60K-80K,
6/22/2025,48,Non-binary,North America,Technology,Research Scientist,Hybrid,44,Stress Disorder,Medium,3,Back Pain,3,$80K-100K,
6/22/2025,50,Female,Europe,Education,Social Media Manager,Onsite,43,Depression,High,5,Back Pain; Shoulder Pain; Neck Pain; Wrist Pain,1,$40K-60K,
6/22/2025,60,Female,Europe,Technology,Operations Manager,Hybrid,44,Depression,High,5,Back Pain,3,$80K-100K,
6/22/2025,43,Male,Europe,Professional Services,Technical Writer,Hybrid,42,ADHD,Medium,3,Eye Strain; Neck Pain,2,$80K-100K,
6/22/2025,50,Male,Europe,Education,Business Analyst,Hybrid,42,Depression,Medium,2,Back Pain; Shoulder Pain,4,$40K-60K,
6/22/2025,23,Female,Asia,Healthcare,Operations Manager,Hybrid,41,Burnout,High,5,Back Pain; Shoulder Pain; Wrist Pain,1,$60K-80K,
6/22/2025,42,Male,Oceania,Retail,Operations Manager,Remote,51,None,Medium,3,Eye Strain,4,$40K-60K,
6/22/2025,37,Prefer not to say,Oceania,Technology,Account Manager,Hybrid,42,None,High,1,Back Pain; Shoulder Pain; Eye Strain,4,$40K-60K,
6/22/2025,31,Female,Asia,Technology,Social Media Manager,Onsite,47,Burnout,Medium,3,Shoulder Pain; Eye Strain,1,$80K-100K,
6/22/2025,52,Female,Asia,Education,UX Designer,Hybrid,54,None,Medium,4,Back Pain; Wrist Pain,4,$60K-80K,
6/22/2025,54,Female,Oceania,Education,Research Scientist,Onsite,49,Anxiety,Medium,3,Shoulder Pain,2,$40K-60K,
6/22/2025,22,Male,Africa,Technology,Marketing Specialist,Hybrid,51,PTSD,High,3,Shoulder Pain,3,$60K-80K,
6/22/2025,43,Male,Europe,Healthcare,DevOps Engineer,Onsite,49,Burnout,Low,2,Shoulder Pain; Eye Strain; Neck Pain,2,$60K-80K,
6/22/2025,32,Male,Oceania,Professional Services,Digital Marketing Specialist,Onsite,57,PTSD,High,4,Neck Pain,4,$40K-60K,
6/22/2025,33,Female,Oceania,Technology,Sales Representative,Hybrid,43,ADHD,Medium,4,Shoulder Pain; Eye Strain,2,$80K-100K,
6/22/2025,32,Non-binary,Asia,Professional Services,UX Designer,Onsite,42,None,Medium,3,Eye Strain; Neck Pain,2,$100K-120K,
6/22/2025,26,Male,Europe,Manufacturing,Content Writer,Remote,41,Depression,Medium,3,Shoulder Pain; Eye Strain; Neck Pain,3,$100K-120K,
6/22/2025,45,Prefer not to say,Asia,Technology,Quality Assurance,Onsite,58,None,High,3,Shoulder Pain,2,$80K-100K,
6/22/2025,64,Female,Africa,Customer Service,Operations Manager,Hybrid,51,None,High,5,Shoulder Pain; Eye Strain; Neck Pain,3,$60K-80K,
6/22/2025,57,Female,Africa,Professional Services,IT Support,Onsite,55,Burnout,Low,1,Shoulder Pain; Eye Strain,2,$40K-60K,
6/22/2025,43,Male,Africa,Manufacturing,Digital Marketing Specialist,Hybrid,63,None,Medium,2,Back Pain; Shoulder Pain,3,$80K-100K,
6/22/2025,36,Male,North America,Professional Services,Marketing Specialist,Onsite,52,None,Low,3,Shoulder Pain; Eye Strain,1,$60K-80K,
6/22/2025,50,Female,Europe,Healthcare,Software Engineer,Onsite,53,Burnout,Low,4,Back Pain; Shoulder Pain; Eye Strain,2,$60K-80K,
6/22/2025,47,Male,South America,Professional Services,Executive Assistant,Remote,55,Depression,High,3,Back Pain; Shoulder Pain,5,$60K-80K,
6/22/2025,38,Male,Oceania,Retail,IT Support,Hybrid,63,ADHD,Medium,3,Back Pain; Shoulder Pain; Eye Strain,2,$60K-80K,
6/22/2025,49,Female,Africa,Technology,Data Analyst,Onsite,36,None,Low,5,Eye Strain; Neck Pain,3,$40K-60K,
6/22/2025,43,Female,South America,Retail,Sales Representative,Remote,48,None,Medium,3,Back Pain; Shoulder Pain,4,$80K-100K,
6/22/2025,56,Female,North America,Healthcare,Research Scientist,Onsite,52,Anxiety,Low,3,Back Pain; Eye Strain; Wrist Pain,2,$80K-100K,
6/22/2025,58,Male,Asia,Professional Services,Business Analyst,Onsite,48,None,High,2,Shoulder Pain; Wrist Pain,3,$60K-80K,
6/22/2025,23,Male,South America,Professional Services,Data Analyst,Onsite,61,None,High,5,Shoulder Pain; Eye Strain; Neck Pain,2,$120K+,
6/22/2025,46,Female,North America,Finance,Digital Marketing Specialist,Onsite,54,None,Medium,3,Back Pain,3,$100K-120K,
6/22/2025,27,Male,Europe,Marketing,Financial Analyst,Onsite,40,Stress Disorder,Low,5,Back Pain; Shoulder Pain; Eye Strain; Neck Pain; Wrist Pain,1,$80K-100K,
6/22/2025,38,Female,Oceania,Manufacturing,HR Manager,Hybrid,43,Depression,High,3,Shoulder Pain; Eye Strain; Wrist Pain,3,$80K-100K,
6/22/2025,63,Female,Asia,Finance,Customer Service Manager,Onsite,37,Depression,High,4,Shoulder Pain; Eye Strain,1,$120K+,
6/22/2025,55,Male,Asia,Marketing,Executive Assistant,Onsite,40,Burnout,Medium,4,Back Pain; Eye Strain,1,$80K-100K,
6/22/2025,34,Male,South America,Finance,Product Manager,Onsite,43,Anxiety,Medium,3,None,5,$40K-60K,
6/22/2025,57,Male,Europe,Healthcare,Marketing Specialist,Onsite,43,Depression,Medium,5,Shoulder Pain,1,$60K-80K,
6/22/2025,33,Non-binary,North America,Technology,Data Analyst,Hybrid,53,Depression,Medium,1,Back Pain; Eye Strain; Neck Pain,4,$80K-100K,
6/22/2025,61,Male,South America,Finance,IT Support,Hybrid,52,Stress Disorder,High,2,Eye Strain,2,$120K+,
6/22/2025,26,Male,Oceania,Professional Services,UX Designer,Onsite,43,Stress Disorder,Low,4,Shoulder Pain; Eye Strain,1,$60K-80K,
6/22/2025,43,Male,Asia,Professional Services,Customer Service Manager,Hybrid,58,None,Low,4,Back Pain; Eye Strain,3,$80K-100K,
6/22/2025,35,Female,Europe,Professional Services,Financial Analyst,Onsite,42,Depression,Low,3,Back Pain; Shoulder Pain; Eye Strain; Wrist Pain,3,$100K-120K,
6/22/2025,35,Male,North America,Manufacturing,Technical Writer,Onsite,38,Depression,High,1,Shoulder Pain; Eye Strain; Wrist Pain,3,$80K-100K,
6/22/2025,26,Non-binary,Europe,Technology,Product Manager,Hybrid,64,Anxiety,Low,5,Shoulder Pain,3,$100K-120K,
6/22/2025,44,Female,Oceania,Professional Services,Social Media Manager,Onsite,64,Anxiety,Medium,3,Eye Strain,3,$60K-80K,
6/22/2025,26,Male,South America,Marketing,Data Scientist,Remote,56,ADHD,Medium,1,Back Pain,3,$80K-100K,
6/22/2025,46,Female,Europe,Technology,Account Manager,Hybrid,41,ADHD,Medium,4,Back Pain; Shoulder Pain,3,$40K-60K,
6/22/2025,59,Female,Africa,Technology,Data Analyst,Remote,38,Stress Disorder,Medium,3,Back Pain; Shoulder Pain,4,$100K-120K,
6/22/2025,61,Female,South America,Healthcare,HR Manager,Hybrid,49,None,High,4,Shoulder Pain; Eye Strain,2,$40K-60K,
6/22/2025,41,Male,Asia,Technology,HR Manager,Onsite,50,ADHD,Low,5,Back Pain,1,$60K-80K,
6/22/2025,65,Male,South America,Professional Services,Product Manager,Hybrid,40,PTSD,High,3,Back Pain; Shoulder Pain; Neck Pain,4,$80K-100K,
6/22/2025,40,Female,Africa,Professional Services,Operations Manager,Hybrid,65,Burnout,Low,4,Back Pain; Eye Strain; Neck Pain,2,$80K-100K,
6/22/2025,44,Male,North America,Finance,Executive Assistant,Hybrid,53,Burnout,High,3,Shoulder Pain,4,$60K-80K,
6/22/2025,49,Male,Oceania,Professional Services,Consultant,Remote,49,ADHD,Medium,2,Back Pain; Shoulder Pain; Eye Strain,4,$100K-120K,
6/22/2025,62,Female,Asia,Professional Services,Product Manager,Hybrid,59,Burnout,High,2,Back Pain; Neck Pain,4,$60K-80K,
6/22/2025,30,Male,Asia,Customer Service,Product Manager,Remote,52,Anxiety,High,5,Eye Strain; Neck Pain,4,$80K-100K,
6/22/2025,42,Male,Oceania,Education,Data Scientist,Hybrid,38,Anxiety,Medium,2,Back Pain; Neck Pain,3,$100K-120K,
6/22/2025,25,Female,Europe,Technology,Digital Marketing Specialist,Remote,47,Burnout,Medium,4,Back Pain; Eye Strain,3,$80K-100K,
6/22/2025,55,Female,Europe,Finance,HR Manager,Onsite,55,Depression,High,5,Back Pain; Shoulder Pain; Eye Strain,2,$40K-60K,
6/22/2025,27,Male,Africa,Finance,Product Manager,Hybrid,56,Burnout,Medium,2,Shoulder Pain,2,$60K-80K,
6/23/2025,65,Female,North America,Professional Services,Research Scientist,Onsite,46,Burnout,Low,2,Eye Strain; Neck Pain; Wrist Pain,3,$40K-60K,
6/23/2025,28,Female,South America,Customer Service,Digital Marketing Specialist,Onsite,61,Burnout,High,3,Back Pain; Shoulder Pain,2,$60K-80K,
6/23/2025,55,Female,Asia,Professional Services,HR Manager,Onsite,37,None,High,3,Shoulder Pain; Neck Pain,3,$60K-80K,
6/23/2025,36,Male,Asia,Healthcare,Marketing Specialist,Onsite,41,Burnout,Medium,3,Back Pain; Eye Strain,2,$80K-100K,
6/23/2025,23,Male,Asia,Technology,HR Manager,Hybrid,62,PTSD,Medium,3,Shoulder Pain,1,$60K-80K,
6/23/2025,58,Female,South America,Manufacturing,Project Manager,Onsite,48,ADHD,Medium,1,Back Pain; Shoulder Pain; Eye Strain,1,$80K-100K,
6/23/2025,59,Female,Oceania,Professional Services,Financial Analyst,Onsite,58,ADHD,Medium,1,Back Pain,4,$80K-100K,
6/23/2025,29,Male,Europe,Retail,Data Analyst,Onsite,46,Anxiety,Low,3,Back Pain; Shoulder Pain; Wrist Pain,2,$100K-120K,
6/23/2025,23,Female,Africa,Technology,Social Media Manager,Remote,54,Anxiety,High,3,Eye Strain; Neck Pain,4,$40K-60K,
6/23/2025,54,Male,Europe,Healthcare,DevOps Engineer,Onsite,45,Anxiety,Low,1,Eye Strain,1,$80K-100K,
6/23/2025,61,Male,Europe,Retail,UX Designer,Onsite,36,PTSD,Medium,2,Back Pain; Eye Strain; Neck Pain,3,$80K-100K,
6/23/2025,64,Male,Africa,Technology,IT Support,Onsite,42,ADHD,Medium,4,Shoulder Pain,4,$40K-60K,
6/23/2025,23,Female,Africa,Marketing,Account Manager,Onsite,59,ADHD,Low,4,Eye Strain; Neck Pain,4,$60K-80K,
6/23/2025,42,Male,South America,Manufacturing,Business Analyst,Remote,65,PTSD,High,3,Back Pain; Shoulder Pain; Neck Pain,2,$120K+,
6/23/2025,23,Female,Asia,Professional Services,Project Manager,Hybrid,36,PTSD,Low,4,Back Pain; Shoulder Pain,1,$60K-80K,
6/23/2025,29,Female,Europe,Technology,Operations Manager,Onsite,54,None,Low,2,Back Pain; Eye Strain,1,$60K-80K,
6/23/2025,46,Male,North America,Customer Service,HR Manager,Onsite,56,PTSD,High,4,Back Pain; Eye Strain,4,$80K-100K,
6/23/2025,44,Male,Asia,Marketing,Account Manager,Onsite,56,PTSD,Low,2,Back Pain; Shoulder Pain; Eye Strain; Wrist Pain,1,$80K-100K,
6/23/2025,23,Male,Oceania,Manufacturing,Account Manager,Hybrid,62,None,High,1,Back Pain; Shoulder Pain,4,$80K-100K,
6/23/2025,42,Female,Oceania,Education,Executive Assistant,Onsite,65,Burnout,Medium,5,Back Pain; Eye Strain,1,$60K-80K,
6/23/2025,62,Male,South America,Customer Service,Technical Writer,Remote,53,Stress Disorder,High,2,Back Pain; Eye Strain; Neck Pain,2,$80K-100K,
6/23/2025,46,Female,South America,Marketing,Social Media Manager,Onsite,63,Burnout,Low,5,None,3,$40K-60K,
6/23/2025,31,Male,South America,Marketing,Content Writer,Onsite,53,Depression,Medium,3,Back Pain; Shoulder Pain; Eye Strain,1,$80K-100K,
6/23/2025,23,Female,Oceania,Technology,Operations Manager,Onsite,60,ADHD,High,1,Eye Strain; Neck Pain,3,$80K-100K,
6/23/2025,45,Female,Asia,Customer Service,IT Support,Onsite,51,Stress Disorder,High,3,Back Pain,1,$60K-80K,
6/23/2025,63,Non-binary,Africa,Healthcare,Social Media Manager,Hybrid,59,Burnout,High,4,Back Pain; Shoulder Pain; Eye Strain,1,$60K-80K,
6/23/2025,62,Female,Africa,Technology,Operations Manager,Onsite,41,PTSD,Low,1,Back Pain,1,$80K-100K,
6/23/2025,63,Male,Oceania,Education,Software Engineer,Onsite,37,Anxiety,Medium,3,Back Pain; Shoulder Pain; Eye Strain,2,$100K-120K,
6/23/2025,44,Female,Oceania,Professional Services,Software Engineer,Hybrid,40,Burnout,Low,2,None,2,$100K-120K,
6/23/2025,36,Female,Oceania,Education,Account Manager,Hybrid,62,PTSD,Medium,3,Eye Strain; Neck Pain,2,$80K-100K,
6/23/2025,65,Male,Africa,Marketing,Data Scientist,Onsite,43,ADHD,High,5,None,3,$120K+,
6/23/2025,24,Male,Africa,Technology,Financial Analyst,Hybrid,48,Burnout,Medium,2,Back Pain; Shoulder Pain; Eye Strain; Wrist Pain,4,$100K-120K,
6/23/2025,50,Male,Asia,Education,Financial Analyst,Onsite,61,Burnout,Medium,3,Back Pain; Eye Strain; Neck Pain,2,$80K-100K,
6/23/2025,23,Prefer not to say,Africa,Finance,HR Manager,Hybrid,36,None,High,2,Neck Pain,4,$40K-60K,
6/23/2025,58,Male,North America,Marketing,UX Designer,Onsite,48,None,High,2,Eye Strain; Neck Pain,2,$60K-80K,
6/23/2025,63,Male,Europe,Professional Services,Operations Manager,Onsite,63,PTSD,High,4,Shoulder Pain,4,$80K-100K,
6/23/2025,29,Female,Asia,Customer Service,Research Scientist,Onsite,36,Burnout,Medium,3,None,1,$60K-80K,
6/23/2025,31,Male,South America,Education,Data Scientist,Hybrid,46,ADHD,Medium,3,Back Pain; Eye Strain,3,$120K+,
6/23/2025,34,Male,South America,Professional Services,Operations Manager,Onsite,47,Stress Disorder,Low,3,Back Pain; Shoulder Pain; Eye Strain; Wrist Pain,2,$60K-80K,
6/23/2025,43,Male,Europe,Professional Services,Consultant,Onsite,50,Depression,Medium,5,Eye Strain; Neck Pain,1,$60K-80K,
6/23/2025,40,Male,Oceania,Retail,HR Manager,Hybrid,65,PTSD,High,3,Shoulder Pain; Eye Strain,4,$100K-120K,
6/23/2025,52,Female,North America,Retail,Content Writer,Onsite,46,Anxiety,Low,4,Shoulder Pain; Eye Strain; Neck Pain,3,$40K-60K,
6/23/2025,37,Male,Africa,Marketing,Research Scientist,Hybrid,57,Depression,Medium,4,Shoulder Pain; Neck Pain,3,$40K-60K,
6/23/2025,44,Female,Oceania,Retail,HR Manager,Remote,49,Stress Disorder,Medium,5,Shoulder Pain; Eye Strain,3,$60K-80K,
6/23/2025,54,Female,Europe,Retail,DevOps Engineer,Onsite,38,Burnout,Medium,5,Shoulder Pain; Eye Strain; Neck Pain,4,$80K-100K,
6/23/2025,25,Male,Asia,Professional Services,Data Scientist,Onsite,56,None,High,3,None,1,$100K-120K,
6/23/2025,45,Female,South America,Professional Services,Business Analyst,Onsite,49,None,High,5,Back Pain,2,$60K-80K,
6/23/2025,38,Female,Asia,Healthcare,Executive Assistant,Hybrid,43,ADHD,Medium,3,Back Pain,1,$60K-80K,
6/23/2025,49,Female,Europe,Professional Services,Research Scientist,Onsite,37,Stress Disorder,Medium,3,Back Pain; Eye Strain; Wrist Pain,2,$80K-100K,
6/23/2025,29,Female,Oceania,Healthcare,Software Engineer,Onsite,44,None,Low,3,Shoulder Pain; Eye Strain,5,$80K-100K,
6/23/2025,64,Female,South America,Education,Executive Assistant,Hybrid,38,None,Medium,4,Back Pain; Eye Strain,2,$100K-120K,
6/23/2025,43,Female,North America,Finance,Sales Representative,Onsite,56,PTSD,High,3,Shoulder Pain; Eye Strain,4,$60K-80K,
6/23/2025,31,Male,Asia,Finance,Executive Assistant,Onsite,50,None,High,3,Shoulder Pain,1,$80K-100K,
6/23/2025,26,Male,Asia,Retail,Social Media Manager,Remote,38,Anxiety,High,5,Shoulder Pain; Neck Pain,2,$100K-120K,
6/23/2025,42,Female,South America,Customer Service,Project Manager,Onsite,57,Stress Disorder,Medium,3,Neck Pain,2,$80K-100K,
6/23/2025,36,Male,South America,Manufacturing,Customer Service Manager,Remote,57,ADHD,Low,2,Back Pain; Shoulder Pain; Eye Strain,3,$40K-60K,
6/23/2025,60,Male,South America,Finance,Digital Marketing Specialist,Hybrid,65,Anxiety,High,1,Eye Strain; Neck Pain; Wrist Pain,2,$80K-100K,
6/23/2025,29,Male,Europe,Finance,Executive Assistant,Onsite,42,PTSD,Medium,4,Shoulder Pain; Eye Strain,3,$100K-120K,
6/23/2025,43,Male,Oceania,Retail,Social Media Manager,Onsite,63,None,High,3,Back Pain; Shoulder Pain; Eye Strain,1,$80K-100K,
6/23/2025,51,Female,Europe,Professional Services,Operations Manager,Hybrid,36,None,Low,4,Eye Strain,4,$40K-60K,
6/23/2025,57,Female,Africa,Healthcare,Research Scientist,Onsite,57,PTSD,Medium,3,Eye Strain,1,$40K-60K,
6/23/2025,46,Male,North America,Technology,IT Support,Remote,53,Burnout,Medium,3,Back Pain; Shoulder Pain; Eye Strain,4,$80K-100K,
6/23/2025,33,Male,South America,Technology,Project Manager,Onsite,52,Burnout,Low,3,Back Pain; Shoulder Pain,2,$60K-80K,
6/23/2025,39,Male,Europe,Professional Services,Customer Service Manager,Onsite,53,Anxiety,Medium,2,Back Pain; Shoulder Pain; Eye Strain,1,$80K-100K,
6/23/2025,26,Male,North America,Healthcare,Consultant,Remote,44,Anxiety,High,2,Back Pain,5,$80K-100K,
6/23/2025,25,Female,Europe,Marketing,UX Designer,Remote,53,None,High,3,Shoulder Pain,2,$100K-120K,
6/23/2025,33,Male,North America,Finance,Executive Assistant,Onsite,44,Depression,Medium,5,Back Pain; Eye Strain; Neck Pain,1,$100K-120K,
6/23/2025,50,Female,South America,Technology,Data Analyst,Remote,65,None,High,3,None,3,$80K-100K,
6/23/2025,35,Female,South America,Technology,Product Manager,Remote,36,None,High,2,Back Pain,3,$100K-120K,
6/23/2025,26,Male,Asia,Professional Services,Sales Representative,Onsite,55,Burnout,Medium,3,None,2,$40K-60K,
6/23/2025,37,Female,Oceania,Technology,DevOps Engineer,Hybrid,44,Burnout,Low,4,Shoulder Pain; Eye Strain,3,$60K-80K,
6/23/2025,25,Female,Europe,Technology,Marketing Specialist,Hybrid,39,Depression,Medium,5,Back Pain; Shoulder Pain; Neck Pain; Wrist Pain,4,$60K-80K,
6/23/2025,25,Female,Europe,Healthcare,Marketing Specialist,Onsite,38,Anxiety,High,4,Wrist Pain,1,$80K-100K,
6/23/2025,37,Male,Africa,Retail,Customer Service Manager,Onsite,62,None,Medium,2,Eye Strain; Neck Pain,3,$120K+,
6/23/2025,65,Female,Africa,Manufacturing,Account Manager,Onsite,45,Anxiety,High,5,Back Pain,1,$40K-60K,
6/23/2025,27,Male,Asia,Retail,Business Analyst,Hybrid,44,PTSD,High,5,Back Pain; Shoulder Pain; Eye Strain,3,$40K-60K,
6/23/2025,38,Male,South America,Education,Financial Analyst,Onsite,45,Burnout,Medium,1,None,5,$80K-100K,
6/23/2025,55,Female,Europe,Education,Software Engineer,Onsite,62,Stress Disorder,High,4,Back Pain; Shoulder Pain; Eye Strain; Wrist Pain,2,$40K-60K,
6/23/2025,25,Male,Oceania,Professional Services,Sales Representative,Hybrid,45,None,High,1,None,4,$80K-100K,
6/23/2025,51,Female,Europe,Education,Research Scientist,Onsite,64,None,Low,4,Shoulder Pain,5,$60K-80K,
6/23/2025,36,Female,Europe,Healthcare,DevOps Engineer,Hybrid,57,Burnout,Medium,3,Shoulder Pain; Eye Strain,3,$100K-120K,
6/23/2025,60,Female,South America,Technology,Account Manager,Hybrid,55,ADHD,Medium,2,Shoulder Pain; Eye Strain,2,$60K-80K,
6/23/2025,54,Male,North America,Technology,Operations Manager,Remote,44,None,Medium,1,Eye Strain,4,$60K-80K,
6/23/2025,53,Male,Oceania,Technology,Marketing Specialist,Hybrid,38,ADHD,Medium,1,Back Pain; Eye Strain; Neck Pain,1,$60K-80K,
6/23/2025,58,Male,Africa,Manufacturing,Operations Manager,Remote,53,None,High,1,Back Pain; Eye Strain,4,$80K-100K,
6/23/2025,65,Female,Africa,Technology,DevOps Engineer,Onsite,59,Depression,Low,3,Back Pain; Shoulder Pain; Eye Strain,5,$80K-100K,
6/23/2025,40,Female,North America,Technology,Consultant,Onsite,35,PTSD,Low,2,Shoulder Pain; Neck Pain,3,$40K-60K,
6/23/2025,57,Male,North America,Technology,Consultant,Hybrid,60,None,Low,4,Wrist Pain,1,$60K-80K,
6/23/2025,34,Male,Oceania,Professional Services,Business Analyst,Onsite,47,Anxiety,Medium,2,Back Pain; Shoulder Pain; Eye Strain,3,$40K-60K,
6/23/2025,30,Female,Europe,Retail,Data Analyst,Onsite,57,ADHD,High,2,Neck Pain,3,$60K-80K,
6/23/2025,53,Female,North America,Marketing,Consultant,Hybrid,55,Burnout,High,4,Back Pain; Shoulder Pain,3,$100K-120K,
6/23/2025,26,Female,Africa,Finance,DevOps Engineer,Onsite,49,Anxiety,High,5,Back Pain; Wrist Pain,3,$60K-80K,
6/23/2025,64,Female,Oceania,Marketing,Operations Manager,Onsite,40,Depression,Medium,1,None,3,$40K-60K,
6/23/2025,24,Male,Asia,Retail,Business Analyst,Hybrid,55,ADHD,Medium,5,Shoulder Pain; Eye Strain,4,$60K-80K,
6/23/2025,58,Female,South America,Finance,Social Media Manager,Onsite,60,None,Medium,1,Back Pain; Shoulder Pain,2,$60K-80K,
6/23/2025,43,Female,Asia,Professional Services,Data Analyst,Onsite,41,None,Low,3,Eye Strain,3,$40K-60K,
6/23/2025,23,Male,Africa,Customer Service,Marketing Specialist,Hybrid,43,PTSD,Low,2,Back Pain; Neck Pain,5,$80K-100K,
6/23/2025,26,Male,Oceania,Education,Product Manager,Onsite,37,ADHD,High,1,Neck Pain,1,$40K-60K,
6/23/2025,29,Female,Oceania,Marketing,Sales Representative,Hybrid,50,Anxiety,High,3,Back Pain,1,$40K-60K,
6/23/2025,57,Female,Africa,Retail,Data Analyst,Remote,53,None,High,5,Eye Strain,5,$80K-100K,
6/23/2025,30,Male,South America,Marketing,Data Scientist,Hybrid,51,ADHD,Medium,4,Back Pain; Eye Strain,2,$60K-80K,
6/23/2025,31,Male,Oceania,Finance,Digital Marketing Specialist,Remote,46,Anxiety,Low,3,Shoulder Pain; Neck Pain,5,$80K-100K,
6/23/2025,22,Female,Europe,Finance,Product Manager,Onsite,40,Stress Disorder,High,3,None,1,$80K-100K,
6/23/2025,43,Female,Africa,Manufacturing,Customer Service Manager,Hybrid,39,Depression,Medium,3,Neck Pain,2,$80K-100K,
6/23/2025,60,Female,Asia,Technology,Social Media Manager,Onsite,37,ADHD,Medium,4,Eye Strain; Wrist Pain,1,$80K-100K,
6/23/2025,56,Male,North America,Technology,DevOps Engineer,Hybrid,58,Depression,Medium,3,Back Pain; Eye Strain,4,$120K+,
6/23/2025,62,Male,South America,Professional Services,Project Manager,Onsite,53,Anxiety,High,4,Eye Strain,3,$60K-80K,
6/23/2025,39,Female,Africa,Manufacturing,UX Designer,Remote,44,ADHD,Medium,2,Shoulder Pain; Neck Pain,3,$40K-60K,
6/23/2025,63,Male,Europe,Technology,Content Writer,Onsite,64,Depression,Low,3,Back Pain; Shoulder Pain; Eye Strain; Neck Pain,3,$100K-120K,
6/23/2025,48,Female,Oceania,Finance,Financial Analyst,Onsite,44,PTSD,Low,4,Shoulder Pain; Neck Pain,5,$100K-120K,
6/23/2025,62,Non-binary,North America,Customer Service,Account Manager,Onsite,62,Anxiety,Medium,5,None,2,$40K-60K,
6/23/2025,30,Male,Europe,Professional Services,Product Manager,Remote,43,Anxiety,Medium,4,None,5,$100K-120K,
6/23/2025,43,Male,Asia,Customer Service,Account Manager,Remote,61,Depression,Medium,5,Shoulder Pain,3,$40K-60K,
6/23/2025,55,Female,Africa,Education,Account Manager,Onsite,54,PTSD,Low,2,Shoulder Pain; Eye Strain,3,$120K+,
6/23/2025,48,Male,Asia,Professional Services,Social Media Manager,Remote,64,ADHD,High,3,Back Pain; Neck Pain,4,$60K-80K,
6/23/2025,61,Male,North America,Marketing,Technical Writer,Onsite,42,PTSD,High,1,Eye Strain,2,$80K-100K,
6/23/2025,56,Prefer not to say,Oceania,Marketing,Project Manager,Onsite,36,Depression,Low,4,Back Pain,4,$120K+,
6/23/2025,53,Male,Africa,Marketing,Business Analyst,Onsite,62,PTSD,Low,3,Neck Pain,2,$60K-80K,
6/23/2025,65,Female,South America,Technology,Technical Writer,Remote,35,Anxiety,High,4,Shoulder Pain; Eye Strain,4,$40K-60K,
6/23/2025,29,Male,Asia,Technology,Product Manager,Remote,39,None,Medium,5,Back Pain; Shoulder Pain; Eye Strain; Wrist Pain,4,$40K-60K,
6/23/2025,27,Non-binary,Asia,Education,Customer Service Manager,Onsite,42,Anxiety,Medium,5,Back Pain; Shoulder Pain; Eye Strain,1,$40K-60K,
6/23/2025,38,Female,North America,Healthcare,Financial Analyst,Remote,61,None,Low,5,Wrist Pain,4,$80K-100K,
6/23/2025,25,Female,South America,Manufacturing,Research Scientist,Hybrid,55,Anxiety,High,1,Shoulder Pain; Eye Strain; Neck Pain,3,$80K-100K,
6/23/2025,41,Male,Europe,Manufacturing,Research Scientist,Remote,53,None,Medium,1,Back Pain; Shoulder Pain,4,$60K-80K,
6/23/2025,43,Male,Oceania,Technology,Digital Marketing Specialist,Remote,63,PTSD,High,3,Back Pain,5,$100K-120K,
6/23/2025,45,Female,South America,Professional Services,Research Scientist,Remote,36,ADHD,High,3,Wrist Pain,4,$40K-60K,
6/23/2025,58,Male,Europe,Professional Services,Digital Marketing Specialist,Remote,61,Anxiety,High,3,Eye Strain,4,$80K-100K,
6/23/2025,62,Male,Africa,Technology,Product Manager,Hybrid,58,Stress Disorder,Medium,2,Back Pain; Shoulder Pain; Neck Pain; Wrist Pain,3,$60K-80K,
6/23/2025,39,Female,Asia,Manufacturing,Data Scientist,Hybrid,35,Stress Disorder,Medium,3,Back Pain,3,$80K-100K,
6/23/2025,56,Male,Asia,Technology,DevOps Engineer,Remote,40,None,High,3,Back Pain; Shoulder Pain; Eye Strain; Neck Pain,5,$80K-100K,
6/23/2025,26,Male,Oceania,Professional Services,Consultant,Hybrid,57,Depression,Medium,1,Back Pain; Shoulder Pain,3,$80K-100K,
6/23/2025,48,Male,Europe,Professional Services,Research Scientist,Remote,55,Anxiety,High,2,Back Pain; Wrist Pain,4,$40K-60K,
6/23/2025,45,Female,South America,Manufacturing,UX Designer,Remote,36,ADHD,Medium,3,None,4,$40K-60K,
6/23/2025,60,Female,Europe,Healthcare,Software Engineer,Onsite,54,Anxiety,Medium,3,Back Pain; Shoulder Pain,2,$120K+,
6/23/2025,64,Female,Europe,Healthcare,Software Engineer,Hybrid,53,Depression,Medium,2,Back Pain; Shoulder Pain; Eye Strain,3,$80K-100K,
6/24/2025,30,Female,Europe,Customer Service,Content Writer,Onsite,37,None,High,4,Neck Pain; Wrist Pain,2,$100K-120K,
6/24/2025,62,Male,Oceania,Healthcare,Financial Analyst,Remote,62,Burnout,Medium,3,Shoulder Pain; Eye Strain; Neck Pain,1,$60K-80K,
6/24/2025,26,Female,Europe,Professional Services,Research Scientist,Onsite,45,None,High,4,Back Pain; Shoulder Pain; Eye Strain; Wrist Pain,1,$40K-60K,
6/24/2025,39,Female,Oceania,Technology,UX Designer,Onsite,48,ADHD,High,2,Back Pain,2,$100K-120K,
6/24/2025,38,Male,Oceania,Manufacturing,Sales Representative,Onsite,37,None,Low,1,Back Pain; Eye Strain; Wrist Pain,2,$80K-100K,
6/24/2025,59,Female,Europe,Healthcare,Technical Writer,Onsite,57,None,Low,2,Eye Strain,1,$80K-100K,
6/24/2025,32,Male,South America,Manufacturing,UX Designer,Onsite,36,PTSD,Medium,3,Back Pain; Shoulder Pain,2,$40K-60K,
6/24/2025,36,Male,South America,Marketing,Marketing Specialist,Onsite,44,PTSD,High,4,Back Pain; Shoulder Pain; Eye Strain,4,$60K-80K,
6/24/2025,52,Male,Europe,Marketing,UX Designer,Hybrid,50,None,Medium,5,Back Pain,4,$60K-80K,
6/24/2025,48,Male,Europe,Healthcare,Quality Assurance,Onsite,59,PTSD,Medium,3,Back Pain; Eye Strain,3,$80K-100K,
6/24/2025,49,Male,North America,Healthcare,Content Writer,Onsite,58,PTSD,Medium,2,Back Pain; Shoulder Pain,5,$60K-80K,
6/24/2025,32,Male,Asia,Professional Services,Quality Assurance,Onsite,38,Depression,Medium,4,Shoulder Pain; Eye Strain,2,$100K-120K,
6/24/2025,46,Male,Europe,Healthcare,Social Media Manager,Remote,56,None,Medium,4,Back Pain; Shoulder Pain; Eye Strain,4,$60K-80K,
6/24/2025,24,Male,Africa,Manufacturing,Technical Writer,Onsite,38,Burnout,High,1,Back Pain,2,$80K-100K,
6/24/2025,37,Male,Africa,Retail,Research Scientist,Onsite,56,Depression,High,3,Shoulder Pain; Eye Strain; Neck Pain,2,$80K-100K,
6/24/2025,53,Female,Europe,Manufacturing,Consultant,Hybrid,62,None,High,4,Back Pain; Eye Strain,3,$80K-100K,
6/24/2025,39,Male,South America,Professional Services,Executive Assistant,Hybrid,48,Burnout,Medium,1,Back Pain; Shoulder Pain,1,$60K-80K,
6/24/2025,48,Male,Oceania,Healthcare,Social Media Manager,Hybrid,38,ADHD,Medium,3,Back Pain; Shoulder Pain; Eye Strain; Neck Pain,2,$60K-80K,
6/24/2025,35,Male,South America,Manufacturing,Consultant,Hybrid,63,ADHD,High,3,Eye Strain,3,$80K-100K,
6/24/2025,54,Male,Africa,Education,Content Writer,Hybrid,56,ADHD,Medium,2,Back Pain; Shoulder Pain,4,$80K-100K,
6/24/2025,52,Male,Africa,Technology,Account Manager,Onsite,53,None,Low,2,Shoulder Pain; Eye Strain,3,$40K-60K,
6/24/2025,24,Female,Europe,Professional Services,Project Manager,Hybrid,43,PTSD,High,3,Back Pain; Shoulder Pain,2,$60K-80K,
6/24/2025,65,Female,North America,Manufacturing,Data Scientist,Remote,39,PTSD,Medium,3,Back Pain; Neck Pain,5,$100K-120K,
6/24/2025,51,Male,Africa,Marketing,Business Analyst,Onsite,35,ADHD,Low,2,Back Pain; Shoulder Pain; Neck Pain,1,$60K-80K,
6/24/2025,53,Female,North America,Retail,Customer Service Manager,Onsite,36,Anxiety,High,4,None,2,$60K-80K,
6/24/2025,34,Male,Asia,Customer Service,Social Media Manager,Onsite,64,None,Low,3,Back Pain; Wrist Pain,4,$80K-100K,
6/24/2025,29,Female,Europe,Manufacturing,Marketing Specialist,Hybrid,47,Anxiety,Medium,3,Back Pain; Shoulder Pain,3,$80K-100K,
6/24/2025,52,Female,North America,Professional Services,Research Scientist,Onsite,50,Stress Disorder,High,1,Shoulder Pain; Eye Strain; Wrist Pain,2,$60K-80K,
6/24/2025,54,Female,Asia,Education,Operations Manager,Remote,57,Stress Disorder,High,4,Back Pain; Eye Strain,3,$60K-80K,
6/24/2025,44,Male,Africa,Education,Software Engineer,Onsite,52,None,Low,4,Shoulder Pain; Neck Pain,3,$60K-80K,
6/24/2025,57,Male,Oceania,Marketing,Sales Representative,Hybrid,55,ADHD,High,4,Back Pain; Eye Strain; Wrist Pain,1,$120K+,
6/24/2025,44,Male,Europe,Finance,Operations Manager,Onsite,46,PTSD,Medium,5,Eye Strain,4,$80K-100K,
6/24/2025,53,Female,Europe,Education,UX Designer,Hybrid,58,Stress Disorder,Medium,3,Back Pain; Shoulder Pain,1,$40K-60K,
6/24/2025,35,Non-binary,Europe,Finance,Data Analyst,Remote,46,Burnout,High,3,Eye Strain; Neck Pain,5,$60K-80K,
6/24/2025,35,Male,North America,Education,Account Manager,Hybrid,49,None,Low,2,Back Pain; Shoulder Pain,4,$60K-80K,
6/24/2025,65,Female,Africa,Retail,Project Manager,Hybrid,55,Anxiety,High,3,Back Pain; Shoulder Pain,4,$100K-120K,
6/24/2025,51,Male,Europe,Marketing,Financial Analyst,Onsite,41,Stress Disorder,Medium,3,Back Pain; Shoulder Pain,4,$60K-80K,
6/24/2025,27,Male,Oceania,Finance,Consultant,Hybrid,54,Stress Disorder,Medium,3,Back Pain; Shoulder Pain,4,$80K-100K,
6/24/2025,28,Female,Europe,Retail,HR Manager,Onsite,61,Anxiety,Low,5,Back Pain; Shoulder Pain,5,$80K-100K,
6/24/2025,60,Male,Africa,Professional Services,Marketing Specialist,Hybrid,44,Burnout,Medium,4,Shoulder Pain; Neck Pain,1,$80K-100K,
6/24/2025,56,Female,Europe,Finance,Business Analyst,Onsite,35,None,Medium,3,Shoulder Pain; Eye Strain; Wrist Pain,2,$80K-100K,
6/24/2025,40,Female,Europe,Technology,Quality Assurance,Remote,45,ADHD,Low,3,None,3,$80K-100K,
6/24/2025,24,Non-binary,Oceania,Manufacturing,DevOps Engineer,Remote,43,ADHD,Medium,5,Back Pain; Eye Strain; Neck Pain,3,$80K-100K,
6/24/2025,45,Female,South America,Technology,IT Support,Remote,41,None,High,4,Back Pain; Shoulder Pain; Eye Strain; Neck Pain,5,$60K-80K,
6/24/2025,47,Male,Asia,Customer Service,DevOps Engineer,Hybrid,39,Depression,High,5,Back Pain; Shoulder Pain; Neck Pain; Wrist Pain,3,$80K-100K,
6/24/2025,28,Female,Oceania,Technology,Consultant,Onsite,48,ADHD,Medium,2,Back Pain; Eye Strain,1,$40K-60K,
6/24/2025,37,Male,Europe,Technology,DevOps Engineer,Onsite,49,Anxiety,Low,5,Shoulder Pain; Eye Strain; Neck Pain,2,$60K-80K,
6/24/2025,60,Female,South America,Professional Services,HR Manager,Hybrid,35,None,High,2,Back Pain; Eye Strain; Wrist Pain,2,$60K-80K,
6/24/2025,32,Prefer not to say,Asia,Customer Service,Research Scientist,Onsite,40,None,Medium,3,Shoulder Pain; Eye Strain,1,$80K-100K,
6/24/2025,38,Male,Africa,Marketing,Customer Service Manager,Onsite,60,PTSD,Low,3,Shoulder Pain; Eye Strain,1,$80K-100K,
6/24/2025,62,Male,Africa,Professional Services,Business Analyst,Onsite,37,Stress Disorder,High,4,Back Pain,1,$80K-100K,
6/24/2025,26,Male,Africa,Technology,Marketing Specialist,Onsite,46,None,High,3,Back Pain; Shoulder Pain,4,$60K-80K,
6/24/2025,46,Male,South America,Marketing,Social Media Manager,Onsite,44,Burnout,High,5,Shoulder Pain,1,$40K-60K,
6/24/2025,56,Male,Africa,Professional Services,Financial Analyst,Onsite,54,ADHD,Medium,3,Back Pain,1,$80K-100K,
6/24/2025,27,Male,North America,Manufacturing,Social Media Manager,Onsite,38,Stress Disorder,Medium,1,Back Pain; Eye Strain,4,$60K-80K,
6/24/2025,45,Female,Oceania,Education,Operations Manager,Remote,39,None,High,3,Back Pain; Shoulder Pain,1,$40K-60K,
6/24/2025,22,Male,Europe,Technology,Operations Manager,Remote,35,Depression,High,2,Eye Strain,3,$40K-60K,
6/24/2025,36,Male,Asia,Professional Services,Project Manager,Onsite,46,Burnout,Medium,3,Back Pain; Shoulder Pain; Eye Strain,2,$100K-120K,
6/24/2025,56,Male,Asia,Retail,Project Manager,Hybrid,45,Anxiety,High,2,Back Pain,4,$60K-80K,
6/24/2025,57,Male,South America,Education,Research Scientist,Onsite,35,PTSD,Low,1,Back Pain; Shoulder Pain,3,$60K-80K,
6/24/2025,57,Male,South America,Professional Services,Data Analyst,Remote,60,None,High,1,Shoulder Pain,4,$60K-80K,
6/24/2025,49,Male,Asia,Education,Research Scientist,Hybrid,38,Depression,Medium,1,Back Pain; Eye Strain,3,$80K-100K,
6/24/2025,30,Female,Africa,Retail,Account Manager,Onsite,37,None,High,3,Back Pain; Shoulder Pain,2,$40K-60K,
6/24/2025,27,Female,Oceania,Technology,HR Manager,Hybrid,52,Depression,High,1,None,1,$120K+,
6/24/2025,24,Female,South America,Finance,DevOps Engineer,Onsite,57,None,High,1,Shoulder Pain; Eye Strain,2,$60K-80K,
6/24/2025,35,Male,Africa,Education,Consultant,Remote,47,ADHD,High,3,Back Pain; Eye Strain; Wrist Pain,1,$80K-100K,
6/24/2025,27,Female,Asia,Technology,Technical Writer,Remote,64,PTSD,Medium,3,Shoulder Pain; Eye Strain,3,$60K-80K,
6/24/2025,36,Female,South America,Professional Services,IT Support,Hybrid,44,Depression,High,1,Shoulder Pain; Eye Strain,4,$60K-80K,
6/24/2025,48,Female,North America,Finance,Business Analyst,Onsite,53,None,High,3,Back Pain; Eye Strain; Wrist Pain,2,$60K-80K,
6/24/2025,53,Male,Oceania,Manufacturing,HR Manager,Remote,46,None,Medium,5,Back Pain; Shoulder Pain,5,$60K-80K,
6/24/2025,56,Male,Africa,Education,Content Writer,Onsite,38,Depression,High,3,Back Pain; Shoulder Pain; Wrist Pain,1,$80K-100K,
6/24/2025,59,Male,Oceania,Technology,Business Analyst,Hybrid,41,None,High,4,Shoulder Pain; Wrist Pain,3,$80K-100K,
6/24/2025,22,Male,Asia,Professional Services,Marketing Specialist,Hybrid,39,Anxiety,High,3,Back Pain,3,$60K-80K,
6/24/2025,22,Female,Africa,Retail,Customer Service Manager,Onsite,65,PTSD,Low,4,Back Pain; Eye Strain,2,$60K-80K,
6/24/2025,54,Female,North America,Manufacturing,Operations Manager,Remote,41,PTSD,Medium,2,Back Pain; Eye Strain,4,$40K-60K,
6/24/2025,36,Non-binary,Europe,Technology,Content Writer,Hybrid,42,Stress Disorder,High,3,Shoulder Pain; Eye Strain,5,$80K-100K,
6/24/2025,35,Male,Oceania,Professional Services,Quality Assurance,Remote,60,Burnout,Medium,1,Shoulder Pain; Eye Strain,3,$60K-80K,
6/24/2025,65,Female,Europe,Professional Services,Research Scientist,Remote,49,None,Medium,4,None,4,$80K-100K,
6/24/2025,65,Female,Africa,Retail,Social Media Manager,Onsite,62,ADHD,Medium,5,None,2,$60K-80K,
6/24/2025,22,Male,Africa,Customer Service,Software Engineer,Onsite,43,Burnout,Low,4,Wrist Pain,2,$60K-80K,
6/24/2025,52,Female,South America,Healthcare,Software Engineer,Remote,42,PTSD,High,2,Back Pain,4,$60K-80K,
6/24/2025,46,Male,Africa,Technology,Financial Analyst,Onsite,55,Burnout,Medium,1,Back Pain; Eye Strain; Neck Pain,1,$100K-120K,
6/24/2025,41,Male,South America,Healthcare,Social Media Manager,Onsite,42,Burnout,Low,3,Back Pain; Shoulder Pain; Neck Pain,1,$80K-100K,
6/24/2025,29,Female,Africa,Technology,Data Scientist,Remote,50,Anxiety,Low,3,Shoulder Pain,2,$100K-120K,
6/24/2025,43,Female,Asia,Marketing,Marketing Specialist,Onsite,65,Depression,Medium,5,Back Pain; Shoulder Pain,2,$80K-100K,
6/24/2025,64,Male,Asia,Manufacturing,Research Scientist,Hybrid,49,PTSD,Medium,3,Back Pain; Wrist Pain,4,$60K-80K,
6/24/2025,57,Male,Europe,Technology,Social Media Manager,Hybrid,50,Depression,Medium,3,Eye Strain; Wrist Pain,4,$60K-80K,
6/24/2025,38,Female,South America,Professional Services,IT Support,Onsite,40,Burnout,Low,4,Back Pain; Wrist Pain,1,$80K-100K,
6/24/2025,34,Female,Oceania,Customer Service,Executive Assistant,Remote,47,Depression,Medium,3,Back Pain; Eye Strain; Neck Pain,3,$60K-80K,
6/24/2025,63,Female,North America,Education,IT Support,Onsite,44,Burnout,Low,2,Back Pain; Shoulder Pain; Neck Pain,2,$60K-80K,
6/24/2025,40,Male,Europe,Finance,DevOps Engineer,Onsite,40,Stress Disorder,High,2,Wrist Pain,3,$60K-80K,
6/24/2025,25,Female,North America,Professional Services,Consultant,Onsite,57,Depression,Medium,1,Shoulder Pain,1,$60K-80K,
6/24/2025,51,Female,South America,Professional Services,IT Support,Remote,54,PTSD,Medium,3,Shoulder Pain,3,$40K-60K,
6/24/2025,49,Male,North America,Manufacturing,Product Manager,Onsite,50,None,Medium,4,Eye Strain,3,$100K-120K,
6/24/2025,41,Male,Oceania,Technology,Sales Representative,Remote,41,Burnout,High,1,Shoulder Pain; Eye Strain,4,$120K+,
6/24/2025,49,Non-binary,Asia,Technology,Social Media Manager,Hybrid,39,PTSD,Medium,1,Back Pain; Eye Strain,3,$60K-80K,
6/24/2025,54,Male,South America,Manufacturing,Research Scientist,Onsite,52,ADHD,Medium,3,Shoulder Pain,2,$60K-80K,
6/24/2025,53,Male,Asia,Manufacturing,Quality Assurance,Remote,65,PTSD,Medium,5,Eye Strain; Neck Pain; Wrist Pain,3,$40K-60K,
6/24/2025,54,Male,South America,Manufacturing,Content Writer,Onsite,40,Burnout,High,5,Shoulder Pain; Wrist Pain,2,$120K+,
6/24/2025,22,Female,Oceania,Professional Services,HR Manager,Remote,44,Stress Disorder,High,3,Shoulder Pain; Eye Strain,4,$60K-80K,
6/24/2025,62,Female,North America,Retail,HR Manager,Onsite,62,None,Low,3,Shoulder Pain; Eye Strain; Wrist Pain,3,$60K-80K,
6/24/2025,28,Male,Oceania,Education,HR Manager,Onsite,43,None,Medium,3,Shoulder Pain; Neck Pain,2,$60K-80K,
6/24/2025,55,Female,North America,Professional Services,Project Manager,Onsite,36,Stress Disorder,Medium,4,Back Pain; Eye Strain,2,$40K-60K,
6/24/2025,55,Female,Europe,Finance,Marketing Specialist,Onsite,58,Burnout,Medium,3,Back Pain,3,$80K-100K,
6/24/2025,54,Female,South America,Professional Services,Social Media Manager,Onsite,50,None,High,4,Back Pain; Neck Pain,2,$80K-100K,
6/24/2025,33,Female,South America,Professional Services,Executive Assistant,Onsite,53,Anxiety,Medium,3,Shoulder Pain; Eye Strain,1,$100K-120K,
6/24/2025,46,Female,South America,Healthcare,Software Engineer,Hybrid,55,ADHD,High,1,Shoulder Pain; Eye Strain,3,$80K-100K,
6/24/2025,53,Male,South America,Finance,IT Support,Onsite,36,Depression,Medium,3,Shoulder Pain; Eye Strain,1,$40K-60K,
6/24/2025,29,Female,North America,Technology,Research Scientist,Hybrid,43,None,High,3,Back Pain; Eye Strain,3,$60K-80K,
6/24/2025,59,Female,Africa,Technology,IT Support,Hybrid,46,Stress Disorder,High,3,Back Pain; Shoulder Pain,3,$100K-120K,
6/25/2025,55,Female,Europe,Retail,Financial Analyst,Hybrid,47,Burnout,High,1,Shoulder Pain; Eye Strain,2,$100K-120K,
6/25/2025,58,Non-binary,Asia,Finance,Digital Marketing Specialist,Onsite,64,PTSD,Medium,2,Back Pain; Eye Strain,1,$60K-80K,
6/25/2025,51,Female,Europe,Technology,Social Media Manager,Remote,60,Anxiety,High,3,Back Pain,3,$40K-60K,
6/25/2025,62,Male,South America,Customer Service,HR Manager,Hybrid,41,Anxiety,Medium,3,Back Pain; Neck Pain,3,$120K+,
6/25/2025,49,Female,North America,Education,Data Analyst,Hybrid,44,None,Low,1,Back Pain; Shoulder Pain; Eye Strain,1,$60K-80K,
6/25/2025,65,Female,Africa,Customer Service,Research Scientist,Onsite,57,None,Low,5,Back Pain; Eye Strain,4,$60K-80K,
6/25/2025,62,Female,North America,Professional Services,Consultant,Onsite,42,Anxiety,Medium,5,Back Pain; Eye Strain,3,$100K-120K,
6/25/2025,32,Male,Africa,Professional Services,Project Manager,Remote,54,Depression,Medium,5,Eye Strain; Neck Pain,4,$60K-80K,
6/25/2025,53,Male,Europe,Manufacturing,Data Scientist,Onsite,38,None,Low,4,None,4,$100K-120K,
6/25/2025,40,Male,Africa,Healthcare,Digital Marketing Specialist,Hybrid,57,ADHD,Low,4,Back Pain; Eye Strain,1,$80K-100K,
6/25/2025,58,Male,Africa,Professional Services,Quality Assurance,Onsite,39,Depression,Low,3,Eye Strain,3,$100K-120K,
6/25/2025,58,Male,North America,Customer Service,Digital Marketing Specialist,Onsite,65,Stress Disorder,High,5,None,2,$80K-100K,
6/25/2025,31,Female,Europe,Finance,HR Manager,Onsite,63,Burnout,High,3,Shoulder Pain; Eye Strain,1,$60K-80K,
6/25/2025,44,Female,South America,Finance,UX Designer,Onsite,54,Anxiety,Low,2,Back Pain; Neck Pain,2,$60K-80K,
6/25/2025,47,Female,Asia,Finance,HR Manager,Remote,44,None,Medium,4,Eye Strain,4,$80K-100K,
6/25/2025,47,Female,Asia,Professional Services,Social Media Manager,Onsite,49,PTSD,High,3,Eye Strain; Neck Pain,2,$60K-80K,
6/25/2025,41,Male,Asia,Healthcare,Project Manager,Hybrid,42,ADHD,High,4,Shoulder Pain; Eye Strain,2,$100K-120K,
6/25/2025,56,Male,Asia,Professional Services,Financial Analyst,Hybrid,50,Anxiety,Medium,3,Eye Strain,4,$80K-100K,
6/25/2025,22,Female,Africa,Customer Service,Content Writer,Onsite,37,None,Low,5,Shoulder Pain; Eye Strain; Wrist Pain,3,$60K-80K,
6/25/2025,48,Female,North America,Healthcare,Operations Manager,Hybrid,45,Depression,Low,4,Back Pain; Shoulder Pain,3,$40K-60K,
6/25/2025,61,Female,North America,Professional Services,Product Manager,Onsite,39,None,High,3,Back Pain; Shoulder Pain; Eye Strain,2,$40K-60K,
6/25/2025,27,Male,Africa,Finance,DevOps Engineer,Onsite,39,None,High,1,Shoulder Pain; Eye Strain,2,$120K+,
6/25/2025,23,Non-binary,South America,Technology,Operations Manager,Remote,42,Depression,Medium,5,Shoulder Pain,5,$40K-60K,
6/25/2025,37,Female,Africa,Retail,Quality Assurance,Hybrid,57,Depression,Low,3,None,5,$80K-100K,
6/25/2025,48,Male,North America,Professional Services,Social Media Manager,Hybrid,51,ADHD,Medium,2,Back Pain; Shoulder Pain; Eye Strain,3,$100K-120K,
6/25/2025,32,Female,Europe,Customer Service,Data Scientist,Hybrid,39,Stress Disorder,Medium,4,Neck Pain,3,$120K+,
6/25/2025,35,Male,North America,Technology,DevOps Engineer,Remote,62,None,Low,2,Eye Strain,2,$80K-100K,
6/25/2025,38,Non-binary,Oceania,Healthcare,Consultant,Remote,39,None,High,1,Eye Strain,3,$120K+,
6/25/2025,27,Female,South America,Education,IT Support,Remote,58,Depression,Medium,3,Shoulder Pain; Neck Pain,5,$80K-100K,
6/25/2025,65,Male,Africa,Education,Account Manager,Onsite,49,None,Medium,3,Back Pain; Shoulder Pain; Eye Strain,2,$80K-100K,
6/25/2025,62,Female,Asia,Marketing,Financial Analyst,Hybrid,42,None,Medium,3,Shoulder Pain,4,$100K-120K,
6/25/2025,47,Female,North America,Technology,Digital Marketing Specialist,Remote,35,ADHD,Low,3,Back Pain; Shoulder Pain,4,$40K-60K,
6/25/2025,60,Female,North America,Professional Services,UX Designer,Onsite,51,PTSD,Low,5,Back Pain; Shoulder Pain; Wrist Pain,5,$80K-100K,
6/25/2025,46,Male,Europe,Technology,Research Scientist,Remote,45,None,Low,5,Shoulder Pain; Neck Pain; Wrist Pain,4,$60K-80K,
6/25/2025,25,Male,Europe,Professional Services,Executive Assistant,Remote,63,Anxiety,High,5,Shoulder Pain; Eye Strain,4,$100K-120K,
6/25/2025,36,Male,Africa,Technology,Product Manager,Hybrid,47,None,Low,4,Back Pain; Shoulder Pain,1,$80K-100K,
6/25/2025,56,Male,Oceania,Finance,Business Analyst,Onsite,52,Stress Disorder,Medium,2,Back Pain; Shoulder Pain,1,$80K-100K,
6/25/2025,32,Male,Asia,Technology,Business Analyst,Remote,49,Burnout,High,1,Shoulder Pain,5,$40K-60K,
6/25/2025,52,Male,Asia,Technology,Software Engineer,Hybrid,60,Burnout,Medium,3,Neck Pain,3,$60K-80K,
6/25/2025,57,Female,South America,Healthcare,Research Scientist,Onsite,47,Depression,High,2,Back Pain; Neck Pain,3,$60K-80K,
6/25/2025,46,Male,Africa,Finance,Quality Assurance,Onsite,63,PTSD,Medium,3,Eye Strain,2,$40K-60K,
6/25/2025,48,Male,South America,Education,Data Analyst,Onsite,57,None,Medium,1,Back Pain; Shoulder Pain; Neck Pain,1,$60K-80K,
6/25/2025,49,Female,North America,Education,UX Designer,Hybrid,52,Stress Disorder,High,4,Back Pain,1,$60K-80K,
6/25/2025,62,Male,Asia,Customer Service,Data Analyst,Onsite,41,ADHD,Medium,3,Eye Strain; Neck Pain,3,$60K-80K,
6/25/2025,49,Female,South America,Professional Services,Sales Representative,Onsite,46,PTSD,Low,3,Shoulder Pain; Eye Strain,1,$60K-80K,
6/25/2025,30,Male,Asia,Professional Services,UX Designer,Onsite,52,Anxiety,Medium,3,Shoulder Pain; Eye Strain,5,$100K-120K,
6/25/2025,44,Female,Europe,Healthcare,Account Manager,Hybrid,51,Anxiety,Low,5,None,3,$60K-80K,
6/25/2025,24,Female,Asia,Technology,Customer Service Manager,Remote,64,ADHD,Medium,5,Shoulder Pain; Eye Strain,3,$60K-80K,
6/25/2025,47,Female,Oceania,Finance,Software Engineer,Onsite,46,PTSD,High,2,None,5,$100K-120K,
6/25/2025,56,Female,Oceania,Manufacturing,Data Analyst,Onsite,53,ADHD,Low,3,Back Pain,2,$60K-80K,
6/25/2025,53,Female,Europe,Education,Consultant,Hybrid,45,None,High,4,Eye Strain; Neck Pain,2,$60K-80K,
6/25/2025,27,Non-binary,Africa,Marketing,Software Engineer,Hybrid,63,ADHD,Low,3,Wrist Pain,3,$80K-100K,
6/25/2025,42,Female,Oceania,Manufacturing,Account Manager,Hybrid,64,ADHD,High,3,Back Pain; Shoulder Pain; Eye Strain,2,$80K-100K,
6/25/2025,43,Female,Africa,Technology,UX Designer,Hybrid,54,None,Medium,3,Back Pain; Eye Strain,4,$60K-80K,
6/25/2025,47,Male,North America,Marketing,Social Media Manager,Onsite,36,Depression,Medium,5,Back Pain; Eye Strain; Neck Pain,2,$40K-60K,
6/25/2025,60,Female,South America,Customer Service,HR Manager,Remote,44,ADHD,High,4,Back Pain; Eye Strain; Neck Pain,4,$60K-80K,
6/25/2025,60,Female,Oceania,Education,Software Engineer,Remote,37,None,High,5,Shoulder Pain; Eye Strain,3,$100K-120K,
6/25/2025,45,Male,Africa,Technology,DevOps Engineer,Remote,41,PTSD,Medium,2,Back Pain; Eye Strain; Neck Pain,3,$120K+,
6/25/2025,28,Female,North America,Finance,Digital Marketing Specialist,Hybrid,38,ADHD,Medium,2,Shoulder Pain; Wrist Pain,2,$80K-100K,
6/25/2025,49,Female,South America,Retail,Executive Assistant,Hybrid,50,None,High,3,Eye Strain,2,$80K-100K,
6/25/2025,55,Female,North America,Finance,Data Analyst,Remote,60,Anxiety,Medium,3,Neck Pain,3,$80K-100K,
6/25/2025,56,Non-binary,Asia,Marketing,Research Scientist,Onsite,63,PTSD,Medium,4,Eye Strain; Neck Pain,1,$80K-100K,
6/25/2025,65,Male,Oceania,Manufacturing,Customer Service Manager,Remote,56,Stress Disorder,High,5,Back Pain; Shoulder Pain; Eye Strain; Neck Pain,4,$60K-80K,
6/25/2025,62,Female,Oceania,Customer Service,Account Manager,Hybrid,57,None,Low,4,Back Pain; Neck Pain,3,$80K-100K,
6/25/2025,35,Female,Europe,Professional Services,Product Manager,Onsite,42,Depression,High,3,Shoulder Pain,2,$80K-100K,
6/25/2025,65,Female,Europe,Technology,Financial Analyst,Remote,56,None,Medium,5,Back Pain; Wrist Pain,2,$60K-80K,
6/25/2025,24,Male,Asia,Education,Product Manager,Onsite,55,PTSD,High,3,Back Pain; Shoulder Pain; Neck Pain,3,$100K-120K,
6/25/2025,50,Female,Africa,Professional Services,Account Manager,Remote,56,PTSD,Low,4,Back Pain,4,$80K-100K,
6/25/2025,33,Female,Asia,Professional Services,Data Scientist,Onsite,37,Burnout,High,4,Back Pain; Eye Strain,1,$80K-100K,
6/25/2025,28,Male,Asia,Manufacturing,HR Manager,Hybrid,48,Burnout,Low,2,Back Pain; Wrist Pain,2,$40K-60K,
6/25/2025,64,Female,Asia,Technology,Operations Manager,Hybrid,55,Depression,High,3,None,2,$60K-80K,
6/25/2025,35,Prefer not to say,South America,Professional Services,Software Engineer,Onsite,44,Burnout,Medium,4,Back Pain; Shoulder Pain; Neck Pain; Wrist Pain,4,$80K-100K,
6/25/2025,62,Male,South America,Customer Service,Consultant,Onsite,63,PTSD,Medium,2,Back Pain; Eye Strain,1,$80K-100K,
6/25/2025,43,Female,South America,Manufacturing,Project Manager,Onsite,51,None,Low,2,Eye Strain,2,$60K-80K,
6/25/2025,37,Female,South America,Professional Services,IT Support,Onsite,59,PTSD,Low,2,Back Pain; Eye Strain,3,$60K-80K,
6/25/2025,36,Male,Oceania,Manufacturing,Executive Assistant,Hybrid,65,Stress Disorder,Medium,2,Eye Strain,2,$80K-100K,
6/25/2025,65,Female,Africa,Customer Service,Business Analyst,Onsite,38,Anxiety,High,3,Shoulder Pain; Eye Strain,3,$120K+,
6/25/2025,64,Female,South America,Technology,Business Analyst,Hybrid,39,None,Medium,4,Back Pain; Shoulder Pain; Eye Strain; Neck Pain,3,$80K-100K,
6/25/2025,60,Female,Africa,Customer Service,Project Manager,Remote,54,ADHD,Medium,3,Shoulder Pain,1,$80K-100K,
6/25/2025,52,Female,South America,Manufacturing,Executive Assistant,Onsite,43,None,Low,2,Back Pain; Eye Strain; Neck Pain,2,$100K-120K,
6/25/2025,55,Female,Oceania,Professional Services,Marketing Specialist,Onsite,39,PTSD,Medium,3,Shoulder Pain; Eye Strain,3,$60K-80K,
6/25/2025,42,Female,South America,Professional Services,Data Analyst,Hybrid,42,Burnout,High,5,Back Pain; Shoulder Pain; Eye Strain; Neck Pain,2,$60K-80K,
6/25/2025,42,Male,South America,Professional Services,Project Manager,Remote,35,None,Medium,1,Shoulder Pain; Neck Pain,5,$40K-60K,
6/25/2025,48,Male,North America,Healthcare,Digital Marketing Specialist,Onsite,36,ADHD,Low,3,Shoulder Pain,4,$60K-80K,
6/25/2025,62,Female,South America,Finance,Research Scientist,Remote,53,Burnout,High,2,Back Pain; Shoulder Pain; Eye Strain; Wrist Pain,5,$40K-60K,
6/25/2025,44,Male,South America,Professional Services,Financial Analyst,Hybrid,45,Depression,Medium,5,None,3,$60K-80K,
6/25/2025,43,Female,South America,Healthcare,Marketing Specialist,Hybrid,61,None,Medium,1,Back Pain; Shoulder Pain; Eye Strain; Neck Pain,4,$40K-60K,
6/25/2025,34,Female,North America,Retail,Financial Analyst,Onsite,47,Stress Disorder,Medium,3,Back Pain; Eye Strain,5,$60K-80K,
6/25/2025,44,Male,Europe,Marketing,Marketing Specialist,Remote,46,Burnout,High,4,Back Pain; Eye Strain; Neck Pain,5,$40K-60K,
6/25/2025,35,Male,Asia,Marketing,IT Support,Onsite,35,Stress Disorder,Low,4,Back Pain; Shoulder Pain; Eye Strain,3,$40K-60K,
6/25/2025,55,Female,Africa,Finance,IT Support,Remote,49,Depression,High,2,Back Pain; Eye Strain; Neck Pain,3,$80K-100K,
6/25/2025,27,Male,Europe,Finance,Product Manager,Onsite,47,Stress Disorder,High,4,Shoulder Pain; Eye Strain; Neck Pain,3,$80K-100K,
6/25/2025,53,Male,Africa,Education,Financial Analyst,Hybrid,37,Anxiety,Medium,4,Shoulder Pain; Eye Strain; Wrist Pain,2,$100K-120K,
6/25/2025,33,Female,Oceania,Professional Services,Project Manager,Hybrid,49,None,Medium,3,Back Pain; Eye Strain,3,$80K-100K,
6/25/2025,65,Female,North America,Education,HR Manager,Onsite,59,None,Medium,3,Back Pain,3,$60K-80K,
6/25/2025,32,Male,Africa,Marketing,Product Manager,Hybrid,65,Depression,Low,3,Back Pain; Shoulder Pain,2,$80K-100K,
6/25/2025,65,Male,Asia,Customer Service,Product Manager,Onsite,62,PTSD,Low,3,Back Pain; Shoulder Pain,2,$120K+,
6/25/2025,41,Male,South America,Technology,Data Analyst,Onsite,52,Burnout,Medium,4,Shoulder Pain,2,$40K-60K,
6/25/2025,27,Female,South America,Professional Services,Research Scientist,Onsite,64,PTSD,Low,3,Back Pain; Neck Pain,1,$80K-100K,
6/25/2025,39,Male,North America,Marketing,Product Manager,Onsite,65,PTSD,Medium,2,None,2,$100K-120K,
6/25/2025,63,Male,Europe,Finance,Data Analyst,Onsite,54,Anxiety,Medium,3,Back Pain; Shoulder Pain,3,$60K-80K,
6/25/2025,24,Male,Europe,Education,Data Scientist,Onsite,37,Depression,Low,5,Eye Strain,3,$80K-100K,
6/25/2025,42,Male,Africa,Professional Services,Software Engineer,Onsite,48,Anxiety,Medium,3,Shoulder Pain; Eye Strain; Neck Pain,3,$100K-120K,
6/25/2025,33,Male,Asia,Technology,Financial Analyst,Hybrid,35,PTSD,Medium,2,Shoulder Pain; Eye Strain,2,$80K-100K,
6/25/2025,38,Male,Africa,Customer Service,Business Analyst,Remote,61,ADHD,Low,4,None,4,$60K-80K,
6/25/2025,56,Male,Europe,Marketing,Financial Analyst,Hybrid,63,None,High,3,Back Pain; Eye Strain,4,$100K-120K,
6/25/2025,57,Male,Africa,Professional Services,Project Manager,Hybrid,64,Depression,High,3,Eye Strain,3,$80K-100K,
6/25/2025,59,Female,Africa,Finance,IT Support,Onsite,57,ADHD,Low,4,Back Pain; Neck Pain,4,$60K-80K,
6/25/2025,39,Female,North America,Technology,Sales Representative,Hybrid,62,PTSD,Medium,3,Neck Pain,4,$80K-100K,
6/25/2025,48,Male,South America,Technology,Quality Assurance,Remote,36,PTSD,Medium,2,Shoulder Pain,2,$80K-100K,
6/25/2025,63,Non-binary,Oceania,Finance,Operations Manager,Onsite,51,Burnout,High,4,Back Pain; Shoulder Pain; Eye Strain,2,$40K-60K,
6/25/2025,59,Male,Europe,Finance,Sales Representative,Onsite,47,None,High,4,None,5,$100K-120K,
6/25/2025,27,Female,Asia,Healthcare,UX Designer,Onsite,59,None,High,3,Back Pain; Wrist Pain,1,$100K-120K,
6/25/2025,46,Male,Asia,Customer Service,Content Writer,Onsite,44,Burnout,High,4,Back Pain; Shoulder Pain; Eye Strain,1,$80K-100K,
6/25/2025,37,Female,Asia,Finance,HR Manager,Hybrid,49,PTSD,High,1,Back Pain,1,$80K-100K,
6/25/2025,57,Male,Oceania,Technology,Product Manager,Remote,38,Burnout,Low,2,Back Pain; Eye Strain; Neck Pain,2,$80K-100K,
6/25/2025,24,Male,Africa,Customer Service,Digital Marketing Specialist,Onsite,48,Stress Disorder,High,4,Neck Pain,3,$120K+,
6/25/2025,52,Male,Africa,Healthcare,Account Manager,Hybrid,62,ADHD,Low,2,Back Pain; Eye Strain,3,$120K+,
6/26/2025,34,Female,Europe,Marketing,Social Media Manager,Remote,64,Burnout,High,2,Shoulder Pain,2,$60K-80K,
6/26/2025,32,Female,Europe,Healthcare,IT Support,Onsite,46,PTSD,Low,4,Back Pain; Eye Strain,3,$40K-60K,
6/26/2025,51,Female,North America,Technology,Software Engineer,Onsite,62,ADHD,High,1,Back Pain; Shoulder Pain; Neck Pain,3,$100K-120K,
6/26/2025,30,Male,South America,Healthcare,Project Manager,Onsite,46,Depression,High,3,None,2,$60K-80K,
6/26/2025,26,Female,Asia,Professional Services,Sales Representative,Hybrid,38,Anxiety,Medium,4,None,4,$60K-80K,
6/26/2025,43,Female,South America,Manufacturing,DevOps Engineer,Hybrid,47,PTSD,High,5,Back Pain; Eye Strain; Neck Pain; Wrist Pain,3,$120K+,
6/26/2025,40,Female,South America,Technology,HR Manager,Onsite,50,Depression,High,2,Shoulder Pain; Eye Strain,2,$80K-100K,
6/26/2025,31,Female,Oceania,Retail,Customer Service Manager,Onsite,48,None,Low,3,Back Pain; Shoulder Pain; Eye Strain,2,$100K-120K,
6/26/2025,35,Male,North America,Retail,Data Analyst,Onsite,50,Burnout,Low,3,Eye Strain,2,$80K-100K,
6/26/2025,31,Male,Asia,Technology,Operations Manager,Remote,62,PTSD,High,4,Shoulder Pain,3,$40K-60K,
6/26/2025,59,Male,Europe,Technology,Sales Representative,Remote,64,None,High,4,Back Pain; Shoulder Pain,4,$60K-80K,
6/26/2025,60,Male,Europe,Professional Services,Social Media Manager,Remote,40,Burnout,Medium,4,None,4,$100K-120K,
6/26/2025,22,Female,Asia,Healthcare,Social Media Manager,Onsite,61,PTSD,High,1,Shoulder Pain; Eye Strain; Neck Pain; Wrist Pain,1,$60K-80K,
6/26/2025,33,Female,Africa,Professional Services,Customer Service Manager,Hybrid,57,PTSD,Medium,3,Eye Strain,4,$80K-100K,
6/26/2025,61,Female,Africa,Professional Services,Executive Assistant,Hybrid,40,PTSD,High,5,Eye Strain; Neck Pain,1,$60K-80K,
6/26/2025,24,Male,North America,Retail,Product Manager,Onsite,63,Depression,Medium,4,Shoulder Pain; Eye Strain; Neck Pain,1,$100K-120K,
6/26/2025,42,Female,Oceania,Technology,Consultant,Onsite,42,Burnout,Low,4,Back Pain,1,$60K-80K,
6/26/2025,36,Male,South America,Finance,Financial Analyst,Hybrid,50,None,High,2,Back Pain; Eye Strain,3,$80K-100K,
6/26/2025,30,Female,North America,Technology,Executive Assistant,Hybrid,44,PTSD,High,1,Back Pain; Shoulder Pain; Eye Strain; Neck Pain,3,$40K-60K,
6/26/2025,58,Male,South America,Healthcare,Project Manager,Onsite,60,Anxiety,Medium,3,Eye Strain,3,$100K-120K,
6/26/2025,65,Male,North America,Technology,Customer Service Manager,Hybrid,55,None,Medium,4,Shoulder Pain; Neck Pain,1,$40K-60K,
6/26/2025,62,Female,Asia,Finance,Data Analyst,Onsite,63,Depression,Medium,2,None,4,$80K-100K,
6/26/2025,24,Female,Africa,Professional Services,Content Writer,Onsite,40,Anxiety,Low,2,Back Pain; Neck Pain; Wrist Pain,2,$60K-80K,
6/26/2025,40,Female,Oceania,Retail,HR Manager,Hybrid,59,Depression,High,2,Neck Pain,1,$40K-60K,
6/26/2025,65,Male,Europe,Finance,Account Manager,Onsite,45,Stress Disorder,Medium,2,Back Pain,2,$40K-60K,
6/26/2025,24,Male,Africa,Manufacturing,Data Analyst,Hybrid,35,Depression,Medium,3,Back Pain; Shoulder Pain,5,$40K-60K,
6/26/2025,37,Male,South America,Technology,Financial Analyst,Hybrid,51,ADHD,High,2,Back Pain; Eye Strain; Neck Pain,3,$60K-80K,
6/26/2025,51,Female,Asia,Education,Digital Marketing Specialist,Onsite,40,Stress Disorder,Low,3,Back Pain; Shoulder Pain; Eye Strain,3,$80K-100K,
6/26/2025,31,Male,North America,Manufacturing,IT Support,Hybrid,40,ADHD,High,3,Back Pain; Eye Strain,3,$60K-80K,
6/26/2025,47,Male,Africa,Manufacturing,Account Manager,Hybrid,52,PTSD,Medium,4,Back Pain; Shoulder Pain; Neck Pain,2,$60K-80K,
6/26/2025,23,Female,Asia,Technology,Account Manager,Onsite,58,Anxiety,Medium,4,Shoulder Pain,2,$60K-80K,
6/26/2025,61,Female,North America,Retail,Business Analyst,Remote,62,ADHD,Medium,4,Back Pain; Shoulder Pain; Wrist Pain,3,$40K-60K,
6/26/2025,29,Female,Asia,Finance,Research Scientist,Remote,45,Depression,Medium,4,Back Pain,5,$60K-80K,
6/26/2025,36,Male,Oceania,Marketing,Business Analyst,Onsite,57,None,High,3,Back Pain; Shoulder Pain; Eye Strain,2,$60K-80K,
6/26/2025,54,Female,South America,Professional Services,Executive Assistant,Onsite,47,PTSD,Low,2,Eye Strain; Wrist Pain,4,$80K-100K,
6/26/2025,59,Female,Africa,Professional Services,Content Writer,Onsite,45,ADHD,Medium,5,None,1,$40K-60K,
6/26/2025,55,Female,Oceania,Retail,UX Designer,Onsite,55,PTSD,Medium,4,Back Pain; Eye Strain,2,$100K-120K,
6/26/2025,30,Male,Europe,Professional Services,Consultant,Onsite,54,Depression,Medium,3,Back Pain; Eye Strain,2,$80K-100K,
6/26/2025,53,Female,Europe,Professional Services,UX Designer,Hybrid,38,Depression,High,4,Eye Strain,1,$60K-80K,
6/26/2025,51,Male,Oceania,Technology,Project Manager,Remote,63,None,Low,2,Back Pain; Shoulder Pain,3,$120K+,
6/26/2025,61,Male,Africa,Manufacturing,Business Analyst,Onsite,53,Depression,Medium,5,Back Pain,2,$80K-100K,
6/26/2025,52,Male,Europe,Professional Services,Data Scientist,Hybrid,61,ADHD,Medium,4,Back Pain,3,$80K-100K,
6/26/2025,43,Male,North America,Retail,Consultant,Onsite,39,None,Medium,5,Shoulder Pain; Eye Strain,3,$80K-100K,
6/26/2025,56,Female,South America,Customer Service,Sales Representative,Remote,47,None,Medium,3,Back Pain; Shoulder Pain; Eye Strain; Wrist Pain,4,$60K-80K,
6/26/2025,49,Female,Africa,Manufacturing,Customer Service Manager,Remote,38,None,Low,4,Eye Strain,4,$80K-100K,
6/26/2025,62,Female,Oceania,Marketing,Executive Assistant,Onsite,49,Burnout,Medium,3,Back Pain; Shoulder Pain; Eye Strain,3,$80K-100K,
6/26/2025,62,Female,North America,Professional Services,Consultant,Onsite,64,Burnout,Medium,5,Shoulder Pain; Eye Strain; Wrist Pain,1,$40K-60K,
6/26/2025,31,Female,Africa,Professional Services,Sales Representative,Onsite,56,None,Medium,2,Back Pain,3,$60K-80K,
6/26/2025,48,Female,Oceania,Technology,Consultant,Remote,36,PTSD,Medium,3,Back Pain; Shoulder Pain; Eye Strain,1,$40K-60K,
6/26/2025,28,Female,Africa,Professional Services,Content Writer,Onsite,46,PTSD,Medium,3,Back Pain; Shoulder Pain; Eye Strain; Neck Pain,2,$60K-80K,
6/26/2025,45,Female,Europe,Finance,Consultant,Hybrid,57,Stress Disorder,Medium,2,Back Pain,2,$80K-100K,
6/26/2025,24,Male,Asia,Education,Financial Analyst,Remote,59,None,Medium,1,Back Pain; Shoulder Pain; Eye Strain,4,$80K-100K,
6/26/2025,30,Male,Oceania,Manufacturing,Technical Writer,Hybrid,53,None,High,2,Shoulder Pain; Eye Strain,3,$60K-80K,
6/26/2025,22,Male,Africa,Healthcare,Account Manager,Remote,48,ADHD,High,2,Back Pain; Shoulder Pain; Eye Strain,3,$60K-80K,
6/26/2025,31,Male,Asia,Retail,Research Scientist,Remote,35,Depression,Low,2,Shoulder Pain; Eye Strain,5,$40K-60K,
6/26/2025,60,Female,Africa,Marketing,Customer Service Manager,Onsite,39,Stress Disorder,Medium,4,Back Pain,2,$60K-80K,
6/26/2025,43,Prefer not to say,Africa,Education,Software Engineer,Onsite,60,None,Low,2,Back Pain; Eye Strain,3,$100K-120K,
6/26/2025,34,Male,North America,Professional Services,Customer Service Manager,Hybrid,37,ADHD,Low,3,Shoulder Pain; Eye Strain; Neck Pain,3,$120K+,
6/26/2025,29,Female,Asia,Professional Services,Technical Writer,Onsite,64,Anxiety,Low,4,None,1,$40K-60K,
6/26/2025,46,Male,Asia,Technology,Operations Manager,Remote,35,Burnout,High,3,Shoulder Pain; Eye Strain,3,$120K+,
6/26/2025,62,Female,Africa,Professional Services,Sales Representative,Onsite,43,None,Medium,1,None,5,$60K-80K,
6/26/2025,37,Male,Asia,Technology,IT Support,Remote,58,Depression,High,2,Back Pain; Eye Strain,2,$40K-60K,
6/26/2025,50,Male,Europe,Professional Services,DevOps Engineer,Onsite,48,ADHD,Medium,4,Shoulder Pain; Neck Pain,2,$120K+,
6/26/2025,57,Female,South America,Retail,DevOps Engineer,Onsite,36,ADHD,High,4,None,2,$100K-120K,
6/26/2025,63,Female,Europe,Marketing,Content Writer,Hybrid,37,ADHD,Medium,5,Back Pain; Eye Strain,4,$80K-100K,
6/26/2025,36,Male,South America,Professional Services,Project Manager,Onsite,65,Anxiety,High,3,Shoulder Pain; Eye Strain; Wrist Pain,2,$60K-80K,
6/26/2025,35,Male,Oceania,Professional Services,Research Scientist,Hybrid,45,ADHD,High,3,Eye Strain,3,$80K-100K,
6/26/2025,26,Male,Asia,Finance,Customer Service Manager,Onsite,49,Anxiety,High,3,Shoulder Pain; Eye Strain; Neck Pain,2,$60K-80K,
6/26/2025,54,Male,Asia,Finance,Digital Marketing Specialist,Remote,50,None,Medium,3,Shoulder Pain; Neck Pain,1,$80K-100K,
6/26/2025,26,Male,South America,Professional Services,DevOps Engineer,Hybrid,60,PTSD,Low,5,Back Pain; Shoulder Pain; Neck Pain,3,$40K-60K,
6/26/2025,43,Female,Asia,Professional Services,Financial Analyst,Onsite,43,None,High,3,Eye Strain,2,$60K-80K,
6/26/2025,51,Female,Africa,Professional Services,Quality Assurance,Onsite,56,Stress Disorder,Medium,4,Shoulder Pain; Eye Strain,3,$100K-120K,
6/26/2025,35,Female,North America,Professional Services,Content Writer,Onsite,38,None,Medium,3,None,1,$60K-80K,
6/26/2025,24,Female,Europe,Technology,Quality Assurance,Hybrid,44,None,Low,5,Shoulder Pain,3,$60K-80K,
6/26/2025,53,Male,Africa,Technology,Technical Writer,Remote,63,Depression,High,3,Back Pain; Eye Strain; Wrist Pain,5,$80K-100K,
6/26/2025,63,Female,Oceania,Professional Services,Technical Writer,Onsite,60,Stress Disorder,High,2,Back Pain; Eye Strain,3,$60K-80K,
6/26/2025,24,Female,Oceania,Manufacturing,Quality Assurance,Remote,36,ADHD,Medium,1,Back Pain; Shoulder Pain,5,$40K-60K,
6/26/2025,46,Male,Europe,Professional Services,Marketing Specialist,Onsite,57,None,Low,2,Shoulder Pain; Eye Strain,4,$60K-80K,
6/26/2025,56,Male,Africa,Healthcare,IT Support,Onsite,65,ADHD,Low,1,Back Pain; Shoulder Pain; Eye Strain; Wrist Pain,5,$60K-80K,
6/26/2025,63,Male,South America,Customer Service,Executive Assistant,Remote,46,ADHD,Medium,3,Back Pain,5,$80K-100K,
6/26/2025,45,Female,Europe,Manufacturing,HR Manager,Hybrid,40,None,High,2,None,1,$60K-80K,
6/26/2025,43,Female,Asia,Technology,Consultant,Remote,40,Burnout,High,2,Back Pain; Eye Strain; Neck Pain,3,$60K-80K,
6/26/2025,47,Female,Asia,Healthcare,Data Analyst,Onsite,38,PTSD,Low,5,None,3,$120K+,
6/26/2025,60,Female,Oceania,Customer Service,HR Manager,Onsite,61,PTSD,Low,3,Back Pain,2,$40K-60K,
6/26/2025,48,Female,Europe,Technology,Quality Assurance,Remote,43,PTSD,Medium,4,Eye Strain,3,$60K-80K,
6/26/2025,47,Male,Africa,Finance,Research Scientist,Hybrid,35,PTSD,Medium,4,Back Pain,1,$60K-80K,
6/26/2025,24,Female,Oceania,Healthcare,Customer Service Manager,Onsite,47,None,Medium,2,None,1,$40K-60K,
6/26/2025,34,Male,Africa,Education,Account Manager,Onsite,36,Depression,Low,4,Back Pain; Shoulder Pain; Neck Pain,2,$80K-100K,
6/26/2025,45,Female,South America,Professional Services,Technical Writer,Onsite,56,Burnout,Medium,4,Back Pain; Shoulder Pain,2,$80K-100K,
6/26/2025,42,Male,Oceania,Technology,Data Analyst,Hybrid,55,ADHD,High,2,Back Pain,1,$80K-100K,
6/26/2025,41,Female,North America,Technology,Product Manager,Remote,59,Stress Disorder,High,2,Shoulder Pain,1,$100K-120K,
6/26/2025,31,Female,Europe,Finance,Business Analyst,Hybrid,36,Anxiety,High,3,Wrist Pain,2,$100K-120K,
6/26/2025,22,Male,Africa,Finance,Marketing Specialist,Onsite,60,Burnout,Low,2,Back Pain,1,$80K-100K,
6/26/2025,59,Female,Asia,Professional Services,Data Analyst,Onsite,64,Stress Disorder,Low,4,Eye Strain; Neck Pain,2,$60K-80K,
6/26/2025,58,Female,Oceania,Education,Business Analyst,Onsite,37,Anxiety,Medium,4,Eye Strain,4,$80K-100K,
6/26/2025,42,Male,Asia,Healthcare,Data Analyst,Hybrid,53,Anxiety,High,2,Shoulder Pain,4,$40K-60K,
6/26/2025,24,Male,Asia,Marketing,DevOps Engineer,Hybrid,35,None,Medium,3,Back Pain; Shoulder Pain; Eye Strain; Neck Pain,2,$60K-80K,
6/26/2025,35,Male,Europe,Technology,Project Manager,Hybrid,53,Burnout,Medium,2,Back Pain; Shoulder Pain; Eye Strain,2,$40K-60K,
6/26/2025,64,Male,Africa,Technology,Software Engineer,Remote,49,Anxiety,Low,1,Back Pain; Shoulder Pain; Neck Pain; Wrist Pain,1,$60K-80K,
6/26/2025,42,Male,North America,Technology,Account Manager,Onsite,45,ADHD,Low,3,None,3,$80K-100K,
6/26/2025,32,Male,Europe,Professional Services,Research Scientist,Onsite,61,None,Low,3,Shoulder Pain; Eye Strain,3,$60K-80K,
6/26/2025,62,Female,South America,Professional Services,Data Analyst,Hybrid,38,PTSD,Medium,4,Shoulder Pain; Neck Pain,3,$80K-100K,
6/26/2025,24,Female,South America,Professional Services,Software Engineer,Remote,54,None,Medium,4,Eye Strain,4,$100K-120K,
6/26/2025,45,Female,North America,Professional Services,HR Manager,Onsite,59,PTSD,Medium,1,Shoulder Pain,3,$40K-60K,
6/26/2025,38,Male,North America,Education,Operations Manager,Onsite,52,Depression,Medium,3,Shoulder Pain; Eye Strain; Neck Pain,5,$80K-100K,
6/26/2025,54,Female,North America,Healthcare,Technical Writer,Onsite,39,Burnout,Medium,4,Back Pain; Eye Strain,2,$100K-120K,
