ID,ComplainDate,CompletionDate,CustomerID,BrokerID,ProductID,ComplainPriorityID,ComplainTypeID,ComplainSourceID,ComplainCategoryID,ComplainStatusID,AdministratorID,ClientSatisfaction,ExpectedReimbursement
7,2011-12-20,2012-01-13,620216,7640,73,1,5,5,18,9,98,SAT,0.0
8,2011-12-20,2011-12-23,672165,10967,62,1,7,3,18,9,98,SAT,0.0
16,2011-12-27,2012-01-26,11606,11127,41,1,3,5,13,9,98,NSA,0.0
17,2011-12-27,2012-01-27,872360,10637,4,1,5,5,11,9,98,Not Rated,0.0
18,2011-12-27,2012-01-18,2004046,12116,12,1,3,5,10,9,98,Not Rated,0.0
19,2011-12-27,2012-02-14,211339,11104,6,1,3,5,18,9,98,Not Rated,0.0
20,2011-12-27,2012-01-11,1799451,11474,8,1,7,3,10,9,98,Not Rated,0.0
22,2011-12-27,2012-01-27,812350,8946,22,1,3,5,32,9,98,NSA,0.0
23,2011-12-29,2012-01-12,146389,10989,65,1,3,5,13,9,98,SAT,0.0
24,2011-12-29,2012-01-19,2067669,586,11,1,3,5,11,9,98,SAT,0.0
25,2011-12-30,2012-01-03,2100574,9562,64,1,7,3,11,9,98,SAT,0.0
26,2011-12-30,2012-01-13,1884347,11768,55,1,7,3,11,9,98,SAT,0.0
27,2011-12-30,2012-01-13,358206,194,15,1,7,8,4,9,98,SAT,0.0
28,2011-12-30,2012-01-05,1857235,10127,32,1,7,3,11,9,98,Not Rated,0.0
29,2012-01-02,2012-01-13,2504515,7973,14,1,2,1,15,9,98,SAT,0.0
30,2012-01-02,2012-01-18,521286,879,22,1,3,5,46,9,98,SAT,0.0
31,2012-01-03,2012-01-30,1870977,1748,50,1,5,5,10,9,98,Not Rated,0.0
32,2012-01-03,2012-01-19,2167216,12133,54,1,3,5,10,9,98,SAT,0.0
33,2012-01-03,2012-01-05,473390,11175,48,1,7,8,13,9,98,SAT,0.0
34,2012-01-03,2012-01-13,192720,8855,29,1,2,1,11,9,98,SAT,0.0
35,2012-01-03,2012-01-24,2056385,10989,37,1,3,5,11,9,98,Not Rated,0.0
36,2012-01-04,2012-01-31,61273,10426,19,1,3,5,10,9,98,NSA,0.0
38,2012-01-04,2012-01-18,1868814,11487,13,1,4,5,18,9,98,Not Rated,0.0
39,2012-01-05,2012-01-09,707502,11131,31,2,3,5,19,9,98,SAT,0.0
40,2012-01-05,2012-01-27,705842,2478,52,1,3,5,13,9,98,Not Rated,0.0
41,2012-01-05,2012-01-19,1793304,10067,8,2,3,5,10,9,98,SAT,0.0
42,2012-01-05,2012-01-30,1896503,11747,40,2,3,5,13,9,98,SAT,0.0
43,2012-01-05,2012-02-03,1708551,10722,66,1,3,5,11,9,98,Not Rated,0.0
44,2012-01-09,2012-02-07,592765,11122,10,1,3,5,10,9,98,Not Rated,0.0
46,2012-01-10,2012-01-20,1905644,10990,51,2,3,5,11,9,98,NSA,0.0
47,2012-01-10,2012-01-23,894502,11796,22,1,4,5,13,9,98,SAT,0.0
48,2012-01-10,2012-01-18,2018516,12475,32,2,3,5,50,9,98,Not Rated,0.0
49,2012-01-10,2012-01-18,590346,10160,78,1,3,5,10,9,98,Not Rated,0.0
50,2012-01-10,2012-02-09,1815182,1350,40,2,3,5,4,9,98,NSA,0.0
52,2012-01-11,2012-01-19,1753652,11213,41,1,5,3,15,9,98,Not Rated,0.0
53,2012-01-12,2012-02-24,2092556,11194,41,1,4,5,18,9,98,SAT,0.0
54,2012-01-12,2012-02-03,1832844,1876,28,1,3,1,11,9,98,NSA,0.0
55,2012-01-12,2012-01-30,768137,10327,40,1,3,5,11,9,98,Not Rated,0.0
56,2012-01-12,2012-01-30,194839,1846,38,1,3,5,11,9,98,SAT,0.0
57,2012-01-13,2012-02-22,1919794,8840,78,1,3,5,13,9,98,SAT,0.0
58,2012-01-13,2012-01-30,680807,11051,7,1,3,5,10,9,98,SAT,0.0
61,2012-01-13,2012-01-25,60774,10326,9,2,3,5,15,9,98,SAT,0.0
62,2012-01-13,2012-01-18,171281,10534,49,2,3,1,32,9,98,SAT,0.0
64,2012-01-16,2012-01-30,543673,8858,1,1,7,3,11,9,98,SAT,0.0
65,2012-01-16,2012-01-16,1815782,11715,77,2,7,8,54,9,98,Not Rated,0.0
66,2012-01-16,2012-02-13,119887,11676,72,1,5,8,11,9,98,SAT,0.0
67,2012-01-16,2012-01-30,1985063,10964,72,2,3,5,10,9,98,Not Rated,0.0
68,2012-01-17,2012-02-01,324573,9633,20,1,4,5,18,9,98,NSA,0.0
69,2012-01-19,2012-01-19,794018,11265,16,2,3,5,10,9,98,Not Rated,0.0
70,2012-01-19,2012-01-31,1831617,11974,45,1,3,1,10,9,98,Not Rated,0.0
71,2012-01-19,2012-01-25,1618124,10127,21,2,3,5,11,9,98,Not Rated,0.0
72,2012-01-20,2012-02-09,2385789,194,38,1,3,5,4,9,98,Not Rated,0.0
73,2012-01-20,2012-01-31,706343,10618,68,2,3,1,18,9,98,SAT,0.0
74,2012-01-23,2012-01-26,2133073,9393,61,1,3,5,11,9,98,SAT,0.0
75,2012-01-23,2012-01-30,1849031,9958,31,1,2,1,11,9,98,Not Rated,0.0
76,2012-01-23,2012-01-30,2427034,9419,12,1,7,3,11,9,98,SAT,0.0
77,2012-01-23,2012-01-23,2314317,11162,75,1,3,5,11,9,98,Not Rated,0.0
78,2012-01-23,2012-01-25,893040,9968,48,2,2,1,34,9,98,SAT,0.0
79,2012-01-23,2012-01-27,152064,10016,64,2,3,1,18,9,98,SAT,0.0
80,2012-01-24,2012-02-10,822643,11638,26,1,3,1,11,9,98,SAT,0.0
81,2012-01-24,2012-02-03,2092222,2478,35,1,3,5,13,9,98,NSA,0.0
82,2012-01-25,2012-02-14,890558,2690,17,1,3,2,11,9,98,Not Rated,0.0
83,2012-01-25,2012-02-02,766673,11978,1,1,3,1,11,9,98,Not Rated,0.0
84,2012-01-25,2012-02-01,2127811,1140,2,1,2,3,3,9,98,SAT,0.0
85,2012-01-27,2012-02-01,1749781,11590,58,1,7,3,11,9,98,SAT,0.0
86,2012-01-27,2012-02-09,705909,356,36,1,3,5,34,9,98,NSA,0.0
87,2012-01-27,2012-02-09,2152374,8965,8,1,3,5,11,9,98,Not Rated,0.0
88,2012-01-27,2012-02-03,64350,9357,40,2,3,5,18,9,98,SAT,0.0
89,2012-01-27,2012-03-14,636141,1256,20,1,4,5,11,9,98,NSA,0.0
97,2012-01-27,2012-02-28,888788,2613,13,1,5,5,10,9,98,Not Rated,0.0
99,2012-01-30,2012-02-14,1709876,597,37,1,3,5,10,9,98,NSA,0.0
100,2012-01-31,2012-02-07,1826580,10186,11,1,3,5,10,9,98,SAT,0.0
101,2012-01-31,2012-02-10,630649,581,27,1,5,5,25,9,98,SAT,0.0
102,2012-01-31,2012-02-15,780758,2129,27,1,3,5,13,9,98,NSA,0.0
103,2012-01-31,2012-02-02,316403,11788,72,1,3,5,23,9,98,Not Rated,0.0
104,2012-01-31,2012-02-06,1819751,9362,14,1,2,1,11,9,98,NSA,0.0
105,2012-02-01,2012-02-15,2293031,1846,32,1,3,5,11,9,98,SAT,0.0
106,2012-02-01,2012-02-16,24642,542,64,1,3,5,11,9,98,NSA,0.0
107,2012-02-01,2012-02-08,170144,12065,60,2,5,1,40,9,98,Not Rated,0.0
108,2012-02-02,2012-02-28,1853917,7950,10,1,3,5,11,9,98,NSA,0.0
109,2012-02-02,2012-02-15,1683536,11870,26,1,3,5,38,9,98,Not Rated,0.0
110,2012-02-02,2012-02-06,848207,10990,1,1,3,5,13,9,98,Not Rated,0.0
111,2012-02-03,2012-02-09,2059557,9021,40,2,3,5,15,9,98,SAT,0.0
112,2012-02-03,2012-03-16,2107953,11150,7,2,3,1,46,9,98,Not Rated,0.0
113,2012-02-03,2012-02-10,254590,11097,7,2,3,5,34,9,98,SAT,0.0
114,2012-02-03,2012-03-19,643559,10563,8,2,3,5,54,9,98,NSA,0.0
115,2012-02-03,2012-02-17,106079,8882,41,1,5,4,54,9,98,Not Rated,0.0
116,2012-02-03,2012-02-29,1789606,10507,41,1,5,5,18,9,98,Not Rated,0.0
117,2012-02-03,2012-02-29,2134120,2538,48,1,5,5,18,9,98,Not Rated,0.0
118,2012-02-03,2012-02-15,1800354,10187,19,2,2,1,13,9,98,SAT,0.0
119,2012-02-06,2012-03-13,1326,2378,6,1,3,1,11,9,98,NSA,0.0
120,2012-02-06,2012-03-22,2055412,9923,13,1,3,4,18,9,98,SAT,0.0
121,2012-02-06,2012-02-21,313188,9021,3,2,7,3,15,9,98,Not Rated,0.0
122,2012-02-07,2012-02-28,138130,10659,18,1,3,5,50,9,98,NSA,0.0
123,2012-02-07,2012-02-28,2116035,11971,48,1,3,1,50,9,98,NSA,0.0
136,2012-02-07,2012-02-28,1736651,8138,19,1,3,5,50,9,98,NSA,0.0
137,2012-02-07,2012-02-15,629377,269,74,1,3,5,50,9,98,Not Rated,0.0
138,2012-02-07,2012-02-23,1901780,10764,24,2,3,1,13,9,98,Not Rated,0.0
139,2012-02-08,2012-02-13,1796691,8569,21,1,3,5,13,9,98,NSA,0.0
140,2012-02-08,2012-02-23,888196,11230,74,1,5,5,11,9,98,Not Rated,0.0
141,2012-02-08,2012-02-22,1818182,238,9,1,3,5,10,9,98,SAT,0.0
142,2012-02-08,2012-02-28,2358456,10749,16,1,3,5,11,9,98,Not Rated,0.0
143,2012-02-10,2012-02-28,2155412,645,47,1,3,5,11,9,98,SAT,0.0
144,2012-02-10,2012-03-02,2204509,2128,8,1,3,5,11,9,98,SAT,0.0
145,2012-02-10,2012-03-06,547515,9892,29,1,3,5,11,9,98,NSA,0.0
146,2012-02-10,2012-02-16,105976,11099,39,1,7,5,10,9,98,SAT,0.0
147,2012-02-13,2012-02-21,1795164,10991,53,1,3,5,11,9,98,Not Rated,0.0
148,2012-02-13,2012-05-15,311670,12414,11,1,3,1,18,9,98,Not Rated,0.0
149,2012-02-13,2012-02-29,2307081,11545,57,1,5,5,11,9,98,SAT,0.0
150,2012-02-13,2012-03-08,395388,9361,19,1,3,5,10,9,98,Not Rated,0.0
151,2012-02-13,2012-03-15,2413323,9601,21,2,3,1,40,9,98,SAT,0.0
152,2012-02-14,2012-03-01,1874665,10644,23,1,2,1,42,9,98,Not Rated,0.0
153,2012-02-14,2012-03-13,552622,2601,63,1,4,5,11,9,98,SAT,0.0
156,2012-02-15,2012-03-19,863408,10127,51,1,3,2,13,9,98,NSA,0.0
158,2012-02-15,2012-02-15,1908634,11461,29,2,7,3,18,9,98,SAT,0.0
159,2012-02-15,2012-04-19,306544,8399,6,2,3,4,10,9,98,Not Rated,0.0
160,2012-02-16,2012-03-16,2154466,10361,31,2,2,1,2,9,98,SAT,0.0
161,2012-02-16,2012-03-28,77496,12181,29,1,3,5,11,9,98,SAT,0.0
162,2012-02-16,2012-03-23,2184361,1419,4,2,3,5,50,9,98,NSA,0.0
163,2012-02-17,2012-04-02,58265,2613,72,1,3,1,11,9,98,SAT,0.0
164,2012-02-17,2012-03-21,853273,11980,36,2,3,5,10,9,98,SAT,0.0
165,2012-02-17,2012-03-08,149896,8939,47,1,3,1,15,9,98,SAT,0.0
166,2012-02-17,2012-03-21,104661,11193,28,1,5,3,18,9,98,Not Rated,0.0
167,2012-02-20,2012-03-19,173718,12475,18,1,3,1,11,9,98,NSA,0.0
168,2012-02-20,2012-03-29,63257,10637,14,1,3,5,11,9,98,Not Rated,0.0
169,2012-02-20,2012-03-07,464912,11179,67,2,7,3,18,9,98,NSA,0.0
170,2012-02-20,2012-04-02,2226308,9633,50,2,3,1,50,9,98,Not Rated,0.0
171,2012-02-20,2012-03-02,1854465,1292,36,1,3,5,11,9,98,NSA,0.0
172,2012-02-20,2012-04-03,2217262,9998,30,1,4,5,50,9,98,Not Rated,0.0
173,2012-02-21,2012-03-13,2203794,11482,52,1,3,5,11,9,98,SAT,0.0
174,2012-02-21,2012-04-20,294628,8113,7,1,3,5,50,9,98,SAT,0.0
175,2012-02-21,2012-02-21,1649784,12572,55,2,7,5,34,9,98,SAT,0.0
176,2012-02-21,2012-02-28,578691,2230,17,2,3,1,13,9,98,Not Rated,0.0
177,2012-02-22,2012-03-21,1759166,1309,58,1,7,1,10,9,98,SAT,0.0
178,2012-02-23,2012-03-07,458059,11005,32,1,3,5,11,9,98,NSA,0.0
179,2012-02-23,2012-03-13,1732571,11148,23,1,3,5,13,9,98,NSA,0.0
180,2012-02-23,2012-03-23,1683172,1896,76,2,3,5,2,9,98,Not Rated,0.0
181,2012-02-24,2012-03-26,343340,11001,19,2,3,5,13,9,98,NSA,0.0
182,2012-02-24,2012-03-08,2138307,11011,76,1,5,5,15,9,98,SAT,0.0
183,2012-02-24,2012-03-14,557918,8432,62,2,3,5,10,9,98,Not Rated,0.0
184,2012-02-28,2012-03-27,794804,994,20,2,3,1,18,9,98,NSA,0.0
185,2012-02-28,2012-03-09,513997,12120,28,1,4,5,42,9,98,SAT,0.0
186,2012-02-28,2012-04-04,893595,39,74,2,3,5,10,9,98,Not Rated,0.0
187,2011-07-19,2011-09-22,347134,9204,14,2,6,5,46,9,98,NSA,0.0
188,2011-09-06,2011-09-16,28066,1350,32,2,3,5,11,9,98,Not Rated,0.0
189,2012-02-29,2012-04-02,2067669,1873,14,1,4,5,42,9,98,NSA,0.0
190,2012-02-29,2012-03-19,2084071,1500,70,1,3,5,13,9,98,NSA,0.0
191,2012-02-29,2012-03-13,542234,10361,27,1,7,3,13,9,98,SAT,0.0
192,2012-02-29,2012-03-15,844816,1737,8,2,3,5,11,9,98,NSA,0.0
193,2011-09-07,2011-09-20,1857883,8063,57,2,3,1,4,9,98,SAT,0.0
194,2011-09-08,2011-10-05,485220,10967,40,2,3,5,40,9,98,SAT,0.0
195,2011-09-09,2011-09-30,547578,9440,60,2,2,1,15,9,98,SAT,0.0
196,2011-09-16,2011-09-27,2163796,11796,19,2,3,1,44,9,98,NSA,0.0
197,2011-09-19,2011-09-21,207379,9873,29,2,2,5,53,9,98,SAT,0.0
198,2011-09-19,2011-09-29,1910140,11806,52,2,2,5,32,9,98,NSA,0.0
199,2011-09-21,2011-10-21,1852892,1356,33,2,3,1,32,9,98,NSA,0.0
200,2011-09-27,2011-10-05,525054,10994,11,2,2,1,46,9,98,Not Rated,0.0
201,2012-03-01,2012-03-14,1813766,994,19,2,3,5,11,9,98,Not Rated,0.0
202,2011-08-25,2011-09-30,1816375,1896,48,2,3,1,11,9,98,NSA,0.0
203,2011-08-26,2011-09-06,380905,781,8,2,3,5,45,9,98,SAT,0.0
204,2011-09-30,2011-11-28,1820032,2614,66,2,3,1,46,9,98,NSA,0.0
205,2011-09-29,2011-10-06,65406,1706,19,2,7,3,34,9,98,SAT,0.0
206,2011-09-30,2011-10-03,237027,9588,44,2,3,5,54,9,98,SAT,0.0
207,2011-10-05,2011-10-26,1770866,1266,55,2,3,5,11,9,98,SAT,0.0
208,2011-10-04,2011-10-14,285878,11044,66,2,5,5,15,9,98,SAT,0.0
209,2011-10-05,2011-10-21,2151667,10071,77,2,3,5,46,9,98,SAT,0.0
210,2011-10-12,2011-11-09,1797150,11036,33,2,3,5,11,9,98,NSA,0.0
211,2011-10-12,2011-10-20,756458,12133,10,2,2,5,45,9,98,Not Rated,0.0
212,2011-10-13,2011-10-13,533106,1419,70,2,7,1,50,9,98,SAT,0.0
213,2011-10-14,2011-11-25,2167288,11127,16,2,3,1,40,9,98,NSA,0.0
214,2011-10-20,2011-10-25,1810214,9610,64,2,3,1,46,9,98,NSA,0.0
215,2011-10-24,2011-11-07,824253,12345,2,2,3,5,46,9,98,SAT,0.0
216,2011-10-24,2011-11-07,199130,10861,19,2,7,3,15,9,98,SAT,0.0
217,2011-10-25,2011-11-03,2115226,12044,24,2,4,5,46,9,98,NSA,0.0
218,2011-08-29,2011-09-15,1812270,11669,27,2,3,5,11,9,98,Not Rated,0.0
219,2011-10-25,2011-11-03,2407310,12027,13,2,5,5,15,9,98,SAT,0.0
220,2012-03-01,2012-04-20,2510630,11212,72,1,4,5,15,9,98,SAT,0.0
221,2011-09-01,2011-09-09,1884876,2468,16,2,3,5,13,9,98,Not Rated,0.0
222,2011-09-08,2011-09-19,1798031,10426,8,2,5,8,11,9,98,Not Rated,0.0
223,2011-09-08,2011-09-19,1829805,9211,64,2,5,8,9,9,98,Not Rated,0.0
224,2011-09-08,2011-09-23,1722524,813,36,2,4,5,13,9,98,NSA,0.0
225,2011-09-08,2011-09-30,2150903,2601,29,2,4,5,18,9,98,NSA,0.0
226,2012-03-02,2012-04-02,218012,8461,36,1,4,5,9,9,98,NSA,0.0
227,2011-09-01,2011-09-30,416656,11245,34,2,3,5,11,9,98,SAT,0.0
228,2011-09-02,2011-09-29,1750150,10794,60,2,3,5,2,9,98,NSA,0.0
229,2011-09-02,2011-09-05,2068097,1695,16,2,2,1,40,9,98,SAT,0.0
230,2011-09-05,2011-09-07,1826825,858,4,2,3,1,11,9,98,NSA,0.0
231,2011-09-05,2011-09-19,2366190,11461,52,2,2,2,11,9,98,SAT,0.0
232,2011-11-04,2011-12-02,1824912,10446,17,2,3,1,32,9,98,SAT,0.0
233,2011-11-08,2011-12-12,2107628,10994,44,2,5,8,40,9,98,NSA,0.0
234,2011-11-08,2011-11-21,2346368,8887,6,2,2,1,10,9,98,Not Rated,0.0
235,2011-11-08,2011-11-16,2510630,2260,42,2,2,1,18,9,98,SAT,0.0
236,2012-03-02,2012-03-12,1871438,8385,8,2,3,5,34,9,98,Not Rated,0.0
237,2011-11-09,2011-11-11,516386,11062,51,2,3,1,34,9,98,SAT,0.0
238,2011-11-09,2011-11-18,51568,10172,58,2,2,1,32,9,98,SAT,0.0
239,2011-11-04,2011-11-11,105863,9968,68,2,5,8,10,9,98,SAT,0.0
240,2011-11-23,2011-12-02,2256852,10983,20,2,2,1,15,9,98,SAT,0.0
241,2011-11-24,2011-12-09,1830769,12174,5,2,3,1,46,9,98,SAT,0.0
242,2011-11-28,2011-12-02,2382074,9647,14,2,2,1,55,9,98,SAT,0.0
243,2011-12-02,2011-12-13,739682,11083,78,2,2,1,11,9,98,SAT,0.0
244,2012-03-02,2012-03-15,2118117,2584,74,2,3,5,50,9,98,Not Rated,0.0
245,2011-12-02,2011-12-02,769552,2532,5,2,2,1,15,9,98,SAT,0.0
246,2011-12-06,2012-01-27,533355,10360,19,2,3,5,50,9,98,NSA,0.0
247,2011-12-15,2012-01-20,2384433,2124,60,2,5,1,15,9,98,SAT,0.0
248,2011-12-15,2011-12-22,2066179,671,76,2,5,8,46,9,98,SAT,0.0
249,2011-12-16,2011-12-19,1843520,12198,22,2,7,1,46,9,98,SAT,0.0
250,2011-12-19,2011-12-19,806277,11806,77,2,7,3,15,9,98,SAT,0.0
251,2011-12-22,2011-12-27,19752,10112,52,2,2,1,15,9,98,SAT,0.0
252,2011-12-23,2012-01-17,1689909,10764,9,2,3,5,11,9,98,SAT,0.0
253,2011-12-28,2012-01-03,603179,9853,33,2,3,1,19,9,98,NSA,0.0
254,2012-03-05,2012-03-14,1739796,9419,2,2,3,5,46,9,98,Not Rated,0.0
255,2011-09-06,2011-09-20,1824930,7973,29,2,3,5,11,9,98,Not Rated,0.0
256,2012-03-05,2012-03-13,2379696,10898,61,2,3,5,40,9,98,Not Rated,0.0
257,2011-09-07,2011-09-23,650128,416,33,2,7,5,10,9,98,SAT,0.0
258,2011-09-07,2011-09-16,1709758,1292,31,2,3,5,11,9,98,NSA,0.0
259,2011-09-12,2011-10-17,1899230,11904,28,2,3,2,11,9,98,NSA,0.0
260,2011-09-12,2011-10-27,1846469,11287,62,2,4,5,15,9,98,Not Rated,0.0
261,2012-03-02,2012-04-20,748506,9796,58,2,3,5,18,9,98,Not Rated,0.0
262,2012-03-06,2012-03-09,429761,11005,41,2,2,1,54,9,98,SAT,0.0
263,2012-03-06,2012-03-08,710788,10644,69,2,3,5,13,9,98,NSA,0.0
264,2012-03-06,2012-04-04,2159278,9395,52,1,3,5,54,9,98,Not Rated,0.0
265,2012-03-07,2012-03-19,1813249,911,75,2,3,5,13,9,98,NSA,0.0
266,2012-03-07,2012-04-25,2421903,1573,41,2,7,3,11,9,98,NSA,0.0
267,2012-02-17,2012-03-07,2574599,10187,17,2,7,8,18,9,98,Not Rated,0.0
268,2012-03-07,2012-03-09,877710,12051,74,2,7,3,13,9,98,Not Rated,0.0
269,2012-03-07,2012-03-08,1906388,12181,45,1,5,5,10,9,98,SAT,0.0
270,2012-03-07,2012-04-05,813605,10973,52,2,3,5,13,9,98,NSA,0.0
271,2011-09-12,2011-09-22,776456,1645,6,2,3,5,25,9,98,SAT,0.0
272,2011-09-12,2011-09-19,889554,11275,61,2,7,2,13,9,98,NSA,0.0
273,2011-09-12,2011-09-15,864011,1253,10,2,5,1,15,9,98,NSA,0.0
274,2012-03-06,2012-03-15,815719,10802,15,2,3,1,40,9,98,Not Rated,0.0
275,2011-09-12,2011-10-14,817566,11978,25,2,3,5,9,9,98,SAT,0.0
276,2012-03-08,2012-03-14,1791353,12256,70,1,7,3,18,9,98,Not Rated,0.0
277,2012-03-08,2012-04-06,2057033,12246,36,1,4,5,50,9,98,NSA,0.0
278,2012-03-08,2012-04-17,818527,9499,22,1,4,5,11,9,98,NSA,0.0
279,2012-03-08,2012-03-21,642550,347,71,2,3,5,46,9,98,Not Rated,0.0
280,2012-03-08,2012-04-02,648231,1201,57,2,5,5,50,9,98,Not Rated,0.0
281,2011-09-16,2011-09-20,580989,11118,31,2,3,1,11,9,98,SAT,0.0
282,2011-09-16,2011-09-27,2201838,49,31,2,5,8,10,9,98,NSA,0.0
283,2011-09-19,2011-09-22,409944,10739,9,2,3,3,11,9,98,NSA,0.0
284,2011-09-19,2011-09-30,2058400,10978,62,2,3,1,11,9,98,NSA,0.0
285,2012-03-09,2012-03-30,1892007,10659,36,1,7,5,14,9,98,Not Rated,0.0
286,2011-09-20,2011-10-07,451107,858,54,2,3,4,42,9,98,Not Rated,0.0
287,2011-09-20,2011-09-22,1848833,2235,75,2,3,1,11,9,98,SAT,0.0
288,2011-09-21,2011-10-14,1707989,2676,24,2,3,2,55,9,98,Not Rated,0.0
289,2011-09-26,2011-10-14,1850025,10069,4,2,3,2,10,9,98,NSA,0.0
290,2011-09-26,2011-10-26,1708253,645,68,2,3,2,45,9,98,SAT,0.0
291,2012-03-09,2012-03-27,1943803,12174,73,1,4,5,50,9,98,Not Rated,0.0
292,2012-03-12,2012-04-10,1709752,12692,9,2,3,5,11,9,98,SAT,0.0
293,2012-03-12,2012-03-27,2308404,116,52,2,3,5,13,9,98,NSA,0.0
294,2012-03-12,2012-04-24,100339,10187,11,2,3,5,11,9,98,NSA,0.0
295,2012-03-12,2012-04-05,561855,11148,74,2,3,5,2,9,98,SAT,0.0
296,2011-09-26,2011-10-06,2110034,8985,63,2,3,1,9,9,98,Not Rated,0.0
297,2011-09-26,2011-10-06,1758057,11798,46,2,3,1,11,9,98,SAT,0.0
298,2011-09-28,2011-10-05,1883946,8965,41,2,5,5,10,9,98,Not Rated,0.0
299,2011-09-29,2011-10-13,225875,12346,40,2,3,1,11,9,98,NSA,0.0
300,2011-09-29,2011-10-06,276164,10430,11,2,4,5,50,9,98,NSA,0.0
301,2011-09-29,2011-10-24,1840842,9918,51,2,7,1,32,9,98,NSA,0.0
302,2011-09-29,2011-09-29,2038637,11246,27,2,7,3,18,9,98,Not Rated,0.0
303,2011-09-30,2011-10-21,2422891,224,19,2,4,5,10,9,98,NSA,0.0
304,2011-09-28,2011-09-30,1656263,11825,50,2,2,5,40,9,98,NSA,0.0
305,2011-09-20,2011-10-06,2380616,10964,26,2,3,5,2,9,98,NSA,0.0
306,2012-03-12,2012-04-10,2383497,11104,78,2,2,1,32,9,98,Not Rated,0.0
307,2011-10-03,2011-10-04,802381,10644,38,2,4,5,13,9,98,Not Rated,0.0
308,2012-03-12,2012-03-29,1852081,884,41,2,3,5,13,9,98,SAT,0.0
309,2012-03-13,2012-03-13,604878,10566,5,2,7,8,10,9,98,Not Rated,0.0
310,2012-03-13,2012-04-10,1790367,542,76,2,5,5,13,9,98,SAT,0.0
311,2012-03-13,2012-04-10,2200343,9706,28,2,3,5,13,9,98,SAT,0.0
312,2012-03-13,2012-03-22,844169,11114,63,1,7,5,9,9,98,Not Rated,0.0
313,2012-03-13,2012-04-17,873720,10172,65,1,3,5,50,9,98,NSA,0.0
314,2012-03-13,2012-03-15,306750,10563,9,1,7,1,40,9,98,SAT,0.0
315,2012-03-13,2012-03-26,889062,9405,69,2,3,5,44,9,98,Not Rated,0.0
316,2012-03-14,2012-04-06,403537,119,56,1,4,5,50,9,98,Not Rated,0.0
317,2012-03-14,2012-04-17,304332,10031,1,1,3,5,50,9,98,NSA,0.0
318,2012-03-14,2012-04-09,370761,12246,11,1,3,6,37,9,98,Not Rated,0.0
319,2012-03-15,2012-03-29,302332,9211,34,2,3,3,33,9,98,SAT,0.0
320,2012-03-15,2012-04-02,2415712,157,27,1,3,3,11,9,98,SAT,0.0
321,2012-03-15,2012-03-29,1750151,836,31,2,3,1,46,9,98,Not Rated,0.0
322,2012-03-15,2012-03-26,261490,10601,31,2,3,5,40,9,98,NSA,0.0
323,2012-03-15,2012-04-05,397628,978,44,2,3,5,11,9,98,NSA,0.0
324,2012-03-15,2012-04-04,820804,10326,39,2,3,5,44,9,98,NSA,0.0
325,2012-03-15,2012-04-05,1852091,8461,48,2,3,5,11,9,98,NSA,0.0
326,2012-03-15,2012-03-21,1848584,221,72,2,5,4,42,9,98,Not Rated,0.0
327,2011-10-04,2011-10-12,273763,197,61,2,6,8,11,9,98,SAT,0.0
328,2011-09-30,2011-10-04,556363,1499,70,2,7,8,19,9,98,Not Rated,0.0
329,2011-10-05,2011-10-19,628105,9085,48,2,3,1,11,9,98,NSA,0.0
330,2011-10-04,2011-10-10,409336,865,46,2,7,3,10,9,98,Not Rated,0.0
331,2011-10-05,2011-10-18,449023,9884,67,2,3,1,11,9,98,SAT,0.0
332,2011-10-06,2011-10-19,98233,9923,38,2,2,5,11,9,98,NSA,0.0
333,2012-03-16,2012-03-26,246371,10979,44,2,3,5,11,9,98,NSA,0.0
334,2012-03-16,2012-04-04,1878907,1275,64,2,7,3,11,9,98,SAT,0.0
335,2012-03-19,2012-03-30,426466,2206,22,2,7,8,15,9,98,Not Rated,0.0
336,2012-03-16,2012-03-16,2068097,11590,13,2,7,8,10,9,98,SAT,0.0
337,2012-03-19,2012-03-30,2114831,9892,68,2,3,5,34,9,98,Not Rated,0.0
338,2011-09-12,2011-09-30,1837354,8853,11,2,3,5,11,9,98,NSA,0.0
341,2011-07-29,2011-08-06,511401,8057,73,2,5,5,55,9,98,SAT,0.0
342,2011-08-02,2011-08-03,852112,11151,48,2,6,5,46,9,98,SAT,0.0
343,2011-09-05,2011-09-14,77542,1512,41,2,3,5,40,9,98,SAT,0.0
344,2012-03-19,2012-04-09,522860,9726,26,2,3,5,13,9,98,NSA,0.0
345,2011-08-31,2011-09-16,256686,10820,3,2,5,8,54,9,98,SAT,0.0
346,2011-07-28,2011-08-29,2148877,12603,37,2,5,1,55,9,98,SAT,0.0
347,2011-07-14,2011-07-22,1913065,7949,57,2,5,5,50,9,98,SAT,0.0
348,2012-03-19,2012-03-22,304758,8991,52,2,3,5,13,9,98,SAT,0.0
349,2011-07-11,2011-07-22,1850525,879,30,2,2,5,11,9,98,SAT,0.0
350,2011-09-20,2011-10-03,2382122,10186,52,2,3,5,11,9,98,NSA,0.0
351,2011-10-06,2011-10-14,1881741,884,53,2,3,5,4,9,98,NSA,0.0
352,2011-10-06,2011-10-14,2306148,10668,31,2,3,5,11,9,98,NSA,0.0
353,2011-10-07,2011-11-15,1642885,11063,58,2,3,5,4,9,98,SAT,0.0
354,2011-10-06,2011-10-21,235536,11175,13,2,2,1,11,9,98,SAT,0.0
355,2011-10-06,2011-10-13,1820617,10892,49,2,3,1,23,9,98,SAT,0.0
356,2011-10-10,2011-11-09,760794,10844,41,1,3,5,11,9,98,SAT,0.0
357,2011-10-10,2011-10-18,2323816,8946,51,2,3,5,9,9,98,NSA,0.0
358,2011-10-10,2011-10-21,1823725,12048,58,2,3,5,11,9,98,NSA,0.0
359,2011-10-10,2011-11-01,1873886,2007,20,2,2,1,11,9,98,Not Rated,0.0
360,2012-03-20,2012-04-03,1793575,11461,69,2,7,3,10,9,98,Not Rated,0.0
361,2011-10-12,2011-10-25,621877,8949,21,2,3,5,11,9,98,SAT,0.0
362,2011-10-13,2011-11-08,2386186,8585,17,2,3,1,11,9,98,NSA,0.0
363,2011-10-14,2011-10-24,1799498,2065,16,2,3,5,11,9,98,NSA,0.0
364,2011-10-14,2011-10-24,894482,1255,21,2,3,5,11,9,98,NSA,0.0
365,2011-10-14,2011-10-26,504405,461,49,2,3,5,11,9,98,SAT,0.0
366,2011-10-14,2011-11-09,894254,11273,60,2,3,5,10,9,98,Not Rated,0.0
367,2012-03-20,2012-04-04,639914,8948,74,2,3,1,44,9,98,SAT,0.0
368,2012-03-20,2012-04-09,1867172,9311,9,2,3,1,11,9,98,NSA,0.0
369,2011-10-19,2011-10-26,1706955,11713,7,2,7,5,15,9,98,SAT,0.0
370,2011-10-18,2011-10-26,429727,10989,48,2,7,8,47,9,98,Not Rated,0.0
371,2011-10-18,2011-10-25,2018076,2103,67,2,3,8,33,9,98,NSA,0.0
372,2011-10-18,2011-11-01,1599696,1875,11,2,3,5,11,9,98,NSA,0.0
373,2011-10-18,2011-11-24,2133977,10566,3,2,2,5,14,9,98,SAT,0.0
374,2011-10-18,2011-11-09,309013,1500,76,2,3,5,11,9,98,SAT,0.0
375,2011-10-18,2011-10-26,346170,2801,39,2,3,5,10,9,98,SAT,0.0
376,2011-10-14,2011-11-22,52702,8885,32,2,4,5,11,9,98,SAT,0.0
377,2011-10-14,2011-10-18,742934,12358,66,2,3,5,11,9,98,SAT,0.0
378,2011-10-14,2011-11-04,1650497,187,1,2,3,5,11,9,98,Not Rated,0.0
379,2011-10-14,2011-10-14,2142029,8855,21,2,5,8,11,9,98,Not Rated,0.0
380,2012-03-21,2012-04-10,2303485,11840,46,2,3,1,11,9,98,SAT,0.0
381,2012-03-21,2012-04-03,1900273,10186,3,2,5,4,2,9,98,Not Rated,0.0
382,2012-03-21,2012-04-19,724330,10172,35,2,3,5,13,9,98,NSA,0.0
383,2012-03-16,2012-05-04,1805252,11621,14,2,3,5,13,9,98,NSA,0.0
384,2012-03-21,2012-04-05,46094,12617,38,2,3,5,13,9,98,NSA,0.0
385,2012-03-21,2012-05-09,188790,175,62,1,3,5,33,9,98,SAT,0.0
386,2011-09-26,2011-10-26,1885802,11545,5,2,5,5,9,9,98,Not Rated,0.0
387,2011-10-20,2011-10-24,1772710,10197,71,2,5,5,10,9,98,SAT,0.0
388,2011-10-20,2011-12-15,629731,9405,62,2,3,1,18,9,98,NSA,0.0
389,2011-10-21,2011-11-09,2201208,1092,49,2,3,1,11,9,98,NSA,0.0
390,2011-10-21,2011-10-26,836797,11479,49,2,7,3,37,9,98,SAT,0.0
391,2011-10-21,2011-11-01,415709,9998,18,2,6,1,15,9,98,Not Rated,0.0
392,2011-10-24,2011-11-07,640671,394,5,2,3,5,11,9,98,NSA,0.0
393,2011-10-24,2011-10-27,466158,11039,27,2,2,1,10,9,98,SAT,0.0
394,2011-10-24,2011-11-17,1862102,300,4,2,3,1,11,9,98,SAT,0.0
395,2012-03-21,2012-04-06,2464769,11268,37,2,3,5,13,9,98,NSA,0.0
396,2012-03-21,2012-05-07,1765921,2335,6,1,2,1,11,9,98,Not Rated,0.0
397,2012-03-21,2012-04-19,212882,9359,20,2,2,1,53,9,98,SAT,0.0
398,2012-03-22,2012-03-30,1862735,8970,57,2,2,1,46,9,98,Not Rated,0.0
399,2012-03-22,2012-03-23,813822,2659,35,2,5,1,11,9,98,Not Rated,0.0
400,2011-10-25,2011-11-08,527592,11169,21,2,7,3,31,9,98,Not Rated,0.0
401,2011-10-31,2011-10-31,542926,10030,45,2,5,8,10,9,98,Not Rated,0.0
402,2011-10-31,2011-11-29,894254,11461,22,1,3,5,11,9,98,NSA,0.0
403,2011-10-31,2011-11-22,781790,11094,36,2,3,5,10,9,98,Not Rated,0.0
404,2011-10-31,2011-11-09,1708744,8601,41,2,7,3,11,9,98,Not Rated,0.0
405,2011-11-01,2011-11-16,340967,8055,18,2,3,5,11,9,98,NSA,0.0
406,2011-11-01,2011-11-15,207458,1573,26,2,3,5,11,9,98,NSA,0.0
407,2011-10-27,2011-11-01,2107628,11840,50,2,3,2,11,9,98,SAT,0.0
408,2011-11-04,2011-11-24,792208,10623,17,2,3,5,11,9,98,NSA,0.0
409,2011-11-04,2011-11-17,132645,8948,52,2,3,1,11,9,98,NSA,0.0
410,2012-03-22,2012-04-05,24475,12346,55,2,3,5,11,9,98,NSA,0.0
411,2011-11-04,2011-12-30,1641291,138,46,2,5,8,10,9,98,NSA,0.0
412,2011-09-28,2011-11-09,1779716,10326,32,2,3,5,10,9,98,NSA,0.0
413,2012-03-22,2012-04-04,1803672,7950,18,2,2,1,44,9,98,Not Rated,0.0
414,2011-11-08,2011-11-15,1874633,494,65,2,7,3,19,9,98,SAT,0.0
415,2011-11-09,2011-12-09,2254106,11217,9,2,3,1,11,9,98,SAT,0.0
416,2011-11-08,2011-11-15,2414494,7682,36,2,3,1,25,9,98,SAT,0.0
417,2011-11-11,2011-11-22,715377,10067,36,2,7,5,10,9,98,SAT,0.0
418,2011-11-11,2011-11-18,1792509,1846,25,2,2,1,11,9,98,SAT,0.0
419,2011-11-14,2012-01-12,4437,7682,30,1,4,5,10,9,98,Not Rated,0.0
420,2011-11-14,2011-11-16,2381700,10948,54,2,3,5,11,9,98,NSA,0.0
421,2011-11-15,2011-11-18,2532292,9816,69,2,3,1,11,9,98,SAT,0.0
422,2011-11-16,2011-11-18,197760,2519,73,2,7,3,54,9,98,SAT,0.0
423,2011-11-16,2011-11-16,682405,10218,16,2,7,3,10,9,98,SAT,0.0
424,2011-11-16,2011-11-21,877169,2335,39,2,7,1,10,9,98,SAT,0.0
425,2011-11-16,2011-11-17,592818,2,72,2,7,3,9,9,98,NSA,0.0
426,2011-11-17,2011-11-21,427480,507,52,2,5,4,15,9,98,SAT,0.0
427,2011-11-17,2011-11-24,405311,1092,48,2,3,5,11,9,98,NSA,0.0
428,2011-11-18,2011-12-09,893264,9440,43,2,3,5,11,9,98,SAT,0.0
429,2011-11-18,2011-11-24,1861067,2263,11,2,3,1,11,9,98,SAT,0.0
430,2011-11-18,2011-11-23,2385802,11083,16,2,7,3,11,9,98,SAT,0.0
431,2011-11-22,2011-12-02,1751139,11747,58,2,3,5,11,9,98,NSA,0.0
432,2011-11-22,2011-11-29,2398051,839,25,2,3,5,11,9,98,SAT,0.0
433,2011-11-22,2011-12-01,2188567,11139,51,2,3,5,11,9,98,SAT,0.0
434,2011-11-22,2011-12-14,716523,801,34,2,3,1,42,9,98,Not Rated,0.0
435,2011-11-21,2011-12-06,687498,10235,66,2,7,3,54,9,98,Not Rated,0.0
436,2011-11-22,2011-11-24,2009865,11558,67,2,3,1,11,9,98,NSA,0.0
437,2011-11-25,2011-12-09,63485,12328,70,2,3,1,11,9,98,SAT,0.0
438,2011-10-24,2011-11-15,1790016,11910,40,2,3,1,10,9,98,NSA,0.0
439,2011-10-25,2011-11-09,456122,11136,48,2,3,3,11,9,98,Not Rated,0.0
440,2011-10-25,2011-11-09,2179299,9562,63,2,3,2,11,9,98,Not Rated,0.0
441,2011-10-26,2011-11-07,1813773,11051,35,2,3,5,11,9,98,NSA,0.0
442,2011-10-26,2011-11-09,500967,2307,66,2,3,5,11,9,98,NSA,0.0
443,2011-10-26,2011-11-24,441126,10147,66,2,2,1,10,9,98,Not Rated,0.0
444,2011-10-27,2011-11-02,61656,2797,52,2,5,5,3,9,98,NSA,0.0
445,2011-11-25,2011-12-30,240441,1876,30,2,3,1,10,9,98,NSA,0.0
446,2011-11-25,2011-12-05,495014,12358,45,2,2,1,4,9,98,NSA,0.0
447,2011-11-28,2012-01-04,2155262,11074,14,2,5,3,40,9,98,Not Rated,0.0
448,2011-11-28,2011-12-02,617168,2178,26,2,7,3,11,9,98,NSA,0.0
449,2011-11-29,2011-12-01,1878056,507,52,2,7,3,15,9,98,SAT,0.0
450,2011-11-30,2011-12-09,884922,11160,15,2,3,5,10,9,98,SAT,0.0
451,2011-11-30,2011-12-21,1826710,12250,17,2,3,5,11,9,98,NSA,0.0
452,2011-12-01,2011-12-08,674769,11474,63,2,7,5,25,9,98,Not Rated,0.0
453,2011-12-01,2011-12-27,254832,9227,63,2,3,5,44,9,98,Not Rated,0.0
454,2011-12-02,2011-12-09,2228071,11781,33,2,3,5,11,9,98,SAT,0.0
455,2011-12-02,2011-12-15,524626,865,66,2,3,5,11,9,98,SAT,0.0
456,2011-12-02,2012-01-05,892014,9021,18,2,3,5,11,9,98,SAT,0.0
457,2011-12-02,2011-12-15,2206060,8963,68,2,3,5,13,9,98,SAT,0.0
458,2011-08-17,2011-09-30,684873,9813,30,2,6,5,11,9,98,NSA,0.0
459,2011-08-03,2011-08-16,2133073,11558,62,2,5,5,45,9,98,SAT,0.0
460,2011-08-29,2011-09-06,511926,868,17,2,2,5,11,9,98,SAT,0.0
461,2011-07-29,2011-08-01,2157508,10637,52,2,5,8,9,9,98,SAT,0.0
462,2011-07-27,2011-08-19,1807148,9610,73,2,5,5,19,9,98,SAT,0.0
463,2011-07-22,2011-09-08,2119332,7671,38,2,7,5,38,9,98,Not Rated,0.0
464,2011-07-20,2011-07-22,642014,11052,22,2,5,5,38,9,98,SAT,0.0
465,2011-07-08,2011-09-16,2069446,12000,18,2,6,5,38,9,98,Not Rated,0.0
466,2012-03-23,2012-04-30,1855624,11119,29,2,3,5,42,9,98,Not Rated,0.0
467,2012-03-23,2012-03-23,592822,8063,12,2,3,1,40,9,98,Not Rated,0.0
468,2012-03-26,2012-03-30,570900,10105,48,2,2,1,46,9,98,Not Rated,0.0
469,2012-03-26,2012-04-20,767105,11122,34,2,5,1,46,9,98,Not Rated,0.0
470,2012-03-26,2012-04-24,2090002,9546,22,2,3,1,40,9,98,Not Rated,0.0
471,2012-03-26,2012-03-30,894254,11077,6,2,3,5,11,9,98,NSA,0.0
472,2012-03-26,2012-05-07,139171,10979,15,2,3,1,15,9,98,SAT,0.0
473,2012-03-27,2012-03-27,794804,10534,5,2,7,8,10,9,98,SAT,0.0
474,2012-03-27,2012-05-24,2415150,11626,54,2,3,1,42,9,98,NSA,0.0
475,2011-12-05,2011-12-15,1906300,10820,16,2,3,5,11,9,98,SAT,0.0
476,2011-12-07,2011-12-07,789213,7626,70,2,7,3,11,9,98,SAT,0.0
477,2011-12-07,2011-12-13,465065,10325,72,2,2,1,15,9,98,NSA,0.0
478,2011-12-07,2011-12-09,566905,7949,38,2,3,5,11,9,98,SAT,0.0
479,2011-12-08,2011-12-09,1823394,1876,1,2,7,1,10,9,98,Not Rated,0.0
480,2012-03-27,2012-04-24,1793830,11916,11,2,3,5,11,9,98,NSA,0.0
481,2011-12-08,2011-12-15,1742816,1999,25,2,3,5,11,9,98,SAT,0.0
482,2011-12-08,2011-12-15,273223,11273,78,2,3,5,10,9,98,SAT,0.0
483,2011-12-08,2011-12-22,148431,119,43,2,7,1,10,9,98,Not Rated,0.0
484,2011-12-12,2011-12-20,1674712,10186,48,2,3,1,10,9,98,SAT,0.0
485,2011-12-12,2011-12-21,371722,10218,65,2,3,1,11,9,98,NSA,0.0
486,2012-03-27,2012-05-18,386818,10337,71,1,6,5,12,9,98,Not Rated,0.0
487,2011-12-12,2011-12-23,248706,7797,61,2,3,5,11,9,98,SAT,0.0
488,2011-12-13,2011-12-27,2202844,10587,22,2,3,1,11,9,98,SAT,0.0
489,2011-12-13,2011-12-23,1650497,8917,10,2,3,5,11,9,98,SAT,0.0
490,2012-03-27,2012-04-03,2114074,9247,35,2,6,5,23,9,98,SAT,0.0
491,2011-12-13,2011-12-22,1851069,10106,9,2,3,5,10,9,98,SAT,0.0
492,2011-12-13,2011-12-22,2348098,8882,48,2,3,1,11,9,98,Not Rated,0.0
493,2011-12-14,2011-12-22,1835691,125,22,2,3,5,13,9,98,SAT,0.0
494,2011-11-25,2011-11-29,2115262,11193,55,2,7,3,11,9,98,NSA,0.0
495,2011-12-13,2011-12-15,1761682,9395,26,2,3,5,19,9,98,SAT,0.0
496,2011-12-15,2012-01-13,2126939,10055,15,2,3,5,32,9,98,Not Rated,0.0
497,2011-12-15,2011-12-23,817402,2307,15,2,3,8,11,9,98,SAT,0.0
498,2011-12-16,2012-01-10,360204,8984,27,2,3,5,11,9,98,NSA,0.0
499,2011-12-16,2012-01-05,2186352,11113,43,2,7,8,11,9,98,SAT,0.0
500,2011-12-16,2012-01-10,185392,10534,29,2,3,5,13,9,98,NSA,0.0
501,2011-12-19,2012-01-17,271555,1866,22,2,3,5,11,9,98,NSA,0.0
502,2011-12-19,2012-01-05,351654,11932,32,2,3,5,11,9,98,Not Rated,0.0
503,2011-12-19,2012-01-12,1896513,9560,51,2,3,5,11,9,98,SAT,0.0
504,2011-12-22,2012-01-23,858956,11031,31,2,3,5,9,9,98,NSA,0.0
505,2011-12-22,2011-12-23,2112885,2378,33,2,7,3,11,9,98,SAT,0.0
507,2011-12-27,2012-01-25,2387778,12475,43,2,3,5,32,9,98,NSA,0.0
508,2012-03-27,2012-05-11,1878989,1079,63,1,3,5,11,9,98,NSA,0.0
509,2012-03-28,2012-04-04,1859991,12192,47,2,3,5,50,9,98,NSA,0.0
510,2012-03-28,2012-04-02,2105008,8858,16,2,6,5,38,9,98,SAT,0.0
511,2012-03-28,2012-04-24,197931,10324,26,2,3,5,4,9,98,SAT,0.0
512,2012-03-28,2012-06-01,568129,10728,21,2,6,5,38,9,98,SAT,0.0
513,2012-03-26,2012-03-28,570748,269,72,2,7,8,18,9,98,SAT,0.0
514,2011-12-13,2012-01-04,496553,2335,26,2,3,7,10,9,98,Not Rated,0.0
515,2011-12-13,2012-01-11,804085,868,77,2,3,7,10,9,98,NSA,0.0
516,2011-12-19,2012-01-05,2574599,1086,43,2,3,7,11,9,98,NSA,0.0
517,2012-03-29,2012-04-05,886675,1430,54,1,7,3,15,9,98,SAT,0.0
518,2012-03-29,2012-05-25,185994,1873,27,2,3,5,38,9,98,NSA,0.0
519,2011-08-03,2011-08-19,358746,2797,12,2,6,5,42,9,98,Not Rated,0.0
520,2011-08-05,2011-09-05,154041,2477,53,2,3,1,13,9,98,NSA,0.0
521,2011-10-13,2011-10-24,643271,12605,53,2,2,1,13,9,98,NSA,0.0
522,2011-10-13,2011-11-11,843489,8797,45,2,4,5,50,9,98,NSA,0.0
523,2012-03-29,2012-03-30,1722874,8965,12,2,3,5,40,9,98,NSA,0.0
524,2011-10-17,2011-10-24,441579,151,61,2,3,1,4,9,98,NSA,0.0
525,2011-10-17,2011-11-07,1799498,10710,22,2,3,5,42,9,98,SAT,0.0
526,2012-03-29,2012-04-09,2092222,10900,28,1,5,5,32,9,98,NSA,0.0
527,2012-03-29,2012-05-10,65464,11220,26,2,6,5,23,9,98,SAT,0.0
528,2012-03-30,2012-04-09,1899178,10536,73,2,3,1,42,9,98,NSA,0.0
529,2012-03-30,2012-03-30,288949,1291,7,1,5,5,15,9,98,SAT,0.0
530,2012-04-02,2012-04-20,199554,486,36,2,3,1,11,9,98,NSA,0.0
531,2011-10-12,2011-11-02,1852092,461,52,2,5,1,23,9,98,Not Rated,0.0
532,2011-11-02,2011-11-25,2079562,11113,16,2,5,1,15,9,98,Not Rated,0.0
533,2011-11-04,2011-11-18,409068,10793,50,2,3,5,32,9,98,SAT,0.0
534,2011-11-04,2011-11-24,353214,1491,65,2,3,1,10,9,98,NSA,0.0
535,2011-11-07,2012-01-10,2124882,2659,54,2,5,5,10,9,98,SAT,0.0
536,2011-11-07,2011-11-25,348535,1573,4,2,3,1,19,9,98,Not Rated,0.0
537,2011-11-07,2011-11-15,1726803,8106,38,2,3,1,4,9,98,Not Rated,0.0
538,2011-12-05,2011-12-07,743005,8840,35,2,2,1,10,9,98,NSA,0.0
539,2011-12-06,2011-12-15,4437,8887,53,2,7,3,31,9,98,Not Rated,0.0
540,2011-12-08,2011-12-09,2011302,753,64,2,7,3,4,9,98,SAT,0.0
541,2011-12-08,2011-12-09,2201208,11078,26,2,3,5,50,9,98,Not Rated,0.0
542,2011-12-15,2011-12-22,2109413,8197,52,2,3,1,10,9,98,Not Rated,0.0
543,2011-12-19,2012-01-23,2381117,8858,72,2,3,1,18,9,98,SAT,0.0
544,2011-07-14,2011-09-15,78459,1717,48,2,5,5,10,9,98,Not Rated,0.0
545,2011-07-14,2011-09-15,2464710,2103,53,2,5,5,10,9,98,Not Rated,0.0
546,2011-11-07,2011-11-14,511106,10802,46,2,3,1,32,9,98,NSA,0.0
547,2012-04-02,2012-05-02,101132,938,34,2,3,5,11,9,98,Not Rated,0.0
548,2012-04-02,2012-04-12,145937,1865,30,2,5,5,40,9,98,Not Rated,0.0
549,2011-11-14,2011-11-29,470674,11768,43,2,4,5,10,9,98,Not Rated,0.0
550,2012-04-02,2012-05-24,1905614,2129,60,2,3,5,40,9,98,Not Rated,0.0
551,2012-04-02,2012-05-17,332361,8955,73,1,4,5,42,9,98,NSA,0.0
552,2012-03-30,2012-05-17,561639,7671,17,2,4,5,54,9,98,NSA,0.0
553,2012-03-27,2012-04-06,461007,9797,35,2,5,3,13,9,98,NSA,0.0
554,2012-03-28,2012-04-05,272262,1997,11,2,3,5,13,9,98,NSA,0.0
555,2012-03-29,2012-04-06,274094,597,62,2,3,5,10,9,98,SAT,0.0
556,2012-04-02,2012-04-30,415663,11277,73,2,6,5,40,9,98,Not Rated,0.0
557,2012-03-29,2012-04-12,356484,11747,56,2,3,5,13,9,98,NSA,0.0
558,2012-04-02,2012-05-10,748903,11972,25,2,6,5,32,9,98,Not Rated,0.0
560,2012-03-29,2012-04-04,804205,8996,43,2,3,5,11,9,98,Not Rated,0.0
561,2012-04-03,2012-04-26,1806633,12345,73,2,3,5,13,9,98,NSA,0.0
562,2012-04-03,2012-04-17,1848221,11154,78,1,5,5,14,9,98,Not Rated,0.0
563,2012-04-03,2012-05-22,552622,10116,75,2,3,5,10,9,98,SAT,0.0
569,2012-04-03,2012-04-26,2201926,10990,46,2,3,5,13,9,98,NSA,0.0
570,2012-04-03,2012-05-10,1877637,10107,20,2,3,5,11,9,98,Not Rated,0.0
571,2012-04-03,2012-06-21,1855909,7654,76,1,3,6,13,9,98,SAT,0.0
572,2012-04-03,2012-04-03,824253,11254,37,2,2,5,50,9,98,Not Rated,0.0
573,2012-04-04,2012-05-30,415045,10738,73,2,3,5,2,9,98,SAT,0.0
574,2012-04-04,2012-05-04,2287339,2321,70,2,3,5,15,9,98,Not Rated,0.0
575,2012-04-04,2012-04-05,2137040,1210,36,2,5,1,10,9,98,Not Rated,0.0
576,2012-04-04,2012-04-19,727069,10379,3,2,7,3,44,9,98,Not Rated,0.0
577,2012-04-04,2012-04-06,2136222,10534,29,2,3,5,13,9,98,Not Rated,0.0
578,2012-04-04,2012-04-26,1809654,9001,31,2,3,5,11,9,98,NSA,0.0
579,2012-04-04,2012-04-11,257903,8113,49,2,3,5,11,9,98,NSA,0.0
580,2012-04-04,2012-05-04,331233,1085,56,2,3,5,14,9,98,Not Rated,0.0
581,2012-04-04,2012-05-17,328946,10793,77,1,3,5,11,9,98,SAT,0.0
582,2012-02-22,2012-04-10,75741,8544,54,2,7,5,50,9,98,NSA,0.0
583,2012-03-22,2012-03-29,412980,12027,38,2,3,5,10,9,98,SAT,0.0
584,2012-04-05,2012-05-30,2386205,2500,2,2,3,5,13,9,98,NSA,0.0
585,2012-04-05,2012-04-23,2108001,12328,52,2,3,5,40,9,98,NSA,0.0
586,2012-04-06,2012-05-24,2289052,12692,15,2,3,1,42,9,98,Not Rated,0.0
587,2012-04-02,2012-04-09,2157040,10553,56,2,7,7,54,9,98,Not Rated,0.0
588,2012-04-05,2012-04-06,109496,10565,38,1,5,5,10,9,98,Not Rated,0.0
589,2012-04-06,2012-06-01,844143,8569,3,2,5,8,11,9,98,SAT,0.0
590,2012-04-06,2012-04-06,2174321,813,2,2,3,5,10,9,98,SAT,0.0
591,2012-04-09,2012-04-27,333495,2559,50,1,4,5,50,9,98,NSA,0.0
592,2012-04-09,2012-04-20,19960,10637,56,2,3,5,11,9,98,Not Rated,0.0
593,2012-04-09,2012-04-26,892279,9970,47,2,3,1,4,9,98,SAT,0.0
594,2012-04-09,2012-05-14,558243,10359,56,2,3,5,13,9,98,Not Rated,0.0
595,2012-04-09,2012-04-12,1982297,2128,38,2,5,8,13,9,98,Not Rated,0.0
596,2012-04-09,2012-04-30,368184,8120,44,2,5,5,13,9,98,Not Rated,0.0
597,2012-04-09,2012-05-25,504155,909,14,2,6,5,32,9,98,Not Rated,0.0
598,2012-04-09,2012-04-10,540969,1308,1,2,6,5,32,9,98,Not Rated,0.0
599,2012-04-10,2012-04-24,2378181,7979,74,2,3,5,42,9,98,SAT,0.0
600,2012-04-10,2012-04-23,715436,1430,43,2,3,3,10,9,98,SAT,0.0
601,2012-04-10,2012-04-24,1873944,2129,33,2,3,1,34,9,98,SAT,0.0
602,2012-04-11,2012-05-10,426699,10738,67,2,3,5,32,9,98,Not Rated,0.0
603,2012-04-18,2012-05-07,1708790,12250,68,2,3,1,42,9,98,SAT,0.0
604,2012-04-18,2012-04-25,2004402,11069,49,2,2,1,11,9,98,NSA,0.0
605,2012-04-18,2012-04-26,893605,796,68,1,5,3,13,9,98,SAT,0.0
606,2012-04-19,2012-04-24,379261,9856,65,2,3,1,11,9,98,NSA,0.0
607,2012-04-19,2012-05-28,34031,2263,29,2,3,5,9,9,98,Not Rated,0.0
608,2012-04-19,2012-07-06,480530,2500,7,1,5,1,10,9,98,Not Rated,0.0
609,2012-04-19,2012-04-30,716048,2477,71,2,2,1,10,9,98,Not Rated,0.0
610,2012-04-19,2012-04-23,2097212,10990,54,2,5,5,23,9,98,Not Rated,0.0
611,2012-04-20,2012-04-24,698088,8885,1,1,3,5,10,9,98,NSA,0.0
612,2012-04-20,2012-05-07,1862983,49,60,2,3,5,13,9,98,SAT,0.0
613,2012-04-20,2012-05-15,2417900,10507,27,2,3,5,15,9,98,SAT,0.0
614,2012-04-23,2012-04-25,865418,7835,15,1,3,5,18,9,98,SAT,0.0
615,2012-04-24,2012-05-10,895082,2384,27,2,3,1,11,9,98,NSA,0.0
616,2012-04-24,2012-04-25,2010201,10983,41,1,7,3,38,9,98,Not Rated,0.0
617,2012-04-24,2012-05-07,1796294,1680,73,2,3,1,11,9,98,NSA,0.0
618,2012-04-24,2012-06-01,501301,1328,11,1,3,1,11,9,98,NSA,0.0
619,2012-04-24,2012-06-01,864114,1266,57,1,3,1,11,9,98,NSA,0.0
620,2012-04-24,2012-05-17,2241329,8766,73,2,3,5,10,9,98,Not Rated,0.0
621,2012-04-24,2012-05-04,501091,11003,19,2,3,5,13,9,98,SAT,0.0
622,2012-04-24,2012-05-08,156785,8063,61,1,3,6,10,9,98,SAT,0.0
623,2012-04-25,2012-05-04,1842046,11156,21,2,7,3,11,9,98,SAT,0.0
624,2012-04-25,2012-04-27,896158,11028,18,2,7,3,32,9,98,NSA,0.0
625,2012-04-26,2012-05-21,590488,1201,73,2,3,1,50,9,98,Not Rated,0.0
626,2012-04-26,2012-05-09,193709,1846,25,2,5,3,18,9,98,Not Rated,0.0
627,2012-04-26,2012-05-07,767904,9001,9,1,3,5,10,9,98,SAT,0.0
628,2012-04-27,2012-05-07,315260,9359,39,2,7,3,44,9,98,NSA,0.0
629,2012-04-27,2012-05-02,2115228,2158,76,1,3,1,11,9,98,SAT,0.0
630,2012-04-27,2012-05-25,2255999,11140,64,1,3,1,15,9,98,Not Rated,0.0
631,2012-04-27,2012-06-14,1794436,8053,76,1,3,8,14,9,98,Not Rated,0.0
632,2012-04-11,2012-04-27,1914539,9813,14,2,3,5,32,9,98,Not Rated,0.0
633,2012-05-02,2012-05-25,2067685,1440,34,2,5,5,11,9,98,NSA,0.0
634,2012-05-02,2012-05-24,2536002,10197,14,2,3,5,32,9,98,NSA,0.0
635,2012-05-02,2012-05-16,2009811,9372,69,2,3,5,11,9,98,SAT,0.0
636,2012-05-02,2012-05-04,291579,1702,55,1,7,8,18,9,98,Not Rated,0.0
637,2012-05-02,2012-05-04,2258165,10536,23,1,7,8,18,9,98,SAT,0.0
638,2012-05-02,2012-05-17,174457,1630,42,1,5,5,18,9,98,Not Rated,0.0
639,2012-05-04,2012-05-09,1614049,1275,18,2,3,5,11,9,98,NSA,0.0
640,2012-05-04,2012-05-14,794572,11140,40,2,3,5,11,9,98,Not Rated,0.0
641,2012-05-04,2012-06-08,479000,12621,44,2,5,5,38,9,98,SAT,0.0
642,2012-05-04,2012-05-07,287393,2460,68,2,2,1,44,9,98,SAT,0.0
643,2012-05-07,2012-05-07,1825713,116,78,2,3,5,10,9,98,NSA,0.0
644,2012-05-08,2012-05-24,641063,1737,16,2,3,5,11,9,98,NSA,0.0
645,2012-05-08,2012-05-24,1866084,12334,61,2,3,5,11,9,98,NSA,0.0
646,2012-05-08,2012-06-29,781635,9646,56,2,3,5,13,9,98,NSA,0.0
647,2012-05-08,2012-05-10,633481,2504,23,2,3,1,46,9,98,Not Rated,0.0
648,2012-05-08,2012-05-09,206949,1419,1,2,3,5,10,9,98,Not Rated,0.0
649,2012-05-09,2012-06-25,28846,9646,39,2,7,5,31,9,98,NSA,0.0
650,2012-05-10,2012-06-21,1857910,2172,28,2,3,5,13,9,98,NSA,0.0
651,2012-05-10,2012-05-25,2201844,12133,10,2,3,5,2,9,98,SAT,0.0
652,2012-05-10,2012-05-24,537786,11942,39,2,3,5,11,9,98,NSA,0.0
653,2012-05-03,2012-05-16,2222055,10107,27,2,5,5,10,9,98,Not Rated,0.0
654,2012-05-11,2012-05-22,2427034,9622,9,2,3,1,11,9,98,NSA,0.0
655,2012-05-11,2012-05-16,440022,11027,29,1,2,1,11,9,98,NSA,0.0
656,2012-05-11,2012-05-18,2268423,1866,43,2,3,5,11,9,98,NSA,0.0
657,2012-05-11,2012-05-24,824237,8484,1,1,3,5,11,9,98,SAT,0.0
658,2012-05-14,2012-05-25,599214,2502,68,2,7,8,53,9,98,Not Rated,0.0
659,2012-05-25,2012-06-08,134352,12003,9,2,7,8,53,9,98,Not Rated,0.0
660,2012-05-14,2012-05-17,382517,8461,42,2,3,1,40,9,98,SAT,0.0
661,2012-05-02,2012-05-14,1689478,11044,56,1,3,7,32,9,98,NSA,0.0
662,2012-01-24,2012-01-24,1887970,12346,78,2,5,5,18,9,98,SAT,0.0
667,2012-01-03,2012-01-03,60774,138,8,2,3,5,4,9,98,Not Rated,0.0
668,2011-10-24,2011-11-22,2117212,10069,57,2,3,1,10,9,98,NSA,0.0
669,2012-05-15,2012-06-20,61708,9601,71,2,3,5,11,9,98,NSA,0.0
670,2012-05-15,2012-05-31,1890576,1465,28,1,3,1,11,9,98,NSA,0.0
671,2012-05-15,2012-06-21,895253,7654,41,2,5,5,13,9,98,SAT,0.0
672,2011-10-11,2011-10-14,855796,11277,9,2,3,5,10,9,98,SAT,0.0
673,2011-10-03,2011-10-06,2136234,8197,78,2,3,5,11,9,98,SAT,0.0
674,2012-05-15,2012-05-22,2016637,10108,52,2,5,3,18,9,98,SAT,0.0
675,2012-05-16,2012-05-16,2054453,10130,7,2,7,8,31,9,98,Not Rated,0.0
676,2012-05-09,2012-05-18,497166,1270,18,2,5,5,31,9,98,Not Rated,0.0
677,2012-05-16,2012-05-22,585269,2107,49,1,4,5,13,9,98,Not Rated,0.0
678,2012-05-17,2012-08-03,342050,1255,7,2,4,1,11,9,98,NSA,0.0
679,2012-05-15,2012-06-15,2411049,10850,12,2,2,1,11,9,98,SAT,0.0
680,2012-05-18,2012-05-30,2457170,8766,34,2,3,5,11,9,98,SAT,0.0
681,2012-05-18,2012-06-14,1799867,11157,4,2,3,5,11,9,98,NSA,0.0
682,2012-05-18,2012-07-12,122937,9983,76,1,4,5,13,9,98,SAT,0.0
683,2012-05-21,2012-06-07,547441,12603,29,2,3,5,50,9,98,Not Rated,0.0
684,2012-05-22,2012-05-23,677434,11715,28,2,4,5,50,9,98,NSA,0.0
685,2012-05-22,2012-05-24,2366739,11172,53,1,5,5,44,9,98,SAT,0.0
686,2012-05-22,2012-06-07,2116801,1865,4,2,3,5,15,9,98,SAT,0.0
687,2012-05-22,2012-06-07,682460,11039,33,2,3,5,46,9,98,SAT,0.0
688,2012-05-22,2012-06-13,2459190,9792,46,2,3,5,13,9,98,Not Rated,0.0
689,2012-05-22,2012-06-05,1881589,10601,8,2,3,5,53,9,98,NSA,0.0
690,2012-05-23,2012-06-07,1915223,11003,54,2,3,5,32,9,98,NSA,0.0
691,2012-05-23,2012-06-08,817998,9857,77,2,3,5,38,9,98,Not Rated,0.0
692,2012-05-23,2012-05-25,2017037,11960,48,1,4,5,42,9,98,NSA,0.0
693,2012-05-23,2012-05-29,1810082,9560,10,1,6,8,23,9,98,Not Rated,0.0
694,2012-05-23,2012-06-14,1786949,9393,41,2,3,5,11,9,98,NSA,0.0
695,2012-05-24,2012-05-29,2103582,11545,3,2,3,1,55,9,98,Not Rated,0.0
696,2012-05-24,2012-06-01,409735,836,6,2,7,3,18,9,98,SAT,0.0
697,2012-05-10,2012-05-21,892102,1515,17,1,7,3,6,9,98,Not Rated,0.0
698,2012-05-24,2012-05-30,2057356,10764,17,1,2,1,44,9,98,SAT,0.0
699,2012-05-24,2012-06-11,2121308,2468,29,2,3,5,40,9,98,Not Rated,0.0
700,2012-05-25,2012-06-06,191849,10235,10,2,5,8,34,9,98,Not Rated,0.0
701,2012-05-25,2012-05-28,285163,8840,9,2,7,8,15,9,98,Not Rated,0.0
702,2012-05-25,2012-06-12,77807,7682,44,2,3,5,40,9,98,SAT,0.0
703,2012-05-25,2012-05-25,1842723,8853,28,2,7,8,31,9,98,SAT,0.0
704,2012-05-25,2012-06-29,1770517,1748,19,2,3,5,11,9,98,SAT,0.0
705,2012-05-28,2012-05-31,1804350,221,60,2,2,1,13,9,98,NSA,0.0
706,2012-05-28,2012-06-08,850141,11999,69,1,2,1,13,9,98,SAT,0.0
707,2012-05-28,2012-06-18,1689494,1308,75,2,3,5,11,9,98,SAT,0.0
708,2012-05-28,2012-06-11,396253,791,10,2,3,5,11,9,98,SAT,0.0
709,2012-05-28,2012-06-15,605760,11277,30,2,3,5,11,9,98,SAT,0.0
710,2012-05-29,2012-05-31,1796655,11822,37,2,5,5,54,9,98,Not Rated,0.0
711,2012-05-29,2012-06-14,843489,11004,76,2,3,5,11,9,98,NSA,0.0
712,2012-05-29,2012-06-15,1801084,2468,69,1,4,5,42,9,98,NSA,0.0
713,2012-05-29,2012-06-12,2270546,9726,75,2,3,1,38,9,98,Not Rated,0.0
714,2012-05-30,2012-06-15,1810296,9440,45,2,3,5,40,9,98,NSA,0.0
715,2012-05-30,2012-06-07,2130979,1680,47,2,2,1,40,9,98,Not Rated,0.0
716,2012-05-30,2012-06-22,2200033,10820,40,2,3,5,11,9,98,NSA,0.0
717,2012-05-31,2012-06-07,352751,938,58,2,3,1,44,9,98,NSA,0.0
718,2012-05-31,2012-06-12,893559,1680,26,1,3,5,44,9,98,SAT,0.0
719,2012-06-05,2012-06-08,1984552,12133,13,1,4,5,50,9,98,NSA,0.0
720,2012-06-05,2012-06-22,2457170,10973,48,2,4,5,23,9,98,NSA,0.0
721,2012-06-05,2012-06-20,2202914,9260,25,2,3,5,44,9,98,SAT,0.0
722,2012-06-05,2012-06-12,1789721,10112,15,2,3,5,44,9,98,NSA,0.0
723,2012-06-05,2012-06-15,1914525,11252,10,1,7,8,15,9,98,SAT,0.0
725,2012-06-05,2012-07-04,850337,10948,26,1,3,7,50,9,98,Not Rated,0.0
726,2012-06-06,2012-07-03,1831234,2178,45,1,3,5,11,9,98,SAT,0.0
727,2012-06-06,2012-06-13,1740860,11937,35,2,3,7,23,9,98,SAT,0.0
728,2012-06-06,2012-06-07,1895706,11960,31,2,2,1,40,9,98,SAT,0.0
729,2012-06-06,2012-07-06,215889,12241,40,2,3,5,40,9,98,NSA,0.0
730,2012-06-07,2012-06-18,44499,991,18,2,5,5,9,9,98,Not Rated,0.0
731,2012-06-08,2012-06-15,666990,11071,10,2,2,1,40,9,98,NSA,0.0
732,2012-06-11,2012-06-18,1816542,11590,64,2,5,5,11,9,98,SAT,0.0
733,2012-06-11,2012-07-23,2109353,192,20,2,3,5,32,9,98,Not Rated,0.0
734,2012-06-11,2012-06-21,2198214,12027,27,2,3,1,15,9,98,SAT,0.0
735,2012-06-11,2012-06-21,1812488,10430,76,2,3,5,11,9,98,SAT,0.0
736,2012-06-12,2012-07-10,649754,12328,70,2,5,3,36,9,98,SAT,0.0
737,2012-06-12,2012-06-21,807326,1210,40,2,3,5,18,9,98,SAT,0.0
738,2012-06-12,2012-06-20,684578,9051,29,2,3,5,11,9,98,Not Rated,0.0
739,2012-06-14,2012-06-21,382765,11074,65,2,3,5,9,9,98,Not Rated,0.0
740,2012-06-14,2012-06-27,237973,11999,69,2,3,5,32,9,98,Not Rated,0.0
741,2012-06-14,2012-07-05,1843021,11074,9,2,3,5,34,9,98,SAT,0.0
742,2012-06-14,2012-08-01,106353,1526,9,2,3,1,32,9,98,SAT,0.0
743,2012-06-14,2012-06-25,37482,9560,18,2,3,1,46,9,98,SAT,0.0
744,2012-06-15,2012-06-29,24600,1512,1,2,3,7,11,9,98,SAT,0.0
745,2012-06-16,2012-06-20,18187,2208,73,2,7,5,32,9,98,SAT,0.0
746,2012-06-18,2012-07-02,46899,11626,20,2,5,7,11,9,98,Not Rated,0.0
747,2012-06-18,2012-06-25,339164,10948,16,2,2,1,32,9,98,SAT,0.0
748,2012-06-19,2012-07-25,1840100,11001,1,2,3,1,15,9,98,Not Rated,0.0
749,2012-06-19,2012-07-02,411971,9816,28,2,2,1,9,9,98,Not Rated,0.0
750,2012-06-19,2012-07-03,878644,11118,76,2,2,5,11,9,98,Not Rated,0.0
751,2012-06-19,2012-06-25,316905,12241,29,1,2,5,10,9,98,Not Rated,0.0
752,2012-06-19,2012-06-28,419258,11668,68,2,2,1,32,9,98,NSA,0.0
754,2012-06-20,2012-06-22,357341,2380,77,2,7,3,13,9,98,SAT,0.0
755,2012-06-20,2012-07-30,2053174,11122,60,2,3,1,32,9,98,SAT,0.0
756,2012-06-21,2012-07-04,1790375,11849,19,1,4,5,50,9,98,NSA,0.0
757,2012-06-21,2012-06-29,2011038,2117,66,2,3,5,44,9,98,Not Rated,0.0
758,2012-06-22,2012-07-10,566326,11163,45,2,3,7,32,9,98,Not Rated,0.0
759,2012-06-22,2012-06-28,577171,11123,50,2,3,5,15,9,98,SAT,0.0
760,2012-06-26,2012-07-06,2126430,10428,64,2,3,7,11,9,98,Not Rated,0.0
762,2012-06-26,2012-07-18,2017037,10563,58,2,3,1,32,9,98,SAT,0.0
763,2012-06-26,2012-08-02,2037271,8197,22,2,5,6,11,9,98,NSA,0.0
765,2012-06-27,2012-07-03,894097,11121,41,2,3,5,11,9,98,SAT,0.0
766,2012-06-27,2012-06-28,894926,347,30,2,7,5,15,9,98,Not Rated,0.0
767,2012-06-28,2012-06-29,2037631,9362,35,2,7,3,19,9,98,SAT,0.0
768,2012-06-28,2012-07-09,1749783,8359,4,2,3,5,46,9,98,SAT,0.0
769,2012-06-28,2012-07-09,262986,2307,70,2,3,5,11,9,98,SAT,0.0
770,2012-06-29,2012-07-09,144490,10107,54,2,3,5,11,9,98,SAT,0.0
771,2012-06-29,2012-07-02,1757633,518,51,2,5,8,10,9,98,SAT,0.0
772,2012-06-29,2012-06-29,2184346,8882,26,2,7,8,53,9,98,SAT,0.0
773,2012-06-29,2012-07-02,853273,11173,46,2,2,5,34,9,98,SAT,0.0
774,2012-07-02,2012-07-18,435832,138,12,2,3,5,13,9,98,Not Rated,0.0
775,2012-07-02,2012-07-13,361077,10883,70,2,3,5,2,9,98,SAT,0.0
776,2012-07-02,2012-07-13,17480,10978,9,1,3,5,15,9,98,Not Rated,0.0
777,2012-07-02,2012-08-16,632310,235,6,2,3,5,40,9,98,SAT,0.0
778,2012-07-02,2012-07-06,335526,12563,37,2,3,5,13,9,98,Not Rated,0.0
779,2012-07-03,2012-07-10,2011039,858,63,2,5,8,11,9,98,SAT,0.0
780,2012-07-03,2012-07-06,372589,2656,1,1,3,5,33,9,98,SAT,0.0
781,2012-07-03,2012-07-09,297293,994,60,2,4,5,50,9,98,NSA,0.0
782,2012-07-03,2012-07-06,2200343,12241,40,1,7,5,18,9,98,Not Rated,0.0
783,2012-07-03,2012-07-26,247312,1994,50,2,3,2,11,9,98,NSA,0.0
784,2012-07-03,2012-07-26,1837816,9085,63,1,3,5,11,9,98,NSA,0.0
785,2012-07-05,2012-07-17,1775355,10710,50,2,2,1,46,9,98,Not Rated,0.0
786,2012-07-05,2012-07-10,1790690,1462,26,2,3,5,54,9,98,SAT,0.0
787,2012-07-05,2012-07-24,1876639,9715,6,2,5,3,11,9,98,SAT,0.0
788,2012-07-05,2012-08-21,890010,12358,8,2,3,5,11,9,98,NSA,0.0
789,2012-07-06,2012-08-07,1844514,1202,17,2,3,1,11,9,98,NSA,0.0
790,2012-07-09,2012-07-19,2206076,2478,39,2,7,1,32,9,98,SAT,0.0
791,2012-07-09,2012-07-10,16820,10337,12,2,3,7,54,9,98,SAT,0.0
792,2012-07-09,2012-07-12,1914568,10639,23,2,3,5,9,9,98,NSA,0.0
793,2012-07-10,2012-08-01,710754,10324,46,2,3,7,15,9,98,Not Rated,0.0
794,2012-07-10,2012-07-24,457572,1239,57,2,3,5,13,9,98,NSA,0.0
795,2012-07-10,2012-07-12,17084,9051,47,2,3,5,15,9,98,Not Rated,0.0
796,2012-07-10,2012-08-03,358709,2065,61,2,3,5,11,9,98,SAT,0.0
797,2012-07-10,2012-07-13,161380,1081,72,2,3,5,15,9,98,SAT,0.0
798,2012-07-11,2012-08-13,727263,2676,51,2,2,1,32,9,98,Not Rated,0.0
799,2012-07-12,2012-08-06,2324179,8201,25,2,2,1,25,9,98,SAT,0.0
800,2012-07-12,2012-07-13,1791334,1896,30,2,3,5,15,9,98,NSA,0.0
801,2012-07-13,2012-10-30,1797823,151,1,1,5,3,31,9,98,Not Rated,0.0
802,2012-07-16,2012-08-22,206835,10992,72,2,3,7,50,9,98,Not Rated,0.0
803,2012-07-17,2012-08-03,646897,811,15,2,3,5,13,9,98,SAT,0.0
804,2012-07-17,2012-08-22,2337399,10644,8,2,3,5,40,9,98,SAT,0.0
805,2012-07-17,2012-08-28,254068,2797,17,2,5,5,4,9,98,NSA,0.0
806,2012-07-18,2012-08-28,1857168,1328,41,2,3,1,46,9,98,NSA,0.0
807,2012-07-19,2012-07-20,432231,2129,1,2,3,5,10,9,98,SAT,0.0
808,2012-07-19,2012-08-01,1867521,1994,1,2,3,7,32,9,98,Not Rated,0.0
809,2012-07-19,2012-07-24,2151667,11626,45,2,3,2,13,9,98,NSA,0.0
810,2012-07-19,2012-07-26,1844550,11653,29,2,7,3,32,9,98,Not Rated,0.0
811,2012-07-19,2012-08-02,1900610,12024,67,2,5,5,11,9,98,NSA,0.0
812,2012-07-24,2012-07-31,7311,11154,40,2,3,2,11,9,98,Not Rated,0.0
813,2012-07-24,2012-08-03,1787353,1956,19,2,3,7,11,9,98,NSA,0.0
816,2012-07-24,2012-09-04,2482889,10973,13,2,3,5,13,9,98,NSA,0.0
817,2012-07-24,2012-08-13,2092213,12367,40,2,3,3,46,9,98,Not Rated,0.0
818,2012-07-24,2012-08-13,1822755,1210,60,2,3,7,11,9,98,NSA,0.0
819,2012-07-24,2012-07-31,570900,8970,3,2,5,5,10,9,98,SAT,0.0
820,2012-07-24,2012-08-06,739573,7841,28,2,3,5,32,9,98,Not Rated,0.0
821,2012-07-25,2012-08-27,565362,1552,25,2,5,7,11,9,98,NSA,0.0
822,2012-07-25,2012-07-25,1899975,11078,28,2,5,5,10,9,98,Not Rated,0.0
823,2012-07-26,2012-08-27,1914568,1957,35,2,7,5,18,9,98,Not Rated,0.0
824,2012-05-15,2012-07-13,1943423,11123,50,2,3,5,11,9,98,Not Rated,0.0
825,2012-06-05,2012-06-15,2464724,2637,8,2,3,5,9,9,98,Not Rated,0.0
826,2012-06-05,2012-06-13,486235,9272,28,1,6,8,9,9,98,Not Rated,0.0
827,2012-07-26,2012-08-07,1822111,10991,55,2,3,1,32,9,98,SAT,0.0
828,2012-07-27,2012-08-03,527844,8359,32,2,3,5,15,9,98,NSA,0.0
830,2012-07-27,2012-08-01,891497,8138,38,1,4,5,11,9,98,Not Rated,0.0
831,2012-07-27,2012-08-03,335112,10361,30,2,4,5,15,9,98,Not Rated,0.0
832,2012-07-27,2012-08-30,273857,10989,14,2,7,3,32,9,98,NSA,0.0
833,2012-07-30,2012-08-13,364413,1092,46,2,3,5,13,9,98,SAT,0.0
834,2012-07-31,2012-08-02,1808942,10820,36,1,3,5,50,9,98,NSA,0.0
835,2012-07-10,2012-07-11,684543,9395,14,2,7,3,11,9,98,SAT,0.0
836,2012-07-31,2012-07-31,72986,39,1,1,7,8,15,9,98,SAT,0.0
837,2012-07-10,2012-07-25,683567,1266,63,2,3,1,40,9,98,SAT,0.0
838,2012-08-01,2012-08-13,1878117,11100,2,2,7,3,34,9,98,SAT,0.0
839,2012-08-01,2012-08-01,876353,11069,17,2,7,5,10,9,98,Not Rated,0.0
840,2012-08-01,2012-10-05,1877126,11474,2,2,3,1,54,9,98,NSA,0.0
841,2012-08-02,2012-08-07,1877126,11287,46,2,2,5,11,9,98,Not Rated,0.0
842,2012-08-02,2012-09-25,1984484,10031,22,2,7,5,15,9,98,Not Rated,0.0
843,2012-08-03,2012-08-16,193818,1085,56,2,3,5,50,9,98,Not Rated,0.0
844,2012-08-03,2012-08-21,1738744,11134,70,2,5,5,15,9,98,NSA,0.0
845,2012-07-30,2012-08-01,310058,824,8,2,3,5,15,9,98,Not Rated,0.0
846,2012-08-01,2012-08-01,2257726,1737,56,2,7,8,15,9,98,SAT,0.0
847,2012-08-06,2012-08-29,758227,645,66,2,2,2,11,9,98,NSA,0.0
848,2012-08-06,2012-08-27,1792156,12727,36,2,2,5,18,9,98,Not Rated,0.0
849,2012-08-07,2012-08-13,1793740,9247,62,2,3,7,11,9,98,SAT,0.0
850,2012-08-07,2012-08-24,615990,11626,52,1,3,5,42,9,98,NSA,0.0
851,2012-08-07,2012-08-29,1763084,11193,10,2,3,5,15,9,98,NSA,0.0
852,2012-08-07,2012-08-28,838601,1515,34,2,3,5,44,9,98,Not Rated,0.0
853,2012-08-07,2012-08-20,446930,9372,49,2,3,5,15,9,98,SAT,0.0
854,2012-08-08,2012-09-06,2429171,12000,9,2,3,3,13,9,98,SAT,0.0
855,2012-08-08,2012-08-13,2228071,11255,15,2,3,5,34,9,98,Not Rated,0.0
856,2012-08-08,2012-08-31,772068,1515,21,2,3,2,11,9,98,NSA,0.0
857,2012-08-08,2012-09-03,540214,11252,25,2,3,2,19,9,98,NSA,0.0
858,2012-08-08,2012-08-08,481916,1512,54,2,7,5,10,9,98,SAT,0.0
859,2012-08-09,2012-09-12,332913,9918,54,2,3,5,15,9,98,Not Rated,0.0
860,2012-08-09,2012-08-30,2110766,207,22,2,3,5,11,9,98,SAT,0.0
861,2012-08-09,2012-09-17,1834550,9588,76,2,3,5,11,9,98,Not Rated,0.0
862,2012-08-10,2012-08-10,323703,9372,75,2,3,5,999,9,98,Not Rated,0.0
863,2012-08-10,2012-09-14,1847375,7979,42,2,7,5,9,9,98,NSA,0.0
864,2012-08-10,2012-08-24,2201519,2690,6,2,7,5,40,9,98,SAT,0.0
865,2012-08-10,2012-08-30,128370,8662,66,2,2,5,15,9,98,SAT,0.0
866,2012-08-13,2012-08-31,562662,9022,70,2,3,7,40,9,98,SAT,0.0
867,2012-08-13,2012-08-31,545654,9968,27,2,3,2,11,9,98,NSA,0.0
868,2012-08-13,2012-08-20,576425,11148,11,2,5,5,18,9,98,SAT,0.0
869,2012-08-13,2012-08-30,892725,2172,38,2,3,2,11,9,98,NSA,0.0
870,2012-08-16,2012-09-12,1886765,192,53,2,7,5,40,9,98,SAT,0.0
871,2012-08-17,2012-09-04,592818,11063,8,2,5,5,32,9,98,SAT,0.0
872,2012-08-17,2012-09-13,891739,12399,63,2,3,5,46,9,98,NSA,0.0
873,2012-08-20,2012-08-21,895849,1499,3,2,2,5,999,9,98,Not Rated,0.0
874,2012-08-20,2012-08-20,705591,11230,56,1,5,8,23,9,98,Not Rated,0.0
875,2012-08-10,2012-08-27,1825713,11074,12,1,6,8,54,9,98,Not Rated,0.0
876,2012-08-06,2012-08-06,83936,11259,23,1,6,8,18,9,98,SAT,0.0
877,2012-07-30,2012-08-08,610599,1239,62,2,6,8,32,9,98,Not Rated,0.0
878,2012-08-20,2012-09-07,767904,836,72,2,3,5,10,9,98,Not Rated,0.0
879,2012-08-21,2012-08-23,437392,8882,32,2,7,3,40,9,98,SAT,0.0
880,2012-08-22,2012-09-10,874633,2,18,2,3,5,10,9,98,Not Rated,0.0
881,2012-08-22,2012-09-06,2055121,10016,6,2,3,5,18,9,98,Not Rated,0.0
882,2012-06-07,2012-06-11,179667,10738,11,1,5,8,18,9,98,SAT,0.0
883,2012-08-23,2012-09-14,2090008,1956,64,2,3,5,18,9,98,SAT,0.0
884,2012-08-23,2012-09-04,1901469,10892,11,2,3,5,38,9,98,SAT,0.0
885,2012-08-23,2012-09-18,2009889,10900,21,2,2,1,53,9,98,Not Rated,0.0
886,2012-08-23,2012-08-28,2069395,12754,2,2,6,8,999,9,98,Not Rated,0.0
887,2012-08-22,2012-08-28,2237017,10071,77,2,6,8,13,9,98,Not Rated,0.0
888,2012-08-22,2012-08-29,2096685,2321,35,1,6,8,23,9,98,Not Rated,0.0
889,2012-08-24,2012-08-29,1806860,2262,14,2,3,5,10,9,98,Not Rated,0.0
890,2012-08-27,2012-09-07,598190,189,78,2,2,1,46,9,98,SAT,0.0
891,2012-08-27,2012-09-13,2199329,12192,16,2,5,8,23,9,98,Not Rated,0.0
892,2012-08-23,2012-09-03,2097234,10055,46,1,5,5,23,9,98,Not Rated,0.0
893,2012-08-17,2012-09-04,2497986,8999,45,2,3,5,999,9,98,Not Rated,0.0
894,2012-08-27,2012-08-27,270421,2671,41,2,3,5,32,9,98,Not Rated,0.0
895,2012-06-07,2012-06-08,1787239,10802,49,2,5,5,10,9,98,SAT,0.0
896,2012-08-07,2012-09-12,1871005,11078,31,2,6,5,23,9,98,Not Rated,0.0
897,2012-08-29,2012-09-17,359721,11668,6,2,3,5,50,9,98,NSA,0.0
898,2012-08-29,2012-08-29,1739209,994,50,2,7,8,10,9,98,Not Rated,0.0
899,2012-08-02,2012-08-06,1942905,10569,62,1,6,8,18,9,98,Not Rated,0.0
900,2012-08-30,2012-09-26,238181,11153,55,1,3,5,50,9,98,NSA,0.0
901,2012-08-30,2012-09-24,232277,10983,11,1,3,5,50,9,98,NSA,0.0
902,2012-08-29,2012-08-29,787917,2584,54,2,2,5,10,9,98,Not Rated,0.0
903,2012-08-30,2012-09-14,835382,242,11,2,3,5,18,9,98,SAT,0.0
904,2012-08-30,2012-09-05,1854131,11071,25,2,2,5,11,9,98,SAT,0.0
905,2012-08-31,2012-09-19,292177,1875,37,2,2,5,15,9,98,SAT,0.0
906,2012-08-31,2012-09-07,1708790,9559,30,2,5,5,15,9,98,Not Rated,0.0
907,2012-08-31,2012-08-31,1867223,11904,16,2,5,5,10,9,98,SAT,0.0
908,2012-08-29,2012-09-20,396097,843,6,2,6,8,54,9,98,SAT,0.0
909,2012-08-28,2012-09-14,2032161,9970,47,2,6,8,32,9,98,Not Rated,0.0
910,2012-08-29,2012-09-13,285913,9272,77,2,5,8,999,9,98,Not Rated,0.0
911,2012-09-03,2012-09-06,844143,796,49,2,5,5,10,9,98,SAT,0.0
912,2012-08-29,2012-09-03,891903,12354,24,2,5,8,23,9,98,Not Rated,0.0
913,2012-08-29,2012-09-04,2101904,974,51,1,5,5,38,9,98,Not Rated,0.0
914,2012-09-04,2012-09-10,1867786,11937,74,2,3,5,15,9,98,Not Rated,0.0
915,2012-09-04,2013-01-23,2134516,8855,57,2,6,8,1,9,98,Not Rated,0.0
916,2012-09-04,2012-10-10,32466,2601,31,2,6,8,9,9,98,Not Rated,0.0
917,2012-09-04,2012-09-05,1864236,11100,36,2,7,8,54,9,98,NSA,0.0
918,2012-08-28,2012-09-04,2093053,11558,42,2,2,5,999,9,98,Not Rated,0.0
919,2012-08-30,2012-09-20,1840251,12038,11,2,5,5,23,9,98,Not Rated,0.0
920,2012-09-04,2012-09-18,737241,1875,60,2,5,5,40,9,98,Not Rated,0.0
921,2012-09-03,2012-09-07,2154946,10106,69,1,5,8,32,9,98,Not Rated,0.0
922,2012-08-29,2012-09-14,1870963,7841,1,2,3,5,15,9,98,Not Rated,0.0
923,2012-09-05,2012-09-20,2170642,11840,61,2,5,5,18,9,98,SAT,0.0
924,2012-09-06,2012-09-24,700510,8891,72,2,3,7,32,9,98,Not Rated,0.0
925,2012-09-06,2012-09-20,1326,10260,31,2,7,8,15,9,98,NSA,0.0
927,2012-09-06,2012-09-06,819295,1956,57,1,6,8,23,9,98,Not Rated,0.0
928,2012-08-23,2012-09-05,2036942,486,6,1,6,8,32,9,98,Not Rated,0.0
929,2012-09-06,2012-09-10,2006354,10637,72,2,7,5,40,9,98,Not Rated,0.0
930,2012-09-07,2012-10-04,1858421,9970,73,2,3,5,50,9,98,NSA,0.0
931,2012-09-07,2012-09-27,2136221,601,60,2,3,5,13,9,98,NSA,0.0
932,2012-09-07,2012-09-17,430317,11444,31,2,3,5,11,9,98,Not Rated,0.0
933,2012-09-07,2012-09-17,589823,10197,77,2,3,5,15,9,98,Not Rated,0.0
934,2012-09-07,2012-09-11,2339409,9562,71,2,7,5,18,9,98,Not Rated,0.0
935,2012-09-10,2012-12-18,1922067,1997,48,1,4,5,11,9,98,Not Rated,0.0
936,2012-09-10,2012-12-18,1881763,11932,60,1,4,5,11,9,98,Not Rated,0.0
939,2012-09-10,2012-09-13,1814442,1695,28,2,6,8,40,9,98,Not Rated,0.0
940,2012-09-10,2012-09-11,2112129,1465,46,2,7,5,40,9,98,SAT,0.0
941,2012-09-10,2012-09-12,2017686,9670,21,1,6,8,999,9,98,Not Rated,0.0
942,2012-09-10,2012-11-30,1871466,9803,62,2,6,8,40,9,98,NSA,0.0
943,2012-09-10,2012-10-19,2010966,10172,40,1,4,5,4,9,98,NSA,0.0
944,2012-09-10,2012-09-25,471037,9858,55,1,6,8,44,9,98,Not Rated,0.0
945,2012-09-11,2012-09-20,422206,671,35,2,3,5,44,9,98,SAT,0.0
946,2012-09-11,2012-09-17,2184391,9357,71,2,3,2,13,9,98,NSA,0.0
947,2012-09-11,2012-09-18,2201208,2103,37,2,3,5,10,9,98,SAT,0.0
948,2012-09-11,2012-09-19,2101485,355,16,1,6,8,999,9,98,Not Rated,0.0
949,2012-09-12,2012-09-24,1848250,1846,9,2,3,1,34,9,98,Not Rated,0.0
950,2012-09-12,2012-09-21,186176,9715,62,2,3,3,11,9,98,SAT,0.0
951,2012-09-12,2012-09-26,91568,10428,39,2,3,7,11,9,98,NSA,0.0
952,2012-09-12,2012-10-17,1814441,10073,27,2,3,1,15,9,98,Not Rated,0.0
953,2012-09-12,2012-09-12,114505,10967,18,2,3,5,40,9,98,SAT,0.0
954,2012-09-13,2012-10-02,2469620,2117,6,2,3,5,50,9,98,NSA,0.0
955,2012-09-13,2012-09-25,565362,9559,77,2,5,5,11,9,98,Not Rated,0.0
956,2012-09-12,2012-09-13,610846,1328,6,1,5,8,999,9,98,Not Rated,0.0
957,2012-09-13,2012-09-17,2382704,10883,62,2,3,5,46,9,98,SAT,0.0
958,2012-09-12,2012-09-13,1726417,11154,27,1,6,8,999,9,98,Not Rated,0.0
959,2012-09-11,2012-09-13,379689,581,41,1,6,5,999,9,98,Not Rated,0.0
960,2012-09-14,2012-09-24,622967,8662,45,2,3,5,46,9,98,Not Rated,0.0
961,2012-08-23,2012-08-24,74989,10749,8,2,7,8,10,9,98,NSA,0.0
962,2012-09-06,2012-09-20,491995,10744,22,2,4,1,11,9,98,Not Rated,0.0
963,2012-09-17,2012-10-17,823156,187,34,1,3,5,50,9,98,NSA,0.0
964,2012-09-17,2012-10-03,1881681,1086,6,2,7,6,9,9,98,Not Rated,0.0
966,2012-09-17,2012-09-21,2109353,2124,20,2,3,5,999,9,98,Not Rated,0.0
967,2012-09-18,2012-09-25,80221,10844,9,2,5,6,10,9,98,Not Rated,0.0
968,2012-09-18,2012-10-11,1818434,12352,20,2,6,8,32,9,98,Not Rated,0.0
969,2012-09-18,2012-09-24,1825665,9983,74,2,3,7,50,9,98,Not Rated,0.0
970,2012-09-19,2012-10-16,2111201,2,74,2,3,4,9,9,98,Not Rated,0.0
971,2012-09-19,2012-09-25,182500,10659,29,2,3,5,13,9,98,NSA,0.0
972,2012-09-18,2012-09-19,1787030,923,55,1,5,5,999,9,98,Not Rated,0.0
973,2012-09-19,2012-09-19,2004422,2124,3,1,6,8,999,9,98,Not Rated,0.0
974,2012-09-19,2012-10-09,1860057,1256,34,1,6,8,32,9,98,Not Rated,0.0
975,2012-09-19,2012-10-30,110250,11069,64,1,4,5,42,9,98,NSA,0.0
976,2012-09-19,2012-09-25,1786000,8949,70,2,3,5,32,9,98,SAT,0.0
977,2012-09-19,2012-09-24,633481,1678,20,1,6,8,32,9,98,Not Rated,0.0
978,2012-09-14,2012-11-01,1839914,9800,67,1,6,8,23,9,98,Not Rated,0.0
979,2012-09-19,2012-09-19,1786045,11175,49,1,7,5,999,9,98,Not Rated,0.0
980,2012-09-19,2012-10-03,141175,10948,41,1,6,5,11,9,98,Not Rated,0.0
981,2012-09-19,2012-09-19,2362973,2380,28,2,6,5,40,9,98,Not Rated,0.0
982,2012-09-20,2012-09-20,1707989,542,54,2,7,8,53,9,98,SAT,0.0
983,2012-09-20,2012-09-24,2135447,8996,68,2,2,1,32,9,98,NSA,0.0
984,2012-09-20,2012-10-10,1809230,1106,58,2,3,5,11,9,98,SAT,0.0
985,2012-09-20,2012-09-27,403643,11822,7,2,3,3,11,9,98,NSA,0.0
986,2012-09-17,2012-10-05,1710881,2065,46,2,5,5,32,9,98,Not Rated,0.0
987,2012-09-17,2012-09-21,2119411,11001,16,2,5,2,10,9,98,SAT,0.0
988,2012-09-21,2012-09-21,2112355,12087,71,2,7,8,11,9,98,NSA,0.0
989,2012-09-24,2012-10-01,15067,11287,34,2,5,5,11,9,98,Not Rated,0.0
990,2012-09-06,2012-09-24,1825964,1678,27,2,6,8,32,9,98,Not Rated,0.0
991,2012-09-24,2012-09-24,415045,2380,63,1,5,5,11,9,98,Not Rated,0.0
992,2012-09-24,2012-10-08,245831,12003,57,2,6,8,32,9,98,Not Rated,0.0
993,2012-05-31,2012-06-27,1802566,1999,21,1,5,5,6,9,98,Not Rated,0.0
994,2012-09-25,2012-10-01,68316,11626,13,2,3,2,11,9,98,NSA,0.0
995,2012-09-25,2012-10-24,2101079,9646,49,2,3,8,11,9,98,SAT,0.0
996,2012-09-25,2012-09-25,2200279,11653,56,2,2,5,11,9,98,NSA,0.0
997,2012-09-25,2012-09-25,888471,9344,12,1,6,8,10,9,98,Not Rated,0.0
998,2012-09-25,2012-10-08,2421903,11984,14,2,2,5,32,9,98,Not Rated,0.0
999,2012-09-26,2012-10-10,1839006,8484,63,2,2,5,11,9,98,NSA,0.0
1000,2012-09-26,2012-10-08,2109406,2559,62,2,3,5,13,9,98,SAT,0.0
1001,2012-09-26,2012-09-26,2052828,1462,32,1,7,1,32,9,98,Not Rated,0.0
1002,2012-09-26,2012-09-26,1870694,10337,19,2,3,1,10,9,98,SAT,0.0
1003,2012-09-27,2012-10-18,878450,11118,28,2,3,3,11,9,98,SAT,0.0
1004,2012-09-27,2012-10-18,2067684,8113,12,2,3,3,11,9,98,SAT,0.0
1005,2012-10-01,2012-10-08,99758,11097,36,2,5,8,9,9,98,SAT,0.0
1006,2012-09-14,2012-10-30,1904110,12250,71,2,5,5,32,9,98,Not Rated,0.0
1007,2012-09-26,2012-10-17,339749,7654,15,1,2,5,11,9,98,Not Rated,0.0
1008,2012-10-01,2013-01-14,661974,10152,37,2,3,5,11,9,98,Not Rated,0.0
1009,2012-10-01,2012-10-15,1867202,801,31,2,3,5,11,9,98,Not Rated,0.0
1010,2012-10-01,2012-11-20,892794,1200,55,2,3,5,4,9,98,Not Rated,0.0
1011,2012-09-28,2012-11-15,610105,9647,17,2,3,9,15,9,98,Not Rated,0.0
1012,2012-10-01,2012-10-12,438410,11493,19,2,3,5,40,9,98,NSA,0.0
1013,2012-10-01,2012-10-01,690319,12345,62,1,6,8,32,9,98,Not Rated,0.0
1014,2012-10-01,2012-10-15,2039490,781,55,2,3,1,32,9,98,SAT,0.0
1015,2012-10-01,2012-10-16,1839926,645,71,2,5,3,11,9,98,Not Rated,0.0
1016,2012-10-01,2012-10-04,891422,11286,32,2,3,5,11,9,98,SAT,0.0
1017,2012-10-02,2012-10-19,248416,9792,65,2,3,9,45,9,98,Not Rated,0.0
1018,2012-10-02,2012-10-17,508693,2690,15,2,5,5,11,9,98,Not Rated,0.0
1020,2012-10-02,2012-10-18,365610,1097,71,2,3,5,23,9,98,Not Rated,0.0
1021,2012-10-02,2012-11-30,707503,811,24,2,5,5,23,9,98,SAT,0.0
1022,2012-10-02,2012-10-05,323087,133,46,2,3,5,10,9,98,SAT,0.0
1023,2012-10-03,2012-10-08,435818,1350,56,2,3,5,15,9,98,Not Rated,0.0
1024,2012-10-02,2012-10-08,690319,9857,5,2,3,5,6,9,98,SAT,0.0
1025,2012-10-03,2012-10-30,2255527,2007,62,2,3,5,10,9,98,SAT,0.0
1028,2012-10-03,2012-10-04,893888,9601,50,2,3,5,50,9,98,NSA,0.0
1029,2012-09-17,2012-10-04,864011,2538,35,2,3,5,10,9,98,NSA,0.0
1030,2012-09-14,2012-10-04,892316,1702,43,2,7,3,11,9,98,SAT,0.0
1031,2012-10-03,2012-10-04,1746358,1210,43,2,5,5,11,9,98,Not Rated,0.0
1032,2012-10-04,2012-10-18,79644,9405,66,2,3,5,54,9,98,NSA,0.0
1033,2012-10-04,2012-10-04,2037270,2507,42,2,3,5,10,9,98,Not Rated,0.0
1034,2012-10-02,2012-10-03,852350,2335,31,2,3,1,10,9,98,Not Rated,0.0
1035,2012-10-05,2012-10-12,2017654,10989,69,2,3,5,40,9,98,NSA,0.0
1036,2012-10-05,2012-10-08,262979,12727,37,2,7,5,34,9,98,Not Rated,0.0
1039,2012-09-27,2012-10-12,647837,839,1,2,6,8,32,9,98,Not Rated,0.0
1040,2012-10-08,2012-10-18,1868097,991,12,2,3,5,11,9,98,Not Rated,0.0
1041,2012-10-08,2012-10-18,1838206,10967,36,2,3,7,11,9,98,Not Rated,0.0
1042,2012-10-09,2012-10-18,2108365,1201,41,2,3,5,56,9,98,Not Rated,0.0
1043,2012-10-09,2012-12-13,1689523,10297,55,2,3,5,23,9,98,Not Rated,0.0
1044,2012-10-09,2012-10-19,861443,9021,63,2,3,5,18,9,98,SAT,0.0
1045,2012-10-09,2012-11-02,2135777,2262,44,2,3,3,11,9,98,Not Rated,0.0
1046,2012-10-09,2012-10-26,1971,1645,22,2,3,5,3,9,98,Not Rated,0.0
1047,2012-09-12,2012-09-15,1875111,2178,44,1,3,5,56,9,98,Not Rated,0.0
1048,2012-10-11,2012-10-30,85455,11153,6,2,3,5,18,9,98,SAT,0.0
1049,2012-10-10,2012-10-23,1838867,10490,30,2,5,1,58,9,98,Not Rated,0.0
1050,2012-10-09,2012-10-15,356223,2468,12,1,5,5,58,9,98,Not Rated,0.0
1051,2012-10-10,2012-10-17,60124,11156,15,2,5,5,4,9,98,SAT,0.0
1052,2012-10-10,2012-10-11,2054459,11768,62,2,5,5,10,9,98,SAT,0.0
1053,2012-10-10,2012-10-11,811977,1500,60,2,3,1,40,9,98,Not Rated,0.0
1054,2012-10-10,2012-10-19,41250,12262,58,2,5,2,40,9,98,Not Rated,0.0
1055,2012-10-11,2012-10-11,579501,11157,41,2,7,5,10,9,98,SAT,0.0
1056,2012-10-11,2012-10-18,2103885,10550,48,2,3,5,58,9,98,SAT,0.0
1057,2012-10-11,2012-10-11,166675,1500,77,2,5,5,10,9,98,SAT,0.0
1058,2012-10-11,2012-10-23,2169052,9824,18,2,3,5,15,9,98,Not Rated,0.0
1059,2012-10-12,2012-11-12,547741,2178,75,2,3,7,13,9,98,NSA,0.0
1060,2012-10-12,2012-10-22,695009,12727,2,2,5,8,10,9,98,Not Rated,0.0
1061,2012-10-12,2012-10-12,793539,12621,77,2,5,5,10,9,98,SAT,0.0
1062,2012-10-15,2012-10-18,1827023,8367,66,2,3,5,40,9,98,NSA,0.0
1063,2012-10-15,2012-10-25,540969,1229,39,2,2,1,11,9,98,Not Rated,0.0
1064,2012-10-16,2012-10-17,70994,507,35,2,3,5,42,9,98,NSA,0.0
1065,2012-10-16,2012-10-18,1797742,8965,56,2,3,5,40,9,98,Not Rated,0.0
1066,2012-10-16,2012-11-01,1837605,194,62,2,3,1,40,9,98,SAT,0.0
1067,2012-10-16,2012-10-18,2089583,8970,31,2,3,5,13,9,98,Not Rated,0.0
1068,2012-10-16,2012-11-21,2057328,10536,63,2,7,5,32,9,98,Not Rated,0.0
1069,2012-10-17,2012-10-24,388548,8766,64,2,3,1,40,9,98,SAT,0.0
1070,2012-10-17,2012-10-24,532968,1516,22,2,3,5,2,9,98,SAT,0.0
1071,2012-10-16,2012-10-29,2011061,1229,63,1,5,3,23,9,98,Not Rated,0.0
1072,2012-10-18,2012-10-18,1899230,11151,10,2,3,1,15,9,98,SAT,0.0
1073,2012-10-18,2012-11-02,654050,12589,34,2,2,3,11,9,98,Not Rated,0.0
1074,2012-10-17,2012-10-18,628977,10426,70,2,5,5,10,9,98,SAT,0.0
1075,2012-10-18,2012-10-26,1650815,11104,68,2,3,2,15,9,98,NSA,0.0
1076,2012-10-18,2012-11-05,542231,9247,45,2,3,5,40,9,98,SAT,0.0
1077,2012-10-19,2012-10-26,2402700,8399,34,2,3,5,11,9,98,NSA,0.0
1078,2012-10-19,2012-10-24,2219169,11747,7,2,3,5,44,9,98,Not Rated,0.0
1079,2012-10-19,2012-10-26,783037,9872,75,2,5,5,9,9,98,Not Rated,0.0
1080,2012-10-19,2012-11-05,1861076,1515,47,2,5,8,40,9,98,SAT,0.0
1081,2012-10-08,2012-10-11,1823413,11275,60,2,2,5,53,9,98,Not Rated,0.0
1082,2012-10-22,2012-11-06,1804158,12048,7,2,3,5,52,9,98,Not Rated,0.0
1084,2012-10-23,2012-10-31,1913074,11230,13,2,3,5,58,9,98,SAT,0.0
1085,2012-10-23,2012-11-13,1910431,8955,34,1,3,5,50,9,98,Not Rated,0.0
1086,2012-10-23,2012-10-26,458064,11980,7,2,3,5,15,9,98,Not Rated,0.0
1087,2012-10-23,2012-10-26,1788334,12241,77,2,3,5,57,9,98,SAT,0.0
1088,2012-10-23,2012-11-19,1850548,11170,12,2,3,5,9,9,98,Not Rated,0.0
1089,2012-05-10,2012-05-24,1908708,11175,57,2,5,5,32,9,98,Not Rated,0.0
1090,2012-10-24,2012-11-22,601510,1630,53,2,3,5,50,9,98,NSA,0.0
1091,2012-10-24,2012-11-16,765712,8779,77,2,3,5,55,9,98,SAT,0.0
1092,2012-10-24,2012-11-12,646579,12024,5,2,3,5,11,9,98,SAT,0.0
1093,2012-10-24,2012-11-16,1825807,119,46,2,3,5,40,9,98,SAT,0.0
1094,2012-10-24,2012-11-13,613262,2478,46,2,3,5,11,9,98,SAT,0.0
1095,2012-10-24,2012-10-30,1879443,9410,2,2,3,5,44,9,98,Not Rated,0.0
1096,2012-10-24,2012-11-06,1795411,11193,67,2,2,1,11,9,98,NSA,0.0
1097,2012-10-25,2012-11-20,891902,2380,56,2,3,1,11,9,98,NSA,0.0
1098,2012-10-18,2012-10-31,618232,1994,78,2,5,8,10,9,98,NSA,0.0
1099,2012-10-25,2012-11-06,809349,11246,50,2,3,5,44,9,98,Not Rated,0.0
1100,2012-10-25,2012-10-31,1820519,1706,60,2,5,8,57,9,98,SAT,0.0
1101,2012-10-25,2012-11-14,361980,11172,72,2,5,5,15,9,98,Not Rated,0.0
1102,2012-10-25,2012-11-16,2119377,1548,68,2,3,5,34,9,98,SAT,0.0
1103,2012-10-25,2012-11-15,2133012,9884,78,2,3,5,9,9,98,SAT,0.0
1104,2012-10-25,2012-10-30,152735,11764,12,2,3,2,11,9,98,Not Rated,0.0
1105,2012-10-26,2012-11-16,1624922,9000,56,2,3,5,11,9,98,SAT,0.0
1106,2012-10-26,2012-10-30,327852,11066,65,2,5,5,10,9,98,SAT,0.0
1107,2012-10-26,2012-11-02,1822120,9800,16,2,3,5,40,9,98,SAT,0.0
1108,2012-10-26,2012-11-05,466848,11151,33,2,3,5,40,9,98,SAT,0.0
1109,2012-10-26,2012-11-16,171951,1491,33,2,2,1,32,9,98,Not Rated,0.0
1110,2012-10-26,2012-10-31,777807,507,29,2,3,5,57,9,98,SAT,0.0
1111,2012-10-17,2012-10-25,185698,1350,74,1,2,5,9,9,98,Not Rated,0.0
1112,2012-10-29,2012-11-05,1788302,12621,30,2,3,8,57,9,98,SAT,0.0
1113,2012-10-29,2012-11-27,246840,9824,18,2,5,5,9,9,98,Not Rated,0.0
1114,2012-10-12,2012-10-26,857747,2671,11,1,3,5,11,9,98,SAT,0.0
1115,2012-10-23,2012-11-13,1908243,11788,22,2,3,5,11,9,98,Not Rated,0.0
1116,2012-10-31,2012-12-18,1659308,10991,53,2,3,5,23,9,98,Not Rated,0.0
1117,2012-10-31,2012-11-06,2173296,11552,58,2,3,5,9,9,98,NSA,0.0
1118,2012-10-31,2012-12-12,1873911,355,52,2,3,5,32,9,98,Not Rated,0.0
1119,2012-10-31,2012-11-15,797906,9344,54,1,3,5,14,9,98,Not Rated,0.0
1120,2012-10-31,2012-11-20,789836,9816,46,2,3,5,40,9,98,Not Rated,0.0
1121,2012-10-31,2012-12-03,2066179,11086,50,2,3,1,57,9,98,Not Rated,0.0
1122,2012-10-31,2012-11-12,607566,2230,17,2,5,3,11,9,98,SAT,0.0
1123,2012-10-31,2012-11-05,2032984,10639,40,2,3,5,11,9,98,SAT,0.0
1124,2012-10-31,2012-12-07,2180361,11932,7,2,3,5,11,9,98,NSA,0.0
1125,2012-11-01,2012-11-30,1795164,10861,52,2,3,5,13,9,98,NSA,0.0
1126,2012-11-01,2012-12-12,872360,9803,72,2,5,5,11,9,98,Not Rated,0.0
1127,2012-11-01,2012-11-26,754658,11160,28,2,3,3,11,9,98,Not Rated,0.0
1128,2012-11-01,2012-12-10,737807,1352,1,2,5,4,10,9,98,Not Rated,0.0
1129,2012-11-01,2012-11-12,1839926,865,62,2,5,5,57,9,98,SAT,0.0
1130,2012-11-01,2012-11-05,36807,10327,13,2,5,5,40,9,98,SAT,0.0
1131,2012-11-01,2012-11-05,1679971,11151,6,2,3,5,40,9,98,NSA,0.0
1132,2012-11-01,2012-11-01,1866077,9204,52,2,3,5,40,9,98,SAT,0.0
1133,2012-10-12,2012-10-16,2362143,1512,50,2,5,5,18,9,98,SAT,0.0
1134,2012-10-12,2012-10-29,1801157,1266,24,2,3,5,18,9,98,SAT,0.0
1135,2012-11-02,2012-11-02,1813121,2614,60,2,2,1,18,9,98,SAT,0.0
1136,2012-10-19,2012-12-10,504375,1328,44,2,2,1,15,9,98,Not Rated,0.0
1137,2012-10-30,2012-10-30,2106519,2671,25,2,3,5,40,9,98,Not Rated,0.0
1138,2012-10-25,2012-10-25,805400,9051,34,2,3,5,32,9,98,Not Rated,0.0
1139,2012-11-02,2012-11-02,2188575,10297,10,2,3,5,40,9,98,Not Rated,0.0
1140,2012-10-24,2012-11-07,537855,8507,32,2,3,5,40,9,98,Not Rated,0.0
1141,2012-10-02,2012-11-06,540969,10565,18,2,3,5,9,9,98,NSA,0.0
1142,2012-11-02,2012-11-06,2240506,8585,50,2,3,5,9,9,98,NSA,0.0
1143,2012-10-30,2012-11-09,351654,9958,3,2,3,5,40,9,98,Not Rated,0.0
1145,2012-10-29,2012-10-29,497166,494,32,2,3,5,40,9,98,Not Rated,0.0
1146,2012-10-22,2012-11-07,542231,10071,26,2,3,5,40,9,98,SAT,0.0
1147,2012-11-05,2012-11-20,715981,10566,24,2,3,1,58,9,98,Not Rated,0.0
1148,2012-11-05,2013-01-08,2057007,11246,28,2,3,5,11,9,98,SAT,0.0
1149,2012-11-05,2012-11-30,2010321,12133,58,2,3,5,11,9,98,SAT,0.0
1150,2012-11-05,2012-12-21,1843744,10646,48,2,5,5,18,9,98,SAT,0.0
1151,2012-11-05,2012-11-05,1813735,8138,63,2,5,5,58,9,98,SAT,0.0
1152,2012-11-05,2012-11-12,382747,9445,4,2,3,5,9,9,98,NSA,0.0
1153,2012-11-05,2012-12-13,1726347,2307,30,2,5,3,11,9,98,SAT,0.0
1154,2012-11-05,2012-11-27,2306097,11245,62,2,2,5,38,9,98,NSA,0.0
1155,2012-11-05,2012-11-21,729534,8399,27,2,3,5,25,9,98,Not Rated,0.0
1156,2012-11-06,2012-11-19,500967,10127,37,2,3,5,11,9,98,Not Rated,0.0
1157,2012-11-06,2012-12-03,1738205,10987,4,1,3,2,11,9,98,NSA,0.0
1158,2012-11-06,2012-11-06,1812924,10569,14,2,7,5,10,9,98,SAT,0.0
1159,2012-11-06,2012-11-30,1796642,11960,17,2,3,5,58,9,98,Not Rated,0.0
1160,2012-11-06,2012-11-19,577143,1896,77,2,3,5,23,9,98,Not Rated,0.0
1161,2012-11-02,2012-11-12,1873225,11444,41,2,3,5,58,9,98,SAT,0.0
1162,2012-11-06,2012-11-16,1660417,10738,3,2,3,5,58,9,98,SAT,0.0
1163,2012-10-19,2012-11-07,2464710,10990,2,2,3,1,23,9,98,SAT,0.0
1164,2012-11-07,2012-11-08,129398,10550,56,2,2,5,18,9,98,NSA,0.0
1165,2012-11-07,2012-11-20,1793518,9715,12,2,3,5,40,9,98,Not Rated,0.0
1166,2012-11-07,2012-11-13,1748946,11999,71,2,3,5,10,9,98,Not Rated,0.0
1167,2012-11-08,2012-11-21,247812,960,33,2,3,5,11,9,98,Not Rated,0.0
1168,2012-11-08,2012-11-08,236145,11768,57,2,5,5,9,9,98,SAT,0.0
1169,2012-11-08,2012-11-16,678336,9610,46,1,3,5,11,9,98,SAT,0.0
1170,2012-11-08,2012-11-29,1883850,1239,27,2,3,5,50,9,98,NSA,0.0
1171,2012-11-08,2012-11-16,707090,9824,4,2,3,5,15,9,98,NSA,0.0
1172,2012-11-08,2012-11-23,666213,12241,24,2,4,5,50,9,98,NSA,0.0
1173,2012-11-09,2012-11-13,268012,157,67,1,6,8,44,9,98,SAT,0.0
1175,2012-11-09,2012-12-10,490587,2559,71,1,6,8,14,9,98,NSA,0.0
1183,2012-11-07,2012-11-16,706249,8853,42,1,2,5,40,9,98,SAT,0.0
1184,2012-11-12,2012-11-12,2072878,10055,38,1,7,8,15,9,98,Not Rated,0.0
1185,2012-11-12,2012-11-12,896099,7841,43,1,2,5,23,9,98,Not Rated,0.0
1186,2012-11-09,2012-11-19,81014,9558,26,2,2,5,11,9,98,SAT,0.0
1187,2012-11-12,2012-11-12,1866819,10553,3,1,2,5,32,9,98,Not Rated,0.0
1188,2012-11-12,2012-11-12,2223185,9970,77,1,2,5,32,9,98,Not Rated,0.0
1189,2012-11-12,2012-11-12,293712,2178,31,1,2,5,11,9,98,Not Rated,0.0
1190,2012-11-12,2012-11-12,824888,194,77,1,7,8,19,9,98,SAT,0.0
1191,2012-11-12,2012-11-12,1890190,2103,57,1,7,8,11,9,98,Not Rated,0.0
1192,2012-11-12,2012-11-12,1803149,11937,15,1,3,8,11,9,98,Not Rated,0.0
1193,2012-11-07,2012-11-09,172146,10850,3,2,5,5,44,9,98,SAT,0.0
1194,2012-11-13,2012-11-20,70980,8585,42,2,3,5,32,9,98,SAT,0.0
1195,2012-11-13,2012-11-13,2016186,10637,69,1,7,8,36,9,98,Not Rated,0.0
1196,2012-11-13,2012-11-13,2289945,10324,42,1,7,8,11,9,98,Not Rated,0.0
1197,2012-11-13,2012-11-13,1911411,11160,77,1,7,8,53,9,98,Not Rated,0.0
1198,2012-11-14,2012-11-20,254910,11972,2,2,3,5,57,9,98,SAT,0.0
1199,2012-11-14,2012-11-20,1674909,11806,61,2,3,5,58,9,98,SAT,0.0
1200,2012-11-14,2012-11-14,199186,1202,5,1,2,5,40,9,98,Not Rated,0.0
1201,2012-11-14,2012-11-20,1803693,10112,73,1,2,5,23,9,98,Not Rated,0.0
1202,2012-11-14,2012-11-20,2200345,2478,70,1,2,5,56,9,98,Not Rated,0.0
1203,2012-11-14,2012-11-14,1675199,1552,25,1,2,5,56,9,98,Not Rated,0.0
1204,2012-11-14,2012-11-19,534367,991,19,2,2,5,35,9,98,SAT,0.0
1205,2012-11-14,2012-11-22,2054515,542,19,2,7,7,37,9,98,Not Rated,0.0
1206,2012-11-15,2012-12-12,665666,1702,45,2,3,5,40,9,98,SAT,0.0
1207,2012-11-15,2012-11-15,527370,11217,40,1,2,5,11,9,98,Not Rated,0.0
1208,2012-10-02,2012-11-15,119862,7973,7,2,7,1,15,9,98,Not Rated,0.0
1209,2012-11-15,2012-11-20,743325,10534,61,2,3,5,54,9,98,NSA,0.0
1213,2012-11-15,2012-11-21,19191,1210,15,1,3,5,56,9,98,Not Rated,0.0
1214,2012-11-15,2012-11-21,578870,10160,33,1,3,5,56,9,98,Not Rated,0.0
1215,2012-11-15,2012-11-20,135253,2322,32,2,3,5,9,9,98,SAT,0.0
1216,2012-11-15,2013-02-12,670046,2531,62,2,3,5,58,9,98,SAT,0.0
1217,2012-11-15,2012-12-20,818017,1308,29,2,3,5,10,9,98,Not Rated,0.0
1218,2012-11-15,2012-12-06,891806,10147,27,2,3,5,11,9,98,Not Rated,0.0
1219,2012-11-16,2012-11-20,1871386,10861,38,1,3,5,52,9,98,SAT,0.0
1220,2012-11-13,2012-11-20,561527,8601,27,1,3,5,40,9,98,Not Rated,0.0
1222,2012-11-19,2012-11-22,662434,9270,49,2,3,1,40,9,98,SAT,0.0
1223,2012-11-19,2012-11-23,1869480,8939,8,2,3,1,57,9,98,SAT,0.0
1224,2012-11-19,2012-12-04,499881,922,65,2,3,7,11,9,98,Not Rated,0.0
1225,2012-11-19,2012-11-21,239666,12174,53,2,3,3,11,9,98,Not Rated,0.0
1226,2012-11-16,2012-12-12,1810326,12176,55,2,5,3,11,9,98,SAT,0.0
1227,2012-11-16,2012-11-26,2103582,9933,61,2,5,5,42,9,98,SAT,0.0
1228,2012-11-19,2012-11-27,488410,2671,22,2,3,5,58,9,98,SAT,0.0
1229,2012-11-19,2012-12-21,203308,496,9,2,3,1,40,9,98,SAT,0.0
1230,2012-11-20,2012-11-21,10571,10738,25,1,3,5,56,9,98,Not Rated,0.0
1231,2012-11-20,2012-11-21,2058652,10107,44,1,3,5,56,9,98,Not Rated,0.0
1232,2012-11-20,2012-11-21,2518301,843,27,1,3,5,56,9,98,Not Rated,0.0
1233,2012-11-20,2012-11-22,182673,11558,72,1,3,5,32,9,98,Not Rated,0.0
1234,2012-11-16,2012-11-27,1750151,12229,7,2,3,5,40,9,98,SAT,0.0
1235,2012-11-20,2012-12-11,2433371,11059,70,2,3,5,50,9,98,NSA,0.0
1236,2012-11-20,2012-12-21,890057,11715,60,2,3,5,14,9,98,Not Rated,0.0
1237,2012-11-20,2012-12-03,131476,11278,57,2,3,5,32,9,98,Not Rated,0.0
1238,2012-11-20,2012-11-30,2056683,10917,58,2,6,5,54,9,98,Not Rated,0.0
1239,2012-11-20,2012-11-29,2072810,9370,67,2,3,5,42,9,98,NSA,0.0
1240,2012-11-19,2012-11-22,523119,9211,25,1,7,8,14,9,98,Not Rated,0.0
1241,2012-11-20,2013-01-18,2187424,11127,76,2,3,1,57,9,98,Not Rated,0.0
1242,2012-11-20,2012-12-12,1917927,345,47,2,5,4,57,9,98,NSA,0.0
1243,2012-11-20,2012-11-21,2038697,10507,66,2,3,5,15,9,98,SAT,0.0
1244,2012-11-21,2012-11-23,201719,842,75,2,5,6,32,9,98,SAT,0.0
1245,2012-11-21,2012-12-03,756340,10507,48,1,3,5,56,9,98,Not Rated,0.0
1246,2012-11-21,2012-11-23,1835486,11140,20,1,3,5,56,9,98,Not Rated,0.0
1247,2012-11-21,2012-12-06,1659840,1515,29,2,3,5,42,9,98,Not Rated,0.0
1248,2012-11-21,2012-12-10,503129,11747,7,2,5,2,11,9,98,Not Rated,0.0
1249,2012-11-21,2012-11-21,859699,10623,19,1,8,8,11,9,98,NSA,0.0
1250,2012-11-21,2012-11-23,359525,1706,41,2,5,5,57,9,98,SAT,0.0
1251,2012-11-22,2012-12-13,37494,10601,26,1,8,8,11,9,98,Not Rated,0.0
1253,2012-11-22,2012-12-06,889606,119,13,2,3,5,10,9,98,SAT,0.0
1254,2012-11-19,2012-12-18,1868514,10979,24,1,3,5,42,9,98,Not Rated,0.0
1255,2012-11-22,2012-11-22,116131,10973,50,1,8,8,19,9,98,SAT,0.0
1256,2012-11-22,2012-11-22,1849760,2666,24,1,2,5,2,9,98,SAT,0.0
1257,2012-11-23,2012-12-12,2340857,486,42,2,3,5,32,9,98,Not Rated,0.0
1258,2012-11-23,2012-12-11,467688,11212,48,2,3,5,52,9,98,SAT,0.0
1259,2012-11-01,2012-11-27,1815170,11083,58,2,3,5,10,9,98,SAT,0.0
1260,2012-11-23,2012-12-12,1893287,11788,16,2,3,5,57,9,98,SAT,0.0
1261,2012-10-23,2012-11-23,2084039,1499,37,2,3,5,4,9,98,SAT,0.0
1262,2012-11-23,2012-11-23,1812219,8853,9,1,8,8,38,9,98,Not Rated,0.0
1263,2012-11-23,2012-12-12,1922730,12727,42,2,3,5,15,9,98,SAT,0.0
1264,2012-11-23,2012-12-07,1908244,11978,16,2,3,7,11,9,98,Not Rated,0.0
1265,2012-11-26,2012-12-10,1807825,1680,44,2,3,5,11,9,98,Not Rated,0.0
1266,2012-11-07,2012-11-14,148431,8949,71,2,3,5,11,9,98,SAT,0.0
1267,2012-11-12,2012-11-26,506426,7654,23,2,5,5,10,9,98,Not Rated,0.0
1268,2012-07-02,2012-09-04,2066113,11220,66,2,3,5,40,9,98,NSA,0.0
1269,2012-11-07,2012-11-07,42474,9933,18,2,3,1,58,9,98,Not Rated,0.0
1270,2012-11-26,2012-11-30,342808,11747,39,2,7,5,15,9,98,NSA,0.0
1271,2012-11-26,2013-01-09,171951,12727,1,2,3,5,58,9,98,SAT,0.0
1272,2012-11-26,2012-12-07,491908,7654,33,2,3,5,58,9,98,SAT,0.0
1273,2012-11-19,2012-11-29,408103,1846,45,2,3,5,40,9,98,Not Rated,0.0
1274,2012-11-27,2012-12-13,831278,11768,29,2,3,3,11,9,98,SAT,0.0
1275,2012-11-27,2012-11-28,409336,12476,68,1,8,8,25,9,98,Not Rated,0.0
1276,2012-11-27,2012-12-20,1660017,11074,53,1,3,5,40,9,98,SAT,0.0
1277,2012-11-27,2012-11-27,2148124,11104,39,2,7,5,10,9,98,SAT,0.0
1278,2012-11-28,2012-12-12,780758,11116,52,2,3,5,44,9,98,SAT,0.0
1279,2012-11-28,2012-12-18,1675393,12003,76,2,3,5,11,9,98,SAT,0.0
1280,2012-11-28,2012-12-19,471037,11063,50,2,3,5,58,9,98,Not Rated,0.0
1281,2012-11-28,2012-12-14,99757,11223,78,2,3,5,13,9,98,SAT,0.0
1282,2012-11-28,2012-11-28,2323442,12102,20,1,8,8,19,9,98,Not Rated,0.0
1283,2012-11-28,2012-11-28,2325295,10898,21,1,8,8,10,9,98,Not Rated,0.0
1284,2012-11-28,2013-01-07,2071338,10967,63,1,3,5,23,9,98,Not Rated,0.0
1285,2012-11-29,2012-12-06,1910432,801,54,2,3,5,15,9,98,Not Rated,0.0
1286,2012-11-29,2012-12-12,1904435,494,78,2,5,5,11,9,98,Not Rated,0.0
1287,2012-11-29,2012-12-17,241262,10152,60,2,3,5,11,9,98,NSA,0.0
1288,2012-11-29,2012-12-03,2120172,9857,33,2,5,5,10,9,98,Not Rated,0.0
1291,2012-11-29,2012-12-12,354911,11715,60,2,3,5,52,9,98,SAT,0.0
1293,2012-11-29,2012-12-28,44152,865,19,2,3,5,11,9,98,NSA,0.0
1294,2012-11-29,2012-12-18,2109406,11122,76,2,3,5,50,9,98,NSA,0.0
1296,2012-11-30,2012-12-13,360961,911,23,2,5,5,54,9,98,SAT,0.0
1297,2012-11-30,2012-12-18,2438551,10073,73,2,3,5,4,9,98,Not Rated,0.0
1298,2012-11-30,2013-01-07,1829267,10979,46,1,4,5,47,9,98,Not Rated,0.0
1299,2012-11-30,2012-12-31,405385,11086,47,2,3,5,18,9,98,Not Rated,0.0
1300,2012-12-03,2012-12-03,2126431,345,44,1,8,8,32,9,98,Not Rated,0.0
1301,2012-12-03,2012-12-19,2142394,10668,66,1,8,8,19,9,98,Not Rated,0.0
1303,2012-11-21,2012-11-26,477868,12229,74,2,7,5,45,9,98,Not Rated,0.0
1304,2012-12-03,2013-01-07,1859580,8385,43,2,5,5,10,9,98,Not Rated,0.0
1305,2012-12-03,2012-12-13,2006438,11788,69,2,7,5,32,9,98,SAT,0.0
1306,2012-12-04,2012-12-04,891250,1516,47,1,8,8,19,9,98,SAT,0.0
1307,2012-11-29,2012-11-29,2223151,355,57,2,7,5,10,9,98,SAT,0.0
1308,2012-12-04,2012-12-11,1843249,7841,7,2,3,5,40,9,98,SAT,0.0
1309,2012-12-04,2012-12-10,112487,10764,61,2,3,5,11,9,98,SAT,0.0
1310,2012-12-04,2012-12-12,497166,12051,53,2,3,5,40,9,98,SAT,0.0
1311,2012-12-04,2012-12-06,2126039,12414,36,2,3,5,40,9,98,SAT,0.0
1312,2012-12-04,2012-12-04,183349,10116,22,1,8,8,15,9,98,Not Rated,0.0
1313,2012-12-04,2012-12-05,285878,355,26,2,7,5,18,9,98,SAT,0.0
1314,2012-12-04,2012-12-05,151093,1465,71,2,7,5,18,9,98,SAT,0.0
1315,2012-12-05,2013-01-07,871504,10983,35,2,5,5,10,9,98,Not Rated,0.0
1316,2012-12-05,2013-01-24,1675334,10105,56,2,3,5,40,9,98,NSA,0.0
1317,2012-12-05,2013-01-03,2058651,11133,4,2,3,5,11,9,98,SAT,0.0
1318,2012-12-05,2012-12-12,1818432,11212,63,2,6,5,3,9,98,Not Rated,0.0
1320,2012-12-05,2012-12-06,796916,9797,67,2,7,7,18,9,98,SAT,0.0
1322,2012-12-06,2012-12-06,255606,1702,40,1,8,8,11,9,98,Not Rated,0.0
1323,2012-12-06,2013-01-16,1835738,10072,1,1,3,5,50,9,98,NSA,0.0
1324,2012-12-06,2012-12-18,471641,11278,18,1,8,8,25,9,98,NSA,0.0
1325,2012-12-06,2013-02-19,891413,11118,72,2,3,5,11,9,98,NSA,0.0
1326,2012-12-06,2012-12-17,831167,9706,32,2,3,5,53,9,98,SAT,0.0
1327,2012-12-06,2013-01-07,1808357,10991,17,2,6,5,44,9,98,SAT,0.0
1330,2012-12-06,2012-12-06,160673,8858,14,2,3,5,10,9,98,Not Rated,0.0
1331,2012-12-06,2012-12-11,34389,753,44,2,4,7,11,9,98,NSA,0.0
1332,2012-12-07,2012-12-07,1889312,10116,23,1,8,8,40,9,98,Not Rated,0.0
1333,2012-12-07,2012-12-20,2398051,2569,26,2,3,5,58,9,98,SAT,0.0
1334,2012-12-07,2012-12-20,729618,10108,63,2,4,5,58,9,98,SAT,0.0
1335,2012-12-07,2012-12-10,410186,10644,5,2,7,5,18,9,98,SAT,0.0
1336,2012-12-10,2012-12-20,473751,11146,71,2,3,5,32,9,98,Not Rated,0.0
1338,2012-12-10,2013-01-03,892194,9893,35,2,3,5,13,9,98,Not Rated,0.0
1340,2012-12-10,2012-12-18,20651,10235,65,2,3,5,40,9,98,NSA,0.0
1341,2012-12-10,2013-01-21,244632,1630,7,1,8,8,58,9,98,SAT,0.0
1342,2012-12-10,2012-12-13,423353,10844,60,2,3,5,40,9,98,NSA,0.0
1344,2012-12-03,2012-12-18,1837206,8949,25,2,3,5,44,9,98,Not Rated,0.0
1347,2012-11-27,2012-12-12,822643,11160,6,2,6,5,58,9,98,SAT,0.0
1348,2012-12-12,2012-12-24,712202,10566,77,2,8,8,54,9,98,SAT,0.0
1349,2012-12-12,2012-12-12,817566,8946,31,1,8,8,40,9,98,Not Rated,0.0
1350,2012-12-12,2013-01-09,1728572,8984,56,2,5,5,50,9,98,Not Rated,0.0
1351,2012-12-12,2012-12-17,1773783,10693,24,2,5,5,10,9,98,Not Rated,0.0
1352,2012-12-12,2013-01-07,2036880,2601,23,2,3,5,13,9,98,NSA,0.0
1353,2012-12-12,2013-02-15,2058648,745,58,2,6,5,58,9,98,SAT,0.0
1354,2012-12-12,2013-01-07,1707181,978,6,2,6,5,40,9,98,SAT,0.0
1355,2012-12-12,2013-01-25,644740,1292,22,1,4,5,58,9,98,Not Rated,0.0
1356,2012-12-11,2013-01-07,1773970,9798,39,1,4,5,58,9,98,Not Rated,0.0
1357,2012-12-13,2012-12-21,1755045,10844,73,1,8,8,11,9,98,Not Rated,0.0
1358,2012-12-13,2013-01-11,1659763,12510,28,2,2,7,10,9,98,NSA,0.0
1359,2012-12-13,2013-01-23,211919,73,12,1,8,8,46,9,98,NSA,0.0
1360,2012-12-03,2012-12-24,663492,12181,4,2,3,5,2,9,98,SAT,0.0
1361,2012-12-13,2012-12-20,245831,473,13,2,3,5,58,9,98,SAT,0.0
1362,2012-12-13,2012-12-20,507601,12229,19,2,3,5,58,9,98,SAT,0.0
1363,2012-12-13,2013-01-10,1796213,10105,72,2,6,5,11,9,98,SAT,0.0
1364,2012-12-13,2012-12-13,2136239,8797,48,1,8,8,11,9,98,Not Rated,0.0
1365,2012-11-20,2012-12-20,2123343,796,76,2,3,5,44,9,98,SAT,0.0
1366,2012-12-14,2012-12-20,272267,597,38,2,5,5,9,9,98,SAT,0.0
1367,2012-12-14,2013-01-08,2079580,11083,32,2,3,5,58,9,98,SAT,0.0
1369,2012-12-14,2013-01-07,1911891,10073,51,2,6,5,50,9,98,Not Rated,0.0
1370,2012-12-13,2013-02-08,1838366,10426,49,2,3,5,9,9,98,SAT,0.0
1371,2012-12-13,2012-12-18,2130452,1999,46,2,7,5,11,9,98,Not Rated,0.0
1372,2012-11-21,2012-12-19,1842250,1865,19,2,7,5,10,9,98,SAT,0.0
1374,2012-12-19,2013-01-21,723634,11558,6,2,3,5,18,9,98,Not Rated,0.0
1375,2012-12-19,2013-01-08,2007980,10217,68,2,3,2,11,9,98,SAT,0.0
1376,2012-12-19,2013-01-23,2056418,9799,48,2,6,5,38,9,98,NSA,0.0
1377,2012-12-19,2013-01-25,309489,10050,16,2,6,5,10,9,98,SAT,0.0
1378,2012-12-20,2013-01-08,480823,9792,28,2,3,5,18,9,98,SAT,0.0
1379,2012-12-20,2013-01-23,536315,11134,66,2,6,5,40,9,98,SAT,0.0
1380,2012-12-20,2013-01-04,403576,9347,33,1,8,8,40,9,98,SAT,0.0
1381,2012-12-20,2013-01-10,1765007,1210,62,2,4,5,50,9,98,NSA,0.0
1383,2012-12-20,2012-12-27,1708224,11052,61,2,6,5,58,9,98,SAT,0.0
1384,2012-12-21,2013-01-18,548986,10030,26,2,6,5,11,9,98,Not Rated,0.0
1385,2012-12-21,2013-01-08,2313420,8919,2,2,3,5,11,9,98,SAT,0.0
1386,2012-10-30,2012-11-28,548604,8116,7,2,3,5,11,9,98,SAT,0.0
1387,2012-12-21,2013-01-23,1881763,1266,70,2,7,8,42,9,98,NSA,0.0
1388,2012-12-24,2013-01-10,2016124,7835,14,2,3,6,11,9,98,SAT,0.0
1389,2012-12-20,2013-01-18,793184,12589,14,2,4,5,23,9,98,Not Rated,0.0
1391,2012-12-27,2013-02-19,584328,10225,65,2,5,5,18,9,98,Not Rated,0.0
1392,2012-12-27,2013-01-09,2003985,9022,28,2,3,5,11,9,98,NSA,0.0
1393,2012-12-27,2013-01-18,1755429,11552,78,2,3,5,10,9,98,SAT,0.0
1394,2012-12-27,2013-01-30,1786317,2559,26,2,3,5,58,9,98,SAT,0.0
1395,2012-12-27,2013-01-18,1855947,11173,54,2,5,5,58,9,98,SAT,0.0
1397,2012-12-18,2013-01-18,555526,11479,71,2,3,5,57,9,98,SAT,0.0
1398,2012-12-28,2013-01-18,666990,11087,11,2,3,5,11,9,98,NSA,0.0
1399,2012-12-28,2013-01-29,889082,1737,62,2,5,5,58,9,98,SAT,0.0
1400,2012-12-28,2013-01-15,829811,10534,73,1,8,8,45,9,98,Not Rated,0.0
1401,2012-12-28,2013-01-10,50216,11849,49,2,5,5,23,9,98,SAT,0.0
1402,2012-12-28,2013-01-11,741277,11118,69,2,3,5,32,9,98,Not Rated,0.0
1403,2012-12-28,2013-01-18,1911085,10892,2,2,5,5,58,9,98,Not Rated,0.0
1404,2012-12-28,2012-12-28,1785771,10978,12,1,8,8,40,9,98,Not Rated,0.0
1405,2012-12-28,2013-02-25,1910414,1692,40,2,7,5,32,9,98,NSA,0.0
1406,2012-12-28,2012-12-28,18283,11123,69,1,8,8,40,9,98,NSA,0.0
1407,2012-12-31,2013-01-09,1863288,11063,28,2,2,1,18,9,98,SAT,0.0
1408,2013-01-02,2013-02-08,894204,12102,33,2,6,5,11,9,98,NSA,0.0
1409,2013-01-02,2013-01-18,294740,10659,12,2,6,5,58,9,98,SAT,0.0
1410,2013-01-02,2013-01-29,1882109,1962,69,2,3,7,15,9,98,Not Rated,0.0
1411,2013-01-02,2013-01-10,358302,345,68,2,2,5,13,9,98,Not Rated,0.0
1412,2013-01-02,2013-01-31,873720,1994,46,2,2,5,15,9,98,Not Rated,0.0
1413,2013-01-02,2013-01-22,289582,10379,63,2,3,5,50,9,98,NSA,0.0
1422,2013-01-04,2013-02-21,501728,2316,52,2,3,5,40,9,98,NSA,0.0
1423,2013-01-03,2013-01-09,465544,8742,38,2,7,7,15,9,98,SAT,0.0
1424,2013-01-03,2013-01-23,1708641,10898,69,2,2,7,34,9,98,Not Rated,0.0
1425,2013-01-04,2013-01-09,827837,11146,49,2,3,7,11,9,98,SAT,0.0
1426,2013-01-04,2013-01-17,312977,1499,23,2,5,7,45,9,98,Not Rated,0.0
1427,2013-01-07,2013-01-07,1803176,10802,36,1,8,8,10,9,98,Not Rated,0.0
1431,2012-12-24,2013-01-31,1793233,9923,53,2,3,5,57,9,98,NSA,0.0
1432,2013-01-07,2013-01-22,349838,8461,22,2,5,5,10,9,98,Not Rated,0.0
1433,2013-01-07,2013-02-01,793185,11954,36,2,5,5,10,9,98,Not Rated,0.0
1435,2013-01-07,2013-01-18,1797744,1695,72,2,6,5,15,9,98,SAT,0.0
1442,2013-01-08,2013-01-18,1834731,11638,52,2,5,7,15,9,98,SAT,0.0
1443,2013-01-08,2013-01-15,233802,11487,41,2,3,7,31,9,98,Not Rated,0.0
1445,2013-01-08,2013-01-16,799091,2696,25,1,8,8,4,9,98,SAT,0.0
1446,2013-01-08,2013-01-28,605807,11171,62,2,3,5,58,9,98,SAT,0.0
1447,2013-01-08,2013-02-25,895848,2532,8,2,5,5,11,9,98,NSA,0.0
1448,2013-01-08,2013-01-22,1942803,11122,33,2,6,5,50,9,98,NSA,0.0
1450,2013-01-08,2013-03-06,373407,12475,25,2,6,5,58,9,98,SAT,0.0
1451,2013-01-08,2013-01-16,20924,1106,74,1,8,8,31,9,98,Not Rated,0.0
1452,2013-01-09,2013-01-17,844080,1291,32,1,8,8,15,9,98,Not Rated,0.0
1453,2013-01-09,2013-01-25,2306589,1201,37,1,8,8,10,9,98,Not Rated,0.0
1454,2013-01-09,2013-01-16,2104613,9901,40,2,5,5,18,9,98,Not Rated,0.0
1455,2013-01-09,2013-01-18,1898547,10536,45,2,2,7,18,9,98,Not Rated,0.0
1456,2013-01-09,2013-02-19,888382,10337,2,2,6,5,18,9,98,SAT,0.0
1458,2013-01-09,2013-01-25,1758547,10989,15,2,8,8,19,9,98,Not Rated,0.0
1460,2013-01-10,2013-01-10,471619,9634,74,1,8,8,18,9,98,Not Rated,0.0
1461,2013-01-10,2013-01-10,358324,10337,71,2,6,5,45,9,98,NSA,0.0
1462,2013-01-10,2013-01-23,1675199,11156,37,1,8,8,18,9,98,Not Rated,0.0
1463,2013-01-10,2013-02-13,1786931,11621,64,2,6,5,11,9,98,SAT,0.0
1464,2013-01-10,2013-01-23,2407312,11788,28,2,5,5,45,9,98,NSA,0.0
1467,2013-01-10,2013-02-01,2116035,1275,75,2,6,5,40,9,98,NSA,0.0
1468,2013-01-10,2013-02-21,98195,8662,52,2,6,5,58,9,98,Not Rated,0.0
1469,2013-01-10,2013-02-07,676077,12356,33,2,6,5,58,9,98,SAT,0.0
1470,2013-01-10,2013-02-06,1788944,12066,15,2,2,7,32,9,98,Not Rated,0.0
1471,2013-01-11,2013-01-25,1709752,1239,62,2,4,7,50,9,98,NSA,0.0
1472,2013-01-11,2013-01-16,2419950,2309,41,1,8,8,19,9,98,Not Rated,0.0
1473,2013-01-11,2013-01-28,205393,9729,8,2,3,7,50,9,98,NSA,0.0
1475,2013-01-11,2013-01-15,2289542,9021,55,1,8,8,18,9,98,SAT,0.0
1476,2013-01-11,2013-01-15,1897678,12603,66,2,5,5,58,9,98,SAT,0.0
1477,2013-01-14,2013-01-16,1807130,2230,60,1,8,8,18,9,98,Not Rated,0.0
1478,2013-01-14,2013-01-23,1866584,11107,38,1,8,8,18,9,98,Not Rated,0.0
1479,2013-01-03,2013-01-29,158521,2206,42,2,3,5,15,9,98,NSA,0.0
1480,2013-01-14,2013-01-22,2088771,1956,47,1,8,8,23,9,98,SAT,0.0
1481,2013-01-14,2013-01-16,8040,10073,77,2,2,7,18,9,98,Not Rated,0.0
1482,2013-01-14,2013-01-24,1822557,9803,44,2,5,7,15,9,98,SAT,0.0
1483,2013-01-14,2013-01-21,52702,9933,24,2,5,7,18,9,98,Not Rated,0.0
1485,2013-01-14,2013-01-31,2519412,49,37,2,6,5,11,9,98,SAT,0.0
1488,2013-01-15,2013-01-25,1858488,12246,2,2,2,7,18,9,98,Not Rated,0.0
1489,2013-01-15,2013-01-25,630942,12428,52,2,2,7,18,9,98,Not Rated,0.0
1490,2013-01-15,2013-02-21,137344,12120,49,2,3,5,11,9,98,NSA,0.0
1491,2013-01-15,2013-03-06,1885795,11160,75,2,3,5,11,9,98,SAT,0.0
1492,2013-01-15,2013-01-29,497166,345,40,2,6,5,45,9,98,Not Rated,0.0
1493,2013-01-15,2013-02-08,1842076,9370,54,2,5,5,10,9,98,NSA,0.0
1494,2013-01-15,2013-02-14,357170,10948,23,2,5,5,4,9,98,NSA,0.0
1495,2013-01-15,2013-02-08,727990,12333,75,2,6,5,58,9,98,SAT,0.0
1497,2013-01-15,2013-02-27,1841028,12475,55,2,6,5,58,9,98,Not Rated,0.0
1498,2013-01-15,2013-02-13,1854675,8991,54,2,6,5,58,9,98,SAT,0.0
1499,2013-01-15,2013-03-29,1888810,11904,57,2,6,5,11,9,98,SAT,0.0
1500,2013-01-16,2013-02-14,274333,11044,41,2,6,5,58,9,98,SAT,0.0
1501,2013-01-16,2013-01-16,747628,9901,44,1,8,8,32,9,98,SAT,0.0
1503,2013-01-16,2013-01-16,1850046,11621,48,2,7,7,18,9,98,Not Rated,0.0
1504,2013-01-16,2013-01-17,877340,2507,55,2,7,7,42,9,98,Not Rated,0.0
1505,2013-01-16,2013-02-07,283840,11558,54,1,6,5,18,9,98,Not Rated,0.0
1506,2013-01-03,2013-02-01,262162,12176,8,2,6,5,18,9,98,SAT,0.0
1507,2013-01-16,2013-02-18,758227,2322,22,2,6,5,58,9,98,SAT,0.0
1508,2013-01-16,2013-02-08,1822120,2322,21,1,8,8,55,9,98,Not Rated,0.0
1509,2013-01-16,2013-02-06,2103580,9022,46,2,3,5,40,9,98,SAT,0.0
1510,2013-01-16,2013-03-15,1800005,10618,69,2,3,5,58,9,98,NSA,0.0
1511,2013-01-16,2013-01-24,1804989,2666,54,2,2,7,18,9,98,Not Rated,0.0
1513,2013-01-17,2013-01-17,1757534,11066,76,1,8,8,11,9,98,Not Rated,0.0
1514,2012-12-07,2013-01-17,1856889,8113,72,2,3,5,52,9,98,Not Rated,0.0
1515,2013-01-17,2013-01-25,1690018,9798,75,1,8,8,18,9,98,Not Rated,0.0
1516,2013-01-17,2013-01-29,2055696,12328,43,1,8,8,11,9,98,Not Rated,0.0
1518,2013-01-17,2013-03-06,444196,2659,22,2,3,5,58,9,98,Not Rated,0.0
1519,2013-01-17,2013-02-07,2287339,10297,38,1,8,8,18,9,98,Not Rated,0.0
1520,2013-01-17,2013-03-06,127482,8965,71,2,3,5,13,9,98,NSA,0.0
1521,2013-01-17,2013-01-25,628977,9892,1,1,8,8,18,9,98,Not Rated,0.0
1522,2013-01-17,2013-01-25,646149,10676,29,1,8,8,18,9,98,Not Rated,0.0
1523,2013-01-17,2013-03-29,2243321,11158,16,2,3,5,9,9,98,NSA,0.0
1524,2013-01-17,2013-02-08,840244,645,9,2,4,7,15,9,98,Not Rated,0.0
1525,2013-01-17,2013-01-25,895592,11806,50,1,8,8,18,9,98,Not Rated,0.0
1526,2013-01-17,2013-01-29,781572,12181,76,1,8,8,18,9,98,Not Rated,0.0
1527,2013-01-18,2013-01-29,691711,11263,10,1,8,8,18,9,98,Not Rated,0.0
1528,2013-01-18,2013-01-18,1765925,1239,31,1,8,8,18,9,98,Not Rated,0.0
1529,2013-01-18,2013-02-08,363805,781,63,1,3,5,11,9,98,NSA,0.0
1530,2013-01-18,2013-01-21,561259,9647,49,1,8,8,10,9,98,Not Rated,0.0
1531,2013-01-17,2013-04-02,2257763,11011,73,2,6,5,14,9,98,Not Rated,0.0
1532,2013-01-18,2013-02-21,607158,11932,67,2,3,5,57,9,98,Not Rated,0.0
1533,2013-01-18,2013-02-13,1846846,10160,7,2,3,5,40,9,98,SAT,0.0
1534,2013-01-18,2013-01-23,2136261,10443,13,2,3,5,58,9,98,NSA,0.0
1535,2013-01-18,2013-03-05,661516,10116,40,1,4,5,19,9,98,Not Rated,0.0
1536,2013-01-18,2013-01-21,2008224,12229,68,2,6,5,45,9,98,SAT,0.0
1537,2013-01-21,2013-01-22,893284,207,5,1,8,8,6,9,98,SAT,0.0
1538,2013-01-21,2013-02-07,81014,11822,27,2,5,5,58,9,98,Not Rated,0.0
1539,2013-01-21,2013-01-30,568720,8063,67,2,6,5,57,9,98,Not Rated,0.0
1540,2013-01-22,2013-01-22,2092556,11154,40,1,8,8,23,9,98,Not Rated,0.0
1541,2013-01-22,2013-01-22,2036587,11653,30,2,3,7,50,9,98,Not Rated,0.0
1542,2013-01-22,2013-02-08,2068773,1702,66,2,6,5,18,9,98,Not Rated,0.0
1543,2013-01-22,2013-01-22,2417302,11461,16,1,8,8,15,9,98,Not Rated,0.0
1544,2013-02-11,2013-03-04,2462269,11954,7,2,3,5,57,9,98,Not Rated,0.0
1545,2013-01-22,2013-02-14,2223651,9372,75,2,3,5,58,9,98,Not Rated,0.0
1546,2013-01-23,2013-02-21,2136275,8946,37,2,6,5,58,9,98,Not Rated,0.0
1547,2013-01-23,2013-01-25,1861076,11262,38,1,8,8,18,9,98,Not Rated,0.0
1548,2013-01-23,2013-01-24,888694,8662,75,1,8,8,18,9,98,SAT,0.0
1549,2013-01-23,2013-02-01,82301,9000,40,2,3,5,58,9,98,SAT,0.0
1551,2013-01-23,2013-02-13,475807,10160,48,2,3,7,15,9,98,Not Rated,0.0
1553,2013-01-23,2013-02-13,1859991,9210,69,2,3,5,11,9,98,NSA,0.0
1554,2013-01-23,2013-01-23,892266,10720,47,2,3,7,8,9,98,Not Rated,0.0
1555,2013-01-24,2013-02-04,476671,8356,28,1,6,5,14,9,98,Not Rated,0.0
1556,2013-01-24,2013-04-01,405385,10738,72,2,6,5,11,9,98,Not Rated,0.0
1557,2013-01-24,2013-02-08,736516,8953,57,2,3,5,58,9,98,SAT,0.0
1558,2013-01-24,2013-01-29,2134558,9362,2,2,3,5,40,9,98,Not Rated,0.0
1560,2013-02-21,2013-02-21,1990366,2460,30,1,8,8,15,9,98,NSA,0.0
1561,2013-01-25,2013-01-28,1788334,1328,20,2,2,7,18,9,98,Not Rated,0.0
1562,2013-01-25,2013-02-05,1864873,11062,57,2,2,7,15,9,98,SAT,0.0
1563,2013-01-25,2013-02-05,2433477,518,18,2,3,7,25,9,98,Not Rated,0.0
1564,2013-01-25,2013-05-20,1791801,8882,27,2,4,7,15,9,98,NSA,0.0
1565,2013-01-25,2013-02-05,140752,528,73,2,3,5,58,9,98,SAT,0.0
1566,2013-01-25,2013-03-04,1875048,12476,23,2,3,5,58,9,98,SAT,0.0
1567,2013-01-25,2013-03-22,1802551,11263,8,2,3,5,58,9,98,Not Rated,0.0
1568,2013-01-25,2013-02-06,61273,2671,29,1,8,8,15,9,98,NSA,0.0
1570,2013-01-28,2013-01-31,221079,2321,11,2,2,7,18,9,98,SAT,0.0
1571,2013-01-28,2013-02-04,1786949,11788,9,2,3,5,32,9,98,Not Rated,0.0
1572,2013-01-28,2013-03-08,670084,11910,40,2,3,5,40,9,98,SAT,0.0
1573,2013-01-28,2013-02-05,19664,10359,55,1,8,8,3,9,98,Not Rated,0.0
1574,2013-01-28,2013-02-22,1856534,911,51,2,6,5,58,9,98,Not Rated,0.0
1576,2013-01-28,2013-02-08,1806702,8939,16,2,3,5,15,9,98,Not Rated,0.0
1577,2013-01-28,2013-03-13,636891,9726,46,2,3,5,58,9,98,Not Rated,0.0
1578,2013-01-28,2013-02-22,206766,8530,61,1,3,5,44,9,98,SAT,0.0
1579,2013-01-28,2013-02-07,1788306,10994,63,2,3,5,18,9,98,SAT,0.0
1580,2013-01-28,2013-02-05,1876695,11638,70,2,7,7,15,9,98,Not Rated,0.0
1581,2013-01-29,2013-02-18,2114903,10967,25,2,3,5,54,9,98,NSA,0.0
1583,2013-01-29,2013-03-28,260438,461,32,2,3,5,40,9,98,SAT,0.0
1584,2013-01-29,2013-02-08,2107648,10998,50,2,3,5,52,9,98,SAT,0.0
1585,2013-01-30,2013-03-29,73411,11999,25,2,5,5,56,9,98,Not Rated,0.0
1586,2013-01-30,2013-01-30,1808974,12328,30,2,5,5,15,9,98,SAT,0.0
1587,2013-01-30,2013-02-19,2306142,11114,30,2,3,5,40,9,98,SAT,0.0
1591,2013-01-30,2013-02-06,1738302,12087,35,2,7,7,32,9,98,NSA,0.0
1592,2013-01-31,2013-02-11,2102557,8911,2,2,7,7,34,9,98,Not Rated,0.0
1593,2013-01-31,2013-02-22,2116142,10676,19,2,2,7,15,9,98,Not Rated,0.0
1594,2013-01-31,2013-02-11,825585,11147,13,2,2,7,33,9,98,Not Rated,0.0
1595,2013-01-31,2013-02-08,1787239,11849,27,2,5,7,15,9,98,SAT,0.0
1596,2013-01-31,2013-02-14,1817204,11139,67,2,3,7,15,9,98,Not Rated,0.0
1597,2013-01-31,2013-03-08,382664,11972,33,2,6,5,45,9,98,Not Rated,0.0
1598,2013-01-31,2013-03-14,1890718,11244,73,2,6,5,58,9,98,Not Rated,0.0
1599,2013-01-31,2013-02-22,2474311,8965,29,2,5,5,58,9,98,Not Rated,0.0
1600,2013-01-31,2013-03-29,1700687,12127,6,2,6,5,15,9,98,Not Rated,0.0
1601,2013-01-31,2013-02-06,397807,9601,12,2,7,7,15,9,98,SAT,0.0
1602,2013-01-31,2013-01-31,2108365,843,67,1,8,8,47,9,98,Not Rated,0.0
1603,2013-02-01,2013-02-18,877364,9357,45,2,7,5,14,9,98,Not Rated,0.0
1604,2013-02-01,2013-02-19,2400486,11276,63,1,8,8,54,9,98,Not Rated,0.0
1605,2013-02-01,2013-03-06,1836152,10055,11,2,6,5,18,9,98,NSA,0.0
1606,2013-02-01,2013-03-05,657088,9792,46,2,6,5,45,9,98,SAT,0.0
1607,2013-02-01,2013-02-15,2069126,11127,42,2,6,5,15,9,98,SAT,0.0
1608,2013-02-01,2013-03-22,1809729,2478,49,2,6,5,3,9,98,SAT,0.0
1609,2013-02-01,2013-03-06,1895235,10917,52,2,6,5,57,9,98,Not Rated,0.0
1611,2013-02-01,2013-02-15,652097,9813,5,2,3,7,11,9,98,Not Rated,0.0
1612,2013-02-04,2013-03-29,478197,2128,5,2,3,5,3,9,98,SAT,0.0
1613,2013-02-04,2013-02-15,664921,9884,41,2,3,5,40,9,98,SAT,0.0
1615,2013-02-01,2013-03-26,1911104,11062,77,2,3,5,9,9,98,NSA,0.0
1616,2013-02-04,2013-02-06,2103608,11039,38,2,7,7,18,9,98,SAT,0.0
1617,2013-02-05,2013-02-06,540071,11171,5,1,8,8,45,9,98,NSA,0.0
1618,2013-02-05,2013-02-22,2068852,9359,73,2,6,5,3,9,98,Not Rated,0.0
1619,2013-02-06,2013-02-21,2103884,2230,56,2,6,5,50,9,98,NSA,0.0
1620,2013-02-06,2013-02-22,466583,11029,47,2,3,5,58,9,98,Not Rated,0.0
1621,2013-02-06,2013-02-07,695952,12229,70,2,3,5,40,9,98,SAT,0.0
1622,2013-02-06,2013-02-22,50603,10073,16,2,5,5,15,9,98,Not Rated,0.0
1623,2013-02-06,2013-02-06,204047,2129,72,2,3,5,58,9,98,Not Rated,0.0
1624,2013-02-06,2013-03-29,46527,8965,17,2,3,5,58,9,98,Not Rated,0.0
1625,2013-02-06,2013-03-15,1706516,1079,52,2,3,5,3,9,98,SAT,0.0
1626,2013-02-06,2013-04-15,394674,10186,18,2,6,5,32,9,98,Not Rated,0.0
1627,2013-02-06,2013-03-01,2202497,8605,76,2,6,5,15,9,98,SAT,0.0
1628,2013-02-06,2013-02-22,2140729,10112,76,2,6,5,58,9,98,Not Rated,0.0
1629,2013-02-28,2013-04-10,624175,10225,6,2,6,5,38,9,98,Not Rated,0.0
1631,2013-01-23,2013-02-06,2243343,645,26,1,7,8,18,9,98,Not Rated,0.0
1632,2013-02-06,2013-03-06,1720818,133,75,2,3,7,11,9,98,SAT,0.0
1633,2013-02-07,2013-02-27,2138877,2538,25,2,2,7,11,9,98,Not Rated,0.0
1634,2013-02-07,2013-02-18,161297,10659,19,1,8,8,32,9,98,SAT,0.0
1635,2013-02-07,2013-02-12,1811715,8766,31,1,8,8,15,9,98,Not Rated,0.0
1636,2013-02-07,2013-02-07,2116119,8106,25,2,3,5,1,9,98,SAT,0.0
1637,2013-02-07,2013-03-06,82763,11083,67,2,3,5,11,9,98,SAT,0.0
1639,2013-02-07,2013-03-21,614864,11051,1,2,3,5,23,9,98,SAT,0.0
1640,2013-02-07,2013-02-21,1517,8432,20,2,6,5,58,9,98,Not Rated,0.0
1642,2013-02-07,2013-02-28,1825803,11537,46,2,6,5,45,9,98,Not Rated,0.0
1643,2013-02-07,2013-02-07,184363,11461,61,2,3,5,18,9,98,Not Rated,0.0
1644,2013-02-22,2013-04-12,819615,10992,24,2,6,5,45,9,98,Not Rated,0.0
1645,2013-02-07,2013-02-07,451111,8965,27,1,8,8,45,9,98,Not Rated,0.0
1646,2013-02-07,2013-03-13,1814129,10055,39,2,5,5,3,9,98,SAT,0.0
1647,2013-02-07,2013-02-15,886056,10720,53,2,5,5,32,9,98,SAT,0.0
1648,2013-02-27,2013-04-16,1844515,2477,75,1,8,8,25,9,98,NSA,0.0
1649,2013-02-07,2013-02-21,2048505,10379,48,2,5,7,15,9,98,SAT,0.0
1651,2013-02-08,2013-03-29,545376,10359,26,1,2,5,32,9,98,NSA,0.0
1652,2013-02-08,2013-02-27,1752845,242,43,2,3,5,14,9,98,Not Rated,0.0
1653,2013-02-08,2013-02-08,673382,9601,41,2,3,5,50,9,98,NSA,0.0
1654,2013-02-08,2013-04-16,182494,12358,48,2,3,5,58,9,98,SAT,0.0
1656,2013-02-08,2013-02-26,1806860,11182,36,2,3,5,40,9,98,Not Rated,0.0
1657,2013-02-08,2013-03-06,548302,12038,4,2,6,5,3,9,98,NSA,0.0
1658,2013-02-08,2013-02-13,603246,9824,47,1,8,8,23,9,98,Not Rated,0.0
1659,2013-02-08,2013-03-14,2257763,11999,72,1,2,5,45,9,98,NSA,0.0
1660,2013-02-11,2013-03-12,225260,2613,17,2,3,5,45,9,98,NSA,0.0
1661,2013-02-08,2013-02-12,2092556,938,2,2,3,7,46,9,98,Not Rated,0.0
1662,2013-02-11,2013-02-18,1798384,8055,16,2,3,7,46,9,98,Not Rated,0.0
1663,2013-02-11,2013-04-10,1740916,11122,61,2,5,5,52,9,98,SAT,0.0
1664,2013-02-11,2013-02-28,545341,10618,73,2,6,5,15,9,98,Not Rated,0.0
1665,2013-02-11,2013-03-01,1850480,11825,22,2,3,5,58,9,98,Not Rated,0.0
1666,2013-02-11,2013-03-26,719853,355,39,2,3,5,11,9,98,Not Rated,0.0
1667,2013-02-11,2013-02-13,1812892,2537,76,2,3,5,40,9,98,SAT,0.0
1668,2013-02-12,2013-04-08,52362,994,23,2,5,5,9,9,98,SAT,0.0
1669,2013-02-12,2013-03-05,1922728,801,44,2,3,7,15,9,98,Not Rated,0.0
1670,2013-02-12,2013-02-15,464678,2335,61,2,7,7,32,9,98,NSA,0.0
1673,2013-02-13,2013-04-02,1906292,11005,1,2,3,5,52,9,98,SAT,0.0
1674,2013-02-13,2013-03-21,1824418,9901,71,2,3,5,45,9,98,Not Rated,0.0
1675,2013-02-06,2013-02-13,382182,12346,69,2,2,1,46,9,98,Not Rated,0.0
1676,2013-02-13,2013-03-01,1795704,11552,47,2,5,4,32,9,98,Not Rated,0.0
1677,2013-02-13,2013-02-21,196092,8530,33,1,3,7,32,9,98,Not Rated,0.0
1678,2013-02-13,2013-02-25,1871462,10186,10,2,2,7,11,9,98,Not Rated,0.0
1679,2013-02-13,2013-03-08,2088278,2335,76,2,2,7,15,9,98,Not Rated,0.0
1680,2013-02-13,2013-03-06,603179,12198,26,2,3,5,15,9,98,Not Rated,0.0
1681,2013-02-13,2013-02-15,440706,10327,42,2,3,5,42,9,98,Not Rated,0.0
1682,2013-02-13,2013-02-13,1824185,11978,12,1,8,8,19,9,98,SAT,0.0
1683,2013-02-13,2013-03-11,794580,8197,6,1,3,5,11,9,98,Not Rated,0.0
1684,2013-02-13,2013-03-05,2067683,207,60,1,3,5,50,9,98,NSA,0.0
1685,2013-02-12,2013-04-15,513121,9872,20,2,6,5,15,9,98,SAT,0.0
1686,2013-02-14,2013-03-08,105617,11136,24,2,6,5,42,9,98,Not Rated,0.0
1687,2013-02-14,2013-02-14,1897678,12367,77,2,3,5,15,9,98,Not Rated,0.0
1688,2013-02-14,2013-02-14,364065,11713,8,2,3,2,15,9,98,Not Rated,0.0
1689,2013-02-14,2013-04-01,590488,8939,17,2,3,5,13,9,98,SAT,0.0
1690,2013-02-14,2013-03-06,2010953,11244,53,2,3,7,23,9,98,SAT,0.0
1692,2013-02-14,2013-04-25,566327,507,22,2,3,5,15,9,98,Not Rated,0.0
1693,2013-02-14,2013-02-19,1814388,10844,15,2,3,5,58,9,98,Not Rated,0.0
1694,2013-02-14,2013-02-19,54790,116,20,2,8,5,18,9,98,Not Rated,0.0
1695,2013-02-15,2013-02-19,2033001,11272,72,1,8,8,10,9,98,Not Rated,0.0
1699,2013-02-15,2013-03-29,2158875,10992,67,2,3,5,52,9,98,SAT,0.0
1700,2013-02-15,2013-03-29,294526,8662,74,2,3,5,52,9,98,SAT,0.0
1701,2013-02-15,2013-03-29,1832714,473,73,2,3,5,52,9,98,SAT,0.0
1702,2013-02-16,2013-03-19,1812912,2482,23,2,7,7,9,9,98,Not Rated,0.0
1703,2013-02-18,2013-03-22,2036679,8484,49,2,5,7,50,9,98,SAT,0.0
1705,2013-02-16,2013-04-30,1820141,1270,3,2,6,5,11,9,98,SAT,0.0
1706,2013-02-18,2013-04-25,2221464,1879,43,2,6,5,58,9,98,SAT,0.0
1707,2013-02-18,2013-03-12,2119188,12034,6,2,6,5,58,9,98,Not Rated,0.0
1708,2013-02-28,2013-04-11,2181354,11244,55,2,3,5,6,9,98,Not Rated,0.0
1710,2013-02-19,2013-03-22,2115978,1140,68,2,2,7,50,9,98,NSA,0.0
1711,2013-02-19,2013-02-27,1884879,12476,14,2,6,5,46,9,98,Not Rated,0.0
1712,2013-02-19,2013-04-17,290390,11158,5,2,6,5,58,9,98,NSA,0.0
1714,2013-02-19,2013-03-05,630387,11265,36,2,3,7,32,9,98,NSA,0.0
1715,2013-02-19,2013-03-07,300028,11153,62,2,6,5,15,9,98,Not Rated,0.0
1716,2013-02-20,2013-03-06,1710501,9558,9,2,3,5,58,9,98,SAT,0.0
1717,2013-02-20,2013-02-28,25928,8057,32,2,3,5,10,9,98,Not Rated,0.0
1719,2013-02-20,2013-04-10,178097,796,14,2,6,5,40,9,98,SAT,0.0
1721,2013-02-20,2013-02-26,2166859,11178,40,2,6,5,6,9,98,Not Rated,0.0
1722,2013-02-20,2013-04-05,727263,416,38,2,3,5,15,9,98,Not Rated,0.0
1723,2013-02-21,2013-04-23,853735,224,61,2,6,5,15,9,98,SAT,0.0
1728,2013-02-21,2013-03-08,429221,2507,62,2,2,7,32,9,98,Not Rated,0.0
1731,2013-02-22,2013-02-26,1832598,11973,68,2,3,7,32,9,98,Not Rated,0.0
1735,2013-02-22,2013-03-08,2516040,2519,16,2,6,5,58,9,98,Not Rated,0.0
1737,2013-02-22,2013-03-11,471841,416,44,2,6,5,50,9,98,NSA,0.0
1738,2013-02-25,2013-03-08,2363482,11028,66,2,4,5,7,9,98,SAT,0.0
1739,2013-02-22,2013-03-04,393018,138,53,2,5,7,18,9,98,Not Rated,0.0
1741,2013-02-25,2013-02-25,459079,11265,2,2,2,7,8,9,98,Not Rated,0.0
1743,2013-02-25,2013-05-09,83936,753,42,2,5,5,58,9,98,Not Rated,0.0
1744,2013-03-13,2013-03-14,578440,10361,66,2,3,7,33,9,98,Not Rated,0.0
1745,2013-02-26,2013-04-22,350115,11027,6,2,6,5,58,9,98,SAT,0.0
1746,2013-02-04,2013-02-15,1812189,11188,76,2,6,5,54,9,98,Not Rated,0.0
1747,2013-02-26,2013-02-28,566357,8116,53,2,4,7,46,9,98,Not Rated,0.0
1748,2013-02-26,2013-03-05,1893384,1695,55,2,3,5,23,9,98,Not Rated,0.0
1749,2013-02-27,2013-03-20,1814942,175,63,2,3,5,44,9,98,NSA,0.0
1750,2013-02-27,2013-04-03,545341,1201,78,2,6,5,13,9,98,NSA,0.0
1751,2013-02-27,2013-02-28,1779448,486,18,2,5,5,18,9,98,Not Rated,0.0
1752,2013-02-27,2013-04-19,599965,2065,45,2,6,5,32,9,98,Not Rated,0.0
1758,2013-02-27,2013-04-11,2429650,1309,6,2,3,7,15,9,98,SAT,0.0
1761,2013-02-27,2013-03-06,325215,10443,66,2,6,5,45,9,98,Not Rated,0.0
1763,2013-02-28,2013-03-28,379119,11545,76,2,3,7,15,9,98,NSA,0.0
1765,2013-02-28,2013-04-12,2093076,1275,61,2,6,5,3,9,98,SAT,0.0
1766,2013-02-28,2013-04-17,720325,2309,33,2,4,7,13,9,98,NSA,0.0
1767,2013-02-28,2013-03-07,605574,11482,15,1,8,8,45,9,98,Not Rated,0.0
1768,2013-02-28,2013-03-19,139931,10998,73,1,3,5,11,9,98,Not Rated,0.0
1769,2013-02-28,2013-04-04,891413,1517,10,2,5,7,18,9,98,SAT,0.0
1770,2013-03-04,2013-05-21,2227182,2797,75,2,6,5,58,9,98,SAT,0.0
1771,2013-03-01,2013-03-15,1786371,12065,6,2,2,7,32,9,98,Not Rated,0.0
1772,2013-03-01,2013-03-15,1898937,2478,7,2,3,7,15,9,98,NSA,0.0
1774,2013-03-01,2013-03-05,775471,518,35,2,7,7,13,9,98,Not Rated,0.0
1775,2013-03-04,2013-05-30,1804320,10722,61,2,3,5,1,9,98,SAT,0.0
1776,2013-03-01,2013-05-01,887187,9873,37,1,2,5,54,9,98,Not Rated,0.0
1777,2013-02-06,2013-03-07,1867793,10225,42,2,2,5,15,9,98,SAT,0.0
1778,2013-03-04,2013-03-15,2242967,12414,26,2,6,5,44,9,98,Not Rated,0.0
1779,2013-03-04,2013-03-04,21713,10534,54,2,6,5,19,9,98,Not Rated,0.0
1780,2013-03-04,2013-04-10,599963,8891,21,2,6,5,58,9,98,SAT,0.0
1781,2013-03-04,2013-04-05,2455113,796,58,2,5,5,11,9,98,Not Rated,0.0
1782,2013-02-19,2013-03-05,1893386,2117,11,2,3,5,10,9,98,Not Rated,0.0
1783,2013-03-05,2013-03-12,2037895,10973,16,2,7,5,15,9,98,Not Rated,0.0
1784,2013-03-05,2013-03-22,1852653,1515,25,2,5,7,15,9,98,Not Rated,0.0
1785,2013-03-05,2013-03-29,101467,7973,16,2,3,7,25,9,98,NSA,0.0
1786,2013-03-04,2013-04-25,644888,11093,20,2,4,7,50,9,98,NSA,0.0
1787,2013-03-06,2013-04-25,2172440,116,50,2,5,5,34,9,98,SAT,0.0
1789,2013-03-05,2013-03-13,2272894,9857,68,2,2,1,11,9,98,SAT,0.0
1790,2013-03-05,2013-03-08,1942928,11069,15,2,7,7,15,9,98,Not Rated,0.0
1792,2013-03-05,2013-03-06,2146165,8116,51,2,6,5,11,9,98,SAT,0.0
1793,2013-03-05,2013-04-25,761079,791,53,2,3,7,11,9,98,SAT,0.0
1797,2013-03-05,2013-05-30,476871,12000,18,2,6,5,58,9,98,SAT,0.0
1798,2013-03-01,2013-03-08,2035323,11132,68,2,4,5,15,9,98,NSA,0.0
1799,2013-03-06,2013-04-15,446930,1526,49,2,2,7,25,9,98,NSA,0.0
1800,2013-03-06,2013-03-13,704374,9588,3,2,6,5,50,9,98,Not Rated,0.0
1801,2013-03-06,2013-03-29,1807648,2696,48,2,6,3,11,9,98,SAT,0.0
1802,2013-03-06,2013-03-13,321575,12061,48,2,2,1,11,9,98,Not Rated,0.0
1805,2013-03-07,2013-03-07,179667,2175,63,2,3,7,32,9,98,Not Rated,0.0
1806,2013-03-07,2013-03-29,324000,11287,29,2,6,5,11,9,98,NSA,0.0
1807,2013-03-07,2013-04-26,565911,1356,25,2,6,5,45,9,98,NSA,0.0
1808,2013-03-07,2013-03-18,136638,125,52,2,6,5,15,9,98,Not Rated,0.0
1809,2013-03-07,2013-05-22,1840076,2614,32,2,6,5,40,9,98,Not Rated,0.0
1810,2013-03-07,2013-03-20,2079568,10764,41,2,6,5,52,9,98,Not Rated,0.0
1811,2013-03-08,2013-03-12,1690035,12061,8,2,6,5,58,9,98,SAT,0.0
1812,2013-03-08,2013-03-08,18283,7626,64,2,6,5,58,9,98,Not Rated,0.0
1813,2013-03-08,2013-04-22,545658,9824,64,2,3,7,25,9,98,SAT,0.0
1814,2013-03-11,2013-05-29,2039169,796,1,2,3,5,58,9,98,SAT,0.0
1815,2013-03-28,2013-05-29,484507,9970,62,2,5,7,15,9,98,SAT,0.0
1816,2013-03-11,2013-04-11,119108,10623,46,2,3,7,11,9,98,SAT,0.0
1822,2013-03-11,2013-04-26,1790070,12617,21,2,6,5,18,9,98,SAT,0.0
1823,2013-03-11,2013-04-25,2119246,11954,50,2,6,5,11,9,98,SAT,0.0
1824,2013-03-11,2013-04-05,885374,11078,17,2,6,5,32,9,98,Not Rated,0.0
1825,2013-03-07,2013-03-12,890887,11711,42,1,2,5,42,9,98,NSA,0.0
1826,2013-03-12,2013-03-12,1806526,9901,71,1,8,8,10,9,98,Not Rated,0.0
1827,2013-03-12,2013-03-13,750928,11153,42,1,8,8,19,9,98,SAT,0.0
1828,2013-03-12,2013-04-24,765518,884,29,1,3,5,42,9,98,Not Rated,0.0
1831,2013-03-12,2013-04-15,889611,1308,65,1,4,5,32,9,98,Not Rated,0.0
1832,2013-03-12,2013-03-21,834756,11259,4,2,7,5,15,9,98,SAT,0.0
1835,2013-03-13,2013-04-25,1868523,11003,24,2,3,7,15,9,98,SAT,0.0
1836,2013-03-13,2013-05-28,601510,10587,56,2,3,7,11,9,98,SAT,0.0
1837,2013-03-13,2013-05-01,746152,11781,5,2,2,7,11,9,98,SAT,0.0
1838,2013-03-13,2013-03-22,2142371,10693,54,2,3,7,4,9,98,Not Rated,0.0
1839,2013-03-13,2013-06-04,2132001,1462,39,2,6,5,52,9,98,Not Rated,0.0
1840,2013-03-13,2013-04-02,614793,10948,73,2,6,5,13,9,98,SAT,0.0
1841,2013-03-13,2013-03-13,2378643,842,29,1,8,8,15,9,98,Not Rated,0.0
1842,2013-03-14,2013-03-21,1803848,12621,25,1,5,5,32,9,98,Not Rated,0.0
1843,2013-03-12,2013-05-17,1847399,10898,25,2,3,5,50,9,98,NSA,0.0
1844,2013-03-14,2013-04-22,1709304,9816,52,2,6,5,58,9,98,SAT,0.0
1846,2013-03-14,2013-06-20,2220291,11971,54,2,6,5,15,9,98,SAT,0.0
1847,2013-03-14,2013-05-22,385469,9410,64,2,6,5,58,9,98,Not Rated,0.0
1848,2013-03-15,2013-03-15,1836359,11178,45,1,8,8,10,9,98,Not Rated,0.0
1849,2013-03-14,2013-04-05,872427,11030,68,2,7,7,11,9,98,Not Rated,0.0
1850,2013-03-15,2013-04-25,2036679,10072,35,2,3,7,15,9,98,Not Rated,0.0
1851,2013-03-15,2013-06-26,2187419,10967,67,2,3,5,11,9,98,NSA,0.0
1852,2013-03-19,2013-04-05,1906639,11062,70,2,6,5,11,9,98,Not Rated,0.0
1853,2013-03-19,2013-03-20,1823725,9799,76,2,6,5,54,9,98,SAT,0.0
1854,2013-03-15,2013-06-06,2529729,11044,20,2,6,5,44,9,98,Not Rated,0.0
1855,2013-03-19,2013-03-26,537855,2569,24,2,2,7,13,9,98,SAT,0.0
1856,2013-03-20,2013-03-26,2222687,8991,10,2,5,5,50,9,98,Not Rated,0.0
1857,2013-03-20,2013-06-06,1739796,12120,53,2,6,5,11,9,98,SAT,0.0
1858,2013-03-20,2013-05-29,387579,12208,7,2,6,5,40,9,98,SAT,0.0
1859,2013-03-20,2013-03-22,339178,12181,8,1,6,5,52,9,98,SAT,0.0
1860,2013-03-20,2013-05-29,191274,11974,10,2,7,5,11,9,98,NSA,0.0
1861,2013-03-20,2013-04-15,1884484,10794,66,2,6,5,11,9,98,NSA,0.0
1862,2013-03-20,2013-03-22,2057053,9893,44,2,3,7,4,9,98,Not Rated,0.0
1863,2013-03-20,2013-04-05,149169,11175,14,2,2,7,15,9,98,Not Rated,0.0
1864,2013-03-20,2013-04-11,712181,10850,48,2,2,7,10,9,98,SAT,0.0
1865,2013-03-20,2013-05-10,353058,1462,37,2,6,5,40,9,98,SAT,0.0
1866,2013-03-15,2013-05-29,2201926,1512,43,2,6,5,3,9,98,SAT,0.0
1867,2013-03-13,2013-05-27,1813735,2129,58,2,5,5,6,9,98,Not Rated,0.0
1868,2013-03-21,2013-03-21,893122,1210,37,1,8,8,10,9,98,NSA,0.0
1869,2013-03-21,2013-03-27,2473185,11087,25,2,7,7,15,9,98,Not Rated,0.0
1870,2013-03-22,2013-03-26,559082,10618,77,2,3,3,11,9,98,SAT,0.0
1871,2013-03-22,2013-04-05,511401,12051,70,2,5,5,10,9,98,Not Rated,0.0
1872,2013-03-26,2013-04-08,1641366,10152,12,2,3,7,45,9,98,SAT,0.0
1874,2013-03-22,2013-03-22,527370,11072,28,1,8,8,9,9,98,Not Rated,0.0
1875,2013-03-22,2013-05-16,1884910,9558,71,2,6,5,10,9,98,Not Rated,0.0
1876,2013-03-22,2013-06-17,845451,9410,14,2,6,5,3,9,98,Not Rated,0.0
1877,2013-03-22,2013-06-14,2019638,12510,26,2,6,5,45,9,98,SAT,0.0
1878,2013-03-22,2013-04-30,409968,1356,62,2,3,5,45,9,98,NSA,0.0
1879,2013-03-22,2013-04-26,1836563,10998,67,2,7,5,3,9,98,SAT,0.0
1881,2013-03-22,2013-04-09,1861617,10187,67,2,6,5,32,9,98,Not Rated,0.0
1882,2013-03-22,2013-03-22,435359,10834,78,1,2,5,10,9,98,SAT,0.0
1883,2013-03-22,2013-05-23,1770124,11245,8,2,6,5,1,9,98,Not Rated,0.0
1884,2013-03-22,2013-05-17,2172712,2117,33,2,6,5,58,9,98,Not Rated,0.0
1885,2013-03-26,2013-04-25,543863,9000,75,2,6,5,11,9,98,NSA,0.0
1886,2013-03-26,2013-04-18,1808028,11715,37,2,7,5,50,9,98,SAT,0.0
1888,2013-03-26,2013-03-27,402350,10147,37,2,6,5,58,9,98,Not Rated,0.0
1889,2013-03-26,2013-04-11,2116113,10550,5,1,3,5,40,9,98,SAT,0.0
1891,2013-03-27,2013-04-18,2189031,9646,74,1,8,8,29,9,98,Not Rated,0.0
1893,2013-03-27,2013-04-15,732844,119,3,2,2,7,46,9,98,Not Rated,0.0
1894,2013-03-27,2013-03-27,207215,1255,37,1,8,8,15,9,98,NSA,0.0
1895,2013-03-28,2013-05-17,1906302,2321,15,2,3,5,10,9,98,SAT,0.0
1896,2013-03-28,2013-04-11,1911901,1328,29,2,4,5,50,9,98,NSA,0.0
1897,2013-03-29,2013-03-29,1808989,12754,41,1,8,8,19,9,98,Not Rated,0.0
1898,2013-03-29,2013-07-05,781635,11444,70,2,6,5,32,9,98,Not Rated,0.0
1899,2013-03-13,2013-04-10,378667,11711,39,2,3,5,19,9,98,SAT,0.0
1900,2013-04-01,2013-04-01,1875134,9211,77,1,8,8,10,9,98,Not Rated,0.0
1901,2013-04-01,2013-04-01,294920,10186,26,1,8,8,40,9,98,Not Rated,0.0
1902,2013-02-27,2013-04-26,2056437,909,71,2,5,5,32,9,98,Not Rated,0.0
1903,2013-04-02,2013-04-02,158491,865,43,1,8,8,19,9,98,Not Rated,0.0
1904,2013-04-02,2013-08-05,2204507,2235,72,2,6,5,56,9,98,NSA,0.0
1905,2013-04-02,2013-04-09,253732,1695,43,2,6,5,11,9,98,NSA,0.0
1906,2013-04-02,2013-04-25,559455,1309,33,2,6,5,11,9,98,SAT,0.0
1907,2013-04-03,2013-04-09,1832374,10659,46,2,2,5,40,9,98,NSA,0.0
1908,2013-04-04,2013-04-04,1750711,9918,19,1,8,8,10,9,98,Not Rated,0.0
1909,2013-04-04,2013-04-08,1826541,9998,42,1,8,8,4,9,98,Not Rated,0.0
1915,2013-04-01,2013-06-17,2155731,10850,65,2,3,7,11,9,98,Not Rated,0.0
1916,2013-04-02,2013-04-23,1891953,1548,48,2,3,7,11,9,98,Not Rated,0.0
1917,2013-04-03,2013-05-01,1999881,11487,58,2,3,7,11,9,98,NSA,0.0
1918,2013-03-17,2013-04-09,1841232,9816,38,2,3,7,11,9,98,Not Rated,0.0
1922,2013-04-04,2013-04-25,2305285,9796,58,2,4,7,15,9,98,NSA,0.0
1923,2013-04-04,2013-04-25,894205,1875,57,2,4,7,15,9,98,NSA,0.0
1924,2013-04-04,2013-04-25,178856,9884,74,2,4,7,54,9,98,NSA,0.0
1926,2013-04-05,2013-06-04,603284,10644,38,2,6,5,45,9,98,SAT,0.0
1927,2013-04-05,2013-04-09,796714,11230,23,1,8,8,10,9,98,NSA,0.0
1928,2013-04-08,2013-04-11,75038,10898,57,2,7,6,11,9,98,NSA,0.0
1929,2013-04-03,2013-04-08,2016997,8891,23,2,5,5,42,9,98,NSA,0.0
1930,2013-04-08,2013-07-01,564949,884,51,2,3,5,15,9,98,SAT,0.0
1931,2013-04-04,2013-05-27,1710692,11213,30,2,6,3,11,9,98,SAT,0.0
1932,2013-04-08,2013-04-26,1906269,12125,70,2,3,7,9,9,98,Not Rated,0.0
1933,2013-04-08,2013-04-30,1884827,9499,61,2,3,7,13,9,98,NSA,0.0
1934,2013-04-09,2013-05-14,1769279,7671,50,2,3,1,52,9,98,SAT,0.0
1935,2013-04-09,2013-06-07,1889855,542,34,2,3,5,11,9,98,Not Rated,0.0
1936,2013-04-09,2013-06-11,739791,7626,5,2,5,5,58,9,98,Not Rated,0.0
1937,2013-04-09,2013-05-29,709512,11849,48,2,3,7,15,9,98,SAT,0.0
1938,2013-04-09,2013-04-17,582687,8984,22,2,2,7,18,9,98,Not Rated,0.0
1939,2013-04-01,2013-04-01,1914935,11849,15,1,7,5,11,9,98,SAT,0.0
1940,2013-04-05,2013-06-17,1919429,10443,1,2,6,2,3,9,98,Not Rated,0.0
1941,2013-05-29,2013-06-19,24127,1200,28,2,6,5,11,9,98,Not Rated,0.0
1943,2013-04-09,2013-04-26,272726,1081,46,2,3,7,11,9,98,NSA,0.0
1944,2013-04-10,2013-04-10,129390,10973,73,2,7,5,40,9,98,SAT,0.0
1951,2013-04-11,2013-04-22,1815693,11170,77,2,6,5,10,9,98,Not Rated,0.0
1952,2013-04-11,2013-06-11,743006,9892,4,2,6,5,15,9,98,Not Rated,0.0
1954,2013-04-11,2013-06-19,1792090,1440,75,2,6,5,32,9,98,Not Rated,0.0
1955,2013-04-11,2013-06-07,889068,10446,66,2,6,5,58,9,98,Not Rated,0.0
1956,2013-04-11,2013-05-29,1804348,356,43,2,6,5,58,9,98,SAT,0.0
1959,2013-04-12,2013-04-12,517701,7671,63,1,8,8,10,9,98,Not Rated,0.0
1960,2013-03-04,2013-04-29,1872176,974,45,2,6,5,50,9,98,NSA,0.0
1961,2013-04-12,2013-05-24,2379647,345,46,2,3,5,11,9,98,SAT,0.0
1963,2013-04-15,2013-04-15,1836681,11244,52,1,8,8,19,9,98,Not Rated,0.0
1964,2013-04-11,2013-04-11,1842505,11179,43,2,3,7,15,9,98,Not Rated,0.0
1965,2013-04-12,2013-04-30,315260,12563,15,2,2,7,18,9,98,Not Rated,0.0
1966,2013-04-12,2013-04-18,2525284,12358,25,2,3,7,55,9,98,Not Rated,0.0
1967,2013-04-12,2013-04-30,1793038,11154,1,2,7,7,32,9,98,Not Rated,0.0
1968,2013-04-15,2013-04-22,2289945,11910,9,2,5,5,50,9,98,Not Rated,0.0
1969,2013-04-14,2013-04-15,593215,282,78,2,6,5,15,9,98,Not Rated,0.0
1970,2013-04-16,2013-07-09,1999865,11044,57,1,3,5,14,9,98,Not Rated,0.0
1971,2013-04-16,2013-05-21,2130979,11245,43,2,2,7,11,9,98,Not Rated,0.0
1972,2013-04-16,2013-05-31,889221,1517,28,2,3,7,13,9,98,NSA,0.0
1973,2013-04-16,2013-04-26,1882165,2124,68,2,3,5,52,9,98,SAT,0.0
1974,2013-04-17,2013-04-17,2118111,10739,38,1,8,8,10,9,98,Not Rated,0.0
1975,2013-04-17,2013-05-20,2059269,2380,31,2,3,7,11,9,98,NSA,0.0
1976,2013-04-17,2013-05-17,464678,7626,64,2,6,5,18,9,98,Not Rated,0.0
1977,2013-04-17,2013-07-26,2122169,356,66,2,6,5,54,9,98,SAT,0.0
1978,2013-04-17,2013-05-27,378934,224,65,2,6,5,58,9,98,SAT,0.0
1979,2013-04-17,2013-06-05,1897612,269,66,2,6,5,58,9,98,Not Rated,0.0
1980,2013-04-17,2013-04-30,29455,12769,29,2,6,5,15,9,98,Not Rated,0.0
1981,2013-04-17,2013-05-02,170158,9933,61,2,6,5,32,9,98,Not Rated,0.0
1982,2013-04-17,2013-04-30,179613,8055,38,2,3,7,11,9,98,Not Rated,0.0
1985,2013-04-18,2013-05-29,1859284,11194,56,2,6,5,58,9,98,SAT,0.0
1986,2013-04-18,2013-05-29,1750724,11134,26,2,6,5,58,9,98,SAT,0.0
1987,2013-04-18,2013-05-29,1896624,11212,24,2,6,5,58,9,98,SAT,0.0
1988,2013-04-18,2013-05-17,1898485,10693,68,2,3,5,45,9,98,SAT,0.0
1989,2013-04-18,2013-05-24,337892,8601,77,2,3,7,11,9,98,SAT,0.0
1990,2013-04-18,2013-05-20,35955,39,53,2,3,7,45,9,98,Not Rated,0.0
1992,2013-04-18,2013-06-26,1878990,9344,6,2,6,5,58,9,98,Not Rated,0.0
1993,2013-04-18,2013-05-14,2034379,796,25,2,6,5,50,9,98,Not Rated,0.0
1994,2013-04-16,2013-07-02,603284,300,40,2,3,5,11,9,98,SAT,0.0
1995,2013-04-19,2013-04-30,2348144,9247,45,2,2,7,32,9,98,Not Rated,0.0
1996,2013-04-19,2013-05-23,230487,9395,14,1,8,8,4,9,98,Not Rated,0.0
1997,2013-04-17,2013-04-22,516389,994,74,2,3,5,1,9,98,NSA,0.0
1998,2013-04-23,2013-04-25,235431,10217,17,2,4,5,44,9,98,SAT,0.0
1999,2013-04-25,2013-04-30,198462,11100,10,2,3,7,11,9,98,Not Rated,0.0
2000,2013-04-23,2013-05-23,403643,11063,66,2,2,7,32,9,98,Not Rated,0.0
2001,2013-04-23,2013-04-25,1855609,11713,24,2,4,5,50,9,98,NSA,0.0
2002,2013-04-23,2013-04-25,196269,11072,26,2,3,7,11,9,98,Not Rated,0.0
2003,2013-04-23,2013-05-01,1948511,884,31,2,3,7,15,9,98,Not Rated,0.0
2004,2013-04-24,2013-05-09,1816706,10577,31,1,3,7,11,9,98,Not Rated,0.0
2006,2013-04-24,2013-04-26,865078,11004,56,1,8,8,58,9,98,SAT,0.0
2007,2013-04-23,2013-07-02,118547,2478,3,2,6,5,11,9,98,NSA,0.0
2009,2013-04-24,2013-06-28,652097,11003,55,2,6,5,11,9,98,NSA,0.0
2010,2013-04-26,2013-05-13,2038724,2129,39,2,7,3,11,9,98,SAT,0.0
2011,2013-04-11,2013-05-01,1706878,10225,44,1,2,1,11,9,98,NSA,0.0
2012,2013-04-26,2013-04-26,426466,9362,18,1,8,8,15,9,98,Not Rated,0.0
2013,2013-04-16,2013-04-26,2441742,11131,8,2,5,5,14,9,98,Not Rated,0.0
2014,2013-04-26,2013-05-09,1893319,9998,43,2,2,7,11,9,98,Not Rated,0.0
2015,2013-04-26,2013-05-10,540712,175,75,2,2,7,32,9,98,Not Rated,0.0
2016,2013-04-26,2013-05-23,1636264,1680,54,2,7,7,19,9,98,SAT,0.0
2017,2013-04-26,2013-06-05,1922068,11123,12,2,6,5,15,9,98,Not Rated,0.0
2018,2013-04-26,2013-06-14,2127288,10552,33,2,5,5,50,9,98,Not Rated,0.0
2019,2013-04-29,2013-05-15,1852642,2262,46,2,3,7,11,9,98,NSA,0.0
2020,2013-04-29,2013-04-29,197868,586,24,2,2,7,18,9,98,Not Rated,0.0
2021,2013-04-29,2013-05-24,2057356,8853,74,2,6,5,11,9,98,SAT,0.0
2022,2013-04-29,2013-05-23,705842,2584,30,2,5,5,10,9,98,Not Rated,0.0
2023,2013-04-30,2013-05-16,1807974,11182,75,2,3,7,11,9,98,Not Rated,0.0
2024,2013-04-30,2013-07-08,786620,11194,56,2,6,5,40,9,98,Not Rated,0.0
2026,2013-05-01,2013-05-21,2146110,11078,29,2,3,5,58,9,98,Not Rated,0.0
2027,2013-05-01,2013-05-02,889308,9983,25,2,6,5,57,9,98,SAT,0.0
2028,2013-05-01,2013-05-17,1790375,2263,53,2,5,5,38,9,98,Not Rated,0.0
2029,2013-05-01,2013-05-09,2289075,1328,11,2,3,5,57,9,98,SAT,0.0
2030,2013-05-01,2013-05-10,299438,10989,49,1,8,8,46,9,98,Not Rated,0.0
2031,2013-05-02,2013-05-17,540789,1526,18,2,3,5,58,9,98,SAT,0.0
2032,2013-02-11,2013-05-27,1793498,12038,12,2,3,5,32,9,98,SAT,0.0
2033,2013-05-02,2013-05-08,2056717,960,32,2,7,5,1,9,98,SAT,0.0
2034,2013-05-08,2013-05-10,295087,10987,78,2,6,5,11,9,98,Not Rated,0.0
2035,2013-05-02,2013-05-10,1876151,1512,66,2,2,7,11,9,98,NSA,0.0
2036,2013-05-09,2013-05-09,460244,2676,36,2,3,7,32,9,98,Not Rated,0.0
2037,2013-05-09,2013-05-10,398937,10550,27,2,2,7,32,9,98,Not Rated,0.0
2038,2013-05-14,2013-05-17,214057,10577,66,2,2,7,11,9,98,Not Rated,0.0
2039,2013-05-10,2013-05-20,1840435,12428,48,2,3,7,32,9,98,Not Rated,0.0
2044,2013-05-10,2013-05-14,374723,11011,39,2,2,7,25,9,98,SAT,0.0
2045,2013-05-10,2013-07-02,501074,1957,25,2,6,5,58,9,98,Not Rated,0.0
2046,2013-05-10,2013-08-21,864115,12621,68,2,6,5,50,9,98,Not Rated,0.0
2048,2013-05-13,2013-06-02,850326,10566,76,2,4,5,11,9,98,SAT,0.0
2050,2013-05-13,2013-05-14,1905672,12051,31,1,8,8,19,9,98,Not Rated,0.0
2051,2013-05-13,2013-06-07,232277,8948,5,2,3,7,13,9,98,SAT,0.0
2052,2013-05-13,2013-05-13,1689408,10563,52,1,8,8,19,9,98,SAT,0.0
2053,2013-05-13,2013-05-20,1751530,11001,53,2,6,5,36,9,98,SAT,0.0
2054,2013-05-13,2013-05-15,1916627,1548,7,2,7,7,36,9,98,Not Rated,0.0
2055,2013-05-14,2013-05-16,559200,9211,61,2,7,7,15,9,98,Not Rated,0.0
2056,2013-05-14,2013-05-28,1821599,10850,38,2,3,7,19,9,98,Not Rated,0.0
2057,2013-05-15,2013-05-15,1790070,10994,49,1,8,8,19,9,98,SAT,0.0
2058,2013-05-15,2013-05-15,2010179,9958,20,1,8,8,18,9,98,Not Rated,0.0
2059,2013-05-15,2013-05-29,355383,2178,33,2,5,7,32,9,98,Not Rated,0.0
2060,2013-05-15,2013-05-29,690319,10990,16,2,3,7,46,9,98,Not Rated,0.0
2061,2013-05-15,2013-05-27,802693,190,56,2,2,7,18,9,98,SAT,0.0
2062,2013-05-15,2013-06-11,851127,2666,40,2,2,7,11,9,98,SAT,0.0
2063,2013-05-16,2013-05-21,2382133,12358,28,2,3,5,11,9,98,NSA,0.0
2064,2013-05-15,2013-05-24,2477803,9260,48,2,7,7,46,9,98,Not Rated,0.0
2066,2013-05-16,2013-06-17,1876153,7671,9,2,4,7,10,9,98,Not Rated,0.0
2068,2013-05-16,2013-05-16,148454,10067,53,1,8,8,6,9,98,Not Rated,0.0
2069,2013-05-13,2013-07-11,1836926,1500,7,2,6,5,15,9,98,Not Rated,0.0
2070,2013-05-16,2013-05-16,725615,11959,76,2,6,5,58,9,98,Not Rated,0.0
2071,2013-05-16,2013-06-05,1802551,842,51,2,3,7,11,9,98,SAT,0.0
2072,2013-05-16,2013-06-05,1859008,10982,40,2,3,5,50,9,98,NSA,0.0
2073,2013-05-16,2013-07-09,728860,10490,32,2,5,5,40,9,98,Not Rated,0.0
2074,2013-05-16,2013-05-21,2069999,1086,54,2,5,5,40,9,98,Not Rated,0.0
2075,2013-05-16,2013-07-08,1792146,9800,47,2,6,5,58,9,98,SAT,0.0
2076,2013-04-17,2013-05-17,2383497,11825,46,2,3,5,54,9,98,SAT,0.0
2077,2013-05-16,2013-06-07,77147,9647,56,2,3,7,15,9,98,Not Rated,0.0
2078,2013-05-15,2013-05-27,1599416,8585,35,2,4,7,50,9,98,Not Rated,0.0
2079,2013-05-16,2013-05-22,2058698,2676,43,2,6,5,15,9,98,Not Rated,0.0
2080,2013-05-16,2013-05-16,2052809,11255,30,1,8,8,25,9,98,Not Rated,0.0
2082,2013-05-17,2013-07-04,216580,8201,45,2,6,5,11,9,98,Not Rated,0.0
2084,2013-05-13,2013-05-15,2057330,7835,27,2,3,5,46,9,98,Not Rated,0.0
2085,2013-05-17,2013-05-29,1723411,11217,52,2,2,7,10,9,98,Not Rated,0.0
2087,2013-05-20,2013-06-04,2105798,10030,60,2,5,7,15,9,98,SAT,0.0
2090,2013-05-20,2013-05-21,1851028,11558,42,2,3,5,46,9,98,Not Rated,0.0
2091,2013-05-20,2013-07-16,623664,940,43,2,5,5,58,9,98,NSA,0.0
2093,2013-05-20,2013-06-21,1876151,7654,10,2,6,5,15,9,98,SAT,0.0
2094,2013-05-21,2013-05-21,844664,2531,39,1,8,8,9,9,98,Not Rated,0.0
2097,2013-05-21,2013-07-01,2016524,2500,19,2,6,5,58,9,98,Not Rated,0.0
2098,2013-05-21,2013-05-23,1824172,1491,73,2,6,5,15,9,98,Not Rated,0.0
2100,2013-05-21,2013-05-31,153849,7835,63,2,6,5,57,9,98,Not Rated,0.0
2102,2013-05-21,2013-05-30,1871068,10676,22,2,2,7,34,9,98,Not Rated,0.0
2104,2013-04-09,2013-06-17,131481,836,56,2,3,7,11,9,98,SAT,0.0
2105,2013-05-22,2013-07-08,1870628,7626,13,2,7,7,10,9,98,SAT,0.0
2108,2013-05-17,2013-06-14,567057,8882,18,2,3,7,8,9,98,Not Rated,0.0
2109,2013-05-17,2013-06-14,23801,11276,63,2,3,7,8,9,98,Not Rated,0.0
2111,2013-05-22,2013-06-26,1708610,10948,3,2,2,7,11,9,98,Not Rated,0.0
2112,2013-05-21,2013-07-29,755121,868,77,2,6,5,10,9,98,NSA,0.0
2113,2013-05-23,2013-05-23,735421,282,66,1,8,8,6,9,98,Not Rated,0.0
2114,2013-05-23,2013-06-20,1803148,9344,8,2,6,5,58,9,98,Not Rated,0.0
2115,2013-05-22,2013-05-29,1795338,221,1,2,7,7,10,9,98,Not Rated,0.0
2116,2013-05-23,2013-05-27,325408,11137,50,2,2,7,10,9,98,SAT,0.0
2117,2013-05-23,2013-06-03,889800,1994,27,2,3,7,15,9,98,Not Rated,0.0
2119,2013-05-23,2013-06-10,700510,12127,24,2,2,7,25,9,98,Not Rated,0.0
2120,2013-05-24,2013-05-27,892316,8057,30,1,8,8,4,9,98,Not Rated,0.0
2121,2013-05-24,2013-08-05,324966,9311,60,2,3,5,45,9,98,Not Rated,0.0
2122,2013-05-24,2013-06-05,1872484,11099,41,2,3,7,32,9,98,Not Rated,0.0
2123,2013-05-27,2013-07-10,301826,11204,36,1,8,8,18,9,98,Not Rated,0.0
2124,2013-05-27,2013-06-05,2007926,11980,10,2,2,7,11,9,98,Not Rated,0.0
2125,2013-05-27,2013-08-09,855337,10073,21,2,3,7,23,9,98,NSA,0.0
2127,2013-06-12,2013-06-26,1700686,8066,10,2,2,7,11,9,98,NSA,0.0
2128,2013-05-17,2013-05-28,108951,1678,50,2,3,5,18,9,98,Not Rated,0.0
2129,2013-05-28,2013-05-31,550361,9872,76,2,6,5,15,9,98,Not Rated,0.0
2130,2013-05-28,2013-05-31,894077,8605,55,2,6,5,45,9,98,Not Rated,0.0
2131,2013-05-28,2013-06-27,2454016,8999,2,2,6,5,11,9,98,SAT,0.0
2132,2013-05-20,2013-08-02,186278,9923,34,2,5,5,18,9,98,SAT,0.0
2133,2013-05-28,2013-05-31,29964,10948,25,2,5,5,8,9,98,Not Rated,0.0
2134,2013-05-28,2013-06-03,2380662,9933,60,2,5,5,8,9,98,Not Rated,0.0
2135,2013-05-28,2013-06-04,1832843,9853,63,2,6,5,58,9,98,Not Rated,0.0
2136,2013-04-30,2013-05-31,116130,10802,38,2,3,7,13,9,98,Not Rated,0.0
2138,2013-04-04,2013-06-20,1832271,1702,19,2,3,7,54,9,98,Not Rated,0.0
2139,2013-05-28,2013-06-03,2055391,8385,78,2,3,7,32,9,98,Not Rated,0.0
2140,2013-05-27,2013-05-29,601658,8855,27,2,5,5,58,9,98,Not Rated,0.0
2141,2013-05-29,2013-09-25,1879953,207,35,2,6,5,50,9,98,Not Rated,0.0
2142,2013-05-29,2013-08-02,2255543,7950,68,2,6,5,58,9,98,NSA,0.0
2143,2013-05-29,2013-06-28,754714,11044,67,2,3,7,50,9,98,Not Rated,0.0
2144,2013-05-29,2013-06-03,802952,10834,65,2,7,7,54,9,98,SAT,0.0
2145,2013-05-29,2013-06-10,283263,12061,8,2,6,5,8,9,98,Not Rated,0.0
2146,2013-05-29,2013-06-07,1885838,10550,72,2,6,5,54,9,98,SAT,0.0
2149,2013-05-29,2013-06-10,160673,9311,76,2,6,5,14,9,98,Not Rated,0.0
2150,2013-05-29,2013-07-03,707494,10055,72,2,6,5,42,9,98,SAT,0.0
2152,2013-05-30,2013-06-19,767105,10722,57,2,2,7,15,9,98,SAT,0.0
2153,2013-05-30,2013-06-06,2164671,11031,43,2,7,5,14,9,98,Not Rated,0.0
2154,2013-05-30,2013-06-06,77807,1737,52,2,7,5,14,9,98,Not Rated,0.0
2155,2013-05-30,2013-06-10,578440,11246,18,2,6,5,14,9,98,Not Rated,0.0
2156,2013-05-30,2013-06-07,766109,11246,64,2,3,7,32,9,98,Not Rated,0.0
2158,2013-05-20,2013-05-30,1905628,9970,37,2,3,5,42,9,98,Not Rated,0.0
2159,2013-06-03,2013-07-12,374878,11000,55,2,3,7,15,9,98,SAT,0.0
2160,2013-05-28,2013-06-26,2525783,2477,3,1,4,5,32,9,98,Not Rated,0.0
2161,2013-06-03,2013-07-19,121508,813,67,1,4,5,42,9,98,Not Rated,0.0
2162,2013-06-03,2013-06-27,1774738,11175,14,2,7,7,32,9,98,Not Rated,0.0
2163,2013-06-03,2013-06-27,1617969,11984,25,2,3,5,3,9,98,NSA,0.0
2164,2013-05-16,2013-05-29,313906,12334,17,2,3,1,45,9,98,Not Rated,0.0
2165,2013-06-04,2013-06-04,1897270,10728,43,1,8,8,19,9,98,Not Rated,0.0
2166,2013-06-04,2013-06-24,843969,2,50,1,8,8,50,9,98,NSA,0.0
2169,2013-06-05,2013-06-05,891510,10426,36,1,8,8,54,9,98,Not Rated,0.0
2170,2013-06-04,2013-07-08,1888461,10324,33,2,3,7,32,9,98,SAT,0.0
2171,2013-06-12,2013-06-28,1943840,12358,17,2,3,7,11,9,98,NSA,0.0
2172,2013-06-04,2013-06-17,666378,10739,5,2,3,7,45,9,98,Not Rated,0.0
2174,2013-06-14,2013-07-31,2389172,11121,28,2,3,7,10,9,98,Not Rated,0.0
2176,2013-05-31,2013-06-28,1893319,1309,48,2,3,7,11,9,98,SAT,0.0
2177,2013-06-05,2013-06-05,862787,868,25,2,7,7,10,9,98,SAT,0.0
2178,2013-05-27,2013-06-10,1689874,2504,75,2,7,5,46,9,98,Not Rated,0.0
2179,2013-05-22,2013-07-01,382308,1548,17,2,6,5,11,9,98,SAT,0.0
2180,2013-05-28,2013-06-03,323918,11004,52,2,5,5,10,9,98,Not Rated,0.0
2191,2013-05-16,2013-07-10,209623,10225,41,2,3,5,54,9,98,Not Rated,0.0
2192,2013-05-22,2013-06-27,2222103,7973,40,2,3,7,15,9,98,Not Rated,0.0
2193,2013-06-05,2013-08-21,2273287,10111,23,2,6,5,40,9,98,SAT,0.0
2194,2013-06-06,2013-06-26,348537,2128,31,2,3,7,32,9,98,Not Rated,0.0
2195,2013-06-06,2013-06-18,1793736,11029,53,2,7,7,46,9,98,Not Rated,0.0
2196,2013-06-05,2013-07-29,451271,11621,13,2,4,7,50,9,98,SAT,0.0
2197,2013-06-07,2013-06-26,242062,11849,10,2,3,7,15,9,98,Not Rated,0.0
2198,2013-06-07,2013-06-26,1793043,1680,58,2,2,7,11,9,98,Not Rated,0.0
2199,2013-06-07,2013-06-07,1916232,8138,27,2,3,7,18,9,98,Not Rated,0.0
2200,2013-08-23,2013-08-29,1911891,2178,31,2,2,7,11,9,98,Not Rated,0.0
2201,2013-06-07,2013-07-03,1765973,1253,7,2,3,7,50,9,98,NSA,0.0
2202,2013-06-04,2013-06-04,1683351,11113,15,2,6,5,46,9,98,Not Rated,0.0
2203,2013-06-04,2013-06-28,1772733,8887,24,2,3,7,11,9,98,Not Rated,0.0
2204,2013-06-10,2013-06-28,2118494,11278,66,2,7,7,54,9,98,Not Rated,0.0
2205,2013-06-10,2013-06-26,2306657,12727,7,2,2,7,13,9,98,Not Rated,0.0
2207,2013-06-05,2013-09-02,755315,10991,41,2,3,5,11,9,98,NSA,0.0
2208,2013-06-10,2013-07-08,2478688,824,43,2,6,5,18,9,98,NSA,0.0
2209,2013-06-10,2013-07-30,1756169,119,44,2,5,7,15,9,98,Not Rated,0.0
2210,2013-06-04,2013-08-09,352098,197,50,2,3,7,13,9,98,SAT,0.0
2212,2013-06-11,2013-06-14,289310,11123,58,2,2,7,46,9,98,Not Rated,0.0
2213,2013-05-29,2013-06-11,1824185,10618,32,2,3,5,46,9,98,Not Rated,0.0
2214,2013-06-12,2013-06-12,406470,10328,60,1,8,8,19,9,98,Not Rated,0.0
2216,2013-06-12,2013-08-05,2057329,11482,12,2,6,5,58,9,98,Not Rated,0.0
2218,2013-06-12,2013-08-08,1836606,12024,22,2,6,5,32,9,98,Not Rated,0.0
2219,2013-06-04,2013-06-17,313906,12328,68,2,2,1,38,9,98,Not Rated,0.0
2220,2013-06-13,2013-06-13,2010954,9370,32,2,3,5,11,9,98,NSA,0.0
2221,2013-06-13,2013-08-05,2116839,10430,28,2,4,5,50,9,98,Not Rated,0.0
2222,2013-06-13,2013-07-16,795027,235,36,2,3,5,32,9,98,NSA,0.0
2225,2013-06-13,2013-07-19,672018,938,23,2,5,7,18,9,98,SAT,0.0
2226,2013-06-13,2013-07-10,78085,781,40,2,3,7,15,9,98,NSA,0.0
2227,2013-06-13,2013-07-02,2069418,8569,10,2,3,7,13,9,98,Not Rated,0.0
2228,2013-06-13,2013-07-01,1752803,10536,14,2,3,7,11,9,98,SAT,0.0
2229,2013-06-14,2013-07-05,304865,11194,23,2,3,7,11,9,98,Not Rated,0.0
2230,2013-06-14,2013-08-20,390685,2648,24,2,6,5,50,9,98,Not Rated,0.0
2231,2013-06-17,2013-07-02,2154981,9824,40,2,7,7,18,9,98,SAT,0.0
2232,2013-06-17,2013-06-26,2447025,12198,68,2,3,7,42,9,98,Not Rated,0.0
2233,2013-06-17,2013-07-16,217424,1999,68,2,3,7,32,9,98,NSA,0.0
2234,2013-06-20,2013-07-15,1867224,242,73,2,3,5,50,9,98,NSA,0.0
2235,2013-06-20,2013-06-20,1731692,11170,77,1,8,8,15,9,98,Not Rated,0.0
2236,2013-06-11,2013-07-19,2217646,1462,57,2,7,5,15,9,98,SAT,0.0
2237,2013-06-21,2013-06-26,2429172,8965,57,1,8,8,10,9,98,Not Rated,0.0
2239,2013-06-21,2013-06-21,612522,8932,14,1,8,8,15,9,98,Not Rated,0.0
2240,2013-06-21,2013-08-08,430094,2322,72,2,6,5,11,9,98,NSA,0.0
2241,2013-06-25,2013-10-03,1615200,10536,12,1,3,5,4,9,98,NSA,0.0
2243,2013-03-26,2013-07-12,1836672,9873,6,2,3,7,23,9,98,NSA,0.0
2244,2013-06-20,2013-07-15,1623945,175,49,2,3,7,11,9,98,NSA,0.0
2245,2013-06-21,2013-07-11,887597,801,32,2,3,7,11,9,98,Not Rated,0.0
2246,2013-06-25,2013-07-08,1907521,1350,31,2,3,7,11,9,98,Not Rated,0.0
2247,2013-06-25,2013-07-08,440022,11870,27,2,3,7,19,9,98,SAT,0.0
2248,2013-06-25,2013-07-04,2166784,2230,74,2,3,7,13,9,98,SAT,0.0
2249,2013-06-26,2013-08-07,40219,8055,22,2,3,7,11,9,98,NSA,0.0
2250,2013-06-13,2013-07-16,2142056,10917,48,2,3,7,11,9,98,SAT,0.0
2251,2013-06-13,2013-07-08,1675398,11904,37,2,2,7,11,9,98,NSA,0.0
2252,2013-06-27,2013-08-12,535899,12198,36,2,5,5,15,9,98,SAT,0.0
2253,2013-06-17,2013-07-03,1753650,9021,24,2,6,5,11,9,98,SAT,0.0
2254,2013-06-27,2013-08-09,1837818,7949,1,2,5,5,50,9,98,NSA,0.0
2255,2013-06-27,2013-07-10,1728091,1994,14,2,3,7,13,9,98,SAT,0.0
2256,2013-06-27,2013-07-03,1659662,416,3,2,2,7,54,9,98,NSA,0.0
2257,2013-06-27,2013-07-16,366226,10152,62,2,3,7,13,9,98,SAT,0.0
2258,2013-06-27,2013-06-28,105101,10646,20,2,2,7,11,9,98,Not Rated,0.0
2259,2013-06-27,2013-07-12,1770509,10979,53,2,3,7,25,9,98,Not Rated,0.0
2260,2013-06-21,2013-07-08,2186317,12621,7,2,3,7,15,9,98,Not Rated,0.0
2261,2013-07-01,2013-09-11,1883459,10055,20,2,3,5,46,9,98,NSA,0.0
2262,2013-07-01,2013-07-24,715436,1308,21,2,5,5,10,9,98,Not Rated,0.0
2264,2013-07-01,2013-07-02,262986,11170,43,2,7,7,10,9,98,Not Rated,0.0
2265,2013-05-23,2013-07-08,2199074,11461,72,1,4,7,11,9,98,NSA,0.0
2266,2013-07-01,2013-07-15,2004845,12027,44,2,3,7,11,9,98,Not Rated,0.0
2268,2013-07-02,2013-07-15,511333,2235,10,2,3,7,11,9,98,SAT,0.0
2269,2013-06-18,2013-07-02,1708610,671,70,2,4,7,15,9,98,Not Rated,0.0
2270,2013-06-12,2013-09-11,2006349,11980,29,2,7,5,15,9,98,SAT,0.0
2271,2013-06-28,2013-08-09,681301,11768,5,2,4,5,50,9,98,NSA,0.0
2272,2013-07-03,2013-07-09,600700,10020,22,2,6,5,58,9,98,SAT,0.0
2273,2013-07-03,2013-08-07,655104,8946,52,2,6,5,58,9,98,SAT,0.0
2275,2013-07-01,2013-09-19,1885333,10328,44,1,6,5,18,9,98,SAT,0.0
2276,2013-07-04,2013-07-30,1794453,9628,16,2,3,7,11,9,98,NSA,0.0
2277,2013-06-29,2013-07-19,1845120,9884,1,2,6,5,58,9,98,NSA,0.0
2278,2013-07-03,2013-07-15,843306,10563,31,2,7,3,11,9,98,SAT,0.0
2279,2013-07-05,2013-07-16,515742,11259,1,2,3,7,32,9,98,NSA,0.0
2280,2013-05-14,2013-07-11,1907148,1994,18,2,3,5,40,9,98,NSA,0.0
2281,2013-07-05,2013-07-30,2532292,9662,6,2,6,5,58,9,98,Not Rated,0.0
2282,2013-03-26,2013-08-14,46513,9001,2,2,6,5,7,9,98,Not Rated,0.0
2283,2013-07-05,2013-08-08,1920336,839,75,2,6,5,58,9,98,Not Rated,0.0
2284,2013-07-05,2013-07-31,1793472,9410,19,2,6,5,58,9,98,SAT,0.0
2285,2013-07-05,2013-07-15,2032689,1678,58,2,6,5,58,9,98,Not Rated,0.0
2286,2013-07-05,2013-07-16,290190,10379,3,2,6,5,58,9,98,SAT,0.0
2287,2013-07-05,2013-07-18,552924,1292,73,2,6,5,58,9,98,SAT,0.0
2288,2013-07-05,2013-08-09,1869232,12003,35,2,6,5,58,9,98,SAT,0.0
2289,2013-07-05,2013-07-09,1835487,11011,78,2,6,5,58,9,98,SAT,0.0
2290,2013-07-05,2013-07-09,359058,9729,73,2,6,5,58,9,98,SAT,0.0
2291,2013-07-05,2013-07-09,1835474,9892,46,2,6,5,15,9,98,SAT,0.0
2293,2013-07-05,2013-07-17,889991,12510,53,2,3,7,11,9,98,SAT,0.0
2294,2013-07-08,2013-07-08,188598,9816,70,1,8,8,14,9,98,Not Rated,0.0
2295,2013-07-08,2013-07-22,2112839,9601,60,2,7,5,15,9,98,Not Rated,0.0
2296,2013-07-08,2013-07-15,1913809,175,64,2,4,5,42,9,98,Not Rated,0.0
2297,2013-07-08,2013-07-09,2217282,10426,11,2,6,5,58,9,98,SAT,0.0
2298,2013-07-05,2013-07-08,1729540,8949,28,2,3,7,13,9,98,Not Rated,0.0
2299,2013-07-09,2013-07-16,647092,10361,6,1,8,8,8,9,98,NSA,0.0
2300,2013-07-09,2013-07-11,432240,12250,78,2,3,7,25,9,98,Not Rated,0.0
2301,2013-07-09,2013-07-15,238801,2129,35,1,8,8,10,9,98,Not Rated,0.0
2302,2013-07-09,2013-07-10,781476,791,8,2,6,5,58,9,98,SAT,0.0
2303,2013-07-09,2013-07-30,1803627,10646,5,2,3,7,11,9,98,NSA,0.0
2304,2013-07-10,2013-08-01,253732,1706,50,2,3,7,15,9,98,Not Rated,0.0
2305,2013-07-10,2013-07-10,1806903,11066,71,1,8,8,18,9,98,Not Rated,0.0
2306,2013-07-04,2013-09-13,1832874,1500,64,2,3,5,50,9,98,NSA,0.0
2307,2013-07-10,2013-09-05,202885,11638,73,2,5,5,18,9,98,SAT,0.0
2308,2013-06-25,2013-07-01,290390,10147,16,2,6,5,18,9,98,SAT,0.0
2309,2013-08-16,2013-09-23,309155,11086,76,2,3,5,54,9,98,Not Rated,0.0
2310,2013-07-10,2013-07-10,817232,10345,51,1,8,8,19,9,98,Not Rated,0.0
2311,2013-07-10,2013-07-30,1866303,9247,43,2,3,7,11,9,98,SAT,0.0
2312,2013-07-10,2013-08-02,2107571,11747,11,2,3,7,11,9,98,NSA,0.0
2313,2013-07-11,2013-07-19,2115689,11036,5,2,3,7,18,9,98,Not Rated,0.0
2314,2013-07-11,2013-07-19,110037,12003,73,2,6,5,32,9,98,SAT,0.0
2315,2013-07-11,2013-07-22,1867202,10973,26,2,6,5,32,9,98,SAT,0.0
2316,2013-07-11,2013-07-26,599330,10446,20,2,3,7,15,9,98,Not Rated,0.0
2317,2013-07-12,2013-08-26,689168,12727,44,2,3,7,15,9,98,Not Rated,0.0
2318,2013-07-12,2013-08-05,508291,9588,3,2,5,7,13,9,98,NSA,0.0
2319,2013-07-12,2013-09-05,657610,11171,30,2,4,5,50,9,98,NSA,0.0
2320,2013-07-15,2013-07-19,2156265,49,23,1,3,5,11,9,98,NSA,0.0
2321,2013-07-15,2013-07-15,591592,12299,9,2,3,7,10,9,98,Not Rated,0.0
2322,2013-07-15,2013-07-30,1733798,11244,52,2,5,5,3,9,98,SAT,0.0
2323,2013-07-19,2013-10-09,754658,9405,71,2,3,7,23,9,98,Not Rated,0.0
2324,2013-07-16,2013-08-07,734423,8484,57,2,2,7,18,9,98,Not Rated,0.0
2325,2013-07-16,2013-07-22,428610,12044,6,2,3,7,11,9,98,Not Rated,0.0
2326,2013-07-16,2013-07-16,2223085,12176,23,1,8,8,11,9,98,Not Rated,0.0
2327,2013-07-16,2013-07-30,44152,151,64,2,3,5,50,9,98,NSA,0.0
2328,2013-07-16,2013-07-19,477723,12116,69,2,6,5,11,9,98,SAT,0.0
2330,2013-07-15,2013-07-17,888365,9588,24,2,7,3,11,9,98,SAT,0.0
2331,2013-07-17,2013-08-08,2313994,11768,67,2,3,7,15,9,98,NSA,0.0
2332,2013-07-17,2013-09-02,45340,8858,49,2,6,5,58,9,98,SAT,0.0
2333,2013-07-17,2013-07-30,557715,865,15,2,6,5,58,9,98,Not Rated,0.0
2334,2013-04-24,2013-05-10,890055,10834,18,2,2,5,15,9,98,SAT,0.0
2335,2013-07-17,2013-07-18,2053176,11973,52,2,7,7,15,9,98,Not Rated,0.0
2336,2013-07-10,2013-08-08,203745,2482,51,1,4,5,50,9,98,NSA,0.0
2337,2013-07-18,2013-07-18,800548,842,71,2,7,5,3,9,98,SAT,0.0
2338,2013-07-08,2013-07-19,615679,11537,3,2,3,5,9,9,98,Not Rated,0.0
2339,2013-07-18,2013-08-13,2068769,2321,56,2,3,7,11,9,98,SAT,0.0
2340,2013-06-27,2013-07-11,1783844,9715,25,2,6,5,15,9,98,Not Rated,0.0
2341,2013-07-18,2013-08-09,1891448,12476,58,2,3,5,15,9,98,Not Rated,0.0
2342,2013-07-19,2013-07-22,895323,9270,19,2,3,5,58,9,98,SAT,0.0
2344,2013-07-19,2013-07-19,344458,2478,3,1,8,8,15,9,98,NSA,0.0
2345,2013-07-10,2013-07-31,422657,9958,65,2,4,7,13,9,98,Not Rated,0.0
2346,2013-07-19,2013-07-23,2173260,12367,13,2,2,7,10,9,98,SAT,0.0
2347,2013-07-19,2013-10-21,2072755,1702,34,2,6,5,15,9,98,Not Rated,0.0
2348,2013-07-22,2013-09-23,2059540,12024,32,2,5,7,10,9,98,Not Rated,0.0
2349,2013-07-23,2013-08-13,1674594,11132,6,2,5,7,10,9,98,Not Rated,0.0
2350,2013-07-22,2013-09-23,1857217,2504,40,2,6,5,10,9,98,NSA,0.0
2351,2013-07-23,2013-07-24,2145493,9647,23,2,5,5,19,9,98,Not Rated,0.0
2352,2013-07-24,2013-07-29,1871438,9361,30,2,2,7,10,9,98,SAT,0.0
2353,2013-07-24,2013-07-24,2115226,10152,62,2,7,7,32,9,98,Not Rated,0.0
2354,2013-07-12,2013-07-24,1913784,9856,56,2,5,4,10,9,98,NSA,0.0
2355,2013-07-25,2013-08-20,758962,1115,66,2,7,7,10,9,98,NSA,0.0
2356,2013-07-25,2013-08-09,458053,2262,32,2,3,7,34,9,98,Not Rated,0.0
2357,2013-07-25,2013-07-29,833258,824,69,2,7,7,18,9,98,SAT,0.0
2358,2013-07-26,2013-08-28,2110468,189,9,2,4,5,50,9,98,NSA,0.0
2359,2013-07-26,2013-07-26,2476388,7654,78,2,3,7,11,9,98,Not Rated,0.0
2360,2013-07-26,2013-09-03,2358375,11711,28,2,3,5,15,9,98,SAT,0.0
2361,2013-07-26,2013-09-17,2110034,12333,10,2,6,5,2,9,98,SAT,0.0
2362,2013-07-26,2013-09-27,37482,10359,32,2,6,5,14,9,98,SAT,0.0
2363,2013-07-29,2013-09-09,691351,9670,22,2,5,7,32,9,98,Not Rated,0.0
2364,2013-07-29,2013-07-30,1708681,2335,12,2,2,7,54,9,98,NSA,0.0
2365,2013-07-29,2013-07-29,1694943,1462,2,2,6,5,46,9,98,NSA,0.0
2366,2013-07-30,2013-08-23,500281,1270,14,2,3,7,11,9,98,Not Rated,0.0
2367,2013-07-30,2013-07-31,634175,8766,71,2,2,7,10,9,98,Not Rated,0.0
2369,2013-07-31,2013-08-27,2140303,868,60,2,3,7,25,9,98,NSA,0.0
2370,2013-07-31,2013-10-03,2092222,12354,75,2,3,5,42,9,98,NSA,0.0
2371,2013-07-31,2013-09-24,533881,1737,23,2,6,5,23,9,98,NSA,0.0
2372,2013-07-31,2013-08-09,1722143,11552,77,2,6,5,40,9,98,NSA,0.0
2374,2013-07-31,2013-08-01,1917882,11150,33,2,7,7,10,9,98,NSA,0.0
2375,2013-08-01,2013-08-01,2502137,10107,46,2,7,7,18,9,98,Not Rated,0.0
2376,2013-07-16,2013-07-19,1835118,138,69,2,3,7,10,9,98,Not Rated,0.0
2378,2013-08-01,2013-08-14,176490,8530,5,2,4,7,15,9,98,Not Rated,0.0
2379,2013-08-01,2013-08-08,643568,12116,2,2,3,7,11,9,98,NSA,0.0
2381,2013-08-02,2013-08-12,2017317,12428,38,2,2,7,36,9,98,SAT,0.0
2382,2013-08-02,2013-08-12,147243,11974,20,2,2,7,36,9,98,SAT,0.0
2383,2013-08-06,2013-08-13,1851573,10327,70,1,8,8,32,9,98,Not Rated,0.0
2384,2013-08-06,2013-09-09,358546,9085,70,2,7,7,42,9,98,Not Rated,0.0
2385,2013-08-06,2013-09-05,1885353,9359,4,2,3,7,11,9,98,SAT,0.0
2386,2013-08-02,2013-08-27,60579,1695,30,2,3,7,11,9,98,SAT,0.0
2387,2013-06-12,2013-08-06,1878067,2666,35,2,3,7,32,9,98,Not Rated,0.0
2388,2013-07-10,2013-07-19,1710501,8882,54,2,3,5,15,9,98,Not Rated,0.0
2389,2013-08-06,2013-08-23,1674944,157,42,2,2,7,34,9,98,Not Rated,0.0
2391,2013-08-07,2013-08-16,1733868,11870,30,2,2,7,18,9,98,Not Rated,0.0
2392,2013-08-07,2013-08-12,2438650,11796,12,2,3,7,11,9,98,Not Rated,0.0
2393,2013-08-07,2013-09-23,1836548,10327,51,2,5,5,32,9,98,Not Rated,0.0
2394,2013-05-30,2013-08-07,1796589,9797,50,2,3,7,54,9,98,Not Rated,0.0
2396,2013-08-08,2013-08-21,458051,2569,30,2,3,7,18,9,98,Not Rated,0.0
2397,2013-07-19,2013-07-24,629272,133,37,2,3,1,10,9,98,Not Rated,0.0
2398,2013-07-16,2013-10-01,1804348,11097,78,2,6,5,58,9,98,Not Rated,0.0
2399,2013-08-08,2013-08-08,216798,9857,76,2,2,7,15,9,98,Not Rated,0.0
2400,2013-08-08,2013-08-08,1914854,12367,45,2,7,7,18,9,98,Not Rated,0.0
2401,2013-08-08,2013-08-09,1838059,300,47,2,3,7,11,9,98,Not Rated,0.0
2402,2013-08-08,2013-09-11,317106,10426,52,2,6,5,58,9,98,Not Rated,0.0
2403,2013-07-17,2013-08-06,91740,1201,1,2,3,5,46,9,98,Not Rated,0.0
2404,2013-08-09,2013-08-14,566905,10107,46,2,3,5,56,9,98,NSA,0.0
2405,2013-07-11,2013-09-09,477868,518,41,2,5,4,15,9,98,NSA,0.0
2406,2013-08-09,2013-08-28,86755,11444,22,2,6,5,58,9,98,Not Rated,0.0
2407,2013-08-12,2013-08-29,1790883,11158,18,2,3,5,15,9,98,SAT,0.0
2408,2013-08-09,2013-08-27,739340,10072,78,2,3,7,15,9,98,Not Rated,0.0
2409,2013-08-12,2013-08-13,526847,7841,23,2,3,7,32,9,98,Not Rated,0.0
2410,2013-08-12,2013-09-16,716773,9022,24,2,3,7,54,9,98,Not Rated,0.0
2411,2013-08-14,2013-09-13,1867468,12605,42,2,6,5,15,9,98,SAT,0.0
2412,2013-08-07,2013-08-28,41704,11937,17,2,3,7,11,9,98,SAT,0.0
2413,2013-07-17,2013-08-13,1700100,10794,36,2,3,7,34,9,98,Not Rated,0.0
2414,2013-08-19,2013-09-03,580205,11669,41,2,2,7,32,9,98,Not Rated,0.0
2415,2013-08-19,2013-09-02,351702,8840,66,2,2,7,11,9,98,Not Rated,0.0
2416,2013-08-19,2013-08-26,50216,11139,43,2,7,7,32,9,98,Not Rated,0.0
2417,2013-07-25,2013-09-19,825585,1702,76,2,3,5,15,9,98,NSA,0.0
2418,2013-08-21,2013-08-21,116130,11000,63,1,8,8,10,9,98,NSA,0.0
2419,2013-08-20,2013-09-05,1840849,2378,78,2,3,5,18,9,98,Not Rated,0.0
2420,2013-08-22,2013-08-26,1738302,12299,40,2,5,5,15,9,98,SAT,0.0
2421,2013-08-12,2013-08-26,704078,10186,4,2,3,5,15,9,98,Not Rated,0.0
2422,2013-08-23,2013-08-23,263229,10072,70,1,8,8,19,9,98,Not Rated,0.0
2423,2013-08-21,2013-08-29,45010,8066,72,2,5,7,18,9,98,Not Rated,0.0
2424,2013-08-21,2013-09-05,2135869,9370,32,2,3,7,11,9,98,SAT,0.0
2425,2013-07-30,2013-08-22,255251,11558,45,2,3,7,10,9,98,Not Rated,0.0
2426,2013-08-23,2013-09-02,1853165,12414,62,2,2,7,18,9,98,NSA,0.0
2427,2013-08-26,2013-08-26,266433,11254,77,1,8,8,9,9,98,SAT,0.0
2428,2013-08-23,2013-09-09,1852642,8662,17,2,3,7,13,9,98,Not Rated,0.0
2429,2013-08-26,2013-10-10,1887525,9546,42,2,2,7,32,9,98,Not Rated,0.0
2430,2013-08-26,2013-08-27,471841,12428,9,2,2,7,54,9,98,Not Rated,0.0
2432,2013-08-28,2013-09-06,1796642,11252,50,2,3,7,15,9,98,Not Rated,0.0
2433,2013-08-28,2013-09-10,198723,10260,42,2,7,7,54,9,98,SAT,0.0
2434,2013-06-26,2013-08-28,719415,9377,63,2,5,7,11,9,98,Not Rated,0.0
2435,2013-08-29,2013-09-16,1915652,10536,64,2,3,7,32,9,98,Not Rated,0.0
2436,2013-07-17,2013-09-03,2256352,2519,29,2,5,3,10,9,98,SAT,0.0
2437,2013-08-29,2013-08-29,1754944,2172,8,2,7,7,18,9,98,Not Rated,0.0
2438,2013-08-29,2013-09-02,1908351,11959,11,2,3,7,11,9,98,NSA,0.0
2439,2013-08-30,2013-10-04,1870964,11171,10,1,6,8,54,9,98,NSA,0.0
2440,2013-08-30,2013-10-04,188249,11959,61,2,6,5,18,9,98,Not Rated,0.0
2441,2013-08-19,2013-08-20,743005,8858,12,2,6,5,18,9,98,SAT,0.0
2442,2013-07-16,2013-09-25,1788419,11063,37,2,3,5,15,9,98,SAT,0.0
2444,2013-08-30,2013-09-27,1749783,10446,62,2,3,5,15,9,98,SAT,0.0
2445,2013-09-06,2013-10-02,2225389,11133,74,2,7,7,54,9,98,Not Rated,0.0
2446,2013-09-02,2013-09-24,95369,10055,35,2,7,5,15,9,98,SAT,0.0
2448,2013-09-02,2013-09-25,547515,1875,36,2,6,5,40,9,98,SAT,0.0
2450,2013-09-03,2013-09-16,895083,9857,37,2,5,5,15,9,98,Not Rated,0.0
2451,2013-09-03,2013-09-03,342186,1573,12,2,5,5,46,9,98,SAT,0.0
2452,2013-09-03,2013-09-06,829811,9440,17,2,3,7,34,9,98,Not Rated,0.0
2453,2013-09-03,2013-09-09,232229,11259,14,2,3,7,11,9,98,Not Rated,0.0
2456,2013-09-03,2013-09-18,715186,8359,41,2,5,5,15,9,98,NSA,0.0
2457,2013-09-03,2013-09-17,1779448,2178,57,2,5,7,13,9,98,SAT,0.0
2458,2013-09-04,2013-09-19,657625,10979,43,2,7,7,18,9,98,Not Rated,0.0
2459,2013-09-05,2013-09-26,704073,7841,12,2,5,5,10,9,98,Not Rated,0.0
2460,2013-09-05,2013-09-13,2238391,940,67,2,3,7,15,9,98,Not Rated,0.0
2461,2013-09-05,2013-09-05,463195,11932,16,2,5,7,54,9,98,Not Rated,0.0
2462,2013-09-05,2013-10-23,886544,8530,77,2,3,7,18,9,98,Not Rated,0.0
2463,2013-09-02,2013-09-05,2106195,9816,52,2,7,7,11,9,98,Not Rated,0.0
2464,2013-09-06,2013-09-19,430559,12334,17,2,7,7,13,9,98,Not Rated,0.0
2465,2013-09-09,2013-09-09,712335,1256,51,1,8,8,19,9,98,Not Rated,0.0
2468,2013-09-09,2013-10-01,623283,8970,20,2,3,7,11,9,98,Not Rated,0.0
2469,2013-08-29,2013-10-01,1899230,11062,19,2,3,7,46,9,98,Not Rated,0.0
2470,2013-09-09,2013-09-13,603246,10978,47,2,2,7,11,9,98,Not Rated,0.0
2471,2013-09-10,2013-09-12,79318,12000,32,2,6,5,40,9,98,SAT,0.0
2472,2013-09-10,2013-09-25,1873926,9983,35,2,3,5,15,9,98,Not Rated,0.0
2473,2013-09-10,2013-10-02,1756112,8201,32,2,5,5,15,9,98,NSA,0.0
2475,2013-09-10,2013-10-04,470722,2676,77,2,5,5,15,9,98,Not Rated,0.0
2476,2013-09-10,2013-10-07,867161,11217,72,2,6,5,58,9,98,Not Rated,0.0
2477,2013-09-10,2013-10-30,357678,9803,27,2,3,7,54,9,98,Not Rated,0.0
2478,2013-08-14,2013-09-26,737807,1291,57,2,3,5,18,9,98,SAT,0.0
2479,2013-09-11,2013-10-21,485220,9628,16,1,5,5,9,9,98,SAT,0.0
2480,2013-09-04,2013-09-25,358302,2559,68,2,3,5,44,9,98,NSA,0.0
2481,2013-09-11,2013-11-15,2255543,10710,72,2,3,7,25,9,98,NSA,0.0
2482,2013-09-12,2013-09-13,890966,10565,7,2,3,5,15,9,98,Not Rated,0.0
2483,2013-09-12,2013-10-04,384565,11050,21,2,6,5,58,9,98,Not Rated,0.0
2484,2013-09-12,2013-09-12,2419951,10016,45,2,2,7,32,9,98,Not Rated,0.0
2486,2013-09-26,2013-09-30,2116880,11162,16,2,3,7,15,9,98,Not Rated,0.0
2487,2013-09-13,2013-10-09,2222080,10883,9,2,6,5,40,9,98,Not Rated,0.0
2488,2013-09-13,2013-10-03,550291,12192,58,1,8,8,53,9,98,Not Rated,0.0
2489,2013-09-13,2013-09-26,1763788,2666,55,2,7,7,15,9,98,Not Rated,0.0
2490,2013-09-13,2013-09-13,2180274,11003,32,1,8,8,15,9,98,Not Rated,0.0
2491,2013-09-13,2013-09-20,2018925,12475,5,2,3,7,32,9,98,Not Rated,0.0
2492,2013-09-13,2013-09-16,2481881,11638,37,2,2,7,18,9,98,Not Rated,0.0
2493,2013-09-16,2013-10-01,1896530,8984,2,2,6,5,15,9,98,SAT,0.0
2494,2013-09-16,2013-09-26,1804320,2648,14,2,3,5,58,9,98,Not Rated,0.0
2495,2013-09-16,2013-09-18,476871,11487,61,2,5,7,54,9,98,SAT,0.0
2496,2013-09-16,2013-10-14,641379,345,40,2,5,7,15,9,98,Not Rated,0.0
2497,2013-09-16,2013-10-01,2169369,10072,52,2,6,5,15,9,98,SAT,0.0
2498,2013-09-16,2013-09-20,2179299,9826,18,2,6,5,58,9,98,SAT,0.0
2500,2013-09-11,2013-09-20,343965,11004,73,2,5,5,50,9,98,Not Rated,0.0
2501,2013-08-26,2013-09-17,397574,9175,28,2,6,5,18,9,98,SAT,0.0
2502,2013-09-17,2013-11-04,1770866,1229,35,2,5,5,6,9,98,Not Rated,0.0
2503,2013-09-16,2013-10-08,658398,2666,12,2,3,7,46,9,98,Not Rated,0.0
2504,2013-09-17,2013-09-17,2167341,269,46,2,5,7,11,9,98,Not Rated,0.0
2505,2013-09-30,2013-09-30,392342,7979,31,2,5,7,10,9,98,Not Rated,0.0
2506,2013-09-17,2013-09-26,562371,11160,44,2,3,7,32,9,98,Not Rated,0.0
2507,2013-09-17,2013-09-17,454335,9344,37,2,3,7,15,9,98,Not Rated,0.0
2509,2013-09-11,2013-10-01,421944,796,75,2,3,5,11,9,98,SAT,0.0
2510,2013-08-14,2013-09-27,1679951,542,45,2,6,5,58,9,98,SAT,0.0
2511,2013-09-18,2013-11-06,2111889,9227,32,2,6,5,58,9,98,SAT,0.0
2512,2013-09-18,2013-10-04,675784,10565,1,2,6,5,18,9,98,SAT,0.0
2513,2013-09-18,2013-09-19,1842101,8917,30,2,3,7,15,9,98,Not Rated,0.0
2514,2013-09-18,2013-09-18,193488,11461,33,2,5,7,11,9,98,Not Rated,0.0
2515,2013-09-18,2013-10-17,1815523,12250,61,2,4,7,50,9,98,NSA,0.0
2517,2013-08-16,2013-09-18,1868855,2460,35,2,7,5,18,9,98,Not Rated,0.0
2518,2013-09-12,2013-09-24,2415150,11151,49,2,5,5,10,9,98,Not Rated,0.0
2519,2013-09-19,2013-09-23,454406,9361,13,2,7,7,32,9,98,Not Rated,0.0
2521,2013-09-20,2013-10-01,265598,8779,19,2,6,5,11,9,98,SAT,0.0
2522,2013-09-20,2013-10-14,1825713,1328,13,2,3,5,18,9,98,Not Rated,0.0
2524,2013-09-24,2013-09-26,2413838,11178,33,2,3,7,46,9,98,Not Rated,0.0
2525,2013-08-27,2013-10-15,222756,8855,21,2,3,7,11,9,98,Not Rated,0.0
2526,2013-09-19,2013-10-07,198455,2321,61,2,5,5,18,9,98,Not Rated,0.0
2528,2013-09-24,2013-10-11,275610,1994,22,1,8,8,32,9,98,NSA,0.0
2529,2013-09-24,2013-10-02,891100,581,12,1,8,8,13,9,98,Not Rated,0.0
2530,2013-09-09,2013-10-01,2116383,1440,6,2,3,1,11,9,98,SAT,0.0
2531,2013-09-20,2013-09-25,889803,11954,51,2,5,7,54,9,98,Not Rated,0.0
2532,2013-09-25,2013-09-25,889833,8946,3,2,2,7,46,9,98,Not Rated,0.0
2533,2013-09-24,2013-09-26,1750185,12120,74,2,5,5,15,9,98,Not Rated,0.0
2535,2013-09-26,2013-10-02,1890589,11974,61,2,3,7,18,9,98,NSA,0.0
2536,2013-09-26,2013-09-27,2038670,9715,47,2,6,5,58,9,98,SAT,0.0
2538,2013-09-25,2013-09-26,2159733,1239,26,2,2,5,46,9,98,Not Rated,0.0
2539,2013-09-27,2013-09-27,270881,10991,71,1,8,8,5,9,98,Not Rated,0.0
2540,2013-09-23,2013-10-09,1707909,11036,48,2,3,7,38,9,98,Not Rated,0.0
2541,2013-09-27,2013-09-27,2452907,10861,13,1,8,8,19,9,98,SAT,0.0
2542,2013-09-27,2013-11-11,2136261,11063,45,2,6,5,50,9,98,SAT,0.0
2544,2013-09-27,2013-09-27,1888461,2206,48,2,3,7,44,9,98,Not Rated,0.0
2545,2013-09-27,2013-10-09,628269,9588,29,2,3,5,11,9,98,NSA,0.0
2546,2013-09-23,2013-09-30,173718,10536,30,2,3,1,18,9,98,Not Rated,0.0
2547,2013-09-17,2013-10-29,647849,1552,58,2,3,5,11,9,98,NSA,0.0
2548,2013-09-30,2013-10-30,797591,10067,76,2,4,7,15,9,98,NSA,0.0
2549,2013-09-30,2013-09-30,883790,10984,2,2,6,7,18,9,98,Not Rated,0.0
2550,2013-09-30,2013-10-16,889008,1140,49,2,2,7,11,9,98,NSA,0.0
2551,2013-09-30,2013-10-14,398198,11136,57,2,5,7,15,9,98,Not Rated,0.0
2552,2013-09-30,2013-10-01,214571,1430,7,2,5,7,18,9,98,Not Rated,0.0
2553,2013-09-26,2013-10-01,1842238,8138,53,2,3,5,11,9,98,Not Rated,0.0
2554,2013-10-01,2013-10-02,352098,9646,63,2,7,7,15,9,98,Not Rated,0.0
2555,2013-11-18,2013-11-19,640162,9499,71,2,3,7,15,9,98,SAT,0.0
2556,2013-09-27,2013-10-02,293740,9051,51,2,5,5,45,9,98,Not Rated,0.0
2558,2013-10-02,2013-10-03,1769676,10037,69,2,6,5,18,9,98,Not Rated,0.0
2559,2013-10-02,2013-10-11,1851573,2648,55,1,8,8,53,9,98,Not Rated,0.0
2560,2013-10-02,2013-10-17,1659206,11123,76,1,8,8,53,9,98,Not Rated,0.0
2561,2013-10-02,2013-10-30,2385736,11194,34,2,3,7,18,9,98,NSA,0.0
2562,2013-10-02,2013-10-31,737928,1896,74,1,8,8,8,9,98,Not Rated,0.0
2564,2013-10-02,2013-10-09,1806634,994,51,2,2,7,37,9,98,NSA,0.0
2565,2013-10-02,2013-10-14,1999765,8882,78,2,6,5,58,9,98,Not Rated,0.0
2566,2013-10-02,2013-11-13,350288,2613,77,2,6,5,58,9,98,Not Rated,0.0
2567,2013-10-02,2013-11-13,2121731,194,55,2,6,5,58,9,98,Not Rated,0.0
2568,2013-10-02,2013-11-13,3237,11171,32,2,6,5,58,9,98,Not Rated,0.0
2569,2013-10-02,2013-11-08,190236,11904,62,2,6,5,58,9,98,Not Rated,0.0
2570,2013-10-03,2013-10-03,2032171,11980,54,1,8,8,10,9,98,NSA,0.0
2571,2013-09-12,2013-10-16,1747373,7640,41,2,6,5,15,9,98,Not Rated,0.0
2572,2013-10-02,2013-10-16,1880839,9311,23,2,3,5,8,9,98,Not Rated,0.0
2573,2013-10-02,2013-11-05,149169,12024,34,2,3,5,11,9,98,NSA,0.0
2574,2013-09-30,2013-10-08,1922729,10197,9,2,5,3,15,9,98,Not Rated,0.0
2575,2013-10-03,2013-11-12,151059,1512,31,2,6,5,58,9,98,Not Rated,0.0
2576,2013-10-04,2013-10-07,2311243,11461,44,2,2,7,46,9,98,Not Rated,0.0
2577,2013-10-04,2013-10-07,215293,1875,14,1,2,7,11,9,98,SAT,0.0
2578,2013-10-04,2013-10-08,1916677,1645,29,2,5,4,15,9,98,NSA,0.0
2579,2013-10-04,2013-10-22,154673,2601,36,2,6,5,58,9,98,NSA,0.0
2580,2013-10-03,2013-11-22,443952,8605,11,2,3,7,10,9,98,Not Rated,0.0
2581,2013-10-07,2013-10-09,1850986,9628,34,2,7,7,19,9,98,Not Rated,0.0
2582,2013-10-04,2013-10-07,297125,11217,77,2,7,3,18,9,98,Not Rated,0.0
2583,2013-10-07,2013-10-23,2463637,242,55,2,3,5,50,9,98,NSA,0.0
2584,2013-10-07,2013-11-05,1711020,11036,28,2,3,5,10,9,98,NSA,0.0
2585,2013-10-08,2013-10-22,2179300,10794,13,2,6,5,58,9,98,SAT,0.0
2587,2013-10-08,2013-10-18,541804,1875,70,2,3,7,45,9,98,NSA,0.0
2589,2013-10-09,2013-10-30,628270,1115,71,2,3,7,15,9,98,Not Rated,0.0
2590,2013-10-09,2013-10-16,1837849,10443,17,2,3,7,54,9,98,NSA,0.0
2591,2013-10-09,2013-10-10,895104,496,35,2,3,5,57,9,98,SAT,0.0
2592,2013-09-03,2013-10-10,2485793,9270,54,2,3,5,46,9,98,Not Rated,0.0
2593,2013-10-10,2013-10-17,146350,9813,65,2,6,5,50,9,98,NSA,0.0
2594,2013-10-10,2013-11-15,2116839,8585,58,2,6,5,4,9,98,Not Rated,0.0
2595,2013-10-10,2013-11-19,1819752,12605,22,2,3,7,32,9,98,Not Rated,0.0
2596,2013-10-11,2013-10-24,841833,8063,14,2,3,5,10,9,98,SAT,0.0
2597,2013-10-11,2013-11-27,896028,12358,52,2,5,5,10,9,98,Not Rated,0.0
2598,2013-10-11,2013-10-29,2070962,192,48,2,3,5,10,9,98,SAT,0.0
2599,2013-09-23,2013-10-22,892885,923,55,2,3,7,15,9,98,Not Rated,0.0
2601,2013-10-14,2013-11-21,2341658,796,6,2,3,7,32,9,98,Not Rated,0.0
2602,2013-10-14,2013-10-18,2225322,12127,63,2,6,5,58,9,98,SAT,0.0
2603,2013-10-14,2013-10-22,1851516,10105,5,2,6,5,58,9,98,SAT,0.0
2604,2013-10-14,2013-11-19,1842774,10360,6,2,5,5,58,9,98,Not Rated,0.0
2605,2013-10-14,2013-10-21,1700165,11246,5,2,3,7,11,9,98,SAT,0.0
2606,2013-10-14,2013-10-21,340298,9857,53,2,6,5,58,9,98,SAT,0.0
2607,2013-10-14,2013-11-14,855047,2696,1,2,3,5,11,9,98,NSA,0.0
2608,2013-10-14,2013-11-29,220828,151,54,2,3,5,8,9,98,SAT,0.0
2609,2013-10-01,2013-10-15,195708,9601,9,2,2,1,54,9,98,Not Rated,0.0
2610,2013-10-14,2013-10-14,2018770,187,8,2,7,7,18,9,98,Not Rated,0.0
2611,2013-10-04,2013-10-15,1874724,12087,35,2,5,5,50,9,98,Not Rated,0.0
2612,2013-10-15,2013-11-04,347419,2648,48,2,3,4,10,9,98,Not Rated,0.0
2613,2013-10-15,2013-10-17,1728091,10569,68,2,6,5,15,9,98,NSA,0.0
2614,2013-10-15,2013-10-22,2136277,10297,43,2,7,7,2,9,98,Not Rated,0.0
2615,2013-10-15,2013-10-15,1599466,10127,10,2,3,7,46,9,98,Not Rated,0.0
2616,2013-10-16,2013-10-16,2151667,2656,54,2,3,7,46,9,98,Not Rated,0.0
2617,2013-10-09,2013-11-08,893361,1846,42,2,3,5,11,9,98,SAT,0.0
2618,2013-10-16,2013-11-20,61411,11537,4,2,5,5,15,9,98,Not Rated,0.0
2619,2013-10-16,2013-10-16,669824,9826,29,1,8,8,54,9,98,Not Rated,0.0
2620,2013-10-16,2013-10-24,1813214,10111,77,2,2,6,11,9,98,SAT,0.0
2621,2013-11-05,2013-11-06,1863565,11545,66,2,3,7,15,9,98,Not Rated,0.0
2622,2013-10-17,2013-10-21,1698925,11537,77,1,8,8,10,9,98,Not Rated,0.0
2623,2013-10-17,2013-12-02,2056414,11212,24,2,5,5,15,9,98,Not Rated,0.0
2625,2013-10-17,2013-10-29,2056103,8853,17,2,3,7,18,9,98,SAT,0.0
2626,2013-10-17,2013-10-21,1787377,8953,22,2,6,5,40,9,98,Not Rated,0.0
2627,2013-10-17,2013-11-04,1869256,10260,30,2,6,5,9,9,98,SAT,0.0
2628,2013-10-17,2013-10-22,2165,10844,12,2,7,7,32,9,98,NSA,0.0
2629,2013-10-18,2013-10-18,327201,10553,60,2,7,7,15,9,98,Not Rated,0.0
2630,2013-10-17,2013-10-31,2151260,11849,53,2,5,5,46,9,98,Not Rated,0.0
2631,2013-10-18,2013-10-22,2088769,9715,27,2,2,7,15,9,98,Not Rated,0.0
2634,2013-10-18,2013-10-24,1779767,10850,74,2,5,5,32,9,98,NSA,0.0
2635,2013-10-18,2013-10-30,2137903,10710,44,2,3,5,58,9,98,Not Rated,0.0
2636,2013-10-18,2013-10-24,2088206,10112,75,2,6,5,58,9,98,SAT,0.0
2637,2013-11-01,2013-11-04,2257273,9824,58,2,3,7,15,9,98,Not Rated,0.0
2638,2013-10-21,2013-10-25,1878987,12003,31,2,5,5,32,9,98,Not Rated,0.0
2639,2013-10-21,2013-10-21,571723,8055,44,2,5,7,10,9,98,Not Rated,0.0
2640,2013-10-22,2013-10-23,478522,2128,7,2,3,5,44,9,98,NSA,0.0
2641,2013-10-22,2013-11-07,24475,11910,13,2,4,5,13,9,98,SAT,0.0
2642,2013-10-22,2013-10-22,1894776,10507,3,2,7,7,34,9,98,Not Rated,0.0
2644,2013-10-22,2013-10-24,1840440,581,22,2,5,4,10,9,98,NSA,0.0
2645,2013-10-22,2013-10-31,327852,10130,31,2,3,7,46,9,98,Not Rated,0.0
2646,2013-11-26,2013-11-26,1761120,9311,10,2,3,7,15,9,98,Not Rated,0.0
2647,2013-10-23,2013-10-25,1765641,11558,45,1,8,8,19,9,98,Not Rated,0.0
2648,2013-10-23,2013-10-23,455953,2322,42,1,8,8,32,9,98,Not Rated,0.0
2649,2013-10-24,2013-10-24,1787239,1692,11,2,6,5,52,9,98,SAT,0.0
2650,2013-10-23,2013-10-30,270875,839,43,2,7,7,18,9,98,Not Rated,0.0
2651,2013-11-06,2013-11-25,1838366,157,48,2,3,7,11,9,98,NSA,0.0
2652,2013-10-24,2013-10-25,1845948,8116,53,2,3,7,46,9,98,Not Rated,0.0
2654,2013-10-25,2013-10-25,807066,2460,12,2,3,7,54,9,98,Not Rated,0.0
2655,2013-09-24,2013-10-25,1599416,586,35,2,3,7,15,9,98,Not Rated,0.0
2656,2013-10-29,2013-11-29,378005,11469,37,2,3,5,9,9,98,Not Rated,0.0
2658,2013-10-29,2013-11-11,893559,2696,64,2,6,5,58,9,98,SAT,0.0
2660,2013-10-29,2013-11-11,2125268,8955,73,1,3,5,50,9,98,NSA,0.0
2661,2013-10-25,2013-11-25,1823446,12024,65,2,5,5,9,9,98,Not Rated,0.0
2662,2013-10-30,2013-10-31,865659,9923,27,2,6,5,58,9,98,SAT,0.0
2663,2013-10-29,2013-11-06,2399549,1491,30,2,7,7,46,9,98,Not Rated,0.0
2664,2013-10-29,2013-11-13,2140729,9260,73,2,3,7,11,9,98,NSA,0.0
2665,2013-10-29,2013-12-02,642574,10147,78,2,3,5,13,9,98,SAT,0.0
2666,2013-10-30,2013-11-21,738514,12198,54,1,4,5,50,9,98,Not Rated,0.0
2667,2013-10-31,2013-11-05,541804,11262,4,2,3,7,15,9,98,Not Rated,0.0
2668,2013-10-31,2013-10-31,2138319,7671,77,2,3,5,46,9,98,Not Rated,0.0
2669,2013-10-31,2013-11-05,2092511,11474,71,1,8,8,35,9,98,Not Rated,0.0
2670,2013-11-01,2013-11-04,1803693,12621,73,2,6,5,58,9,98,SAT,0.0
2671,2013-11-01,2013-11-22,1852872,10676,56,2,2,7,18,9,98,Not Rated,0.0
2672,2013-11-01,2014-01-02,2101484,10360,14,2,3,7,15,9,98,Not Rated,0.0
2673,2013-11-04,2013-11-25,2053212,9662,74,2,3,5,11,9,98,SAT,0.0
2674,2013-11-04,2013-11-04,852116,355,16,2,3,7,46,9,98,Not Rated,0.0
2676,2013-08-14,2013-11-08,339173,11479,72,2,3,5,42,9,98,NSA,0.0
2677,2013-11-05,2013-11-05,1707474,8970,61,1,8,8,53,9,98,Not Rated,0.0
2678,2013-11-05,2013-11-06,1675805,10979,67,2,7,3,18,9,98,Not Rated,0.0
2679,2013-10-24,2013-10-25,785798,12510,51,2,2,5,10,9,98,Not Rated,0.0
2680,2013-11-05,2013-11-14,689064,11113,25,2,2,7,11,9,98,SAT,0.0
2681,2013-11-05,2013-11-18,2448210,11287,42,2,3,5,11,9,98,SAT,0.0
2682,2013-11-06,2013-11-06,536452,2468,71,1,8,8,27,9,98,SAT,0.0
2683,2013-11-06,2013-11-28,1922101,10127,57,2,3,7,15,9,98,Not Rated,0.0
2684,2013-11-06,2013-11-06,864425,11001,48,2,3,5,46,9,98,Not Rated,0.0
2685,2013-11-07,2013-11-22,793063,10197,18,2,3,7,11,9,98,NSA,0.0
2687,2013-10-24,2013-11-14,471829,11104,30,2,7,3,11,9,98,NSA,0.0
2688,2013-11-07,2013-12-10,1649666,138,71,2,7,7,15,9,98,Not Rated,0.0
2689,2013-11-07,2013-11-11,1825438,1876,44,2,3,7,40,9,98,Not Rated,0.0
2690,2013-11-08,2013-11-11,2475770,9499,28,2,3,7,32,9,98,Not Rated,0.0
2691,2013-11-08,2013-11-14,485542,11558,24,2,3,5,7,9,98,NSA,0.0
2692,2013-11-08,2013-11-29,689536,11127,33,2,6,5,58,9,98,SAT,0.0
2693,2013-11-06,2013-11-11,1840645,11148,27,2,7,5,15,9,98,NSA,0.0
2694,2013-11-08,2013-11-12,715981,11715,18,2,5,5,58,9,98,SAT,0.0
2695,2013-11-11,2013-11-11,136638,10569,27,2,2,7,11,9,98,NSA,0.0
2696,2013-11-08,2013-11-12,642550,11973,48,2,3,5,7,9,98,NSA,0.0
2697,2013-11-07,2013-11-18,1823274,211,8,2,3,7,11,9,98,NSA,0.0
2698,2013-11-12,2013-11-12,2420792,10987,14,2,2,7,32,9,98,SAT,0.0
2700,2013-11-12,2013-12-13,2123802,518,3,2,3,5,58,9,98,SAT,0.0
2701,2013-11-12,2013-11-13,495568,2316,14,2,2,7,34,9,98,Not Rated,0.0
2702,2013-11-12,2013-11-29,236858,9800,65,2,6,5,58,9,98,Not Rated,0.0
2703,2013-11-12,2013-11-20,2291873,9357,9,2,6,5,58,9,98,Not Rated,0.0
2704,2013-11-12,2013-12-02,2170496,10050,18,2,3,7,11,9,98,SAT,0.0
2706,2013-11-12,2013-11-19,1867751,1465,65,2,3,5,11,9,98,NSA,0.0
2707,2013-11-13,2013-12-04,1599555,10360,28,2,6,5,58,9,98,Not Rated,0.0
2709,2013-11-13,2013-12-23,5465,10324,20,2,3,7,25,9,98,SAT,0.0
2710,2013-11-13,2013-11-20,856028,12299,65,2,3,7,11,9,98,SAT,0.0
2712,2013-11-07,2013-11-12,209623,7626,19,2,3,5,58,9,98,SAT,0.0
2713,2013-11-12,2013-11-12,857314,671,62,2,3,4,58,9,98,SAT,0.0
2714,2013-10-16,2013-10-25,2115262,2613,14,2,2,5,11,9,98,NSA,0.0
2715,2013-11-13,2013-11-19,18240,960,52,1,7,8,15,9,98,Not Rated,0.0
2717,2013-11-13,2013-11-14,402994,1512,12,2,5,5,15,9,98,Not Rated,0.0
2718,2013-11-15,2013-11-15,2121261,1865,78,2,7,7,46,9,98,Not Rated,0.0
2719,2013-11-13,2013-12-13,1813773,11107,3,2,3,5,11,9,98,Not Rated,0.0
2720,2013-11-15,2013-11-19,2116837,12262,64,2,6,5,58,9,98,SAT,0.0
2723,2013-11-15,2013-11-19,1823446,11131,56,2,3,7,11,9,98,NSA,0.0
2724,2013-11-18,2013-12-06,2360740,8201,38,2,2,7,11,9,98,NSA,0.0
2725,2013-11-18,2013-11-18,1786317,7979,12,2,3,5,7,9,98,NSA,0.0
2726,2013-11-18,2013-11-18,1813813,2801,73,2,7,5,15,9,98,Not Rated,0.0
2727,2013-11-15,2013-12-16,2039439,1865,20,2,4,7,15,9,98,Not Rated,0.0
2728,2013-11-19,2013-11-20,888467,9357,38,2,2,1,34,9,98,SAT,0.0
2730,2013-11-19,2013-11-19,506690,11162,53,2,6,5,57,9,98,SAT,0.0
2731,2013-11-19,2013-12-06,452677,9884,4,2,3,7,15,9,98,SAT,0.0
2733,2013-11-15,2013-11-20,208566,978,1,2,3,5,46,9,98,Not Rated,0.0
2734,2013-10-29,2013-11-22,585290,11960,17,2,3,7,15,9,98,SAT,0.0
2737,2013-11-21,2013-11-25,1868089,11980,57,2,7,7,18,9,98,SAT,0.0
2738,2013-11-12,2014-01-15,506055,2335,34,2,4,5,13,9,98,SAT,0.0
2740,2013-11-21,2014-01-16,489819,496,31,1,3,7,9,9,98,NSA,0.0
2741,2013-11-20,2014-01-02,836638,11840,41,2,3,5,45,9,98,Not Rated,0.0
2742,2013-11-22,2014-01-13,2140743,2,44,2,3,7,11,9,98,NSA,0.0
2743,2013-11-22,2014-01-16,467205,8053,73,2,3,7,9,9,98,SAT,0.0
2744,2013-11-20,2013-12-20,2203792,9370,28,2,3,5,32,9,98,Not Rated,0.0
2745,2013-11-25,2014-01-08,2106923,9357,56,2,5,5,18,9,98,SAT,0.0
2746,2013-11-25,2013-11-25,1805423,10069,8,2,2,7,46,9,98,Not Rated,0.0
2747,2013-11-25,2013-12-12,839577,9792,19,2,3,5,10,9,98,SAT,0.0
2748,2013-11-25,2013-12-10,1842774,10569,74,2,6,5,11,9,98,Not Rated,0.0
2749,2013-11-25,2013-12-02,2447758,11259,47,2,7,5,18,9,98,Not Rated,0.0
2750,2013-11-25,2013-12-19,725100,1253,56,2,3,5,11,9,98,Not Rated,0.0
2751,2013-11-26,2013-12-11,1900280,2007,61,2,5,2,11,9,98,SAT,0.0
2752,2013-11-26,2013-12-03,7743,116,25,2,2,7,11,9,98,NSA,0.0
2753,2013-11-26,2013-12-09,500967,10550,65,2,3,7,11,9,98,SAT,0.0
2754,2013-11-27,2013-11-27,2056687,10235,24,2,3,1,46,9,98,Not Rated,0.0
2755,2013-11-27,2013-12-09,2407311,542,40,2,3,5,11,9,98,Not Rated,0.0
2756,2013-11-27,2013-12-09,2270214,2531,63,2,3,7,42,9,98,NSA,0.0
2758,2013-11-27,2013-11-27,2117280,300,35,2,2,7,11,9,98,NSA,0.0
2759,2013-11-27,2013-11-28,107147,12034,34,2,7,5,46,9,98,Not Rated,0.0
2760,2013-11-28,2013-12-04,454593,157,22,2,3,5,10,9,98,Not Rated,0.0
2762,2013-11-28,2013-12-09,812628,11870,23,2,5,4,10,9,98,Not Rated,0.0
2764,2013-11-28,2014-01-14,2270521,9726,65,2,6,5,18,9,98,SAT,0.0
2765,2013-11-28,2013-11-28,1803422,8057,74,2,3,5,15,9,98,Not Rated,0.0
2766,2013-11-22,2013-11-29,1839001,2468,10,2,3,4,50,9,98,NSA,0.0
2767,2013-11-29,2014-01-28,691715,10031,75,2,5,5,15,9,98,NSA,0.0
2768,2013-11-29,2013-12-13,2036880,1516,47,2,4,7,13,9,98,NSA,0.0
2770,2013-11-29,2014-01-02,449937,9021,53,2,3,1,32,9,98,Not Rated,0.0
2771,2013-11-29,2014-01-14,656578,10749,5,2,6,5,7,9,98,SAT,0.0
2772,2013-11-29,2014-01-17,1892718,10031,1,2,6,5,1,9,98,NSA,0.0
2773,2013-11-29,2014-01-17,1792789,12051,6,2,7,5,15,9,98,Not Rated,0.0
2774,2013-11-29,2014-01-14,773975,586,40,2,6,5,12,9,98,SAT,0.0
2775,2013-11-29,2014-01-23,1802712,811,2,2,3,5,15,9,98,SAT,0.0
2776,2013-12-02,2014-01-07,2441742,11954,77,1,8,8,11,9,98,Not Rated,0.0
2777,2013-11-28,2013-12-02,42374,12208,64,2,7,5,46,9,98,Not Rated,0.0
2778,2013-11-27,2013-11-29,1827023,12024,48,2,5,4,10,9,98,Not Rated,0.0
2779,2013-11-19,2013-11-27,646149,7654,6,2,5,7,46,9,98,SAT,0.0
2780,2013-12-03,2013-12-24,1841053,1737,2,2,3,7,19,9,98,SAT,0.0
2781,2013-11-13,2013-11-13,1818205,1706,32,1,4,7,50,9,98,Not Rated,0.0
2782,2013-12-03,2013-12-05,728355,224,76,2,2,1,46,9,98,Not Rated,0.0
2783,2013-12-04,2013-12-06,2072827,858,65,2,7,3,11,9,98,SAT,0.0
2784,2013-12-04,2013-12-17,484320,10569,43,2,3,7,25,9,98,Not Rated,0.0
2785,2013-12-04,2013-12-04,2089156,11051,48,2,2,7,11,9,98,NSA,0.0
2786,2013-12-05,2013-12-06,2362143,300,10,2,2,7,15,9,98,SAT,0.0
2787,2013-12-05,2013-12-12,1824498,11545,16,2,5,5,15,9,98,Not Rated,0.0
2788,2013-12-18,2013-12-18,847118,8919,16,2,5,7,19,9,98,SAT,0.0
2789,2013-12-05,2013-12-10,2008340,9816,53,2,2,7,11,9,98,SAT,0.0
2790,2013-12-05,2013-12-11,2153791,1140,17,2,5,5,15,9,98,Not Rated,0.0
2792,2013-12-05,2013-12-11,2009810,1303,24,2,6,5,15,9,98,SAT,0.0
2793,2013-12-06,2013-12-16,729356,10948,69,1,8,8,53,9,98,Not Rated,0.0
2794,2013-11-28,2013-12-12,2463181,197,67,2,3,5,10,9,98,Not Rated,0.0
2795,2013-12-05,2014-01-16,704317,12133,22,2,3,7,11,9,98,SAT,0.0
2796,2013-12-06,2013-12-19,541160,10361,55,2,6,5,50,9,98,NSA,0.0
2797,2014-01-09,2014-01-10,809931,2601,20,2,3,7,11,9,98,NSA,0.0
2798,2013-12-06,2013-12-06,1735376,1962,22,2,2,7,46,9,98,SAT,0.0
2799,2013-11-20,2013-12-17,110,745,50,2,3,5,58,9,98,Not Rated,0.0
2800,2013-12-09,2013-12-09,1915242,11840,67,1,8,8,32,9,98,SAT,0.0
2801,2013-11-28,2013-11-28,2255526,1737,22,2,2,1,8,9,98,SAT,0.0
2802,2013-12-09,2013-12-12,602001,938,6,1,8,8,53,9,98,Not Rated,0.0
2803,2013-12-10,2013-12-13,2274257,12727,68,2,3,7,15,9,98,Not Rated,0.0
2804,2013-12-10,2013-12-23,894065,2531,58,2,3,5,8,9,98,Not Rated,0.0
2805,2013-12-10,2013-12-11,1706955,11004,17,2,3,7,32,9,98,Not Rated,0.0
2806,2013-12-11,2014-02-17,1830650,1865,46,2,3,7,34,9,98,NSA,0.0
2807,2013-12-11,2014-01-14,2454052,10327,44,2,6,5,52,9,98,SAT,0.0
2808,2013-12-11,2013-12-11,893057,9419,78,2,6,5,58,9,98,SAT,0.0
2809,2013-12-11,2013-12-23,628106,10764,50,2,6,5,40,9,98,Not Rated,0.0
2810,2013-12-12,2014-01-13,183349,12367,9,2,3,7,23,9,98,SAT,0.0
2811,2013-12-12,2013-12-12,486235,11146,68,2,3,5,58,9,98,SAT,0.0
2812,2013-12-12,2013-12-18,105201,12198,69,2,6,5,58,9,98,Not Rated,0.0
2813,2013-12-12,2013-12-13,1894288,11217,75,2,3,7,21,9,98,Not Rated,0.0
2814,2013-12-12,2013-12-13,1800121,189,42,2,3,5,42,9,98,NSA,0.0
2815,2013-12-13,2013-12-27,2057032,355,60,2,3,7,11,9,98,SAT,0.0
2816,2013-12-13,2013-12-13,1680117,9175,72,1,8,8,44,9,98,Not Rated,0.0
2817,2013-12-13,2013-12-17,507609,9558,73,2,6,5,57,9,98,SAT,0.0
2818,2013-12-13,2014-01-17,1856237,1994,45,2,5,5,12,9,98,SAT,0.0
2819,2013-12-13,2013-12-13,2039072,12229,76,2,7,7,46,9,98,Not Rated,0.0
2820,2013-12-16,2013-12-19,2470055,2478,40,2,4,5,50,9,98,NSA,0.0
2821,2013-12-16,2013-12-16,1838189,9622,52,2,5,4,10,9,98,SAT,0.0
2822,2013-12-16,2013-12-19,328291,9601,2,2,5,7,10,9,98,SAT,0.0
2823,2013-12-17,2013-12-23,1832270,9175,73,2,3,7,11,9,98,NSA,0.0
2824,2013-12-17,2014-01-09,2096697,12061,73,2,3,5,52,9,98,SAT,0.0
2825,2013-12-17,2013-12-19,585733,9588,53,2,6,5,15,9,98,NSA,0.0
2826,2013-12-17,2014-01-10,2181345,1875,27,2,3,5,16,9,98,NSA,0.0
2828,2013-12-18,2013-12-20,1763077,8853,6,2,7,5,6,9,98,Not Rated,0.0
2829,2013-12-18,2014-01-02,2184362,10552,39,2,5,5,9,9,98,Not Rated,0.0
2830,2013-12-18,2014-01-02,2176868,10987,28,2,3,7,11,9,98,NSA,0.0
2831,2013-12-18,2014-01-20,2186382,1997,39,2,3,5,12,9,98,Not Rated,0.0
2833,2013-12-19,2013-12-19,678259,2637,22,2,6,5,58,9,98,Not Rated,0.0
2834,2013-12-19,2013-12-24,690399,10553,2,2,6,5,57,9,98,SAT,0.0
2835,2013-12-19,2013-12-30,629272,10637,41,2,6,5,58,9,98,SAT,0.0
2836,2013-12-16,2014-02-04,1837206,11537,4,2,5,5,32,9,98,Not Rated,0.0
2837,2013-12-20,2013-12-20,823028,10197,60,1,8,8,14,9,98,Not Rated,0.0
2838,2013-12-20,2013-12-20,1761682,10744,42,2,3,5,46,9,98,Not Rated,0.0
2839,2013-12-20,2014-01-14,1894263,10507,31,2,5,5,18,9,98,Not Rated,0.0
2840,2013-12-20,2013-12-20,1829805,1202,33,2,3,7,46,9,98,Not Rated,0.0
2841,2013-12-24,2013-12-24,23061,11133,74,2,6,5,50,9,98,Not Rated,0.0
2842,2013-12-13,2014-01-14,605807,10693,20,2,3,7,11,9,98,SAT,0.0
2843,2013-12-13,2013-12-27,54126,7626,52,2,3,5,57,9,98,SAT,0.0
2844,2013-12-30,2014-01-17,529114,11127,45,2,7,8,11,9,98,SAT,0.0
2845,2013-12-30,2014-01-15,1983290,10111,66,1,8,8,14,9,98,Not Rated,0.0
2846,2013-12-30,2014-01-28,625509,1702,58,2,6,5,15,9,98,NSA,0.0
2847,2013-12-31,2014-02-07,885450,11188,74,2,3,7,11,9,98,SAT,0.0
2848,2014-01-02,2014-01-03,2180234,11262,60,2,3,7,21,9,98,NSA,0.0
2849,2013-12-30,2014-02-07,854258,1875,39,2,5,5,6,9,98,Not Rated,0.0
2850,2014-01-02,2014-01-23,2115652,125,31,2,6,3,12,9,98,SAT,0.0
2851,2014-01-03,2014-01-03,892841,12262,29,2,3,7,21,9,98,SAT,0.0
2852,2014-01-03,2014-01-03,348149,1879,48,2,2,1,21,9,98,SAT,0.0
2854,2013-12-31,2014-01-31,2225347,12589,63,2,5,8,9,9,98,Not Rated,0.0
2855,2014-01-03,2014-01-30,1911104,10160,10,2,5,5,10,9,98,Not Rated,0.0
2856,2013-12-11,2013-12-27,2289912,10534,39,2,5,5,7,9,98,Not Rated,0.0
2857,2014-01-07,2014-01-14,1785430,2477,40,2,4,7,11,9,98,Not Rated,0.0
2858,2014-01-08,2014-01-08,1796696,7682,37,1,8,8,19,9,98,Not Rated,0.0
2859,2014-01-08,2014-01-08,1772344,10623,25,2,4,1,21,9,98,SAT,0.0
2860,2014-01-08,2014-01-08,1659103,11052,38,2,5,5,21,9,98,NSA,0.0
2861,2014-01-08,2014-01-13,515945,39,7,2,3,7,13,9,98,SAT,0.0
2862,2014-01-08,2014-01-16,1848302,11074,28,2,7,7,29,9,98,NSA,0.0
2863,2013-12-30,2014-01-17,49996,940,5,2,5,7,13,9,98,NSA,0.0
2864,2014-01-09,2014-01-14,335874,2666,33,2,3,5,12,9,98,NSA,0.0
2865,2014-01-10,2014-01-10,421944,9775,12,2,7,7,18,9,98,SAT,0.0
2866,2014-01-10,2014-01-20,285344,12048,70,2,7,5,10,9,98,NSA,0.0
2867,2014-01-10,2014-01-14,2088292,10187,42,2,3,5,57,9,98,NSA,0.0
2868,2014-01-07,2014-01-08,584845,2637,76,2,2,1,15,9,98,Not Rated,0.0
2869,2013-12-31,2014-01-20,891851,8385,54,2,6,5,38,9,98,SAT,0.0
2870,2014-01-10,2014-02-04,1871386,8820,72,2,6,5,7,9,98,SAT,0.0
2871,2014-01-10,2014-01-20,893069,9175,65,2,6,5,58,9,98,SAT,0.0
2872,2014-01-13,2014-01-13,1854465,1328,27,2,3,5,21,9,98,SAT,0.0
2873,2014-01-13,2014-01-23,1888934,8946,18,1,8,8,15,9,98,Not Rated,0.0
2874,2014-01-13,2014-02-21,6403,8858,52,1,3,5,9,9,98,NSA,0.0
2875,2014-01-14,2014-01-14,1699703,1846,56,1,8,8,10,9,98,Not Rated,0.0
2876,2014-01-14,2014-01-17,2178713,11910,25,2,6,5,12,9,98,SAT,0.0
2877,2014-01-15,2014-01-24,428125,1680,30,2,3,7,11,9,98,NSA,0.0
2878,2014-01-15,2014-02-13,445743,11254,6,2,3,5,10,9,98,SAT,0.0
2879,2014-01-14,2014-03-17,45609,11537,8,2,3,5,16,9,98,SAT,0.0
2880,2014-01-15,2014-01-15,157991,9588,60,2,3,1,21,9,98,Not Rated,0.0
2881,2014-01-16,2014-01-16,1895575,11764,58,2,5,5,21,9,98,SAT,0.0
2882,2014-01-16,2014-01-22,2010966,11137,17,2,3,7,11,9,98,NSA,0.0
2883,2014-01-16,2014-01-16,614106,9662,15,2,3,5,32,9,98,NSA,0.0
2884,2014-01-16,2014-01-16,1846827,542,11,1,8,8,10,9,98,Not Rated,0.0
2885,2014-05-06,2014-05-07,2422961,138,71,2,3,7,21,9,98,SAT,0.0
2886,2014-01-17,2014-01-17,725638,11212,12,2,6,5,57,9,98,SAT,0.0
2887,2014-01-17,2014-01-20,2058082,10426,34,2,3,5,12,9,98,SAT,0.0
2888,2014-01-20,2014-01-24,1804350,11052,39,2,8,8,15,9,98,Not Rated,0.0
2889,2014-01-20,2014-02-20,287078,7671,62,2,3,7,11,9,98,Not Rated,0.0
2890,2014-01-20,2014-01-20,490582,9001,70,2,7,3,15,9,98,SAT,0.0
2891,2014-01-20,2014-01-24,672325,11626,28,2,3,5,21,9,98,SAT,0.0
2893,2014-01-20,2014-01-31,1896591,9445,45,2,3,5,54,9,98,SAT,0.0
2894,2014-01-20,2014-01-21,1883553,7950,19,2,3,5,12,9,98,SAT,0.0
2895,2014-01-21,2014-03-21,1884891,10020,52,2,3,5,12,9,98,NSA,0.0
2896,2014-01-21,2014-01-30,1766506,12125,62,2,3,7,11,9,98,SAT,0.0
2897,2014-01-21,2014-01-28,896622,473,15,2,4,5,50,9,98,NSA,0.0
2898,2014-01-21,2014-01-24,1813967,2460,70,2,6,5,1,9,98,SAT,0.0
2899,2014-01-21,2014-02-11,2216946,11960,38,2,6,5,52,9,98,SAT,0.0
2900,2014-01-21,2014-01-21,1810490,8882,25,2,6,5,58,9,98,SAT,0.0
2901,2014-01-21,2014-03-11,1837847,1748,70,1,3,7,9,9,98,NSA,0.0
2902,2014-01-22,2014-01-22,836638,1500,13,2,2,1,21,9,98,Not Rated,0.0
2903,2014-01-22,2014-01-27,2066841,2555,66,2,6,5,7,9,98,Not Rated,0.0
2904,2014-01-23,2014-02-20,284266,9884,1,2,3,5,21,9,98,SAT,0.0
2905,2014-01-23,2014-01-28,1813735,10917,65,2,3,7,44,9,98,NSA,0.0
2907,2014-01-24,2014-01-28,144309,12692,50,2,2,1,15,9,98,SAT,0.0
2908,2014-01-23,2014-01-28,1659113,12754,61,1,2,5,9,9,98,SAT,0.0
2909,2014-01-24,2014-02-03,896585,922,24,2,4,5,50,9,98,NSA,0.0
2910,2014-01-24,2014-01-24,1880423,8970,71,2,8,8,19,9,98,Not Rated,0.0
2911,2014-01-24,2014-01-31,1806725,12034,53,2,3,5,10,9,98,Not Rated,0.0
2912,2014-01-24,2014-02-05,1840843,842,8,2,5,5,12,9,98,Not Rated,0.0
2913,2014-01-24,2014-02-04,184749,11806,25,2,6,5,58,9,98,SAT,0.0
2914,2014-01-20,2014-01-30,2181345,11552,15,2,2,1,9,9,98,NSA,0.0
2916,2014-01-21,2014-02-26,458053,2555,12,2,3,7,11,9,98,SAT,0.0
2917,2014-01-27,2014-01-30,738204,909,75,2,3,5,7,9,98,NSA,0.0
2918,2014-01-27,2014-02-04,508432,125,15,1,4,5,50,9,98,NSA,0.0
2919,2014-01-08,2014-01-24,1813207,11558,41,2,3,5,58,9,98,SAT,0.0
2920,2014-01-28,2014-02-27,1912182,11482,46,2,5,5,18,9,98,Not Rated,0.0
2921,2014-01-28,2014-01-30,336003,1500,43,2,6,5,7,9,98,Not Rated,0.0
2923,2014-01-23,2014-02-05,133493,11713,66,2,5,1,12,9,98,SAT,0.0
2924,2014-01-29,2014-01-30,2141099,11077,33,2,3,5,58,9,98,SAT,0.0
2925,2014-01-29,2014-02-07,87417,1846,40,2,3,7,45,9,98,NSA,0.0
2926,2014-01-29,2014-02-06,358589,11133,15,2,7,3,15,9,98,SAT,0.0
2927,2014-01-29,2014-01-29,1809729,10749,75,2,3,5,11,9,98,NSA,0.0
2928,2014-01-29,2014-01-29,2058621,11134,18,2,3,5,2,9,98,Not Rated,0.0
2929,2014-01-29,2014-02-07,2254708,9983,76,2,6,5,15,9,98,Not Rated,0.0
2930,2014-01-30,2014-01-31,1922065,10563,42,2,3,4,42,9,98,NSA,0.0
2931,2014-01-30,2014-02-03,747614,11071,8,2,3,7,42,9,98,NSA,0.0
2932,2014-01-29,2014-02-03,273135,7640,37,2,3,7,42,9,98,NSA,0.0
2933,2014-01-31,2014-01-31,488018,11028,29,2,2,1,21,9,98,NSA,0.0
2934,2014-01-27,2014-02-13,422592,10426,9,2,3,7,11,9,98,SAT,0.0
2935,2014-01-31,2014-02-03,148454,2500,21,2,4,5,21,9,98,SAT,0.0
2936,2014-01-31,2014-02-13,293714,10994,44,2,6,5,12,9,98,SAT,0.0
2937,2014-01-31,2014-02-06,358155,2519,47,2,6,5,12,9,98,SAT,0.0
2938,2014-02-03,2014-04-16,2038591,8911,8,2,5,5,25,9,98,Not Rated,0.0
2939,2014-02-03,2014-02-03,892194,10739,39,2,6,5,21,9,98,SAT,0.0
2940,2014-02-03,2014-02-10,2079830,12754,49,2,6,5,12,9,98,SAT,0.0
2941,2014-02-03,2014-02-07,2084547,1548,27,2,5,5,16,9,98,NSA,0.0
2942,2014-02-03,2014-02-06,2510630,10563,23,2,6,5,57,9,98,SAT,0.0
2943,2014-02-03,2014-03-13,1827917,11212,71,2,6,5,50,9,98,NSA,0.0
2945,2014-02-03,2014-04-10,490582,282,53,2,3,5,40,9,98,NSA,0.0
2946,2014-02-03,2014-02-10,112516,12003,48,2,7,3,15,9,98,Not Rated,0.0
2947,2014-02-04,2014-02-17,132268,10359,35,2,3,5,21,9,98,NSA,0.0
2948,2014-02-04,2014-02-04,807326,11255,65,2,7,7,18,9,98,SAT,0.0
2949,2014-02-04,2014-02-06,405060,645,2,2,2,1,21,9,98,NSA,0.0
2951,2014-02-04,2014-02-12,1765152,10982,48,1,5,4,9,9,98,Not Rated,0.0
2952,2014-02-05,2014-02-05,1913029,9799,57,2,2,1,11,9,98,Not Rated,0.0
2953,2014-02-04,2014-03-05,216452,1956,24,1,3,5,42,9,98,NSA,0.0
2955,2014-02-05,2014-02-06,201719,11154,64,2,3,5,15,9,98,Not Rated,0.0
2956,2014-02-05,2014-02-25,313906,11978,66,2,2,1,11,9,98,SAT,0.0
2957,2014-02-03,2014-02-25,665145,9361,41,2,3,5,15,9,98,SAT,0.0
2958,2014-02-05,2014-03-04,864425,10071,61,2,5,5,15,9,98,SAT,0.0
2959,2014-02-03,2014-03-17,195709,11212,5,2,5,5,18,9,98,Not Rated,0.0
2960,2014-02-05,2014-02-13,865714,10428,28,2,3,5,18,9,98,SAT,0.0
2961,2014-01-31,2014-02-06,2172712,9799,33,2,3,5,56,9,98,SAT,0.0
2962,2014-02-06,2014-02-06,1900610,8953,2,2,2,1,21,9,98,SAT,0.0
2963,2014-02-06,2014-04-09,1679920,11052,55,2,5,5,40,9,98,SAT,0.0
2964,2014-02-05,2014-02-07,1773019,11146,32,2,3,7,11,9,98,Not Rated,0.0
2965,2014-02-07,2014-02-20,2068696,11747,39,2,6,5,12,9,98,NSA,0.0
2966,2014-02-07,2014-02-11,824356,9873,32,2,3,5,15,9,98,SAT,0.0
2967,2014-02-07,2014-02-12,795702,8963,3,2,2,1,18,9,98,SAT,0.0
2968,2014-02-07,2014-02-10,564949,10850,19,2,2,7,11,9,98,NSA,0.0
2969,2014-02-07,2014-02-07,1778935,11714,63,2,6,5,57,9,98,SAT,0.0
2970,2014-02-07,2014-02-20,1844019,496,22,2,6,5,12,9,98,SAT,0.0
2972,2014-02-10,2014-02-10,1795163,10072,22,2,3,1,11,9,98,NSA,0.0
2973,2014-02-07,2014-03-17,757095,9206,15,2,3,5,10,9,98,Not Rated,0.0
2974,2014-02-03,2014-02-13,1855269,2676,15,2,3,7,11,9,98,NSA,0.0
2975,2014-02-10,2014-02-10,697303,11158,55,2,6,5,57,9,98,SAT,0.0
2976,2014-02-10,2014-02-17,1812089,11254,43,2,4,5,50,9,98,NSA,0.0
2977,2014-01-14,2014-01-24,306544,8055,77,2,7,3,11,9,98,SAT,0.0
2978,2014-02-10,2014-02-13,124062,781,19,2,5,3,15,9,98,SAT,0.0
2979,2014-02-11,2014-02-26,707494,10187,33,2,2,1,15,9,98,SAT,0.0
2981,2014-02-11,2014-03-11,562700,11123,75,2,3,5,2,9,98,Not Rated,0.0
2983,2014-02-12,2014-03-10,513876,12102,27,2,3,5,11,9,98,NSA,0.0
2985,2014-02-13,2014-04-08,1707912,9419,50,2,5,5,11,9,98,NSA,0.0
2986,2014-02-13,2014-04-04,2163918,194,3,2,3,5,50,9,98,NSA,0.0
2987,2014-02-13,2014-02-24,517344,911,2,2,4,5,50,9,98,NSA,0.0
2988,2014-02-14,2014-02-20,2109010,10973,64,2,3,7,11,9,98,NSA,0.0
2989,2014-02-14,2014-02-21,880257,9958,46,2,6,5,40,9,98,SAT,0.0
2991,2014-02-14,2014-02-28,524220,8569,34,2,4,5,50,9,98,NSA,0.0
2992,2014-02-14,2014-02-26,2205986,11798,21,2,4,5,50,9,98,Not Rated,0.0
2993,2014-02-14,2014-03-24,2088245,11973,63,2,5,5,12,9,98,Not Rated,0.0
2995,2014-02-14,2014-02-28,2224507,8356,48,2,3,5,50,9,98,NSA,0.0
2996,2014-02-14,2014-02-19,2079506,542,48,2,2,1,21,9,98,SAT,0.0
2997,2014-02-13,2014-03-17,1706437,461,15,2,3,5,32,9,98,Not Rated,0.0
2998,2014-02-17,2014-03-04,895083,1846,75,2,3,5,11,9,98,NSA,0.0
2999,2014-02-07,2014-03-28,2294487,839,48,2,3,5,58,9,98,NSA,0.0
3000,2014-02-06,2014-03-13,335431,1430,36,1,3,5,15,9,98,NSA,0.0
3001,2014-02-15,2014-03-04,1798813,991,26,2,4,5,50,9,98,NSA,0.0
3002,2014-02-19,2014-02-19,495540,2676,56,2,3,5,40,9,98,NSA,0.0
3003,2014-02-19,2014-03-27,2216574,8106,6,2,5,5,18,9,98,SAT,0.0
3004,2014-02-12,2014-02-24,1793736,8853,9,2,3,5,58,9,98,NSA,0.0
3005,2014-02-20,2014-03-04,1789732,8946,52,2,3,1,45,9,98,NSA,0.0
3006,2014-02-20,2014-02-20,2141535,197,13,2,3,1,21,9,98,NSA,0.0
3007,2014-02-20,2014-02-25,897094,645,45,2,3,9,18,9,98,Not Rated,0.0
3008,2014-02-20,2014-02-20,1904107,9562,22,2,3,5,21,9,98,NSA,0.0
3009,2014-02-20,2014-02-20,1885795,10892,24,1,8,8,13,9,98,Not Rated,0.0
3010,2014-02-24,2014-03-05,1870021,10982,5,2,2,1,15,9,98,SAT,0.0
3011,2014-02-21,2014-02-21,894619,8885,51,2,6,5,21,9,98,NSA,0.0
3012,2014-02-21,2014-03-31,1878933,1465,3,2,6,5,12,9,98,Not Rated,0.0
3013,2014-02-21,2014-03-31,451058,11537,27,2,6,5,12,9,98,SAT,0.0
3014,2014-02-24,2014-05-12,379689,10676,17,2,3,5,15,9,98,Not Rated,0.0
3015,2014-03-10,2014-03-12,425942,11552,53,2,3,7,15,9,98,Not Rated,0.0
3016,2014-02-24,2014-03-07,156306,12328,61,2,7,6,10,9,98,NSA,0.0
3017,2014-02-24,2014-03-06,1813253,8116,77,2,5,5,15,9,98,NSA,0.0
3018,2014-02-24,2014-03-12,2115231,11171,3,2,5,5,15,9,98,SAT,0.0
3019,2014-02-24,2014-02-26,40368,11916,18,2,6,5,57,9,98,SAT,0.0
3021,2014-02-24,2014-02-25,883702,10225,26,2,6,5,57,9,98,SAT,0.0
3022,2014-02-24,2014-04-08,704080,1548,76,2,3,5,42,9,98,NSA,0.0
3023,2014-02-19,2014-03-17,558657,8544,30,2,6,5,13,9,98,Not Rated,0.0
3024,2014-02-19,2014-04-09,2440243,192,43,2,3,5,15,9,98,SAT,0.0
3025,2014-02-26,2014-04-16,284362,11116,40,2,6,5,4,9,98,NSA,0.0
3026,2014-02-26,2014-02-27,2100987,2507,15,2,3,5,12,9,98,SAT,0.0
3027,2014-02-28,2014-02-28,873791,10861,49,2,3,7,21,9,98,NSA,0.0
3029,2014-02-27,2014-03-04,2346294,974,27,2,3,5,7,9,98,NSA,0.0
3030,2014-02-28,2014-04-01,270881,10566,62,2,5,5,40,9,98,Not Rated,0.0
3031,2014-02-28,2014-03-24,810510,1291,47,2,5,5,12,9,98,SAT,0.0
3032,2014-02-28,2014-03-11,615323,10992,77,2,3,5,57,9,98,SAT,0.0
3033,2014-02-28,2014-03-06,2092529,11097,63,2,3,1,10,9,98,Not Rated,0.0
3034,2014-02-18,2014-02-24,550590,269,15,2,5,7,15,9,98,SAT,0.0
3036,2014-03-05,2014-03-21,2101484,10861,27,2,3,1,11,9,98,NSA,0.0
3037,2014-03-04,2014-04-17,1853902,10553,6,2,3,5,21,9,98,SAT,0.0
3038,2014-03-05,2014-03-07,191316,10325,63,2,2,1,15,9,98,SAT,0.0
3040,2014-03-05,2014-03-07,1913035,11171,47,2,2,1,15,9,98,SAT,0.0
3043,2014-03-04,2014-03-17,2202820,8113,11,2,5,5,1,9,98,SAT,0.0
3044,2014-03-05,2014-03-27,384341,2309,63,2,3,5,13,9,98,NSA,0.0
3045,2014-03-06,2014-04-25,1707989,10983,38,2,7,5,12,9,98,Not Rated,0.0
3046,2014-03-06,2014-03-17,1910760,824,12,2,5,5,50,9,98,NSA,0.0
3047,2014-03-06,2014-03-19,713418,9853,74,2,5,5,12,9,98,SAT,0.0
3048,2014-03-06,2014-03-12,2007926,2555,30,2,6,5,12,9,98,SAT,0.0
3049,2014-03-06,2014-03-13,467198,10576,3,2,7,3,15,9,98,Not Rated,0.0
3052,2014-03-06,2014-05-14,878538,11154,71,2,3,5,21,9,98,SAT,0.0
3053,2014-03-07,2014-03-27,2412530,9803,64,2,5,5,12,9,98,SAT,0.0
3054,2014-03-07,2014-03-19,220828,11194,54,2,6,5,12,9,98,SAT,0.0
3055,2014-03-06,2014-03-12,2446335,9562,48,2,3,5,50,9,98,SAT,0.0
3056,2014-02-26,2014-03-13,383810,12003,67,2,3,5,13,9,98,Not Rated,0.0
3057,2014-03-10,2014-03-12,2477323,10728,5,2,2,1,10,9,98,Not Rated,0.0
3058,2014-03-11,2014-03-13,1706514,7841,66,2,3,5,11,9,98,Not Rated,0.0
3059,2014-02-24,2014-03-11,1825396,9205,56,2,6,5,2,9,98,Not Rated,0.0
3060,2014-03-05,2014-03-19,2426951,11028,10,2,5,5,15,9,98,Not Rated,0.0
3061,2014-02-17,2014-03-13,2006350,12250,51,2,3,5,12,9,98,Not Rated,0.0
3062,2014-03-12,2014-03-19,5464,9210,78,1,7,8,19,9,98,SAT,0.0
3063,2014-03-11,2014-03-12,2172440,1678,50,2,3,5,44,9,98,NSA,0.0
3064,2014-02-25,2014-03-12,272053,8066,33,2,5,5,21,9,98,NSA,0.0
3065,2014-03-12,2014-03-27,1837950,11714,67,2,3,5,11,9,98,SAT,0.0
3066,2014-03-13,2014-03-13,1841415,10710,37,2,3,1,34,9,98,SAT,0.0
3067,2014-03-13,2014-03-17,889054,2696,20,1,7,8,15,9,98,Not Rated,0.0
3068,2014-03-13,2014-03-21,529895,9816,53,2,5,5,12,9,98,SAT,0.0
3069,2014-03-14,2014-03-14,148454,473,6,1,4,5,15,9,98,Not Rated,0.0
3071,2014-03-06,2014-03-17,207142,175,6,2,2,5,6,9,98,SAT,0.0
3072,2014-03-14,2014-03-28,228521,9175,78,2,7,5,15,9,98,SAT,0.0
3073,2014-03-14,2014-04-23,1659894,9726,9,2,6,5,56,9,98,NSA,0.0
3074,2014-03-17,2014-03-19,99304,12024,4,2,3,5,50,9,98,NSA,0.0
3075,2014-03-17,2014-03-17,893328,12476,47,2,2,1,34,9,98,SAT,0.0
3076,2014-03-17,2014-04-01,738177,10603,16,2,3,1,50,9,98,Not Rated,0.0
3077,2014-03-12,2014-04-01,2116870,11069,25,2,3,5,11,9,98,NSA,0.0
3078,2014-03-17,2014-03-28,1884506,2569,20,2,3,5,10,9,98,NSA,0.0
3079,2014-03-14,2014-03-14,728852,1706,63,2,3,5,11,9,98,SAT,0.0
3080,2014-03-18,2014-04-07,385877,9901,42,2,7,5,12,9,98,Not Rated,0.0
3081,2014-03-16,2014-04-25,169730,11127,64,2,6,5,54,9,98,SAT,0.0
3083,2014-03-19,2014-03-21,554190,11265,36,2,3,1,40,9,98,NSA,0.0
3084,2014-01-14,2014-03-04,538355,11122,24,1,2,5,8,9,98,SAT,0.0
3085,2014-03-19,2014-05-08,2448571,8544,66,1,4,5,50,9,98,Not Rated,0.0
3086,2014-03-19,2014-03-31,891250,11825,54,2,3,5,10,9,98,SAT,0.0
3087,2014-02-17,2014-03-21,254068,10646,56,2,7,5,8,9,98,Not Rated,0.0
3088,2014-03-20,2014-03-28,116794,10225,6,2,5,5,10,9,98,NSA,0.0
3089,2014-03-21,2014-03-28,2184885,11160,7,2,2,4,21,9,98,SAT,0.0
3090,2014-03-24,2014-03-24,217424,12563,45,2,7,1,15,9,98,Not Rated,0.0
3091,2014-03-21,2014-04-04,455595,9610,37,2,3,5,12,9,98,SAT,0.0
3092,2014-03-21,2014-03-27,2127789,12352,71,2,5,5,58,9,98,SAT,0.0
3094,2014-03-26,2014-04-02,682673,242,52,1,3,5,50,9,98,NSA,0.0
3096,2014-03-20,2014-04-16,780508,11545,66,2,3,5,11,9,98,SAT,0.0
3097,2014-03-27,2014-04-15,2033756,12414,69,2,6,5,54,9,98,SAT,0.0
3098,2014-03-27,2014-03-27,360204,11150,24,2,3,1,13,9,98,NSA,0.0
3099,2014-03-27,2014-05-07,1884482,11011,72,2,6,5,11,9,98,SAT,0.0
3100,2014-03-27,2014-05-09,1845417,11083,6,2,6,5,12,9,98,SAT,0.0
3101,2014-03-27,2014-03-31,239666,11960,42,2,6,5,12,9,98,SAT,0.0
3102,2014-03-28,2014-04-07,208592,187,40,2,2,1,15,9,98,NSA,0.0
3103,2014-03-28,2014-04-01,891512,1106,68,2,5,5,15,9,98,Not Rated,0.0
3104,2014-03-31,2014-04-01,284867,8432,56,2,3,5,11,9,98,NSA,0.0
3105,2014-03-31,2014-04-08,2019206,12475,30,2,6,5,57,9,98,SAT,0.0
3106,2014-03-31,2014-03-31,2539607,11286,71,2,5,5,21,9,98,NSA,0.0
3107,2014-04-01,2014-04-16,605574,11254,20,2,2,1,15,9,98,NSA,0.0
3108,2014-03-31,2014-04-02,415045,11123,9,2,5,5,21,9,98,Not Rated,0.0
3109,2014-04-01,2014-05-13,2519339,356,56,1,7,8,15,9,98,SAT,0.0
3110,2014-04-02,2014-04-02,605760,2468,39,2,2,1,21,9,98,NSA,0.0
3111,2014-04-03,2014-04-03,2037270,2007,64,2,2,1,21,9,98,Not Rated,0.0
3112,2014-04-02,2014-04-23,2058310,9445,50,2,6,5,54,9,98,NSA,0.0
3113,2014-04-03,2014-04-03,527601,2659,60,2,2,1,21,9,98,SAT,0.0
3114,2014-04-03,2014-04-08,1795704,10187,65,1,8,8,21,9,98,SAT,0.0
3115,2014-03-26,2014-03-31,79231,12356,62,1,7,5,10,9,98,Not Rated,0.0
3116,2014-04-03,2014-04-03,303942,345,14,2,3,5,21,9,98,Not Rated,0.0
3117,2014-04-03,2014-04-09,507364,11171,11,2,7,7,15,9,98,Not Rated,0.0
3118,2014-04-03,2014-04-04,2107628,1350,78,1,8,8,19,9,98,Not Rated,0.0
3120,2014-04-03,2014-04-07,1915680,1342,49,2,5,5,57,9,98,SAT,0.0
3121,2014-04-04,2014-04-15,1850548,8120,65,2,4,5,50,9,98,NSA,0.0
3122,2014-04-04,2014-04-04,2385690,2502,69,2,6,1,18,9,98,SAT,0.0
3123,2014-04-03,2014-05-15,402394,238,2,2,6,5,21,9,98,SAT,0.0
3125,2014-04-07,2014-04-07,1691080,7671,10,2,7,3,18,9,98,SAT,0.0
3126,2014-04-07,2014-04-07,455953,9021,66,2,4,5,21,9,98,Not Rated,0.0
3127,2014-04-07,2014-04-23,188598,10108,38,2,6,5,57,9,98,SAT,0.0
3128,2014-04-07,2014-04-23,1809230,2666,31,2,6,5,57,9,98,SAT,0.0
3129,2014-04-07,2014-04-25,438222,10218,46,2,7,5,12,9,98,Not Rated,0.0
3130,2014-04-09,2014-04-14,1807825,12563,69,2,7,5,21,9,98,Not Rated,0.0
3131,2014-04-01,2014-04-09,1864900,486,30,2,7,5,9,9,98,SAT,0.0
3134,2014-04-10,2014-04-11,2362056,9797,75,2,7,5,18,9,98,Not Rated,0.0
3135,2014-04-10,2014-04-23,2426951,2117,30,2,6,5,57,9,98,SAT,0.0
3136,2014-04-10,2014-04-16,225148,1352,29,2,7,3,15,9,98,SAT,0.0
3137,2014-04-11,2014-05-09,77777,8138,42,2,3,5,7,9,98,SAT,0.0
3138,2014-04-11,2014-08-20,891422,1548,70,2,5,5,32,9,98,Not Rated,0.0
3140,2014-04-14,2014-04-14,1326,11163,55,2,2,1,34,9,98,SAT,0.0
3141,2014-04-14,2014-05-16,1842238,1270,23,1,8,8,15,9,98,SAT,0.0
3142,2014-04-07,2014-04-29,2072826,12065,24,2,5,5,52,9,98,SAT,0.0
3143,2014-04-02,2014-04-15,353982,1266,10,1,4,5,15,9,98,NSA,0.0
3144,2014-04-02,2014-05-14,2324179,10112,46,2,3,5,13,9,98,NSA,0.0
3145,2014-03-27,2014-04-11,2101882,9175,10,2,3,5,15,9,98,SAT,0.0
3146,2014-04-15,2014-04-15,893799,494,50,2,5,5,21,9,98,SAT,0.0
3147,2014-04-16,2014-04-23,2101010,10850,70,2,3,1,18,9,98,SAT,0.0
3148,2014-04-16,2014-10-06,756831,11003,14,2,3,7,15,9,98,NSA,0.0
3149,2014-04-16,2014-05-27,1675393,8367,77,1,8,8,15,9,98,SAT,0.0
3150,2014-04-16,2014-04-24,2097232,9272,36,2,3,5,12,9,98,Not Rated,0.0
3151,2014-04-17,2014-05-06,2382195,197,41,2,2,1,19,9,98,SAT,0.0
3153,2014-04-17,2014-04-24,1807234,10031,19,2,3,1,15,9,98,SAT,0.0
3154,2014-04-07,2014-04-30,684096,1256,11,2,3,1,11,9,98,Not Rated,0.0
3155,2014-04-09,2014-04-22,141424,940,21,2,3,5,3,9,98,Not Rated,0.0
3156,2014-04-22,2014-04-22,316542,9247,46,2,2,7,15,9,98,Not Rated,0.0
3157,2014-04-17,2014-04-25,1800005,528,72,2,3,5,15,9,98,NSA,0.0
3158,2014-04-24,2014-05-02,2379231,10563,54,2,2,1,21,9,98,NSA,0.0
3159,2014-04-16,2014-05-21,2004007,10982,3,1,3,5,50,9,98,NSA,0.0
3161,2014-04-17,2014-04-25,1866084,10722,14,2,4,5,50,9,98,NSA,0.0
3162,2014-04-24,2014-04-24,628774,11984,61,2,4,7,15,9,98,Not Rated,0.0
3164,2014-04-24,2014-04-30,2385737,7949,44,2,3,1,11,9,98,SAT,0.0
3165,2014-04-25,2014-05-02,714448,2659,30,2,7,1,34,9,98,Not Rated,0.0
3166,2014-04-24,2014-05-09,689150,11220,37,2,6,5,15,9,98,SAT,0.0
3167,2014-04-24,2014-05-05,558042,2613,2,2,6,5,11,9,98,SAT,0.0
3168,2014-04-24,2014-06-06,1675199,12061,49,2,3,5,21,9,98,NSA,0.0
3169,2014-04-11,2014-05-08,1908594,12352,77,2,7,3,11,9,98,SAT,0.0
3170,2014-04-25,2014-05-02,1659098,11182,48,2,3,1,15,9,98,Not Rated,0.0
3171,2014-04-25,2014-05-06,413406,10794,7,2,3,1,11,9,98,SAT,0.0
3172,2014-04-25,2014-04-30,2186352,2666,17,2,5,7,10,9,98,SAT,0.0
3173,2014-04-28,2014-05-14,388230,11916,9,2,5,5,40,9,98,NSA,0.0
3174,2014-04-28,2014-05-06,750454,10218,58,2,5,5,9,9,98,SAT,0.0
3175,2014-04-28,2014-05-08,236624,175,25,2,7,7,10,9,98,SAT,0.0
3176,2014-04-28,2014-06-04,1876748,2468,65,2,3,5,12,9,98,Not Rated,0.0
3177,2014-04-29,2014-05-28,893333,187,49,2,5,5,12,9,98,Not Rated,0.0
3178,2014-04-29,2014-04-29,1982297,10073,30,2,7,7,18,9,98,Not Rated,0.0
3179,2014-05-14,2014-05-21,1786931,11148,4,2,2,1,15,9,98,SAT,0.0
3180,2014-04-29,2014-05-28,2018010,9445,3,2,2,1,15,9,98,SAT,0.0
3181,2014-04-30,2014-05-16,475476,586,8,2,2,1,21,9,98,SAT,0.0
3182,2014-04-30,2014-04-30,1883822,10235,73,2,7,5,50,9,98,SAT,0.0
3183,2014-04-30,2014-04-30,351826,8106,64,1,4,5,10,9,98,Not Rated,0.0
3184,2014-04-17,2014-05-09,2092588,9970,58,2,5,7,21,9,98,SAT,0.0
3186,2014-04-30,2014-05-27,1878057,11133,11,2,8,8,15,9,98,SAT,0.0
3187,2014-05-02,2014-05-22,1864321,2378,43,2,7,8,21,9,98,SAT,0.0
3188,2014-03-21,2014-05-05,760794,8359,74,2,3,5,7,9,98,NSA,0.0
3189,2014-05-05,2014-05-16,187783,978,47,2,7,3,2,9,98,SAT,0.0
3190,2014-05-06,2014-05-06,1695033,11806,9,2,2,1,21,9,98,NSA,0.0
3191,2014-05-06,2014-05-06,2109064,9800,21,2,6,5,21,9,98,NSA,0.0
3192,2014-05-06,2014-05-28,1647388,11104,18,2,3,1,10,9,98,Not Rated,0.0
3193,2014-05-06,2014-05-06,508693,10737,57,2,3,1,21,9,98,NSA,0.0
3194,2014-05-06,2014-05-15,2084058,2175,77,2,3,1,11,9,98,NSA,0.0
3195,2014-05-06,2014-05-20,1859687,1210,17,2,4,5,50,9,98,NSA,0.0
3197,2014-05-07,2014-05-15,2129991,12229,3,2,6,5,45,9,98,Not Rated,0.0
3198,2014-05-07,2014-05-23,1884876,10428,50,2,5,5,11,9,98,SAT,0.0
3199,2014-05-08,2014-06-19,2079878,1957,36,2,3,5,23,9,98,Not Rated,0.0
3200,2014-05-06,2014-05-26,2009522,1956,22,1,3,5,11,9,98,NSA,0.0
3201,2014-05-08,2014-05-21,1776847,10225,39,2,6,5,12,9,98,SAT,0.0
3202,2014-05-08,2014-05-09,2502746,12120,40,2,3,5,57,9,98,SAT,0.0
3203,2014-05-08,2014-05-19,504375,10883,34,2,6,5,10,9,98,SAT,0.0
3204,2014-04-07,2014-04-09,2308404,12345,74,2,2,1,21,9,98,SAT,0.0
3205,2014-04-07,2014-04-09,2303485,2235,4,2,2,1,21,9,98,SAT,0.0
3206,2014-05-08,2014-05-21,885714,11099,42,2,5,5,12,9,98,SAT,0.0
3207,2014-05-07,2014-05-09,704289,10576,43,2,7,5,21,9,98,SAT,0.0
3208,2014-05-07,2014-05-09,1707937,8766,21,2,3,7,21,9,98,SAT,0.0
3209,2014-05-09,2014-05-22,2084041,911,18,2,3,5,42,9,98,SAT,0.0
3210,2014-05-06,2014-05-16,433713,529,55,2,3,1,15,9,98,SAT,0.0
3211,2014-05-06,2014-05-21,1326,2263,12,2,3,5,7,9,98,NSA,0.0
3212,2014-05-09,2014-05-12,2307442,2103,28,2,2,1,8,9,98,SAT,0.0
3213,2014-05-09,2014-05-21,1867202,2690,50,2,3,5,32,9,98,Not Rated,0.0
3214,2014-05-12,2014-05-20,887008,10297,60,2,4,5,50,9,98,NSA,0.0
3215,2014-05-12,2014-05-15,188623,10107,29,2,5,7,21,9,98,SAT,0.0
3216,2014-05-12,2014-05-14,1812488,528,62,2,5,7,32,9,98,NSA,0.0
3217,2014-05-13,2014-05-28,386818,12299,20,2,3,5,11,9,98,NSA,0.0
3218,2014-05-13,2014-05-13,1890291,10324,27,2,7,3,13,9,98,Not Rated,0.0
3221,2014-05-14,2014-05-20,343995,1291,45,2,4,5,50,9,98,NSA,0.0
3223,2014-05-15,2014-05-15,2184885,1997,45,2,2,1,21,9,98,Not Rated,0.0
3224,2014-05-15,2014-05-26,2306096,11626,72,2,7,5,15,9,98,SAT,0.0
3225,2014-05-16,2014-05-16,2018530,8106,38,2,3,5,21,9,98,NSA,0.0
3226,2014-05-16,2014-05-21,676157,8887,76,2,5,4,10,9,98,NSA,0.0
3227,2014-05-16,2014-05-16,1804348,11099,13,2,6,5,57,9,98,SAT,0.0
3228,2014-04-28,2014-05-13,1700492,11973,9,2,5,5,16,9,98,NSA,0.0
3229,2014-05-19,2014-05-19,891260,496,25,2,3,5,21,9,98,NSA,0.0
3230,2014-05-19,2014-05-29,817402,11036,39,2,5,4,15,9,98,NSA,0.0
3231,2014-05-20,2014-06-06,644706,601,61,2,7,1,15,9,98,Not Rated,0.0
3232,2014-05-13,2014-05-21,1875507,10744,76,2,5,5,21,9,98,NSA,0.0
3233,2014-05-20,2014-05-21,2177163,192,78,2,5,3,15,9,98,SAT,0.0
3234,2014-05-21,2014-05-22,514059,2263,77,2,3,5,12,9,98,SAT,0.0
3235,2014-05-14,2014-06-20,1743718,187,77,2,4,5,50,9,98,NSA,0.0
3236,2014-05-15,2014-06-20,165687,11123,42,2,4,5,50,9,98,NSA,0.0
3238,2014-05-22,2014-05-22,6935,8116,73,2,2,1,21,9,98,Not Rated,0.0
3239,2014-05-22,2014-05-22,1635790,2666,42,2,3,5,21,9,98,NSA,0.0
3240,2014-05-22,2014-05-23,893098,10326,45,2,5,5,12,9,98,SAT,0.0
3241,2014-05-22,2014-05-23,1874647,11676,24,2,6,5,57,9,98,SAT,0.0
3242,2014-05-21,2014-05-27,296782,8201,17,2,5,3,21,9,98,SAT,0.0
3243,2014-05-22,2014-05-23,618354,11134,11,2,2,1,11,9,98,Not Rated,0.0
3244,2014-05-23,2014-05-23,1724623,10550,46,2,3,1,42,9,98,NSA,0.0
3245,2014-05-22,2014-05-23,341845,11027,76,2,3,5,21,9,98,NSA,0.0
3246,2014-05-02,2014-05-23,190236,11160,28,2,3,5,7,9,98,Not Rated,0.0
3247,2014-05-23,2014-05-26,1879347,211,48,2,6,5,57,9,98,SAT,0.0
3248,2014-05-21,2014-05-27,2111847,1079,52,2,5,3,21,9,98,SAT,0.0
3249,2014-05-23,2014-05-27,2115226,8919,32,2,7,1,11,9,98,NSA,0.0
3250,2014-05-26,2014-05-26,488837,8138,17,2,3,5,12,9,98,SAT,0.0
3251,2014-05-27,2014-05-29,2056039,8367,56,2,7,3,21,9,98,SAT,0.0
3252,2014-05-27,2014-05-27,318387,1645,49,2,3,5,11,9,98,SAT,0.0
3253,2014-05-27,2014-06-05,895519,1106,3,2,7,8,34,9,98,SAT,0.0
3254,2014-05-27,2014-05-27,158521,11113,15,2,3,5,44,9,98,Not Rated,0.0
3255,2014-05-22,2014-06-04,1660619,8138,42,2,7,8,21,9,98,SAT,0.0
3256,2014-06-18,2014-07-01,2008276,10225,20,2,7,1,15,9,98,SAT,0.0
3257,2014-05-28,2014-10-07,2038637,9983,17,2,4,5,15,9,98,NSA,0.0
3258,2014-05-28,2014-05-29,2091269,9270,54,2,6,5,57,9,98,SAT,0.0
3259,2014-05-29,2014-06-04,715868,8138,9,1,8,8,11,9,98,Not Rated,0.0
3260,2014-05-29,2014-06-12,58942,12414,35,2,2,1,15,9,98,SAT,0.0
3261,2014-05-29,2014-06-12,1858730,1210,8,2,3,1,11,9,98,NSA,0.0
3262,2014-05-28,2014-06-02,895339,9901,69,2,2,1,21,9,98,SAT,0.0
3263,2014-05-30,2014-06-03,2059564,8939,29,2,3,7,21,9,98,SAT,0.0
3264,2014-05-30,2014-05-30,2034421,9372,41,2,7,3,21,9,98,SAT,0.0
3266,2014-05-23,2014-05-23,673670,11169,46,2,1,5,45,9,98,SAT,0.0
3267,2014-05-28,2014-05-28,2203794,192,40,2,3,5,9,9,98,SAT,0.0
3268,2014-05-30,2014-06-02,883702,9970,20,2,7,8,21,9,98,Not Rated,0.0
3269,2014-06-02,2014-06-04,568719,1876,57,2,5,5,52,9,98,SAT,0.0
3272,2014-05-29,2014-06-06,2143458,10160,53,2,3,5,21,9,98,SAT,0.0
3273,2014-06-03,2014-06-04,851385,9361,23,2,7,1,10,9,98,SAT,0.0
3274,2014-06-02,2014-06-03,1889855,10618,5,2,7,8,21,9,98,Not Rated,0.0
3275,2014-06-03,2014-06-03,437115,11626,15,2,3,1,34,9,98,Not Rated,0.0
3276,2014-06-03,2014-06-17,57417,11039,70,2,3,5,11,9,98,Not Rated,0.0
3277,2014-06-04,2014-06-04,791447,11134,14,2,5,4,10,9,98,SAT,0.0
3278,2014-06-02,2014-06-17,2104994,8885,13,2,5,1,45,9,98,SAT,0.0
3279,2014-06-04,2014-06-11,127150,11137,70,2,3,1,58,9,98,SAT,0.0
3280,2014-06-04,2014-06-05,343999,1291,5,2,6,5,57,9,98,SAT,0.0
3281,2014-06-04,2014-06-05,456684,11822,14,2,6,5,12,9,98,Not Rated,0.0
3282,2014-06-04,2014-06-05,2126497,1308,67,2,6,5,12,9,98,SAT,0.0
3283,2014-06-03,2014-06-06,1847374,518,1,2,5,5,18,9,98,SAT,0.0
3285,2014-06-05,2014-06-25,1807956,645,31,2,4,7,9,9,98,Not Rated,0.0
3286,2014-06-05,2014-07-16,1798309,11086,22,2,3,5,12,9,98,NSA,0.0
3287,2014-06-04,2014-06-04,332132,11069,36,2,6,5,11,9,98,NSA,0.0
3288,2014-06-05,2014-07-15,34389,12328,45,2,3,1,12,9,98,SAT,0.0
3289,2014-06-05,2014-06-10,109667,11134,53,2,6,5,57,9,98,Not Rated,0.0
3290,2014-06-05,2014-07-01,2053189,12044,52,2,99,7,11,9,98,Not Rated,0.0
3292,2014-06-06,2014-06-11,2398069,10067,64,2,6,5,12,9,98,Not Rated,0.0
3294,2014-06-05,2014-06-10,888054,9647,18,2,3,5,12,9,98,Not Rated,0.0
3295,2014-06-10,2014-06-10,896033,10552,67,2,5,9,18,9,98,Not Rated,0.0
3296,2014-06-10,2014-06-12,1837605,10994,10,2,2,1,18,9,98,Not Rated,0.0
3297,2014-06-10,2014-06-30,684959,7979,65,2,6,5,9,9,98,SAT,0.0
3298,2014-06-10,2014-06-16,2091268,9270,22,2,3,5,7,9,98,NSA,0.0
3299,2014-06-11,2014-06-13,32466,10426,54,2,3,7,23,9,98,NSA,0.0
3300,2014-06-11,2014-11-19,419240,224,63,2,6,5,12,9,98,SAT,0.0
3301,2014-06-06,2014-06-30,600314,542,30,2,7,5,10,9,98,Not Rated,0.0
3302,2014-06-10,2014-06-12,443051,8984,9,2,3,5,58,9,98,Not Rated,0.0
3303,2014-06-11,2014-06-13,623630,10644,74,2,3,7,15,9,98,SAT,0.0
3304,2014-06-11,2014-06-13,341125,11942,10,2,3,1,21,9,98,SAT,0.0
3305,2014-06-12,2014-08-25,347248,11121,41,2,6,5,11,9,98,NSA,0.0
3306,2014-06-13,2014-07-04,1864340,2384,54,2,3,5,21,9,98,SAT,0.0
3307,2014-06-13,2014-06-13,2485104,10563,36,2,3,5,45,9,98,SAT,0.0
3308,2014-06-13,2014-06-16,355534,9562,78,2,2,1,25,9,98,Not Rated,0.0
3309,2014-06-13,2014-06-13,502138,10710,62,2,7,7,15,9,98,SAT,0.0
3310,2014-06-13,2014-06-13,708704,7626,34,2,3,5,21,9,98,Not Rated,0.0
3311,2014-06-13,2014-10-09,888963,745,65,2,6,5,23,9,98,SAT,0.0
3312,2014-06-13,2014-06-24,1819976,416,24,2,5,5,18,9,98,Not Rated,0.0
3313,2014-06-13,2014-07-08,1890576,1106,70,2,3,5,11,9,98,NSA,0.0
3314,2014-06-13,2014-06-27,2034916,1865,23,2,6,5,12,9,98,SAT,0.0
3315,2014-06-13,2014-06-27,2116870,10577,5,2,6,5,18,9,98,NSA,0.0
3316,2014-06-13,2014-06-27,1748339,10030,44,2,4,5,50,9,98,Not Rated,0.0
3317,2014-06-16,2014-07-22,1947028,9610,46,2,3,5,50,9,98,SAT,0.0
3318,2014-06-16,2014-06-24,1700362,11031,2,2,4,5,50,9,98,Not Rated,0.0
3320,2014-06-13,2014-07-10,866589,11669,48,2,4,5,18,9,98,SAT,0.0
3321,2014-06-16,2014-06-16,2111496,12192,70,1,8,8,13,9,98,Not Rated,0.0
3322,2014-06-16,2014-06-20,2309278,1229,67,2,2,1,18,9,98,Not Rated,0.0
3323,2014-06-16,2014-06-18,2117371,1962,65,2,7,3,11,9,98,SAT,0.0
3325,2014-06-17,2014-06-30,2370578,11212,56,2,3,1,15,9,98,Not Rated,0.0
3326,2014-06-17,2014-06-17,2037272,1356,16,2,7,8,34,9,98,Not Rated,0.0
3327,2014-06-17,2014-06-26,2121344,1440,15,2,3,5,50,9,98,SAT,0.0
3328,2014-06-18,2014-06-18,188588,9588,13,2,3,1,57,9,98,SAT,0.0
3329,2014-06-18,2014-06-18,1711206,11904,67,2,3,5,12,9,98,SAT,0.0
3330,2014-06-18,2014-06-18,1823274,2218,54,2,3,5,44,9,98,Not Rated,0.0
3331,2014-06-18,2014-06-18,153215,10072,31,2,3,1,12,9,98,Not Rated,0.0
3332,2014-06-18,2014-07-23,1839923,11910,64,2,3,1,21,9,98,SAT,0.0
3334,2014-06-18,2014-07-11,1793736,1430,36,2,6,5,15,9,98,Not Rated,0.0
3335,2014-06-18,2014-06-19,1793233,10623,39,2,5,7,13,9,98,Not Rated,0.0
3336,2014-06-18,2014-06-24,346781,2468,25,2,6,5,57,9,98,SAT,0.0
3337,2014-06-18,2014-06-24,2019206,10577,16,2,7,3,21,9,98,SAT,0.0
3338,2014-06-18,2014-06-18,326576,753,4,2,3,5,11,9,98,Not Rated,0.0
3339,2014-06-19,2014-07-18,123029,8662,54,2,3,5,12,9,98,Not Rated,0.0
3341,2014-06-17,2014-06-24,410154,11004,8,2,3,5,12,9,98,Not Rated,0.0
3342,2014-06-20,2014-06-20,766882,10984,1,2,3,1,21,9,98,Not Rated,0.0
3343,2014-06-18,2014-07-04,885328,9816,32,2,3,4,10,9,98,NSA,0.0
3344,2014-06-20,2014-06-20,302096,8840,36,2,2,1,21,9,98,Not Rated,0.0
3345,2014-06-20,2014-09-22,691423,10917,39,2,4,1,13,9,98,SAT,0.0
3346,2014-06-18,2014-07-02,74551,11139,77,1,3,5,10,9,98,SAT,0.0
3348,2014-06-23,2014-06-23,1689864,2378,13,2,3,5,45,9,98,Not Rated,0.0
3350,2014-06-23,2014-07-07,411168,1291,41,2,2,1,11,9,98,Not Rated,0.0
3351,2014-06-17,2014-06-24,1906678,8063,48,2,3,5,42,9,98,NSA,0.0
3352,2014-06-23,2014-08-28,704078,10116,77,2,5,5,4,9,98,NSA,0.0
3353,2014-06-17,2014-08-05,557253,11461,36,2,3,5,11,9,98,SAT,0.0
3354,2014-06-24,2014-06-24,2228071,1615,73,2,3,5,21,9,98,Not Rated,0.0
3356,2014-06-24,2014-07-23,1856895,528,50,2,6,5,40,9,98,NSA,0.0
3357,2014-06-18,2014-06-23,1789721,1202,28,2,3,5,12,9,98,Not Rated,0.0
3358,2014-06-24,2014-07-16,2204563,8911,9,1,3,5,11,9,98,NSA,0.0
3359,2014-06-25,2014-07-08,894789,1695,73,2,7,8,21,9,98,SAT,0.0
3360,2014-06-26,2014-07-02,2257726,978,14,2,7,1,21,9,98,SAT,0.0
3361,2014-06-26,2014-07-09,665656,8057,40,2,6,5,12,9,98,SAT,0.0
3362,2014-06-24,2014-06-27,431869,10361,55,2,3,5,12,9,98,Not Rated,0.0
3363,2014-06-27,2014-06-27,2400053,8985,15,2,2,1,21,9,98,Not Rated,0.0
3364,2014-06-27,2014-06-30,896791,10361,35,2,3,1,21,9,98,SAT,0.0
3365,2014-06-30,2014-07-18,2109732,1748,55,2,5,5,12,9,98,SAT,0.0
3366,2014-06-30,2014-06-30,890784,10187,20,2,7,5,21,9,98,Not Rated,0.0
3367,2014-06-30,2014-07-08,355793,12024,23,2,3,4,10,9,98,Not Rated,0.0
3368,2014-06-27,2014-08-08,654943,1645,7,2,3,5,40,9,98,Not Rated,0.0
3369,2014-06-30,2014-07-24,268105,11078,15,2,3,5,8,9,98,SAT,0.0
3371,2014-07-01,2014-07-01,719624,1256,71,2,4,7,10,9,98,Not Rated,0.0
3372,2014-07-01,2014-08-28,892279,190,31,2,3,5,12,9,98,SAT,0.0
3373,2014-07-02,2014-07-31,1866878,2316,74,1,3,5,50,9,98,NSA,0.0
3374,2014-07-02,2014-07-18,1828483,2178,35,2,6,5,57,9,98,SAT,0.0
3375,2014-07-02,2014-07-18,793993,1229,73,2,6,5,12,9,98,SAT,0.0
3377,2014-07-02,2014-07-11,13029,11151,14,2,3,5,12,9,98,SAT,0.0
3378,2014-07-02,2014-07-08,673206,9546,19,2,7,3,21,9,98,SAT,0.0
3379,2014-07-01,2014-08-06,92758,8662,67,2,7,8,21,9,98,NSA,0.0
3380,2014-07-03,2014-07-15,542457,2460,5,2,2,1,21,9,98,SAT,0.0
3381,2014-07-03,2014-07-09,495518,2384,7,1,8,8,12,9,98,Not Rated,0.0
3382,2014-07-07,2014-07-07,588949,11052,78,2,5,3,15,9,98,Not Rated,0.0
3384,2014-07-02,2014-07-07,823432,10793,35,2,3,5,21,9,98,Not Rated,0.0
3385,2014-07-07,2014-07-18,1877704,356,71,2,6,5,57,9,98,SAT,0.0
3386,2014-07-07,2014-07-18,1795925,1079,57,2,6,5,12,9,98,SAT,0.0
3387,2014-07-07,2014-07-10,1862445,9419,47,2,3,5,11,9,98,Not Rated,0.0
3388,2014-06-05,2014-06-06,836638,1875,7,2,7,1,15,9,98,SAT,0.0
3391,2014-07-08,2014-07-10,889069,2504,66,2,3,1,15,9,98,Not Rated,0.0
3392,2014-07-08,2014-07-14,591902,151,54,2,7,7,11,9,98,SAT,0.0
3393,2014-07-08,2014-07-18,2135869,12475,63,2,5,5,18,9,98,SAT,0.0
3394,2014-07-08,2014-07-25,2452907,10127,52,2,3,1,21,9,98,SAT,0.0
3396,2014-07-08,2014-07-25,1773042,1645,71,2,7,8,21,9,98,SAT,0.0
3397,2014-07-09,2014-07-09,2110055,11100,24,2,4,5,55,9,98,SAT,0.0
3398,2014-07-02,2014-09-04,2188953,10534,56,2,5,5,11,9,98,Not Rated,0.0
3399,2014-07-09,2014-07-09,201605,12174,62,2,5,5,15,9,98,Not Rated,0.0
3400,2014-07-09,2014-07-09,2119375,12475,12,2,3,7,15,9,98,Not Rated,0.0
3401,2014-07-10,2014-07-10,456122,858,4,2,3,5,21,9,98,Not Rated,0.0
3402,2014-07-07,2014-08-19,174457,9901,28,2,3,5,16,9,98,SAT,0.0
3404,2014-07-10,2014-12-11,2145493,10984,42,2,3,7,11,9,98,NSA,0.0
3405,2014-07-10,2014-07-18,2069126,9559,8,2,3,5,57,9,98,SAT,0.0
3406,2014-07-10,2014-07-18,1878042,10576,67,2,3,5,57,9,98,SAT,0.0
3407,2014-07-10,2014-07-11,2170933,1516,16,2,3,5,21,9,98,Not Rated,0.0
3408,2014-07-11,2014-07-14,2305156,11999,45,2,3,1,15,9,98,Not Rated,0.0
3409,2014-07-11,2014-08-01,847104,879,45,2,6,5,12,9,98,SAT,0.0
3410,2014-07-14,2014-09-22,2037631,11099,69,1,3,7,11,9,98,SAT,0.0
3411,2014-07-11,2014-07-14,307141,496,4,2,5,5,21,9,98,SAT,0.0
3412,2014-07-14,2014-08-01,2202497,10187,39,2,3,5,12,9,98,SAT,0.0
3413,2014-07-14,2014-07-18,1793575,2538,50,2,6,5,7,9,98,SAT,0.0
3414,2014-07-14,2014-07-17,823432,8917,35,2,5,5,10,9,98,SAT,0.0
3415,2014-07-14,2014-08-28,700468,10710,20,2,6,5,12,9,98,Not Rated,0.0
3416,2014-07-15,2014-08-01,639862,11104,28,2,3,5,7,9,98,NSA,0.0
3417,2014-07-15,2014-08-29,1689942,507,73,2,2,7,11,9,98,NSA,0.0
3418,2014-07-09,2014-07-25,779430,8461,21,2,3,5,11,9,98,Not Rated,0.0
3419,2014-07-16,2014-08-07,746130,11849,3,2,6,5,45,9,98,SAT,0.0
3420,2014-07-16,2014-07-16,1840849,11265,41,1,3,5,18,9,98,SAT,0.0
3421,2014-07-16,2014-07-16,1812008,11668,8,2,3,1,21,9,98,Not Rated,0.0
3422,2014-07-13,2014-07-16,259697,8057,67,2,5,5,7,9,98,SAT,0.0
3423,2014-07-16,2014-08-01,630387,9918,12,2,6,5,12,9,98,SAT,0.0
3426,2014-07-17,2014-07-21,1837063,10967,63,2,3,5,7,9,98,Not Rated,0.0
3427,2014-07-17,2014-07-22,818017,836,54,2,2,1,10,9,98,SAT,0.0
3428,2014-07-17,2014-08-18,1785771,940,19,2,6,5,12,9,98,SAT,0.0
3429,2014-07-17,2014-08-08,1848843,9393,64,2,5,3,21,9,98,Not Rated,0.0
3430,2014-07-18,2014-08-06,2226826,11093,49,2,7,1,15,9,98,NSA,0.0
3431,2014-07-18,2014-07-21,2165612,11005,3,2,7,1,21,9,98,SAT,0.0
3432,2014-07-07,2014-07-23,764384,8991,74,2,5,5,18,9,98,SAT,0.0
3433,2014-07-21,2014-08-19,1844315,2477,60,2,3,5,7,9,98,NSA,0.0
3434,2014-07-16,2014-08-07,2055965,10152,65,2,3,5,11,9,98,SAT,0.0
3435,2014-07-16,2014-08-05,2272764,1866,45,2,3,7,11,9,98,NSA,0.0
3436,2014-07-17,2014-07-22,896829,9798,14,2,2,1,21,9,98,SAT,0.0
3437,2014-06-03,2014-07-22,2382113,473,56,2,2,1,15,9,98,SAT,0.0
3438,2014-07-22,2014-08-18,692276,7797,22,2,3,5,9,9,98,SAT,0.0
3439,2014-07-22,2014-08-11,271203,2482,32,2,6,5,40,9,98,NSA,0.0
3440,2014-07-22,2014-07-24,1829805,11246,20,2,7,3,21,9,98,SAT,0.0
3441,2014-07-23,2014-08-11,1764306,9205,1,2,4,5,40,9,98,SAT,0.0
3442,2014-07-23,2014-07-25,1896085,11099,11,2,3,5,21,9,98,Not Rated,0.0
3443,2014-07-24,2014-07-24,2036587,10898,78,2,3,1,15,9,98,Not Rated,0.0
3444,2014-07-24,2014-07-29,893122,9270,27,2,7,3,15,9,98,SAT,0.0
3445,2014-07-25,2014-07-31,2079809,10982,33,2,4,5,10,9,98,SAT,0.0
3446,2014-07-25,2014-10-27,2036964,12246,2,2,2,7,10,9,98,NSA,0.0
3447,2014-07-22,2014-07-29,411896,11715,16,2,7,1,21,9,98,SAT,0.0
3448,2014-07-28,2014-09-12,1863620,1516,33,2,3,5,50,9,98,Not Rated,0.0
3449,2014-07-28,2014-07-28,45340,11178,31,2,3,5,21,9,98,Not Rated,0.0
3450,2014-07-29,2014-07-30,2125569,820,54,2,2,1,19,9,98,SAT,0.0
3451,2014-07-16,2014-07-31,341827,10073,43,2,7,1,21,9,98,SAT,0.0
3452,2014-07-29,2014-08-27,896946,11066,34,2,4,5,50,9,98,NSA,0.0
3453,2014-07-29,2014-08-06,2124882,11027,31,2,3,5,15,9,98,NSA,0.0
3454,2014-07-29,2014-08-01,2155694,11121,68,2,7,3,10,9,98,SAT,0.0
3455,2014-07-30,2014-07-31,1884347,9361,62,2,3,1,21,9,98,SAT,0.0
3456,2014-07-30,2014-07-30,533355,2117,61,2,5,5,57,9,98,SAT,0.0
3457,2014-07-30,2014-07-30,857747,9622,42,2,5,3,55,9,98,Not Rated,0.0
3458,2014-07-30,2014-08-18,1855944,11252,19,2,5,1,15,9,98,SAT,0.0
3459,2014-07-31,2014-08-18,383199,9933,44,2,3,1,11,9,98,Not Rated,0.0
3460,2014-07-31,2014-07-31,1824909,9051,78,2,3,5,57,9,98,SAT,0.0
3461,2014-07-30,2014-09-02,594011,11781,37,2,3,1,21,9,98,SAT,0.0
3462,2014-07-31,2014-08-04,1744629,9798,69,2,2,1,40,9,98,Not Rated,0.0
3463,2014-07-31,2014-09-02,890784,10993,41,2,3,5,12,9,98,SAT,0.0
3464,2014-07-31,2014-08-29,1650816,8853,57,2,6,5,12,9,98,SAT,0.0
3465,2014-07-31,2014-08-01,2338654,11094,45,2,2,1,15,9,98,Not Rated,0.0
3467,2014-08-01,2014-09-12,221434,11059,60,2,5,5,10,9,98,Not Rated,0.0
3468,2014-08-04,2014-08-04,888711,12125,42,2,3,5,21,9,98,Not Rated,0.0
3469,2014-08-04,2014-08-04,1831308,10107,76,2,3,5,32,9,98,Not Rated,0.0
3470,2014-08-01,2014-12-11,775471,2235,23,2,5,5,3,9,98,NSA,0.0
3471,2014-08-06,2014-09-24,801130,2531,48,2,6,5,11,9,98,Not Rated,0.0
3472,2014-08-06,2014-08-25,2254708,1865,17,2,3,5,13,9,98,Not Rated,0.0
3473,2014-08-07,2014-08-07,678985,10566,32,2,3,7,21,9,98,SAT,0.0
3474,2014-08-05,2014-08-08,145381,8385,62,2,3,1,21,9,98,SAT,0.0
3475,2014-08-07,2014-08-29,339264,1737,1,2,5,5,11,9,98,Not Rated,0.0
3476,2014-08-04,2014-08-07,1656263,10217,54,2,3,5,12,9,98,SAT,0.0
3477,2014-08-05,2014-08-26,775654,2260,18,1,3,5,11,9,98,NSA,0.0
3478,2014-08-11,2014-08-11,2511674,1692,65,2,2,1,21,9,98,Not Rated,0.0
3479,2014-08-11,2014-08-26,843489,11151,51,2,5,5,11,9,98,SAT,0.0
3480,2014-08-11,2014-08-14,2100987,11653,49,2,7,1,1,9,98,SAT,0.0
3481,2014-08-12,2014-08-12,443952,8919,1,2,4,7,10,9,98,Not Rated,0.0
3482,2014-08-12,2014-08-12,289248,2519,76,2,3,1,21,9,98,NSA,0.0
3483,2014-08-13,2014-08-29,684873,10990,2,2,3,1,50,9,98,NSA,0.0
3484,2014-08-13,2014-09-05,585835,1440,37,2,2,1,21,9,98,SAT,0.0
3485,2014-08-13,2014-09-09,837204,11030,76,2,3,1,21,9,98,SAT,0.0
3486,2014-08-13,2014-08-14,115281,12198,69,2,2,1,21,9,98,SAT,0.0
3487,2014-08-14,2014-10-07,584845,10111,9,2,3,5,32,9,98,Not Rated,0.0
3489,2014-08-14,2014-08-14,1801923,2378,77,2,5,5,21,9,98,Not Rated,0.0
3490,2014-08-14,2014-10-09,804152,10217,31,2,6,5,12,9,98,SAT,0.0
3492,2014-08-18,2014-09-17,2058698,11031,3,2,3,5,12,9,98,SAT,0.0
3493,2014-08-18,2014-08-18,348490,11278,46,2,7,8,18,9,98,NSA,0.0
3494,2014-08-18,2014-08-18,2068769,9393,77,2,6,7,21,9,98,Not Rated,0.0
3495,2014-08-19,2014-08-27,766054,12769,27,2,3,5,50,9,98,NSA,0.0
3496,2014-08-19,2014-08-19,164755,865,45,2,2,1,21,9,98,Not Rated,0.0
3500,2014-08-20,2014-08-20,2427420,12229,7,2,3,5,40,9,98,Not Rated,0.0
3501,2014-08-20,2014-08-27,2018504,11000,32,2,3,1,12,9,98,Not Rated,0.0
3502,2014-08-20,2014-09-02,1787368,151,46,2,3,5,12,9,98,SAT,0.0
3504,2014-08-21,2014-09-16,1795165,9884,36,2,5,5,18,9,98,NSA,0.0
3507,2014-08-22,2014-08-26,1854148,9729,60,2,2,5,7,9,98,Not Rated,0.0
3508,2014-08-14,2014-09-23,888622,11078,43,2,3,5,15,9,98,SAT,0.0
3509,2014-08-22,2014-09-15,1804045,8949,67,1,5,5,10,9,98,SAT,0.0
3511,2014-08-26,2014-08-26,1847410,10345,69,2,3,1,21,9,98,Not Rated,0.0
3512,2014-08-26,2014-09-12,406415,11148,15,2,3,1,34,9,98,Not Rated,0.0
3513,2014-08-20,2014-09-04,1906703,12345,43,2,5,5,50,9,98,NSA,0.0
3514,2014-08-18,2014-09-22,511388,1092,18,2,5,5,11,9,98,Not Rated,0.0
3515,2014-08-27,2014-09-11,490016,2500,65,2,3,1,21,9,98,SAT,0.0
3516,2014-08-27,2014-10-03,2165170,1706,29,2,3,1,7,9,98,SAT,0.0
3517,2014-08-28,2014-08-28,1769633,11849,17,1,8,8,18,9,98,NSA,0.0
3519,2014-08-28,2014-09-16,894215,2178,71,2,2,1,21,9,98,SAT,0.0
3521,2014-08-27,2014-09-17,2362600,10127,5,2,3,5,11,9,98,NSA,0.0
3522,2014-08-30,2014-09-03,2389313,922,7,2,7,3,15,9,98,SAT,0.0
3523,2014-09-01,2014-09-01,2462269,11044,77,2,2,1,21,9,98,Not Rated,0.0
3524,2014-09-01,2014-09-17,865283,1717,9,2,6,5,9,9,98,Not Rated,0.0
3525,2014-09-01,2014-11-05,894937,12572,19,2,6,5,12,9,98,Not Rated,0.0
3526,2014-09-02,2014-09-17,804061,10055,38,2,6,5,6,9,98,NSA,0.0
3527,2014-09-02,2014-09-05,2225294,1303,17,2,7,1,21,9,98,SAT,0.0
3528,2014-08-28,2014-09-03,245970,9499,23,2,3,5,21,9,98,Not Rated,0.0
3529,2014-08-22,2014-09-09,440729,9813,20,2,5,5,21,9,98,SAT,0.0
3530,2014-09-03,2014-09-03,41981,10108,73,2,3,5,21,9,98,Not Rated,0.0
3531,2014-08-25,2014-09-05,1894774,10127,55,2,2,1,21,9,98,SAT,0.0
3532,2014-09-04,2014-09-08,2338330,2637,50,2,5,5,50,9,98,NSA,0.0
3533,2014-09-04,2014-09-04,457267,12024,73,2,2,1,21,9,98,Not Rated,0.0
3534,2014-09-05,2014-09-19,2035337,496,78,2,3,1,42,9,98,SAT,0.0
3535,2014-09-05,2014-09-05,639914,1201,37,2,3,1,15,9,98,SAT,0.0
3536,2014-09-08,2014-09-12,1919787,11254,55,2,6,5,57,9,98,SAT,0.0
3537,2014-09-08,2014-10-20,559764,11213,70,2,7,8,21,9,98,SAT,0.0
3538,2014-09-09,2014-09-10,805400,10710,70,2,6,5,12,9,98,SAT,0.0
3539,2014-09-09,2014-09-10,791008,10710,56,2,2,1,21,9,98,Not Rated,0.0
3540,2014-09-09,2014-09-11,30477,8885,32,2,2,1,15,9,98,SAT,0.0
3541,2014-09-09,2014-10-16,619180,1097,54,2,3,5,50,9,98,NSA,0.0
3542,2014-09-09,2014-09-23,293608,10738,77,2,6,5,13,9,98,Not Rated,0.0
3543,2014-09-10,2014-09-10,2386845,2335,12,2,5,5,21,9,98,Not Rated,0.0
3544,2014-09-10,2014-09-12,508693,2316,18,2,3,5,21,9,98,Not Rated,0.0
3545,2014-09-10,2014-09-19,74800,11932,19,2,3,1,11,9,98,Not Rated,0.0
3546,2014-09-11,2014-09-12,2182622,2208,51,2,6,5,58,9,98,SAT,0.0
3547,2014-09-11,2014-09-29,225080,1275,35,2,3,5,10,9,98,SAT,0.0
3548,2014-09-12,2014-09-12,2010953,1440,49,2,3,1,34,9,98,Not Rated,0.0
3549,2014-09-12,2014-09-29,2112885,11715,31,2,3,5,52,9,98,SAT,0.0
3550,2014-09-12,2014-09-15,1792782,224,28,2,7,3,15,9,98,SAT,0.0
3551,2014-09-12,2014-10-24,12201,11714,6,2,3,5,15,9,98,SAT,0.0
3552,2014-09-08,2014-09-15,1818502,1956,64,2,3,1,15,9,98,SAT,0.0
3553,2014-09-02,2014-10-08,2413321,11972,71,2,3,5,15,9,98,SAT,0.0
3554,2014-09-15,2014-09-15,1792997,9892,74,2,3,5,21,9,98,SAT,0.0
3555,2014-09-16,2014-10-02,396721,9347,21,2,3,1,15,9,98,NSA,0.0
3556,2014-09-16,2014-09-16,1896610,9559,49,2,2,1,15,9,98,Not Rated,0.0
3557,2014-09-16,2014-10-09,2066127,2321,38,2,3,1,11,9,98,SAT,0.0
3558,2014-09-16,2014-09-19,1876194,2065,21,2,7,5,15,9,98,SAT,0.0
3559,2014-09-16,2014-11-12,158776,2538,24,2,5,5,32,9,98,Not Rated,0.0
3560,2014-09-16,2014-09-16,1603926,10990,64,2,3,5,12,9,98,SAT,0.0
3561,2014-09-02,2014-09-26,1837816,11178,24,2,3,5,40,9,98,SAT,0.0
3562,2014-09-17,2014-09-17,465156,10172,76,2,7,5,34,9,98,SAT,0.0
3563,2014-09-17,2014-09-17,1869232,10623,2,2,2,1,21,9,98,Not Rated,0.0
3564,2014-09-17,2014-09-17,588500,8116,32,2,7,7,34,9,98,SAT,0.0
3565,2014-09-18,2014-10-20,894097,868,40,2,5,5,12,9,98,Not Rated,0.0
3566,2014-09-19,2014-09-19,383810,11028,48,2,3,1,21,9,98,SAT,0.0
3567,2014-09-19,2014-09-19,1903677,11479,46,2,5,3,10,9,98,Not Rated,0.0
3568,2014-09-19,2014-10-16,1842723,9775,39,2,3,5,50,9,98,NSA,0.0
3569,2014-09-19,2014-10-06,373266,9272,16,2,3,1,1,9,98,SAT,0.0
3570,2014-09-19,2014-09-30,2427420,2477,76,2,5,5,6,9,98,Not Rated,0.0
3571,2014-09-19,2014-10-01,2092587,10426,39,2,3,5,4,9,98,Not Rated,0.0
3572,2014-09-19,2014-09-25,514783,1200,9,2,3,5,58,9,98,SAT,0.0
3573,2014-09-22,2014-09-24,2323815,2614,43,2,2,1,40,9,98,SAT,0.0
3574,2014-09-19,2014-09-19,369124,9798,46,2,3,5,58,9,98,SAT,0.0
3575,2014-09-18,2014-10-03,34031,12061,68,2,3,5,40,9,98,Not Rated,0.0
3576,2014-09-22,2014-10-21,1753652,12087,38,2,3,5,50,9,98,NSA,0.0
3577,2014-09-23,2014-09-24,2069458,8996,14,2,2,7,18,9,98,SAT,0.0
3578,2014-09-23,2014-09-23,1849269,1255,53,2,5,5,21,9,98,Not Rated,0.0
3579,2014-09-23,2014-10-09,1770532,12176,74,2,4,5,50,9,98,NSA,0.0
3580,2014-09-23,2014-10-16,611756,1956,39,2,5,5,10,9,98,Not Rated,0.0
3581,2014-09-23,2014-09-24,1859008,9998,63,2,7,1,21,9,98,Not Rated,0.0
3582,2014-09-23,2014-10-01,2115161,12414,11,2,7,3,15,9,98,Not Rated,0.0
3583,2014-09-12,2014-10-06,2170459,2531,64,2,3,5,12,9,98,SAT,0.0
3584,2014-09-24,2014-10-01,1891563,994,26,2,5,5,12,9,98,SAT,0.0
3585,2014-09-24,2014-09-29,657000,11493,10,2,6,5,57,9,98,SAT,0.0
3586,2014-09-24,2014-10-22,792071,11146,71,2,6,5,16,9,98,SAT,0.0
3587,2014-09-24,2014-10-16,2481881,2260,42,2,5,5,16,9,98,NSA,0.0
3588,2014-09-24,2014-10-16,1709961,10989,37,2,4,5,50,9,98,NSA,0.0
3589,2014-09-25,2014-12-05,2273329,1202,2,2,5,5,32,9,98,Not Rated,0.0
3591,2014-09-25,2014-09-26,2183948,2208,38,2,2,1,15,9,98,SAT,0.0
3592,2014-09-25,2014-09-25,2037951,1210,22,2,5,5,21,9,98,SAT,0.0
3593,2014-09-24,2014-10-14,825261,518,73,2,6,5,15,9,98,SAT,0.0
3594,2014-09-26,2014-09-26,1810529,12246,64,2,3,1,44,9,98,SAT,0.0
3595,2014-09-26,2014-09-26,155897,2584,70,2,3,5,21,9,98,Not Rated,0.0
3596,2014-09-26,2014-10-07,2528608,10030,74,2,6,5,12,9,98,SAT,0.0
3597,2014-09-26,2014-10-10,2116770,1500,48,2,3,1,21,9,98,SAT,0.0
3598,2014-09-29,2014-09-30,629272,12229,4,2,3,1,21,9,98,Not Rated,0.0
3599,2014-09-29,2014-10-31,47620,10147,47,2,4,5,50,9,98,SAT,0.0
3600,2014-09-29,2014-10-03,208450,9610,66,2,5,4,10,9,98,Not Rated,0.0
3601,2014-09-30,2014-10-01,2382196,12572,9,2,2,1,34,9,98,SAT,0.0
3602,2014-09-30,2014-09-30,148431,11461,22,2,3,1,21,9,98,Not Rated,0.0
3603,2014-09-30,2014-10-16,2109700,11093,75,2,5,5,18,9,98,NSA,0.0
3604,2014-09-30,2014-10-07,1824421,11479,60,2,7,1,21,9,98,SAT,0.0
3605,2014-10-01,2014-10-31,1867521,11162,46,2,3,5,12,9,98,NSA,0.0
3606,2014-10-01,2014-10-24,502519,11059,24,2,4,5,10,9,98,SAT,0.0
3607,2014-10-01,2014-10-08,887187,11204,56,2,6,5,12,9,98,SAT,0.0
3608,2014-10-02,2014-10-02,1844554,1092,19,2,7,7,18,9,98,SAT,0.0
3609,2014-10-02,2014-10-09,691715,11140,5,2,2,1,2,9,98,SAT,0.0
3610,2014-10-02,2014-10-24,547805,10793,35,2,4,1,11,9,98,SAT,0.0
3611,2014-10-02,2014-10-02,1829819,8057,72,2,5,5,21,9,98,NSA,0.0
3612,2014-10-03,2015-01-02,1813827,12328,4,2,3,7,50,9,98,Not Rated,0.0
3613,2014-10-03,2014-10-06,511924,10430,58,2,3,5,21,9,98,SAT,0.0
3614,2014-10-03,2014-10-06,1660670,11094,23,2,3,5,15,9,98,Not Rated,0.0
3615,2014-10-06,2014-10-07,807044,911,69,2,7,3,15,9,98,Not Rated,0.0
3616,2014-10-07,2014-10-16,473792,8053,75,2,3,1,15,9,98,SAT,0.0
3617,2014-10-07,2014-10-07,1881666,9204,69,2,3,7,11,9,98,NSA,0.0
3618,2014-09-24,2014-10-23,628966,820,41,2,3,5,10,9,98,SAT,0.0
3619,2014-10-07,2014-10-07,1810481,10738,46,2,7,1,18,9,98,SAT,0.0
3620,2014-10-07,2014-10-07,2199074,1706,63,2,7,8,15,9,98,Not Rated,0.0
3621,2014-10-09,2014-10-24,400435,9792,44,2,3,1,15,9,98,NSA,0.0
3622,2014-10-10,2014-11-06,1824930,11220,7,2,3,5,15,9,98,NSA,0.0
3624,2014-10-10,2014-10-21,1845379,9270,25,2,5,5,18,9,98,NSA,0.0
3625,2014-10-10,2014-10-13,207661,7654,53,2,3,5,21,9,98,Not Rated,0.0
3626,2014-10-10,2014-11-10,2084579,11121,4,2,3,5,15,9,98,SAT,0.0
3627,2014-10-10,2014-10-23,752171,473,43,2,5,5,12,9,98,Not Rated,0.0
3629,2014-10-08,2014-12-08,1879425,9799,27,2,3,5,11,9,98,SAT,0.0
3630,2014-10-13,2014-10-31,372542,2230,39,2,6,5,40,9,98,NSA,0.0
3631,2014-10-14,2014-10-15,94634,238,12,2,3,1,34,9,98,SAT,0.0
3632,2014-10-10,2014-10-21,1767363,11798,65,2,3,5,40,9,98,Not Rated,0.0
3633,2014-10-14,2014-10-17,2364074,10978,9,2,6,5,15,9,98,SAT,0.0
3634,2014-10-14,2014-10-20,861157,11169,60,2,5,5,12,9,98,SAT,0.0
3635,2014-10-10,2014-10-14,1810338,2175,74,2,3,5,10,9,98,SAT,0.0
3636,2014-10-15,2014-11-21,451978,2569,73,2,5,5,9,9,98,SAT,0.0
3637,2014-10-15,2014-10-24,356193,11179,41,1,3,5,50,9,98,SAT,0.0
3638,2014-10-16,2014-10-22,585290,11825,42,2,7,5,6,9,98,Not Rated,0.0
3639,2014-10-16,2014-10-21,1886717,9715,60,2,3,1,21,9,98,SAT,0.0
3640,2014-10-17,2014-12-05,25169,12256,20,2,2,1,15,9,98,Not Rated,0.0
3642,2014-10-16,2014-10-17,1808065,9270,43,2,3,5,11,9,98,Not Rated,0.0
3643,2014-10-17,2014-12-01,2163845,1680,62,2,5,5,32,9,98,SAT,0.0
3644,2014-10-17,2014-12-03,1803871,1865,26,2,5,5,15,9,98,Not Rated,0.0
3645,2014-10-17,2015-01-29,1870081,11094,67,2,3,7,11,9,98,NSA,0.0
3646,2014-10-17,2014-11-11,2401487,2340,2,1,3,5,50,9,98,SAT,0.0
3647,2014-10-17,2014-10-17,2055684,10998,64,2,3,5,15,9,98,Not Rated,0.0
3648,2014-10-17,2014-11-13,59907,8882,23,2,7,8,21,9,98,SAT,0.0
3649,2014-10-20,2015-01-02,182673,2532,14,2,3,5,11,9,98,NSA,0.0
3650,2014-10-20,2014-10-23,2136234,12038,55,2,3,1,21,9,98,Not Rated,0.0
3651,2014-10-20,2014-11-11,143713,2569,4,2,3,7,11,9,98,NSA,0.0
3652,2014-10-20,2014-11-12,1605959,9051,68,2,3,5,12,9,98,SAT,0.0
3653,2014-10-20,2014-11-26,413406,1999,68,2,6,5,11,9,98,Not Rated,0.0
3656,2014-10-20,2014-10-22,666483,10993,55,2,5,5,15,9,98,Not Rated,0.0
3657,2014-10-21,2014-11-07,894496,11493,9,2,5,5,12,9,98,SAT,0.0
3658,2014-10-20,2014-11-07,365026,11870,62,2,3,5,21,9,98,Not Rated,0.0
3659,2014-10-17,2014-11-24,1848246,10603,76,2,3,5,15,9,98,SAT,0.0
3660,2014-10-17,2015-02-18,1817639,9204,73,2,99,5,10,9,98,Not Rated,0.0
3661,2014-10-22,2014-11-12,54790,11469,2,2,3,5,40,9,98,NSA,0.0
3662,2014-10-22,2014-11-11,1823163,8949,45,2,5,5,12,9,98,Not Rated,0.0
3663,2014-10-22,2014-11-07,515657,1678,25,2,3,5,12,9,98,SAT,0.0
3664,2014-10-22,2014-10-23,583323,10327,78,2,2,1,21,9,98,SAT,0.0
3665,2014-10-17,2014-10-23,2010179,11277,56,2,7,5,9,9,98,SAT,0.0
3667,2014-10-22,2014-11-25,518386,2538,73,1,3,5,15,9,98,Not Rated,0.0
3668,2014-10-24,2014-11-11,2345787,2208,10,2,3,5,21,9,98,SAT,0.0
3669,2014-10-24,2014-12-11,1831529,10738,24,2,4,5,15,9,98,SAT,0.0
3670,2014-10-24,2014-10-31,2009523,8820,70,2,3,1,12,9,98,Not Rated,0.0
3671,2014-10-27,2014-11-24,895270,8949,33,2,3,5,50,9,98,NSA,0.0
3672,2014-10-27,2014-11-12,2226826,9729,72,2,3,5,12,9,98,SAT,0.0
3673,2014-10-29,2015-01-02,228909,1748,26,2,5,3,15,9,98,Not Rated,0.0
3674,2014-10-29,2014-11-07,758934,1202,69,2,5,5,40,9,98,SAT,0.0
3675,2014-09-15,2014-10-29,1914542,9958,41,2,3,5,12,9,98,Not Rated,0.0
3676,2014-10-30,2014-12-04,28520,8885,51,2,5,5,58,9,98,SAT,0.0
3677,2014-11-03,2014-11-25,560613,11157,17,2,7,5,10,9,98,SAT,0.0
3678,2014-11-03,2014-11-03,1985329,11286,4,2,7,1,21,9,98,Not Rated,0.0
3679,2014-11-03,2014-11-24,336331,991,56,2,5,6,18,9,98,SAT,0.0
3681,2014-11-03,2014-12-05,704078,1962,13,1,3,5,50,9,98,NSA,0.0
3682,2014-11-04,2014-11-06,2092583,11050,49,2,2,1,21,9,98,SAT,0.0
3683,2014-10-29,2014-11-05,1855893,1275,20,2,5,5,12,9,98,SAT,0.0
3684,2014-11-04,2014-11-19,70207,10987,3,2,3,5,58,9,98,SAT,0.0
3685,2014-11-04,2014-11-18,475373,9892,55,2,5,3,21,9,98,SAT,0.0
3686,2014-11-05,2014-12-09,2227162,2322,63,2,3,5,40,9,98,SAT,0.0
3687,2014-11-06,2014-11-06,843489,597,47,2,2,1,21,9,98,Not Rated,0.0
3688,2014-11-06,2014-11-24,2305309,1097,53,2,3,5,12,9,98,SAT,0.0
3689,2014-11-06,2014-11-12,564955,2378,73,2,3,1,7,9,98,SAT,0.0
3690,2014-11-07,2014-11-07,1947044,8507,68,2,3,1,21,9,98,Not Rated,0.0
3691,2014-11-07,2014-11-24,431752,8544,38,2,3,5,58,9,98,SAT,0.0
3692,2014-11-07,2014-11-24,2123330,9958,5,2,3,5,58,9,98,Not Rated,0.0
3693,2014-11-07,2014-12-08,2071363,11188,76,2,3,5,7,9,98,NSA,0.0
3694,2014-11-10,2014-11-10,865258,8887,35,2,4,5,21,9,98,SAT,0.0
3695,2014-11-10,2014-11-11,1817232,8356,66,2,3,1,12,9,98,SAT,0.0
3696,2014-11-07,2014-11-24,1874702,2260,73,2,4,5,50,9,98,NSA,0.0
3697,2014-11-11,2014-11-24,1710544,8963,69,2,3,5,7,9,98,NSA,0.0
3699,2014-11-10,2014-12-12,2433403,12589,39,2,2,1,21,9,98,SAT,0.0
3700,2014-11-11,2014-12-03,606172,2107,50,2,3,5,50,9,98,NSA,0.0
3702,2014-11-11,2014-11-18,2199026,11099,67,2,5,5,32,9,98,NSA,0.0
3703,2014-11-10,2015-01-02,592989,12120,18,2,3,5,15,9,98,SAT,0.0
3704,2014-11-11,2014-12-12,1880831,11244,27,2,3,5,15,9,98,SAT,0.0
3705,2014-11-12,2015-02-10,314218,10993,58,2,3,1,15,9,98,Not Rated,0.0
3706,2014-11-12,2014-12-01,1659540,994,74,2,3,5,21,9,98,SAT,0.0
3707,2014-11-13,2015-01-20,888300,791,2,2,99,1,4,9,98,Not Rated,0.0
3708,2014-11-13,2014-11-13,2068849,9377,2,2,3,1,34,9,98,SAT,0.0
3709,2014-11-13,2014-12-05,827837,11272,63,2,3,5,12,9,98,SAT,0.0
3710,2014-11-13,2014-11-28,399848,10260,62,2,3,5,11,9,98,NSA,0.0
3711,2014-11-11,2014-11-24,74800,9247,65,2,3,1,7,9,98,SAT,0.0
3712,2014-11-11,2014-11-24,332347,8201,70,2,3,1,7,9,98,SAT,0.0
3713,2014-11-13,2014-12-05,622516,235,43,2,3,5,12,9,98,SAT,0.0
3715,2014-11-13,2014-11-20,2433453,10187,49,2,7,5,12,9,98,SAT,0.0
3716,2014-11-14,2015-01-27,1750185,2569,14,2,5,7,8,9,98,Not Rated,0.0
3717,2014-11-14,2015-01-02,750995,2500,34,2,3,7,21,9,98,SAT,0.0
3719,2014-11-17,2015-03-04,1906269,11083,33,2,3,5,10,9,98,NSA,0.0
3720,2014-11-17,2014-11-20,1859983,11259,69,2,3,5,12,9,98,SAT,0.0
3721,2014-11-17,2014-12-04,1893298,12116,16,2,3,5,4,9,98,Not Rated,0.0
3722,2014-11-17,2014-12-05,407493,11220,25,2,3,5,12,9,98,SAT,0.0
3723,2014-11-18,2014-12-08,652737,9206,12,2,3,1,15,9,98,NSA,0.0
3724,2014-11-12,2015-02-12,2467979,865,60,2,3,5,11,9,98,SAT,0.0
3725,2014-11-07,2014-11-13,2089976,1309,40,2,5,5,40,9,98,Not Rated,0.0
3727,2014-11-17,2014-12-01,72646,2482,58,2,3,5,1,9,98,NSA,0.0
3728,2014-11-18,2014-12-19,1858420,9357,75,2,3,5,9,9,98,Not Rated,0.0
3729,2014-11-17,2014-11-27,1855893,586,23,2,3,5,10,9,98,Not Rated,0.0
3730,2014-11-18,2015-01-09,2167216,2519,29,2,3,5,11,9,98,Not Rated,0.0
3731,2014-11-19,2014-12-16,2019207,10983,5,2,2,7,11,9,98,Not Rated,0.0
3732,2014-11-19,2015-01-07,2137903,1875,51,2,3,1,11,9,98,Not Rated,0.0
3733,2014-11-19,2014-11-21,2438551,868,39,2,7,3,15,9,98,Not Rated,0.0
3734,2014-11-20,2014-11-20,882193,11158,2,2,2,1,21,9,98,Not Rated,0.0
3735,2014-11-20,2015-01-26,2236941,11114,40,2,3,5,7,9,98,NSA,0.0
3736,2014-11-21,2014-12-19,605574,10031,24,2,5,5,32,9,98,Not Rated,0.0
3737,2014-11-21,2014-12-02,789740,10345,66,2,3,5,40,9,98,SAT,0.0
3738,2014-11-21,2014-11-24,747614,10105,32,2,3,5,15,9,98,Not Rated,0.0
3739,2014-11-20,2014-11-27,2114072,2696,29,2,3,1,21,9,98,SAT,0.0
3740,2014-11-13,2014-11-24,1806725,8057,69,2,3,5,15,9,98,Not Rated,0.0
3741,2014-11-24,2014-12-19,1770918,10326,72,2,3,5,9,9,98,SAT,0.0
3742,2014-11-14,2014-11-26,177173,2175,2,2,3,5,3,9,98,Not Rated,0.0
3743,2014-11-25,2015-02-13,882414,10964,20,2,3,5,9,9,98,Not Rated,0.0
3744,2014-11-25,2014-12-08,2256528,11146,26,2,5,1,57,9,98,SAT,0.0
3745,2014-11-25,2014-12-22,891533,8887,35,2,3,5,7,9,98,NSA,0.0
3746,2014-11-24,2014-11-28,2115668,10111,2,2,5,4,12,9,98,SAT,0.0
3747,2014-11-24,2014-12-18,2157478,842,56,2,3,5,50,9,98,NSA,0.0
3748,2014-11-14,2014-11-25,1784806,1865,66,2,3,5,3,9,98,Not Rated,0.0
3749,2014-11-25,2015-02-09,2336747,8991,36,2,3,5,11,9,98,NSA,0.0
3750,2014-11-25,2014-12-02,1725840,2656,51,2,2,1,15,9,98,Not Rated,0.0
3751,2014-11-25,2015-01-02,1943799,7682,5,2,6,5,15,9,98,SAT,0.0
3752,2014-11-25,2015-01-26,1770901,10850,26,2,3,1,7,9,98,SAT,0.0
3753,2014-11-25,2015-02-04,717170,1645,56,2,3,1,7,9,98,SAT,0.0
3754,2014-11-25,2014-12-03,673206,300,72,2,3,5,50,9,98,NSA,0.0
3755,2014-11-25,2014-12-08,737054,11653,31,2,3,5,50,9,98,SAT,0.0
3756,2014-11-26,2014-12-02,2070100,12250,19,2,3,5,15,9,98,Not Rated,0.0
3757,2014-11-27,2015-01-09,1754554,10073,37,2,3,7,11,9,98,SAT,0.0
3758,2014-11-27,2014-12-05,255837,1419,30,2,6,5,12,9,98,SAT,0.0
3759,2014-11-27,2015-02-10,619180,11916,1,2,3,1,7,9,98,NSA,0.0
3760,2014-11-28,2014-11-28,744383,10552,43,2,2,1,15,9,98,Not Rated,0.0
3761,2014-11-27,2014-12-16,2476830,1994,30,2,7,1,15,9,98,SAT,0.0
3762,2014-11-28,2015-02-06,1847885,10550,33,2,3,1,21,9,98,SAT,0.0
3763,2014-11-28,2015-01-21,612463,11482,71,2,4,5,55,9,98,SAT,0.0
3764,2014-12-01,2015-01-26,2117187,10069,2,2,4,5,50,9,98,NSA,0.0
3765,2014-12-01,2014-12-05,714632,39,54,2,3,5,12,9,98,SAT,0.0
3766,2014-12-01,2014-12-03,623630,1879,41,2,3,5,57,9,98,SAT,0.0
3767,2014-12-01,2014-12-02,570900,1253,53,2,5,5,12,9,98,SAT,0.0
3768,2014-12-01,2015-02-16,606688,1630,57,2,2,5,15,9,98,SAT,0.0
3769,2014-12-02,2015-02-17,270875,9000,61,2,3,1,21,9,98,SAT,0.0
3770,2014-12-02,2014-12-02,2400023,11621,76,2,3,5,12,9,98,SAT,0.0
3771,2014-12-02,2014-12-03,1881589,10337,43,2,3,1,15,9,98,SAT,0.0
3772,2014-12-02,2014-12-17,283183,11715,64,2,6,5,8,9,98,Not Rated,0.0
3773,2014-12-02,2014-12-19,1791334,10900,58,2,5,5,12,9,98,SAT,0.0
3774,2014-12-03,2014-12-22,225260,1270,55,2,2,1,10,9,98,SAT,0.0
3775,2014-12-03,2014-12-04,323756,12120,54,2,5,5,15,9,98,Not Rated,0.0
3776,2014-12-04,2014-12-05,888827,356,40,2,2,1,18,9,98,Not Rated,0.0
3777,2014-12-04,2014-12-19,2313995,8985,34,2,6,5,6,9,98,SAT,0.0
3778,2014-12-04,2014-12-05,517356,2637,40,2,7,5,10,9,98,SAT,0.0
3779,2014-12-04,2014-12-19,253467,1737,69,2,4,5,50,9,98,NSA,0.0
3780,2014-12-05,2014-12-05,1749826,12256,33,2,4,7,21,9,98,Not Rated,0.0
3782,2014-12-05,2014-12-08,2399958,11764,49,2,3,5,21,9,98,Not Rated,0.0
3783,2014-12-05,2015-01-07,1808727,8965,30,2,5,5,12,9,98,SAT,0.0
3784,2014-12-05,2015-02-03,297293,2569,15,2,3,5,16,9,98,SAT,0.0
3785,2014-12-08,2014-12-08,1829328,12246,2,2,3,1,11,9,98,Not Rated,0.0
3786,2014-12-08,2015-01-20,1679922,12414,38,2,3,5,11,9,98,NSA,0.0
3787,2014-12-08,2014-12-08,2112825,10693,11,2,5,5,21,9,98,SAT,0.0
3788,2014-12-08,2015-01-15,179667,2208,17,2,3,5,11,9,98,Not Rated,0.0
3789,2014-12-08,2014-12-10,2224507,12038,31,2,3,5,12,9,98,SAT,0.0
3790,2014-11-24,2014-11-26,1683215,10327,20,2,5,5,10,9,98,SAT,0.0
3791,2014-12-09,2015-01-09,887370,11099,26,2,3,5,15,9,98,SAT,0.0
3792,2014-12-09,2015-01-02,1907204,10917,23,2,3,1,21,9,98,Not Rated,0.0
3793,2014-12-09,2014-12-12,2111201,11000,25,2,6,5,12,9,98,SAT,0.0
3794,2014-12-09,2015-01-02,478349,1678,18,2,3,1,21,9,98,Not Rated,0.0
3795,2014-12-09,2014-12-12,2165170,9726,35,2,2,1,10,9,98,SAT,0.0
3796,2014-12-09,2015-01-07,1853647,10900,12,2,4,5,50,9,98,NSA,0.0
3797,2014-12-09,2014-12-17,1806626,9361,36,2,2,1,21,9,98,SAT,0.0
3798,2014-12-10,2015-01-26,1910836,10720,73,2,3,1,7,9,98,SAT,0.0
3799,2014-11-24,2014-12-24,813154,8855,14,2,3,5,10,9,98,Not Rated,0.0
3800,2014-12-10,2014-12-16,445381,10067,52,2,5,5,12,9,98,SAT,0.0
3801,2014-12-10,2014-12-10,2103595,7626,74,2,7,1,21,9,98,Not Rated,0.0
3802,2014-12-10,2014-12-24,1708480,416,46,2,3,7,15,9,98,Not Rated,0.0
3803,2014-11-27,2014-12-08,2109731,2507,14,2,5,5,6,9,98,Not Rated,0.0
3804,2014-12-11,2014-12-24,2336800,11714,3,2,3,5,8,9,98,SAT,0.0
3805,2014-12-09,2015-02-02,2058335,9372,6,2,3,5,8,9,98,Not Rated,0.0
3806,2014-12-09,2014-12-24,879845,10037,65,2,2,5,10,9,98,Not Rated,0.0
3807,2014-12-15,2015-01-14,2056687,416,68,2,3,5,11,9,98,SAT,0.0
3808,2014-12-15,2015-01-09,209716,175,78,2,6,5,12,9,98,SAT,0.0
3809,2014-12-15,2015-02-04,1707654,11246,29,2,3,5,12,9,98,SAT,0.0
3810,2014-12-15,2015-03-27,114505,529,49,2,3,5,12,9,98,Not Rated,0.0
3811,2014-12-16,2014-12-19,41937,473,48,2,5,5,12,9,98,SAT,0.0
3812,2014-12-16,2015-01-09,1710462,10844,38,2,5,1,12,9,98,SAT,0.0
3813,2014-12-16,2015-01-14,556654,11230,67,1,3,5,12,9,98,SAT,0.0
3814,2014-12-16,2015-01-26,2340849,9347,42,2,3,7,32,9,98,SAT,0.0
3815,2014-12-16,2015-01-02,70994,1615,12,2,2,1,15,9,98,Not Rated,0.0
3816,2014-12-17,2015-01-20,1856901,11087,36,2,5,1,10,9,98,SAT,0.0
3818,2014-12-16,2014-12-31,1690035,9395,40,2,7,1,21,9,98,SAT,0.0
3819,2014-12-18,2015-01-13,1648069,8385,6,2,4,5,50,9,98,NSA,0.0
3820,2014-12-18,2015-01-02,99393,300,11,2,3,5,21,9,98,Not Rated,0.0
3821,2014-12-18,2015-01-14,2525783,10152,71,2,3,5,12,9,98,SAT,0.0
3822,2014-12-18,2015-01-14,1855947,11156,11,2,5,5,12,9,98,SAT,0.0
3823,2014-12-18,2015-03-06,1999866,8461,39,2,3,5,21,9,98,SAT,0.0
3824,2014-12-18,2015-01-07,180878,12414,11,2,5,5,10,9,98,Not Rated,0.0
3825,2014-12-19,2014-12-24,1674322,11220,21,2,5,5,8,9,98,Not Rated,0.0
3826,2014-12-19,2015-02-10,1832265,192,22,2,5,5,12,9,98,SAT,0.0
3827,2014-12-22,2014-12-24,2071344,9588,60,2,5,6,10,9,98,Not Rated,0.0
3828,2014-12-23,2015-02-17,752884,12181,54,2,3,1,15,9,98,SAT,0.0
3829,2014-12-19,2015-01-14,1708335,125,73,2,3,1,52,9,98,SAT,0.0
3830,2014-12-23,2015-01-09,211217,2559,39,2,3,5,10,9,98,SAT,0.0
3831,2014-12-23,2014-12-23,106079,11027,47,2,2,1,21,9,98,Not Rated,0.0
3832,2014-12-23,2014-12-23,19089,10116,60,2,2,1,15,9,98,Not Rated,0.0
3834,2014-12-23,2015-01-22,2154869,868,11,2,5,5,10,9,98,SAT,0.0
3835,2014-12-22,2015-01-29,862854,10603,77,1,3,5,50,9,98,NSA,0.0
3836,2014-12-24,2015-01-14,2383941,1526,14,2,6,5,21,9,98,SAT,0.0
3838,2014-12-24,2015-01-14,2056364,2690,24,2,3,5,10,9,98,Not Rated,0.0
3839,2014-12-29,2015-01-02,413441,9803,77,2,2,1,34,9,98,Not Rated,0.0
3840,2014-12-23,2014-12-24,1837702,11072,15,2,5,5,58,9,98,SAT,0.0
3842,2014-12-29,2015-02-06,179613,12000,46,2,3,5,50,9,98,Not Rated,0.0
3843,2014-12-31,2015-01-02,889062,10107,20,2,3,1,21,9,98,SAT,0.0
3844,2014-12-31,2015-01-09,872576,10991,63,2,7,8,15,9,98,SAT,0.0
3845,2014-12-31,2015-01-02,1842055,2384,73,2,2,1,55,9,98,Not Rated,0.0
3846,2014-12-22,2015-02-02,409953,2,75,2,2,1,50,9,98,Not Rated,0.0
3847,2015-01-05,2015-01-09,2270229,12754,46,2,7,3,18,9,98,SAT,0.0
3848,2015-01-05,2015-01-07,1898527,11212,57,2,4,5,21,9,98,Not Rated,0.0
3849,2015-01-05,2015-02-10,2067684,9347,49,2,5,5,10,9,98,SAT,0.0
3850,2014-12-29,2015-01-05,2052827,8601,45,2,5,5,32,9,98,SAT,0.0
3851,2015-01-05,2015-02-24,253009,1512,57,2,5,5,8,9,98,SAT,0.0
3852,2015-01-08,2015-01-09,1706242,9560,41,2,7,6,10,9,98,Not Rated,0.0
3853,2015-01-08,2015-01-22,1876106,11039,67,2,2,1,15,9,98,Not Rated,0.0
3854,2015-01-08,2015-01-12,1901828,11123,30,2,3,1,21,9,98,Not Rated,0.0
3855,2015-01-08,2015-02-10,1878071,8359,17,2,3,5,11,9,98,SAT,0.0
3856,2015-01-09,2015-02-11,2008283,11273,50,2,3,5,16,9,98,Not Rated,0.0
3857,2015-01-08,2015-02-06,201055,11157,2,2,3,5,58,9,98,Not Rated,0.0
3858,2015-01-09,2015-03-06,513475,2601,49,2,3,1,12,9,98,SAT,0.0
3859,2015-01-09,2015-01-14,625505,974,45,2,3,1,21,9,98,SAT,0.0
3860,2015-01-12,2015-02-24,1880443,1419,45,2,3,5,12,9,98,Not Rated,0.0
3861,2015-01-05,2015-01-14,500666,1516,35,2,3,1,15,9,98,SAT,0.0
3862,2015-01-12,2015-01-26,289582,11063,68,2,3,1,12,9,98,SAT,0.0
3863,2015-01-12,2015-01-26,2184332,1552,36,2,3,5,12,9,98,SAT,0.0
3864,2015-01-12,2015-02-26,1707006,10361,33,2,3,5,8,9,98,Not Rated,0.0
3865,2015-01-12,2015-02-19,836638,8996,53,2,3,5,8,9,98,Not Rated,0.0
3866,2015-01-05,2015-06-26,357680,11156,11,2,5,5,10,9,98,Not Rated,0.0
3867,2015-01-13,2015-02-19,800045,974,3,2,3,7,10,9,98,Not Rated,0.0
3868,2015-01-13,2015-01-26,862089,2637,56,2,3,1,12,9,98,SAT,0.0
3869,2015-01-13,2015-01-26,1828262,10534,69,2,3,1,12,9,98,SAT,0.0
3870,2015-01-14,2015-02-17,2127823,11715,34,2,3,1,11,9,98,SAT,0.0
3871,2015-01-14,2015-02-12,1818063,781,51,2,3,1,50,9,98,Not Rated,0.0
3872,2015-01-15,2015-03-11,323605,10637,43,2,7,1,21,9,98,SAT,0.0
3873,2015-01-15,2015-02-24,1854150,10160,54,2,3,5,12,9,98,SAT,0.0
3874,2015-01-15,2015-02-02,794305,11122,33,2,3,1,8,9,98,Not Rated,0.0
3875,2015-01-15,2015-02-19,661782,9892,53,2,5,5,12,9,98,SAT,0.0
3876,2015-01-15,2015-02-17,650717,11272,62,2,3,5,12,9,98,SAT,0.0
3877,2015-01-15,2015-01-19,760218,11118,18,2,5,5,45,9,98,SAT,0.0
3878,2015-01-15,2015-01-16,2039473,9813,25,2,5,5,18,9,98,Not Rated,0.0
3879,2015-01-15,2015-01-16,1948292,10587,55,2,7,5,15,9,98,SAT,0.0
3880,2015-01-13,2015-01-22,845451,10623,60,1,5,4,9,9,98,Not Rated,0.0
3881,2015-01-16,2015-02-26,357716,8116,26,2,5,7,15,9,98,Not Rated,0.0
3882,2015-01-16,2015-02-06,837360,12769,15,2,3,5,21,9,98,SAT,0.0
3883,2015-01-16,2015-01-20,288651,8996,71,2,5,5,15,9,98,SAT,0.0
3884,2015-01-16,2015-01-19,2058621,10328,5,2,2,1,21,9,98,SAT,0.0
3885,2015-01-16,2015-01-22,1999866,11822,6,2,3,1,10,9,98,SAT,0.0
3886,2015-01-16,2015-01-29,1849527,39,26,2,5,6,18,9,98,Not Rated,0.0
3887,2015-01-16,2015-03-03,1818434,1352,50,2,3,5,11,9,98,SAT,0.0
3888,2015-01-16,2015-01-16,119606,11172,45,2,5,5,10,9,98,SAT,0.0
3889,2015-01-19,2015-02-06,463725,507,42,2,2,1,15,9,98,Not Rated,0.0
3890,2015-01-19,2015-01-19,2129100,12120,2,2,2,1,21,9,98,Not Rated,0.0
3891,2015-01-19,2015-02-17,834194,2129,34,2,3,5,9,9,98,SAT,0.0
3892,2015-01-19,2015-01-19,1783088,10507,70,2,3,5,55,9,98,Not Rated,0.0
3893,2015-01-16,2015-02-27,472816,10552,70,2,5,5,10,9,98,Not Rated,0.0
3894,2015-01-20,2015-01-27,1812009,11173,35,2,2,1,1,9,98,Not Rated,0.0
3895,2015-01-19,2015-02-11,480620,9798,2,2,5,5,10,9,98,Not Rated,0.0
3896,2015-01-20,2015-02-17,616756,7949,61,2,3,5,9,9,98,SAT,0.0
3897,2015-01-20,2015-01-22,1800321,12125,41,2,3,1,45,9,98,Not Rated,0.0
3899,2015-01-20,2015-02-03,43139,2482,72,2,5,5,6,9,98,NSA,0.0
3900,2015-01-21,2015-01-22,2117712,8530,64,2,3,7,10,9,98,SAT,0.0
3901,2015-01-16,2015-01-23,44030,2648,9,2,3,1,34,9,98,SAT,0.0
3902,2015-01-21,2015-03-24,2336747,843,52,2,3,5,9,9,98,SAT,0.0
3903,2015-01-21,2015-03-03,1845975,11764,23,2,3,5,12,9,98,SAT,0.0
3905,2015-01-21,2015-03-30,117763,10738,38,2,5,5,18,9,98,Not Rated,0.0
3906,2015-01-16,2015-01-22,881696,2468,70,2,6,5,15,9,98,Not Rated,0.0
3907,2015-01-22,2015-01-22,2219563,11119,10,2,3,5,15,9,98,Not Rated,0.0
3908,2015-01-22,2015-06-19,578228,9051,57,2,3,5,45,9,98,SAT,0.0
3909,2015-01-22,2015-01-22,1894383,11537,72,2,3,5,55,9,98,Not Rated,0.0
3910,2015-01-23,2015-02-20,2224003,12510,46,2,3,5,15,9,98,NSA,0.0
3911,2015-01-23,2015-02-04,505820,73,24,2,5,5,11,9,98,SAT,0.0
3912,2015-01-23,2015-01-28,466583,868,47,2,7,7,18,9,98,Not Rated,0.0
3913,2015-01-23,2015-02-06,605574,10820,22,2,3,5,21,9,98,Not Rated,0.0
3914,2015-01-23,2015-02-10,491995,10967,57,2,3,7,21,9,98,Not Rated,0.0
3915,2015-01-25,2015-02-04,780908,586,35,2,7,6,10,9,98,Not Rated,0.0
3916,2015-01-27,2015-01-27,1889855,10055,57,2,5,7,15,9,98,Not Rated,0.0
3917,2015-01-27,2015-02-17,719415,9775,36,2,3,1,9,9,98,SAT,0.0
3918,2015-01-26,2015-02-05,1892694,8965,55,1,3,5,10,9,98,Not Rated,0.0
3919,2015-01-27,2015-01-30,449937,9968,14,2,5,1,21,9,98,SAT,0.0
3920,2015-01-28,2015-02-04,1846813,922,64,2,3,5,52,9,98,SAT,0.0
3921,2015-01-28,2015-02-17,1761197,2613,55,2,3,1,9,9,98,SAT,0.0
3922,2015-01-28,2015-02-16,1708743,2656,68,2,6,5,11,9,98,SAT,0.0
3923,2015-01-27,2015-02-02,219237,11230,21,2,2,1,21,9,98,SAT,0.0
3924,2015-01-21,2015-01-29,1709540,11840,8,2,5,4,10,9,98,NSA,0.0
3925,2015-01-29,2015-03-16,1861067,8585,38,2,3,5,7,9,98,SAT,0.0
3926,2015-01-29,2015-02-20,380000,8461,67,2,3,5,12,9,98,SAT,0.0
3927,2015-01-30,2015-02-24,254833,12066,48,2,2,1,15,9,98,SAT,0.0
3928,2015-01-30,2015-02-20,1820277,2537,33,2,5,5,15,9,98,SAT,0.0
3929,2015-01-30,2015-04-23,359426,11972,51,2,3,1,11,9,98,Not Rated,0.0
3930,2015-02-02,2015-02-20,1791089,282,12,2,3,1,23,9,98,Not Rated,0.0
3931,2015-01-29,2015-02-18,1818231,11714,43,2,3,5,10,9,98,SAT,0.0
3932,2015-02-02,2015-02-12,1700142,8356,27,2,7,1,21,9,98,SAT,0.0
3936,2015-02-02,2015-02-02,1858088,2531,66,2,5,5,7,9,98,SAT,0.0
3937,2015-02-02,2015-02-12,2066439,10587,73,2,3,5,57,9,98,SAT,0.0
3938,2015-02-02,2015-03-31,2223576,8461,29,2,3,5,12,9,98,SAT,0.0
3939,2015-02-02,2015-04-14,1880850,1706,49,2,6,5,2,9,98,Not Rated,0.0
3940,2015-02-03,2015-02-20,2223983,8662,7,2,2,1,21,9,98,SAT,0.0
3941,2015-02-03,2015-03-31,1896477,11118,13,2,3,5,11,9,98,NSA,0.0
3942,2015-02-03,2015-02-04,842346,10037,2,2,7,7,10,9,98,SAT,0.0
3943,2015-02-03,2015-02-05,1854107,9499,73,2,5,7,21,9,98,SAT,0.0
3944,2015-02-03,2015-02-10,2226826,11971,57,2,6,5,18,9,98,SAT,0.0
3945,2015-02-03,2015-03-06,746947,11132,69,2,3,1,8,9,98,SAT,0.0
3947,2015-02-04,2015-04-15,2035042,7949,15,2,3,5,12,9,98,SAT,0.0
3948,2015-02-04,2015-02-24,2237448,11114,58,2,3,5,12,9,98,SAT,0.0
3949,2015-02-02,2015-02-05,655104,8885,43,2,5,3,21,9,98,SAT,0.0
3950,2015-02-04,2015-03-03,2114944,12563,63,2,5,4,10,9,98,SAT,0.0
3951,2015-02-05,2015-02-19,1680117,10737,42,2,3,7,10,9,98,SAT,0.0
3952,2015-01-30,2015-02-04,1818294,2175,51,2,5,4,15,9,98,Not Rated,0.0
3953,2015-02-02,2015-02-12,166675,242,14,2,4,5,50,9,98,NSA,0.0
3955,2015-01-29,2015-02-09,840337,7682,10,2,2,1,15,9,98,SAT,0.0
3956,2015-02-03,2015-02-09,1812270,9901,18,2,2,1,21,9,98,SAT,0.0
3957,2015-02-05,2015-02-10,270967,12334,57,2,5,5,44,9,98,Not Rated,0.0
3958,2015-02-05,2015-02-26,566327,2614,53,2,7,1,15,9,98,Not Rated,0.0
3960,2015-02-05,2015-03-06,2054453,7671,52,2,3,5,12,9,98,SAT,0.0
3961,2015-02-05,2015-02-24,1911414,10793,55,2,3,5,50,9,98,NSA,0.0
3962,2015-02-05,2015-03-11,211239,11131,21,2,3,5,12,9,98,SAT,0.0
3963,2015-02-05,2015-02-25,744383,843,40,2,5,4,10,9,98,Not Rated,0.0
3964,2015-02-06,2015-02-06,1918231,796,10,2,3,1,15,9,98,Not Rated,0.0
3965,2015-02-06,2015-02-12,874201,978,51,2,7,1,10,9,98,SAT,0.0
3966,2015-01-16,2015-02-20,1804318,1630,54,2,5,1,18,9,98,Not Rated,0.0
3967,2015-02-06,2015-03-16,1659662,10738,51,2,3,5,15,9,98,SAT,0.0
3968,2015-02-06,2015-02-19,2309147,11558,54,2,3,1,21,9,98,SAT,0.0
3969,2015-02-06,2015-03-16,1765973,564,25,2,3,5,15,9,98,SAT,0.0
3970,2015-02-06,2015-02-24,1732570,8946,67,2,6,5,40,9,98,SAT,0.0
3971,2015-02-06,2015-02-20,241806,9205,73,2,3,5,12,9,98,SAT,0.0
3973,2015-02-09,2015-02-25,2362126,11039,68,2,2,1,21,9,98,SAT,0.0
3975,2015-02-09,2015-02-26,179888,1515,2,2,5,5,15,9,98,SAT,0.0
3977,2015-02-09,2015-03-27,890057,10737,29,2,3,5,8,9,98,SAT,0.0
3979,2015-02-09,2015-02-20,2443636,9359,58,2,5,5,10,9,98,SAT,0.0
3980,2015-02-06,2015-02-18,1858488,858,41,2,3,5,12,9,98,SAT,0.0
3981,2015-02-09,2015-02-25,428116,11223,70,2,3,5,10,9,98,Not Rated,0.0
3982,2015-02-10,2015-03-31,861238,1630,33,2,3,1,9,9,98,SAT,0.0
3983,2015-02-10,2015-02-17,390473,11262,73,2,5,5,21,9,98,SAT,0.0
3984,2015-02-09,2015-04-09,2110468,1896,24,2,3,5,11,9,98,NSA,0.0
3985,2015-02-06,2015-03-09,1711066,11273,70,2,2,1,15,9,98,SAT,0.0
3986,2015-02-10,2015-02-20,554190,2316,50,2,3,5,12,9,98,SAT,0.0
3987,2015-02-11,2015-05-08,1827352,11479,66,2,3,5,11,9,98,SAT,0.0
3988,2015-02-09,2015-02-24,2199329,224,9,2,3,5,50,9,98,NSA,0.0
3989,2015-02-11,2015-03-10,1721627,11668,9,2,2,1,21,9,98,SAT,0.0
3990,2015-02-11,2015-03-06,2491753,224,28,2,2,1,21,9,98,SAT,0.0
3991,2015-02-11,2015-02-16,1792782,10850,66,2,5,5,9,9,98,SAT,0.0
3992,2015-02-11,2015-03-10,100003,10722,76,2,3,1,21,9,98,SAT,0.0
3993,2015-02-11,2015-02-11,863408,10794,20,2,5,5,25,9,98,Not Rated,0.0
3994,2015-02-11,2015-02-20,1660557,10127,2,2,5,5,8,9,98,Not Rated,0.0
3995,2015-02-11,2015-03-11,1818434,2519,67,2,3,5,40,9,98,NSA,0.0
3996,2015-02-11,2015-02-17,1788944,12563,11,2,3,5,21,9,98,SAT,0.0
3997,2015-02-11,2015-02-18,396097,10379,31,2,3,5,8,9,98,Not Rated,0.0
3998,2015-02-12,2015-02-26,1732456,11626,73,2,7,7,9,9,98,SAT,0.0
3999,2015-02-12,2015-03-17,2035337,11030,24,2,7,3,15,9,98,NSA,0.0
4000,2015-02-13,2015-02-26,840337,9395,29,2,3,1,10,9,98,SAT,0.0
4001,2015-02-13,2015-02-27,1886732,10030,3,2,3,5,7,9,98,NSA,0.0
4002,2015-02-13,2015-02-27,2225454,11715,14,2,3,5,7,9,98,NSA,0.0
4003,2015-02-13,2015-03-20,2387320,879,22,2,3,5,12,9,98,SAT,0.0
4004,2015-02-12,2015-02-24,184363,269,44,2,3,1,21,9,98,SAT,0.0
4005,2015-02-12,2015-02-25,834659,11980,27,2,3,1,21,9,98,SAT,0.0
4006,2015-02-12,2015-02-25,2510524,10623,66,2,3,1,21,9,98,SAT,0.0
4007,2015-02-12,2015-02-24,895118,8985,67,2,3,1,21,9,98,SAT,0.0
4008,2015-02-12,2015-02-25,1813205,11134,42,2,3,1,21,9,98,SAT,0.0
4009,2015-02-13,2015-02-25,2409970,11069,51,2,3,5,50,9,98,NSA,0.0
4010,2015-02-16,2015-02-20,575220,8949,33,2,5,5,10,9,98,Not Rated,0.0
4011,2015-02-16,2015-03-13,42469,11169,58,1,3,5,50,9,98,NSA,0.0
4012,2015-02-06,2015-02-26,2253291,11212,11,2,3,5,15,9,98,Not Rated,0.0
4013,2015-02-16,2015-04-02,643271,11798,22,2,3,5,12,9,98,Not Rated,0.0
4014,2015-02-16,2015-03-11,1683689,10073,47,2,3,5,12,9,98,Not Rated,0.0
4015,2015-02-16,2015-03-30,2079801,10490,21,2,4,5,45,9,98,Not Rated,0.0
4016,2015-02-16,2015-03-27,1679001,12572,41,2,6,5,12,9,98,SAT,0.0
4017,2015-02-17,2015-03-27,2438551,8996,36,2,3,5,1,9,98,NSA,0.0
4018,2015-02-17,2015-02-18,1871435,224,15,2,3,1,21,9,98,Not Rated,0.0
4019,2015-02-09,2015-02-27,2415577,10426,31,2,5,1,9,9,98,SAT,0.0
4020,2015-02-17,2015-04-28,120422,12563,66,2,3,7,11,9,98,NSA,0.0
4021,2015-02-17,2015-02-17,1679922,11220,55,2,3,1,15,9,98,Not Rated,0.0
4022,2015-02-17,2015-04-22,2010282,2129,17,2,3,5,11,9,98,Not Rated,0.0
4023,2015-02-17,2015-03-10,235430,125,17,2,3,5,21,9,98,SAT,0.0
4024,2015-02-02,2015-02-26,1947028,8946,71,2,5,1,55,9,98,SAT,0.0
4025,2015-02-18,2015-02-26,507364,801,21,2,5,5,12,9,98,SAT,0.0
4026,2015-02-18,2015-02-20,308317,175,43,2,7,5,38,9,98,Not Rated,0.0
4027,2015-02-18,2015-03-27,620113,2460,38,2,5,6,8,9,98,Not Rated,0.0
4028,2015-02-18,2015-03-13,894126,11479,33,2,5,1,10,9,98,SAT,0.0
4030,2015-02-18,2015-03-16,895849,10992,68,2,5,5,12,9,98,SAT,0.0
4031,2015-02-18,2015-03-20,1878017,9362,39,2,3,5,12,9,98,SAT,0.0
4032,2015-02-18,2015-03-09,406929,7835,50,2,5,5,12,9,98,Not Rated,0.0
4033,2015-02-18,2015-03-06,672681,11039,19,2,6,5,15,9,98,Not Rated,0.0
4034,2015-02-18,2015-03-12,1674712,1717,64,2,2,1,21,9,98,SAT,0.0
4035,2015-02-16,2015-02-19,52375,11170,60,2,5,5,21,9,98,SAT,0.0
4036,2015-02-19,2015-02-20,747628,753,66,2,3,5,12,9,98,Not Rated,0.0
4037,2015-02-19,2015-03-03,1850004,10016,73,2,3,7,9,9,98,SAT,0.0
4038,2015-02-19,2015-03-03,511889,10106,13,2,3,5,7,9,98,NSA,0.0
4039,2015-02-19,2015-04-09,2069417,10037,54,2,3,5,1,9,98,SAT,0.0
4040,2015-02-19,2015-03-20,44152,2656,30,2,3,5,9,9,98,SAT,0.0
4041,2015-02-20,2015-02-24,2224508,10850,49,2,3,5,8,9,98,SAT,0.0
4042,2015-02-20,2015-03-19,219207,194,24,2,5,5,44,9,98,SAT,0.0
4043,2015-02-20,2015-03-27,1822206,1876,52,2,5,5,11,9,98,Not Rated,0.0
4045,2015-02-20,2015-03-11,2084561,2208,28,2,3,5,12,9,98,SAT,0.0
4046,2015-02-20,2015-02-27,311670,119,12,2,3,5,15,9,98,SAT,0.0
4047,2015-02-24,2015-04-24,2018885,9021,56,2,3,5,1,9,98,NSA,0.0
4048,2015-02-24,2015-03-02,1984571,1680,71,2,2,1,55,9,98,SAT,0.0
4049,2015-02-24,2015-03-09,192684,9923,42,2,5,5,12,9,98,SAT,0.0
4050,2015-02-20,2015-02-24,895034,11959,16,2,5,5,10,9,98,SAT,0.0
4051,2015-02-24,2015-03-23,1873280,2384,74,2,5,5,10,9,98,Not Rated,0.0
4052,2015-02-25,2015-03-10,1805436,9204,23,2,5,5,12,9,98,SAT,0.0
4053,2015-02-25,2015-03-30,313971,8662,41,2,6,5,8,9,98,SAT,0.0
4054,2015-02-25,2015-03-05,2403840,11140,10,2,5,5,23,9,98,SAT,0.0
4055,2015-02-24,2015-03-19,889162,9796,69,2,2,1,21,9,98,SAT,0.0
4056,2015-02-26,2015-02-27,2116800,10967,52,2,7,3,21,9,98,Not Rated,0.0
4057,2015-02-26,2015-04-08,2478688,10569,7,2,3,7,11,9,98,Not Rated,0.0
4058,2015-02-26,2015-03-05,1888850,978,45,2,5,5,18,9,98,SAT,0.0
4059,2015-02-24,2015-02-27,1805431,11194,24,2,2,1,21,9,98,SAT,0.0
4060,2015-02-26,2015-03-09,1690277,11158,21,2,7,1,21,9,98,SAT,0.0
4061,2015-02-08,2015-03-12,338576,8985,70,2,5,5,15,9,98,Not Rated,0.0
4062,2015-02-27,2015-03-30,351623,2504,54,2,5,5,50,9,98,Not Rated,0.0
4063,2015-02-27,2015-03-19,1824358,190,51,2,3,1,21,9,98,SAT,0.0
4064,2015-02-27,2015-03-03,1754967,11493,30,2,7,5,10,9,98,Not Rated,0.0
4065,2015-03-02,2015-03-18,2174743,11972,24,2,3,5,52,9,98,SAT,0.0
4066,2015-03-02,2015-04-20,1853201,12510,30,2,3,5,9,9,98,Not Rated,0.0
4067,2015-03-02,2015-04-07,578865,9901,77,2,5,4,10,9,98,Not Rated,0.0
4068,2015-03-02,2015-03-05,615324,1846,29,2,6,5,8,9,98,SAT,0.0
4069,2015-03-02,2015-03-16,1707397,11849,47,2,6,5,6,9,98,SAT,0.0
4070,2015-03-02,2015-03-04,630695,7979,73,2,2,5,21,9,98,SAT,0.0
4071,2015-03-02,2015-03-06,191849,2107,23,2,3,5,15,9,98,Not Rated,0.0
4072,2015-03-03,2015-03-18,2170636,2175,66,2,5,5,12,9,98,Not Rated,0.0
4073,2015-03-03,2015-03-04,106144,11137,24,2,5,3,21,9,98,SAT,0.0
4074,2015-03-02,2015-03-04,123845,10260,63,2,5,4,10,9,98,SAT,0.0
4075,2015-03-03,2015-03-18,41250,1085,1,2,5,5,10,9,98,SAT,0.0
4076,2015-03-03,2015-04-17,2111208,10603,4,2,5,5,10,9,98,Not Rated,0.0
4078,2015-03-03,2015-04-07,352751,11027,68,2,6,5,15,9,98,SAT,0.0
4079,2015-03-03,2015-03-10,2476382,2659,55,2,6,5,10,9,98,SAT,0.0
4081,2015-03-04,2015-03-19,1824172,12333,57,2,3,7,10,9,98,SAT,0.0
4082,2015-03-04,2015-03-19,302654,2380,56,2,5,7,21,9,98,Not Rated,0.0
4083,2015-03-04,2015-03-05,560036,9362,42,2,2,1,21,9,98,SAT,0.0
4084,2015-03-04,2015-03-26,2292978,11254,78,2,6,5,45,9,98,SAT,0.0
4085,2015-03-04,2015-03-20,416740,1465,26,2,3,1,9,9,98,SAT,0.0
4086,2015-03-04,2015-05-25,714632,11179,68,2,6,5,4,9,98,Not Rated,0.0
4087,2015-03-04,2015-05-19,2305285,1097,38,2,7,5,15,9,98,Not Rated,0.0
4088,2015-02-27,2015-03-23,576093,2263,11,2,7,5,10,9,98,SAT,0.0
4089,2015-03-04,2015-03-17,841854,11255,10,2,7,7,21,9,98,SAT,0.0
4090,2015-03-05,2015-03-05,327201,9357,9,2,3,5,1,9,98,SAT,0.0
4092,2015-03-05,2015-03-13,1651299,597,20,1,5,5,10,9,98,Not Rated,0.0
4093,2015-03-05,2015-03-18,173947,974,50,2,7,5,10,9,98,Not Rated,0.0
4094,2015-03-05,2015-03-12,2416730,12208,32,2,3,5,21,9,98,Not Rated,0.0
4095,2015-03-05,2015-04-29,2387405,12125,3,2,5,5,21,9,98,SAT,0.0
4096,2015-03-05,2015-03-24,2339409,9826,26,2,5,5,21,9,98,SAT,0.0
4097,2015-03-05,2015-04-23,637475,10426,8,2,3,5,21,9,98,Not Rated,0.0
4098,2015-03-05,2015-04-07,1850525,10105,22,2,5,5,50,9,98,SAT,0.0
4099,2015-03-06,2015-03-12,2304843,9085,76,2,3,1,21,9,98,Not Rated,0.0
4100,2015-03-05,2015-04-20,321257,10646,6,2,5,5,10,9,98,SAT,0.0
4101,2015-03-05,2015-03-06,1777907,2696,37,2,5,4,10,9,98,Not Rated,0.0
4102,2015-03-06,2015-03-11,1840100,9357,47,2,5,7,21,9,98,SAT,0.0
4103,2015-03-06,2015-03-11,354570,10749,71,2,5,5,7,9,98,SAT,0.0
4104,2015-03-09,2015-04-06,316911,11626,67,2,5,1,12,9,98,SAT,0.0
4105,2015-03-09,2015-03-18,1883478,911,57,2,5,5,10,9,98,SAT,0.0
4106,2015-03-09,2015-03-30,2362145,10260,22,2,5,5,21,9,98,SAT,0.0
4108,2015-03-10,2015-04-06,285913,9796,52,2,6,5,50,9,98,Not Rated,0.0
4110,2015-03-09,2015-04-30,2101828,1630,32,1,3,5,11,9,98,SAT,0.0
4111,2015-03-09,2015-05-08,365738,1275,53,2,3,5,11,9,98,Not Rated,0.0
4112,2015-03-09,2015-03-10,509052,1717,61,2,5,5,12,9,98,Not Rated,0.0
4113,2015-03-10,2015-03-19,780508,2482,35,2,3,5,12,9,98,SAT,0.0
4114,2015-03-10,2015-04-22,2103969,8953,44,2,6,5,12,9,98,Not Rated,0.0
4115,2015-03-10,2015-04-29,237409,9205,77,2,6,5,52,9,98,Not Rated,0.0
4116,2015-03-10,2015-03-27,2126521,820,68,2,3,5,12,9,98,SAT,0.0
4117,2015-03-10,2015-03-24,1749783,922,35,2,5,5,21,9,98,SAT,0.0
4118,2015-03-10,2015-03-16,1857872,2260,2,2,2,1,21,9,98,SAT,0.0
4119,2015-03-10,2015-03-13,85534,11972,42,2,2,1,21,9,98,SAT,0.0
4120,2015-03-11,2015-03-31,78085,10326,53,2,3,5,32,9,98,SAT,0.0
4121,2015-03-11,2015-04-06,829354,9419,65,2,3,5,7,9,98,NSA,0.0
4122,2015-03-11,2015-04-06,252873,11172,45,2,3,5,7,9,98,NSA,0.0
4123,2015-03-11,2015-03-20,1860802,753,2,2,6,5,12,9,98,Not Rated,0.0
4124,2015-03-11,2015-03-27,865258,8882,77,2,6,5,44,9,98,SAT,0.0
4125,2015-03-11,2015-03-17,1793472,10186,74,2,6,5,12,9,98,Not Rated,0.0
4126,2015-03-11,2015-03-24,2141554,1079,38,2,5,7,21,9,98,SAT,0.0
4127,2015-03-11,2015-03-17,2520479,2172,60,2,7,7,23,9,98,SAT,0.0
4128,2015-03-12,2015-04-06,2289944,884,47,2,6,5,15,9,98,SAT,0.0
4129,2015-03-12,2015-03-16,2290892,9968,62,2,7,3,21,9,98,SAT,0.0
4130,2015-03-12,2015-04-30,881676,2208,7,2,3,5,40,9,98,SAT,0.0
4131,2015-03-13,2015-03-19,1800295,2637,62,2,7,7,21,9,98,SAT,0.0
4132,2015-03-13,2015-03-17,1829547,10172,23,2,6,5,12,9,98,SAT,0.0
4133,2015-03-13,2015-04-20,2056992,9085,53,2,6,5,1,9,98,Not Rated,0.0
4134,2015-03-16,2015-03-26,502703,2502,56,2,5,5,10,9,98,SAT,0.0
4135,2015-03-16,2015-04-20,347692,11974,11,2,5,5,9,9,98,Not Rated,0.0
4136,2015-03-16,2015-04-06,179613,10552,55,2,6,5,57,9,98,Not Rated,0.0
4137,2015-03-17,2015-03-19,41981,8970,20,2,7,7,21,9,98,SAT,0.0
4138,2015-03-17,2015-03-30,153055,7654,67,2,5,5,8,9,98,SAT,0.0
4139,2015-03-18,2015-03-26,1706791,11030,39,2,2,1,15,9,98,Not Rated,0.0
4140,2015-03-18,2015-03-19,2135487,10446,51,2,3,1,21,9,98,SAT,0.0
4141,2015-03-17,2015-04-29,887370,836,47,2,3,5,21,9,98,SAT,0.0
4142,2015-03-18,2015-03-24,1848828,1717,36,2,5,5,21,9,98,SAT,0.0
4143,2015-03-18,2015-03-20,860912,7973,75,2,3,5,21,9,98,Not Rated,0.0
4144,2015-03-13,2015-04-16,657000,11077,50,2,3,1,21,9,98,SAT,0.0
4145,2015-03-18,2015-03-24,1842289,10569,61,2,3,5,21,9,98,Not Rated,0.0
4146,2015-03-18,2015-03-27,1817367,8063,55,2,6,5,12,9,98,SAT,0.0
4147,2015-03-19,2015-03-19,357243,10749,11,2,2,1,21,9,98,SAT,0.0
4148,2015-03-19,2015-03-23,1787228,11916,49,2,5,5,10,9,98,SAT,0.0
4149,2015-03-16,2015-04-22,2112858,2696,39,2,6,5,15,9,98,SAT,0.0
4150,2015-03-16,2015-04-06,1766397,10326,62,2,6,5,12,9,98,SAT,0.0
4151,2015-03-19,2015-05-05,2343275,12181,39,2,5,5,9,9,98,SAT,0.0
4152,2015-03-12,2015-03-30,1888850,9311,3,2,3,5,15,9,98,SAT,0.0
4153,2015-03-23,2015-04-09,342613,11027,5,2,6,5,10,9,98,SAT,0.0
4154,2015-03-23,2015-04-08,1599240,12352,6,2,2,1,21,9,98,SAT,0.0
4155,2015-03-23,2015-04-06,2037929,10446,74,2,3,5,50,9,98,Not Rated,0.0
4156,2015-03-20,2015-03-24,1726383,10990,78,2,7,3,21,9,98,SAT,0.0
4157,2015-03-23,2015-03-26,11424,11910,45,2,5,5,12,9,98,SAT,0.0
4158,2015-03-24,2015-04-28,889082,10618,44,2,3,1,15,9,98,Not Rated,0.0
4159,2015-03-24,2015-03-24,1830620,10426,46,2,5,5,10,9,98,Not Rated,0.0
4160,2015-03-10,2015-03-30,12656,10744,72,2,6,5,8,9,98,Not Rated,0.0
4161,2015-03-24,2015-03-24,2088226,2532,33,2,5,5,9,9,98,SAT,0.0
4162,2015-03-16,2015-03-31,866411,10020,35,2,3,1,15,9,98,SAT,0.0
4163,2015-03-24,2015-04-06,1812809,601,73,2,4,5,42,9,98,Not Rated,0.0
4164,2015-03-26,2015-04-09,1772395,12102,16,2,7,1,21,9,98,Not Rated,0.0
4165,2015-03-26,2015-03-27,92758,2117,73,2,2,1,21,9,98,SAT,0.0
4167,2015-03-26,2015-04-29,895357,8985,4,2,6,5,10,9,98,Not Rated,0.0
4168,2015-03-26,2015-04-21,1848246,9559,6,2,6,5,12,9,98,SAT,0.0
4169,2015-03-26,2015-03-26,302654,11653,24,2,5,5,12,9,98,SAT,0.0
4170,2015-03-26,2015-04-03,539034,11146,27,2,5,5,7,9,98,SAT,0.0
4171,2015-03-26,2015-04-06,128119,9983,71,2,6,5,57,9,98,Not Rated,0.0
4173,2015-03-27,2015-04-15,709300,12299,29,2,4,7,15,9,98,Not Rated,0.0
4174,2015-03-27,2015-03-27,2159278,1997,74,2,2,1,21,9,98,SAT,0.0
4175,2015-03-30,2015-04-22,1901297,2502,3,2,3,5,15,9,98,SAT,0.0
4176,2015-03-30,2015-03-30,2054498,10443,21,2,5,5,15,9,98,Not Rated,0.0
4177,2015-03-30,2015-04-01,2433403,796,21,2,6,5,57,9,98,SAT,0.0
4178,2015-03-30,2015-04-15,2032699,11711,51,2,3,5,58,9,98,Not Rated,0.0
4179,2015-03-30,2015-05-07,45340,753,74,2,3,7,21,9,98,Not Rated,0.0
4181,2015-03-24,2015-03-31,538325,8885,47,2,3,7,21,9,98,SAT,0.0
4182,2015-03-30,2015-04-01,2084058,8356,24,2,3,7,21,9,98,Not Rated,0.0
4183,2015-03-30,2015-03-31,1893375,1645,45,2,2,1,21,9,98,SAT,0.0
4184,2015-03-30,2015-04-24,2506353,9362,22,2,5,5,12,9,98,SAT,0.0
4185,2015-03-23,2015-04-21,383443,10147,47,2,3,5,15,9,98,Not Rated,0.0
4186,2015-03-30,2015-04-29,2059564,11094,42,2,5,5,8,9,98,Not Rated,0.0
4187,2015-03-27,2015-04-03,2036587,10359,31,2,5,5,11,9,98,Not Rated,0.0
4188,2015-03-31,2015-03-31,19631,11268,37,2,5,5,15,9,98,SAT,0.0
4189,2015-03-30,2015-04-22,2039490,8887,20,2,3,1,8,9,98,SAT,0.0
4190,2015-03-31,2015-04-27,571888,7626,4,2,5,5,21,9,98,SAT,0.0
4191,2015-03-31,2015-05-26,1887564,842,54,2,4,5,11,9,98,SAT,0.0
4192,2015-03-30,2015-04-02,746152,11066,32,2,7,1,21,9,98,SAT,0.0
4193,2015-04-01,2015-05-07,1639796,11960,21,2,3,5,21,9,98,SAT,0.0
4195,2015-04-01,2015-04-02,269196,10160,62,2,2,1,21,9,98,SAT,0.0
4196,2015-04-01,2015-04-02,1890618,9546,30,2,7,3,21,9,98,SAT,0.0
4197,2015-04-01,2015-04-29,84356,922,66,2,6,5,12,9,98,Not Rated,0.0
4198,2015-04-01,2015-05-12,1878016,12000,54,2,2,7,8,9,98,SAT,0.0
4199,2015-04-01,2015-04-02,92796,11259,52,2,6,5,12,9,98,Not Rated,0.0
4200,2015-04-01,2015-04-03,893649,11170,44,2,5,5,18,9,98,Not Rated,0.0
4201,2015-04-02,2015-04-02,1792181,820,8,2,7,5,15,9,98,SAT,0.0
4202,2015-04-02,2015-05-06,215367,11840,64,2,3,1,15,9,98,SAT,0.0
4203,2015-04-02,2015-04-20,363472,49,70,2,6,5,12,9,98,SAT,0.0
4204,2015-04-02,2015-04-02,700561,9983,35,2,5,5,12,9,98,Not Rated,0.0
4205,2015-04-02,2015-04-23,631395,11978,6,2,3,5,21,9,98,SAT,0.0
4207,2015-04-02,2015-05-04,2178351,1202,23,2,3,5,21,9,98,SAT,0.0
4208,2015-04-02,2015-04-22,2206838,10565,40,2,3,5,21,9,98,SAT,0.0
4209,2015-04-02,2015-04-17,46094,8138,53,2,3,5,21,9,98,SAT,0.0
4210,2015-04-02,2015-04-23,2201801,601,30,2,5,5,8,9,98,SAT,0.0
4211,2015-04-03,2015-05-20,1756147,12563,45,2,6,5,15,9,98,Not Rated,0.0
4212,2015-04-03,2015-04-20,2413840,11099,21,2,6,5,56,9,98,SAT,0.0
4213,2015-04-03,2015-04-07,304605,1085,66,2,6,5,12,9,98,SAT,0.0
4214,2015-04-03,2015-04-07,2257272,11653,67,2,3,5,21,9,98,SAT,0.0
4215,2015-04-06,2015-06-26,1807984,10106,40,2,3,7,32,9,98,Not Rated,0.0
4216,2015-04-06,2015-06-04,1890291,1702,52,2,3,1,15,9,98,SAT,0.0
4217,2015-04-06,2015-04-07,796916,842,18,2,2,1,15,9,98,Not Rated,0.0
4218,2015-04-06,2015-05-11,2135026,9051,15,2,5,5,8,9,98,Not Rated,0.0
4219,2015-04-06,2015-04-22,2136221,11937,20,2,6,5,15,9,98,SAT,0.0
4220,2015-04-01,2015-05-11,2019145,10587,25,2,3,5,11,9,98,Not Rated,0.0
4221,2015-04-06,2015-06-12,2009481,9983,64,2,3,5,12,9,98,SAT,0.0
4222,2015-04-07,2015-04-07,718069,10989,78,2,7,5,2,9,98,Not Rated,0.0
4223,2015-04-06,2015-04-08,2109732,10490,32,2,3,1,21,9,98,SAT,0.0
4224,2015-04-07,2015-04-29,2072826,7973,40,2,6,5,12,9,98,Not Rated,0.0
4225,2015-04-07,2015-04-15,112619,11711,46,2,7,7,10,9,98,SAT,0.0
4226,2015-04-07,2015-04-08,1800005,1079,68,2,7,1,21,9,98,SAT,0.0
4227,2015-04-08,2015-04-17,515657,11916,30,2,3,5,19,9,98,SAT,0.0
4228,2015-04-07,2015-04-08,1846257,12000,1,2,7,8,21,9,98,Not Rated,0.0
4229,2015-04-08,2015-04-09,1818231,11552,3,2,3,1,21,9,98,SAT,0.0
4230,2015-04-08,2015-06-08,2464121,2206,75,2,6,5,11,9,98,Not Rated,0.0
4231,2015-04-08,2015-04-29,67131,801,8,2,6,5,50,9,98,Not Rated,0.0
4232,2015-04-08,2015-05-04,1789500,9359,14,2,5,5,38,9,98,NSA,0.0
4233,2015-04-08,2015-04-09,802284,10987,70,2,5,5,15,9,98,Not Rated,0.0
4234,2015-04-06,2015-04-09,557715,2532,48,2,2,1,21,9,98,SAT,0.0
4235,2015-04-09,2015-04-23,833258,9559,63,2,5,7,15,9,98,Not Rated,0.0
4236,2015-04-06,2015-05-11,2163917,11175,22,2,3,5,15,9,98,Not Rated,0.0
4237,2015-04-14,2015-04-21,484314,12192,12,2,7,7,11,9,98,SAT,0.0
4238,2015-04-14,2015-05-07,1795164,49,27,2,3,1,42,9,98,Not Rated,0.0
4239,2015-04-14,2015-04-17,719624,10603,22,2,7,7,10,9,98,Not Rated,0.0
4240,2015-04-14,2015-04-22,2102557,10576,6,2,5,7,15,9,98,Not Rated,0.0
4241,2015-04-14,2015-04-21,624836,10587,30,2,6,5,12,9,98,SAT,0.0
4242,2015-04-15,2015-04-17,2129121,8359,4,2,6,5,12,9,98,Not Rated,0.0
4243,2015-04-14,2015-04-17,347134,1308,15,2,7,3,10,9,98,SAT,0.0
4244,2015-04-14,2015-06-04,1791089,8053,48,2,3,5,10,9,98,SAT,0.0
4245,2015-04-15,2015-04-17,2324218,11171,18,2,3,1,21,9,98,Not Rated,0.0
4246,2015-04-09,2015-04-09,2004350,1308,32,2,7,1,15,9,98,Not Rated,0.0
4247,2015-04-16,2015-04-23,733600,1500,57,2,5,5,18,9,98,Not Rated,0.0
4248,2015-04-16,2015-05-19,1731026,11078,28,2,3,5,7,9,98,SAT,0.0
4249,2015-04-16,2015-04-17,1815170,8055,9,2,2,1,21,9,98,SAT,0.0
4250,2015-04-17,2015-05-27,788952,10693,51,2,3,1,11,9,98,Not Rated,0.0
4251,2015-04-17,2015-05-18,2163918,473,42,2,2,1,10,9,98,Not Rated,0.0
4252,2015-04-20,2015-04-20,40591,11980,38,2,6,5,32,9,98,Not Rated,0.0
4253,2015-04-14,2015-04-20,406493,11077,25,2,2,5,1,9,98,Not Rated,0.0
4254,2015-04-20,2015-04-28,1825744,586,40,2,5,5,42,9,98,Not Rated,0.0
4255,2015-04-20,2015-04-27,833052,11139,64,2,5,5,23,9,98,Not Rated,0.0
4256,2015-04-20,2015-04-23,95790,238,36,2,5,5,15,9,98,SAT,0.0
4257,2015-04-17,2015-04-21,1783393,11711,19,2,2,1,21,9,98,SAT,0.0
4258,2015-04-20,2015-05-04,1726448,1275,27,2,6,5,12,9,98,Not Rated,0.0
4259,2015-04-20,2015-05-25,111836,11050,54,2,5,5,15,9,98,Not Rated,0.0
4260,2015-04-20,2015-05-12,712676,2537,71,1,4,5,50,9,98,Not Rated,0.0
4261,2015-04-21,2015-04-29,411316,2477,71,1,5,5,12,9,98,SAT,0.0
4262,2015-04-20,2015-04-20,147280,11001,53,2,5,5,15,9,98,Not Rated,0.0
4263,2015-04-21,2015-05-20,404654,11051,74,2,3,1,13,9,98,Not Rated,0.0
4264,2015-04-02,2015-04-21,2070021,10991,46,2,3,5,50,9,98,SAT,0.0
4266,2015-04-22,2015-04-22,780758,10917,55,2,5,3,12,9,98,Not Rated,0.0
4267,2015-03-30,2015-05-07,177189,10973,69,2,5,5,3,9,98,Not Rated,0.0
4268,2015-04-02,2015-04-29,1874702,10325,64,2,5,7,3,9,98,Not Rated,0.0
4269,2015-04-22,2015-06-02,2341632,116,70,2,6,5,12,9,98,Not Rated,0.0
4270,2015-04-22,2015-05-05,683090,9260,35,2,7,7,21,9,98,SAT,0.0
4271,2015-04-22,2015-07-10,874342,10552,7,1,4,5,35,9,98,SAT,0.0
4272,2015-04-23,2015-05-25,472545,868,13,2,3,5,10,9,98,Not Rated,0.0
4273,2015-04-23,2015-05-12,2018500,11169,17,2,5,5,10,9,98,SAT,0.0
4274,2015-04-21,2015-04-24,2035316,2321,47,2,2,1,21,9,98,SAT,0.0
4275,2015-04-23,2015-05-14,1732504,11870,34,1,6,5,56,9,98,SAT,0.0
4276,2015-04-23,2015-05-20,2366719,12241,69,2,5,5,15,9,98,Not Rated,0.0
4277,2015-04-23,2015-05-18,2227278,11255,76,2,5,5,50,9,98,Not Rated,0.0
4278,2015-04-23,2015-05-12,1881666,10744,66,2,3,5,7,9,98,Not Rated,0.0
4279,2015-04-23,2015-05-14,2340836,12120,40,2,3,5,15,9,98,Not Rated,0.0
4280,2015-04-23,2015-04-24,743008,9958,42,2,3,5,15,9,98,Not Rated,0.0
4281,2015-04-23,2015-04-24,2167216,9803,42,2,3,7,21,9,98,SAT,0.0
4282,2015-04-23,2015-05-20,761667,10990,60,2,3,5,10,9,98,Not Rated,0.0
4283,2015-04-16,2015-04-24,891928,2531,6,2,3,1,21,9,98,SAT,0.0
4284,2015-04-24,2015-05-21,1707772,9270,17,2,3,5,10,9,98,Not Rated,0.0
4285,2015-04-24,2015-05-21,1866292,11840,54,2,3,5,58,9,98,Not Rated,0.0
4286,2015-04-24,2015-04-29,1816200,11230,73,2,6,5,12,9,98,Not Rated,0.0
4287,2015-04-24,2015-06-10,404296,10744,73,2,5,5,11,9,98,Not Rated,0.0
4288,2015-04-24,2015-04-27,577171,11870,57,2,2,1,21,9,98,SAT,0.0
4289,2015-04-24,2015-04-27,1825512,2172,7,2,2,1,21,9,98,SAT,0.0
4290,2015-04-24,2015-04-27,522573,11764,14,1,2,1,21,9,98,SAT,0.0
4291,2015-04-27,2015-05-25,248416,7682,19,2,3,5,21,9,98,SAT,0.0
4292,2015-04-27,2015-05-25,323873,8963,76,2,3,5,11,9,98,SAT,0.0
4293,2015-04-27,2015-04-27,803834,9726,11,2,3,5,57,9,98,Not Rated,0.0
4294,2015-04-27,2015-05-15,65473,11621,3,2,4,5,55,9,98,Not Rated,0.0
4295,2015-04-27,2015-05-26,1872189,909,71,2,3,5,11,9,98,SAT,0.0
4296,2015-04-27,2015-05-05,2462269,8138,41,2,6,5,15,9,98,SAT,0.0
4297,2015-04-27,2015-05-07,891425,1140,7,2,6,5,12,9,98,Not Rated,0.0
4298,2015-04-28,2015-05-14,892301,11175,44,2,5,5,12,9,98,Not Rated,0.0
4299,2015-04-28,2015-04-29,2158442,9803,23,2,3,1,21,9,98,SAT,0.0
4300,2015-04-28,2015-04-29,470277,11487,48,2,2,1,21,9,98,SAT,0.0
4301,2015-04-28,2015-05-11,1706215,11487,29,2,5,5,12,9,98,Not Rated,0.0
4302,2015-04-28,2015-05-27,383443,796,30,2,5,5,10,9,98,Not Rated,0.0
4303,2015-04-07,2015-05-18,652413,1706,14,2,5,5,12,9,98,Not Rated,0.0
4304,2015-04-29,2015-05-06,599238,10152,17,2,3,5,12,9,98,Not Rated,0.0
4305,2015-04-29,2015-05-26,801026,11133,8,2,2,5,32,9,98,Not Rated,0.0
4306,2015-04-29,2015-04-29,896829,8766,68,2,4,5,3,9,98,SAT,0.0
4307,2015-04-30,2015-05-20,2034957,11127,74,2,5,5,10,9,98,Not Rated,0.0
4308,2015-04-30,2015-05-13,381417,11097,34,2,3,5,15,9,98,Not Rated,0.0
4309,2015-04-23,2015-05-07,396186,12241,77,2,3,5,15,9,98,SAT,0.0
4310,2015-04-30,2015-05-05,2447065,10693,56,2,3,1,21,9,98,SAT,0.0
4311,2015-04-30,2015-05-04,2130979,11083,7,2,7,3,10,9,98,Not Rated,0.0
4312,2015-04-29,2015-05-14,775139,10900,16,2,5,5,12,9,98,Not Rated,0.0
4313,2015-04-27,2015-05-06,895206,839,30,2,3,5,10,9,98,SAT,0.0
4314,2015-05-04,2015-06-15,1918795,235,55,2,2,1,15,9,98,Not Rated,0.0
4315,2015-05-04,2015-05-19,2438650,9272,66,2,5,5,10,9,98,SAT,0.0
4316,2015-05-04,2015-05-15,49996,10676,7,2,5,5,15,9,98,SAT,0.0
4317,2015-05-04,2015-05-25,2270588,11806,47,2,6,5,11,9,98,SAT,0.0
4318,2015-05-04,2015-07-29,1726803,1079,54,2,6,5,12,9,98,Not Rated,0.0
4320,2015-05-04,2015-06-29,1689946,10112,13,2,6,1,11,9,98,SAT,0.0
4321,2015-05-04,2015-05-06,483815,586,38,2,3,5,21,9,98,Not Rated,0.0
4322,2015-05-05,2015-05-20,409944,10326,40,2,5,5,6,9,98,Not Rated,0.0
4323,2015-05-05,2015-05-14,396191,9670,71,2,5,5,12,9,98,Not Rated,0.0
4324,2015-05-04,2015-07-07,539443,11715,76,2,3,9,32,9,98,Not Rated,0.0
4325,2015-05-05,2015-05-06,2105009,8399,1,2,7,1,21,9,98,SAT,0.0
4326,2015-04-24,2015-04-28,2323815,9440,28,2,3,5,7,9,98,SAT,0.0
4327,2015-05-05,2015-05-06,1830399,9813,33,2,3,1,21,9,98,SAT,0.0
4328,2015-05-04,2015-05-07,545332,12414,43,2,3,1,21,9,98,SAT,0.0
4329,2015-05-06,2015-05-06,359721,9923,9,2,7,3,21,9,98,SAT,0.0
4330,2015-05-05,2015-05-11,304717,745,64,2,5,5,23,9,98,Not Rated,0.0
4331,2015-05-06,2015-05-13,1842475,11028,78,2,5,5,12,9,98,SAT,0.0
4332,2015-05-06,2015-05-07,1810560,1200,21,2,2,1,21,9,98,SAT,0.0
4333,2015-05-06,2015-05-07,592989,7835,77,2,5,3,21,9,98,SAT,0.0
4334,2015-05-06,2015-05-07,1892346,9000,29,2,7,3,21,9,98,SAT,0.0
4335,2015-05-05,2015-05-06,616628,39,77,2,3,5,11,9,98,Not Rated,0.0
4336,2015-05-07,2015-05-13,1839006,2007,41,2,3,5,15,9,98,SAT,0.0
4337,2015-05-07,2015-05-26,666290,1465,55,2,6,5,12,9,98,SAT,0.0
4338,2015-05-07,2015-05-14,712335,2477,68,2,6,5,12,9,98,SAT,0.0
4339,2015-05-07,2015-05-07,827759,791,55,2,3,1,21,9,98,SAT,0.0
4340,2015-05-07,2015-06-26,1775568,836,78,2,3,5,21,9,98,Not Rated,0.0
4341,2015-05-07,2015-05-25,307755,11626,50,2,3,5,32,9,98,Not Rated,0.0
4342,2015-05-07,2015-06-12,1755010,10693,25,2,4,5,50,9,98,Not Rated,0.0
4343,2015-05-08,2015-05-08,569769,8484,70,2,2,1,21,9,98,SAT,0.0
4344,2015-05-08,2015-05-11,2358375,2316,3,2,7,3,15,9,98,SAT,0.0
4345,2015-05-08,2015-05-12,396253,8138,2,2,6,5,12,9,98,Not Rated,0.0
4346,2015-05-08,2015-05-08,2256012,2235,3,2,5,5,16,9,98,SAT,0.0
4347,2015-05-08,2015-05-11,1942803,11212,38,2,2,1,21,9,98,SAT,0.0
4348,2015-05-08,2015-05-12,2116800,9601,29,2,3,1,21,9,98,SAT,0.0
4349,2015-05-11,2015-05-19,1879418,12038,72,2,3,5,21,9,98,SAT,0.0
4350,2015-05-11,2015-05-26,2204908,11052,69,2,6,5,12,9,98,SAT,0.0
4351,2015-04-27,2015-07-16,1605959,11910,49,2,3,5,15,9,98,SAT,0.0
4352,2015-05-11,2015-05-12,2258165,11537,10,2,5,5,10,9,98,Not Rated,0.0
4353,2015-05-12,2015-05-12,116323,8356,25,2,3,1,34,9,98,SAT,0.0
4354,2015-05-12,2015-05-12,888322,189,72,2,3,1,21,9,98,SAT,0.0
4355,2015-05-12,2015-05-27,788985,2537,76,2,2,1,21,9,98,Not Rated,0.0
4356,2015-05-12,2015-05-18,2142370,2378,74,2,7,7,50,9,98,Not Rated,0.0
4357,2015-05-12,2015-06-15,781592,10430,44,2,3,5,12,9,98,SAT,0.0
4358,2015-05-12,2015-06-12,281133,138,17,2,3,1,8,9,98,SAT,0.0
4359,2015-05-12,2015-05-13,1722873,2537,10,2,3,1,21,9,98,SAT,0.0
4360,2015-05-12,2015-05-14,411184,10379,40,1,5,5,38,9,98,Not Rated,0.0
4361,2015-05-12,2015-05-18,1765008,11806,77,2,5,9,10,9,98,Not Rated,0.0
4362,2015-05-08,2015-05-13,1739796,868,72,2,3,1,21,9,98,SAT,0.0
4363,2015-05-13,2015-05-25,2433453,11272,39,2,6,5,12,9,98,Not Rated,0.0
4364,2015-05-13,2015-05-27,258009,12510,16,2,7,7,11,9,98,Not Rated,0.0
4365,2015-05-12,2015-05-27,356193,12229,55,2,6,5,7,9,98,Not Rated,0.0
4366,2015-04-22,2015-05-14,1922068,842,44,2,5,5,40,9,98,SAT,0.0
4367,2015-05-13,2015-05-14,470656,11171,21,2,3,5,21,9,98,SAT,0.0
4368,2015-05-14,2015-05-14,2035671,1097,5,2,6,1,57,9,98,SAT,0.0
4369,2015-05-14,2015-05-25,261922,11954,75,2,3,8,15,9,98,Not Rated,0.0
4370,2015-05-14,2015-05-27,610599,11011,53,2,3,5,21,9,98,Not Rated,0.0
4371,2015-05-14,2015-05-22,1833311,9610,50,2,5,5,21,9,98,Not Rated,0.0
4372,2015-05-15,2015-05-18,1899958,922,78,2,6,5,57,9,98,SAT,0.0
4373,2015-05-15,2015-05-27,232700,416,21,2,2,1,21,9,98,Not Rated,0.0
4374,2015-05-15,2015-07-02,238054,11980,49,2,3,1,3,9,98,Not Rated,0.0
4375,2015-05-15,2015-05-25,321392,1573,30,2,6,5,11,9,98,SAT,0.0
4376,2015-05-15,2015-06-11,1804349,10618,19,1,4,5,50,9,98,Not Rated,0.0
4377,2015-05-15,2015-05-26,1798542,10160,21,2,5,5,42,9,98,Not Rated,0.0
4378,2015-05-15,2015-06-09,2205315,10055,49,2,6,5,13,9,98,Not Rated,0.0
4379,2015-05-15,2015-05-27,850326,10576,48,2,3,7,7,9,98,SAT,0.0
4380,2015-05-15,2015-06-24,7649,2696,5,2,6,5,12,9,98,Not Rated,0.0
4381,2015-05-15,2015-05-15,2109067,2309,38,2,3,5,15,9,98,Not Rated,0.0
4382,2015-05-18,2015-05-18,2034394,2172,13,2,3,1,21,9,98,SAT,0.0
4383,2015-05-18,2015-05-18,14734,529,61,2,3,1,21,9,98,SAT,0.0
4384,2015-05-18,2015-05-18,2172712,12024,54,2,5,5,44,9,98,Not Rated,0.0
4385,2015-05-18,2015-06-03,1708681,11179,41,2,5,5,10,9,98,Not Rated,0.0
4386,2015-05-18,2015-06-04,19868,11223,35,2,6,5,12,9,98,SAT,0.0
4388,2015-05-14,2015-05-18,2155861,10601,71,2,5,5,33,9,98,Not Rated,0.0
4389,2015-05-18,2015-05-19,2116362,10360,44,2,5,5,10,9,98,Not Rated,0.0
4390,2015-05-18,2015-06-24,193709,12038,35,2,3,5,32,9,98,Not Rated,0.0
4391,2015-05-19,2015-05-19,272750,11182,31,2,3,5,7,9,98,Not Rated,0.0
4392,2015-05-19,2015-06-17,489136,994,14,2,7,1,18,9,98,Not Rated,0.0
4393,2015-05-19,2015-05-19,2178271,8432,54,2,3,1,21,9,98,SAT,0.0
4394,2015-05-18,2015-07-03,2148215,9440,33,1,5,5,11,9,98,SAT,0.0
4395,2015-05-18,2015-06-02,554190,2384,44,2,3,5,50,9,98,Not Rated,0.0
4396,2015-05-19,2015-05-19,1650880,8601,50,2,7,1,21,9,98,SAT,0.0
4397,2015-05-19,2015-05-20,725638,1352,40,2,7,5,21,9,98,SAT,0.0
4398,2015-05-19,2015-05-27,294920,39,45,2,5,7,18,9,98,SAT,0.0
4399,2015-05-20,2015-05-25,1948258,11154,47,2,6,5,12,9,98,Not Rated,0.0
4401,2015-05-21,2015-06-12,1683408,1896,22,2,3,1,18,9,98,Not Rated,0.0
4402,2015-05-20,2015-05-25,357716,10225,51,2,3,5,32,9,98,Not Rated,0.0
4403,2015-05-20,2015-07-08,888382,1517,16,2,3,5,50,9,98,Not Rated,0.0
4404,2015-05-21,2015-06-12,2179299,12262,56,2,5,5,52,9,98,SAT,0.0
4405,2015-05-21,2015-06-18,331790,1517,16,2,3,5,21,9,98,SAT,0.0
4406,2015-05-11,2015-05-21,476472,10197,26,2,2,1,21,9,98,SAT,0.0
4407,2015-05-21,2015-05-27,724344,1865,8,1,3,5,40,9,98,SAT,0.0
4408,2015-05-21,2015-06-04,152377,8882,45,2,6,5,12,9,98,Not Rated,0.0
4409,2015-05-21,2015-06-12,236854,10550,19,2,6,5,12,9,98,SAT,0.0
4410,2015-05-21,2015-06-11,383443,2676,49,2,2,5,12,9,98,Not Rated,0.0
4411,2015-05-21,2015-05-25,622326,10659,17,2,2,1,21,9,98,SAT,0.0
4412,2015-05-22,2015-06-09,176295,11148,28,2,2,1,11,9,98,Not Rated,0.0
4413,2015-05-22,2015-05-27,2033711,11668,51,2,7,5,21,9,98,SAT,0.0
4414,2015-05-22,2015-05-25,641368,1499,26,2,3,1,21,9,98,SAT,0.0
4415,2015-05-25,2015-06-08,1884484,1253,45,2,6,5,11,9,98,Not Rated,0.0
4416,2015-05-25,2015-06-12,1879443,9798,9,2,3,5,21,9,98,SAT,0.0
4417,2015-05-15,2015-06-09,1837702,282,13,2,3,5,12,9,98,Not Rated,0.0
4418,2015-05-26,2015-06-03,2056017,8742,64,2,5,5,10,9,98,Not Rated,0.0
4419,2015-05-26,2015-05-27,796316,8885,31,2,3,5,40,9,98,SAT,0.0
4420,2015-05-26,2015-05-27,1769338,1275,21,2,5,5,15,9,98,Not Rated,0.0
4421,2015-05-26,2015-06-09,1876097,9362,19,2,6,5,50,9,98,Not Rated,0.0
4422,2015-05-26,2015-06-12,231178,10031,18,2,6,5,6,9,98,Not Rated,0.0
4423,2015-05-26,2015-05-27,440967,8432,34,2,7,1,21,9,98,SAT,0.0
4424,2015-05-26,2015-06-12,191849,11188,40,2,3,5,21,9,98,SAT,0.0
4425,2015-05-26,2015-06-12,650738,2519,46,2,3,5,11,9,98,SAT,0.0
4426,2015-05-26,2015-06-03,1922438,2519,2,2,5,5,10,9,98,Not Rated,0.0
4427,2015-05-26,2015-06-12,2389255,7835,55,2,3,5,12,9,98,Not Rated,0.0
4428,2015-05-26,2015-06-16,74800,11230,72,2,7,5,18,9,98,Not Rated,0.0
4429,2015-05-27,2015-06-24,408128,2656,74,2,3,7,19,9,98,SAT,0.0
4430,2015-05-27,2015-06-09,471037,11747,46,2,6,5,9,9,98,Not Rated,0.0
4431,2015-05-27,2015-05-27,1617969,528,28,2,4,5,19,9,98,SAT,0.0
4432,2015-05-26,2015-05-28,2172883,9858,11,2,3,1,21,9,98,SAT,0.0
4433,2015-05-28,2015-07-09,1830816,12241,4,2,3,1,15,9,98,SAT,0.0
4434,2015-05-28,2015-06-02,409077,9546,20,2,3,5,21,9,98,Not Rated,0.0
4435,2015-05-28,2015-07-09,188718,1552,58,2,4,5,21,9,98,SAT,0.0
4436,2015-05-28,2015-07-02,2048384,138,8,2,4,5,55,9,98,SAT,0.0
4437,2015-05-29,2015-06-16,49887,11272,74,2,3,5,12,9,98,SAT,0.0
4438,2015-05-29,2015-06-05,2401487,9799,33,2,6,5,12,9,98,Not Rated,0.0
4439,2015-05-29,2015-06-04,384341,9797,72,2,6,5,12,9,98,Not Rated,0.0
4440,2015-05-29,2015-06-25,1796288,11870,63,2,3,7,11,9,98,Not Rated,0.0
4441,2015-05-19,2015-05-29,1874701,8996,38,2,5,5,50,9,98,Not Rated,0.0
4442,2015-05-29,2015-06-09,338350,7949,9,2,5,5,10,9,98,SAT,0.0
4443,2015-05-20,2015-07-03,373266,9499,13,2,5,5,32,9,98,SAT,0.0
4444,2015-05-22,2015-05-22,199186,12116,29,2,2,5,50,9,98,SAT,0.0
4445,2015-06-02,2015-06-09,2124326,12414,8,2,3,7,9,9,98,Not Rated,0.0
4446,2015-06-02,2015-06-02,1886209,1275,46,2,7,3,21,9,98,SAT,0.0
4447,2015-06-02,2015-06-05,1812031,1956,78,2,2,1,15,9,98,Not Rated,0.0
4448,2015-05-29,2015-06-18,2104297,207,30,2,3,5,8,9,98,SAT,0.0
4449,2015-06-02,2015-06-05,2188312,12262,64,2,3,5,11,9,98,SAT,0.0
4450,2015-06-02,2015-06-26,114614,9958,28,2,6,5,21,9,98,SAT,0.0
4451,2015-05-25,2015-06-18,1659675,10235,15,2,3,5,12,9,98,SAT,0.0
4452,2015-06-02,2015-06-08,1886686,12102,40,2,5,5,15,9,98,Not Rated,0.0
4453,2015-06-02,2015-06-29,2138862,473,39,2,5,5,11,9,98,Not Rated,0.0
4454,2015-06-03,2015-06-05,1758652,10987,27,2,3,1,15,9,98,SAT,0.0
4455,2015-06-03,2015-06-05,119606,12354,22,2,3,5,57,9,98,SAT,0.0
4456,2015-06-03,2015-06-03,351623,11162,21,2,2,1,15,9,98,SAT,0.0
4457,2015-06-04,2015-06-22,603258,11461,33,2,3,5,21,9,98,SAT,0.0
4458,2015-06-03,2015-06-05,396574,8882,30,2,3,1,15,9,98,SAT,0.0
4459,2015-06-04,2015-06-05,1794547,2175,11,2,5,5,15,9,98,Not Rated,0.0
4460,2015-06-04,2015-06-19,893333,12328,9,2,6,5,12,9,98,SAT,0.0
4461,2015-06-04,2015-06-09,332361,10984,73,2,6,5,12,9,98,SAT,0.0
4462,2015-06-04,2015-06-08,1835237,12127,68,2,3,5,21,9,98,SAT,0.0
4463,2015-06-04,2015-06-05,1599466,9873,66,2,2,1,15,9,98,SAT,0.0
4464,2015-06-05,2015-06-12,618232,10566,65,2,2,1,15,9,98,SAT,0.0
4466,2015-06-05,2015-06-17,334624,11083,47,2,3,5,57,9,98,SAT,0.0
4467,2015-06-05,2015-06-12,567057,11246,57,2,6,5,12,9,98,SAT,0.0
4468,2015-06-05,2015-06-15,2084175,211,69,2,5,5,10,9,98,SAT,0.0
4469,2015-06-05,2015-07-06,1845120,10067,1,2,3,1,11,9,98,Not Rated,0.0
4470,2015-06-05,2015-06-08,531308,10917,29,2,7,3,18,9,98,SAT,0.0
4471,2015-06-08,2015-06-08,2089970,8939,53,2,3,3,15,9,98,SAT,0.0
4472,2015-06-08,2015-06-29,2119212,8955,39,2,5,5,11,9,98,SAT,0.0
4473,2015-06-08,2015-06-08,2007876,12428,77,2,2,1,21,9,98,SAT,0.0
4474,2015-06-08,2015-06-08,886248,7682,12,2,4,5,21,9,98,SAT,0.0
4475,2015-06-09,2015-06-09,2205315,10603,45,2,5,3,15,9,98,Not Rated,0.0
4476,2015-06-09,2015-07-10,2417868,8113,30,2,3,5,11,9,98,SAT,0.0
4477,2015-06-09,2015-06-29,1814129,10566,63,2,3,1,52,9,98,SAT,0.0
4478,2015-06-09,2015-07-31,1877121,1465,40,2,5,5,15,9,98,SAT,0.0
4479,2015-06-10,2015-06-11,207215,8197,18,2,7,3,21,9,98,SAT,0.0
4480,2015-06-10,2015-06-19,2019207,9799,38,2,6,5,57,9,98,SAT,0.0
4481,2015-06-10,2015-06-16,652737,10050,51,2,5,5,21,9,98,SAT,0.0
4482,2015-06-10,2015-07-01,665069,9647,61,2,5,5,12,9,98,SAT,0.0
4483,2015-06-10,2015-06-24,131476,11621,20,2,3,5,12,9,98,Not Rated,0.0
4484,2015-06-11,2015-06-22,1790883,269,17,2,6,5,12,9,98,Not Rated,0.0
4485,2015-06-11,2015-06-17,359057,10710,28,2,5,3,18,9,98,SAT,0.0
4486,2015-06-12,2015-07-06,874773,194,19,2,5,5,9,9,98,Not Rated,0.0
4487,2015-06-12,2015-06-15,124062,1419,27,2,5,5,12,9,98,SAT,0.0
4488,2015-06-12,2015-06-15,2159897,1350,63,2,3,1,21,9,98,SAT,0.0
4489,2015-06-15,2015-06-24,1725251,8891,22,2,3,7,9,9,98,SAT,0.0
4490,2015-06-08,2015-06-15,1874254,9798,52,2,5,3,15,9,98,SAT,0.0
4491,2015-06-15,2015-06-18,1818700,133,54,2,6,5,12,9,98,Not Rated,0.0
4492,2015-06-16,2015-06-29,1650840,1106,76,2,5,5,57,9,98,SAT,0.0
4493,2015-06-16,2015-06-17,445700,8585,25,2,3,1,21,9,98,SAT,0.0
4494,2015-06-16,2015-07-10,767947,10563,12,2,3,5,50,9,98,SAT,0.0
4495,2015-06-16,2015-06-17,895034,2519,56,2,5,3,21,9,98,SAT,0.0
4496,2015-06-16,2015-06-30,825585,11104,63,2,5,5,10,9,98,Not Rated,0.0
4497,2015-06-11,2015-06-30,341883,10428,25,2,2,5,18,9,98,Not Rated,0.0
4498,2015-06-17,2015-07-02,1825504,811,76,2,3,5,44,9,98,Not Rated,0.0
4499,2015-06-17,2015-06-23,2079850,2124,2,2,3,1,21,9,98,SAT,0.0
4500,2015-06-17,2015-06-18,872508,11087,68,2,3,7,21,9,98,SAT,0.0
4501,2015-06-17,2015-07-15,254910,8766,46,2,3,7,21,9,98,SAT,0.0
4502,2015-06-17,2015-06-26,2200277,10260,3,2,5,5,6,9,98,Not Rated,0.0
4503,2015-06-18,2015-06-19,1894251,8965,39,2,3,7,15,9,98,SAT,0.0
4504,2015-06-17,2015-06-26,1855947,11849,50,2,5,5,12,9,98,SAT,0.0
4505,2015-06-18,2015-07-10,2079868,8484,58,2,5,5,57,9,98,SAT,0.0
4506,2015-06-18,2015-07-16,2142394,9445,20,2,3,1,18,9,98,SAT,0.0
4507,2015-06-18,2015-06-19,2110054,12125,75,2,3,1,21,9,98,SAT,0.0
4508,2015-06-19,2015-06-24,891839,12250,13,2,7,5,15,9,98,SAT,0.0
4509,2015-06-22,2015-07-10,542231,12727,65,2,3,7,11,9,98,Not Rated,0.0
4510,2015-06-15,2015-06-22,653663,11148,31,2,3,7,11,9,98,Not Rated,0.0
4511,2015-06-22,2015-10-05,734702,909,51,2,6,5,12,9,98,SAT,0.0
4512,2015-06-22,2015-06-23,1754955,11286,67,2,5,5,12,9,98,SAT,0.0
4513,2015-06-22,2015-06-24,666749,11030,43,2,3,5,12,9,98,SAT,0.0
4514,2015-06-23,2015-07-06,892280,8939,6,2,6,5,40,9,98,Not Rated,0.0
4515,2015-06-23,2015-07-07,467995,10446,31,2,6,5,15,9,98,Not Rated,0.0
4516,2015-06-23,2015-07-02,822796,11537,57,2,6,5,15,9,98,Not Rated,0.0
4517,2015-06-23,2015-07-08,1797793,8885,76,2,7,5,21,9,98,SAT,0.0
4518,2015-06-23,2015-07-07,842031,12087,75,2,3,5,18,9,98,Not Rated,0.0
4519,2015-06-24,2015-06-30,1795163,356,46,2,6,5,12,9,98,Not Rated,0.0
4520,2015-06-25,2015-07-07,2481383,12003,60,2,7,5,10,9,98,Not Rated,0.0
4521,2015-06-25,2015-07-02,619286,11959,18,2,3,1,9,9,98,Not Rated,0.0
4522,2015-06-24,2015-07-08,110339,10576,31,2,3,1,15,9,98,SAT,0.0
4523,2015-06-25,2015-07-08,829354,9983,67,2,6,5,18,9,98,SAT,0.0
4524,2015-06-25,2015-07-06,1660568,564,39,2,6,5,12,9,98,Not Rated,0.0
4525,2015-06-25,2015-07-13,2384430,11932,54,2,3,5,21,9,98,SAT,0.0
4526,2015-06-26,2015-07-09,2216135,1573,8,2,3,1,15,9,98,SAT,0.0
4527,2015-06-26,2015-06-26,1847325,12352,45,2,5,1,12,9,98,SAT,0.0
4528,2015-06-26,2015-06-26,1792090,7835,2,2,5,5,15,9,98,SAT,0.0
4529,2015-06-26,2015-07-01,1820032,1200,23,2,3,5,18,9,98,Not Rated,0.0
4530,2015-06-29,2015-07-10,1763791,2666,15,2,3,1,11,9,98,Not Rated,0.0
4531,2015-06-29,2015-06-29,451271,1999,78,2,3,5,12,9,98,Not Rated,0.0
4532,2015-06-26,2015-07-06,1881720,2478,77,2,5,3,18,9,98,SAT,0.0
4533,2015-06-17,2015-06-17,2119712,9998,1,2,7,3,15,9,98,SAT,0.0
4534,2015-07-01,2015-07-14,2456078,11932,35,2,5,5,13,9,98,SAT,0.0
4535,2015-07-02,2015-07-02,1798300,11223,23,2,5,5,12,9,98,Not Rated,0.0
4536,2015-07-02,2015-07-06,2163845,1419,9,2,4,5,21,9,98,SAT,0.0
4537,2015-07-02,2015-07-06,2151667,11971,62,2,5,5,12,9,98,Not Rated,0.0
4538,2015-07-02,2015-07-03,1745146,10738,67,2,3,1,21,9,98,SAT,0.0
4539,2015-07-01,2015-07-03,739792,10659,10,2,5,5,10,9,98,SAT,0.0
4540,2015-07-03,2015-07-13,850191,10563,61,2,3,5,12,9,98,SAT,0.0
4541,2015-07-06,2015-07-10,1910182,11984,46,2,5,5,10,9,98,SAT,0.0
4542,2015-07-06,2015-07-09,2006814,11621,25,2,6,5,12,9,98,SAT,0.0
4543,2015-07-06,2015-07-08,870557,11004,23,2,6,5,15,9,98,SAT,0.0
4544,2015-07-06,2015-07-27,329021,9998,69,1,3,5,8,9,98,Not Rated,0.0
4545,2015-07-06,2015-07-10,33087,9051,58,2,3,1,21,9,98,SAT,0.0
4546,2015-07-07,2015-07-15,2069446,12605,56,2,3,3,21,9,98,SAT,0.0
4548,2015-07-08,2015-07-13,2410546,11086,54,2,2,5,52,9,98,SAT,0.0
4549,2015-07-08,2015-07-30,2065734,2460,3,2,3,5,15,9,98,SAT,0.0
4550,2015-07-07,2015-07-08,1797775,11954,37,2,3,5,12,9,98,Not Rated,0.0
4551,2015-07-07,2015-07-16,2114170,1079,16,2,7,3,11,9,98,Not Rated,0.0
4552,2015-07-09,2015-07-16,2440285,11972,41,2,5,5,10,9,98,SAT,0.0
4553,2015-07-10,2015-07-10,1843703,9359,74,2,5,5,12,9,98,SAT,0.0
4554,2015-07-09,2015-07-17,1865833,10749,58,2,5,3,15,9,98,SAT,0.0
4555,2015-07-10,2015-07-13,2166432,9499,48,2,3,3,21,9,98,SAT,0.0
4556,2015-07-10,2015-07-29,23762,9445,61,2,6,5,12,9,98,SAT,0.0
4557,2015-07-07,2015-08-07,724821,9205,1,2,3,5,15,9,98,SAT,0.0
4558,2015-07-13,2015-08-12,669824,9022,31,2,5,5,50,9,98,Not Rated,0.0
4559,2015-07-13,2015-07-22,2016186,940,27,2,3,5,8,9,98,SAT,0.0
4560,2015-07-13,2015-09-04,183349,10030,66,2,5,5,21,9,98,SAT,0.0
4561,2015-07-13,2015-07-31,440729,11178,22,2,4,5,11,9,98,SAT,0.0
4562,2015-07-13,2015-07-14,2070096,11114,30,2,7,5,12,9,98,SAT,0.0
4563,2015-07-14,2015-07-17,892849,9622,23,2,3,7,21,9,98,SAT,0.0
4564,2015-07-14,2015-07-17,2173178,8432,46,2,6,5,12,9,98,SAT,0.0
4565,2015-07-15,2015-07-22,850334,12065,41,2,5,5,15,9,98,SAT,0.0
4566,2015-07-15,2015-07-15,1749281,9933,31,2,5,3,15,9,98,SAT,0.0
4567,2015-07-15,2015-07-31,1735798,9393,13,2,5,5,21,9,98,Not Rated,0.0
4568,2015-07-17,2015-07-17,547578,10534,37,2,5,7,15,9,98,Not Rated,0.0
4569,2015-07-20,2015-07-31,2057018,12125,54,2,2,5,50,9,98,Not Rated,0.0
4570,2015-07-20,2015-07-29,231772,11158,56,2,5,5,12,9,98,Not Rated,0.0
4571,2015-07-20,2015-07-23,2307528,1200,75,2,5,5,18,9,98,SAT,0.0
4573,2015-07-21,2015-08-07,2170441,8461,2,2,3,5,11,9,98,SAT,0.0
4574,2015-07-21,2015-07-22,1847698,7682,39,2,3,5,8,9,98,SAT,0.0
4575,2015-07-20,2015-07-20,1867786,11173,21,2,5,7,15,9,98,Not Rated,0.0
4576,2015-07-20,2015-07-22,122937,197,61,2,7,3,55,9,98,SAT,0.0
4577,2015-07-21,2015-08-10,421010,2478,41,2,3,1,21,9,98,Not Rated,0.0
4578,2015-07-21,2015-07-22,2216229,8919,26,1,5,7,21,9,98,SAT,0.0
4579,2015-07-21,2015-07-23,1737112,12034,70,2,6,5,12,9,98,Not Rated,0.0
4580,2015-07-22,2015-08-04,2257349,1291,61,2,3,1,11,9,98,Not Rated,0.0
4581,2015-07-22,2015-08-11,1860803,238,5,2,6,5,12,9,98,SAT,0.0
4582,2015-07-22,2015-07-29,1750684,10794,31,2,5,5,40,9,98,SAT,0.0
4583,2015-07-22,2015-09-18,2092587,1115,4,2,5,5,15,9,98,Not Rated,0.0
4585,2015-07-23,2015-07-31,1999866,11960,40,2,6,5,8,9,98,Not Rated,0.0
4586,2015-07-24,2015-08-07,395334,8359,42,2,5,5,15,9,98,SAT,0.0
4587,2015-07-24,2015-07-31,295775,11036,10,2,5,7,9,9,98,SAT,0.0
4588,2015-07-24,2015-09-01,2057356,9884,41,2,3,1,15,9,98,Not Rated,0.0
4589,2015-07-24,2015-08-05,1908767,581,29,2,3,1,21,9,98,SAT,0.0
4590,2015-07-27,2015-07-29,2066147,1092,28,2,5,5,12,9,98,SAT,0.0
4591,2015-07-27,2015-08-03,2168071,10990,61,2,6,5,40,9,98,SAT,0.0
4592,2015-07-28,2015-07-30,17084,10325,45,2,3,5,10,9,98,SAT,0.0
4593,2015-07-28,2015-08-27,1554,11094,31,2,3,5,11,9,98,Not Rated,0.0
4594,2015-07-28,2015-07-28,1858726,10892,72,2,5,7,21,9,98,Not Rated,0.0
4595,2015-07-28,2015-08-26,1845973,938,28,2,6,5,10,9,98,Not Rated,0.0
4596,2015-07-28,2015-07-31,2256351,10152,20,2,3,5,12,9,98,SAT,0.0
4597,2015-07-27,2015-08-06,2188937,12027,24,2,3,5,18,9,98,SAT,0.0
4598,2015-07-29,2015-07-29,485220,496,54,2,3,1,12,9,98,Not Rated,0.0
4599,2015-07-29,2015-08-03,720806,9803,61,2,7,7,21,9,98,SAT,0.0
4600,2015-07-29,2015-09-11,2037916,2128,74,2,3,1,15,9,98,SAT,0.0
4601,2015-07-29,2015-07-30,1794454,11676,54,2,3,1,12,9,98,SAT,0.0
4602,2015-07-30,2015-08-05,1896085,9440,33,2,6,1,21,9,98,SAT,0.0
4604,2015-07-30,2015-08-06,1870401,10360,14,2,6,5,57,9,98,SAT,0.0
4605,2015-07-30,2015-09-04,1851556,11212,18,2,6,5,3,9,98,Not Rated,0.0
4606,2015-07-01,2015-08-20,1829513,11668,47,2,6,5,7,9,98,SAT,0.0
4607,2015-07-31,2015-08-05,2069722,922,40,2,6,5,21,9,98,SAT,0.0
4608,2015-08-03,2015-08-07,2237929,9662,48,2,3,5,45,9,98,SAT,0.0
4609,2015-08-03,2015-08-07,1918222,10820,77,2,6,5,12,9,98,Not Rated,0.0
4610,2015-08-03,2015-08-07,464610,1275,24,2,3,5,15,9,98,Not Rated,0.0
4611,2015-08-04,2015-08-28,1806626,10993,62,2,5,5,10,9,98,SAT,0.0
4612,2015-08-04,2015-08-06,195794,10550,78,2,3,1,21,9,98,SAT,0.0
4613,2015-08-04,2015-08-05,59426,10739,50,2,5,5,15,9,98,SAT,0.0
4614,2015-08-04,2015-08-12,661782,416,20,2,5,5,21,9,98,SAT,0.0
4615,2015-08-05,2015-08-06,1983348,11150,30,2,2,1,15,9,98,Not Rated,0.0
4616,2015-08-05,2015-09-10,752171,11050,8,2,3,5,15,9,98,Not Rated,0.0
4617,2015-08-06,2015-08-06,2528609,11978,66,2,3,1,15,9,98,Not Rated,0.0
4618,2015-08-06,2015-08-06,393081,8120,31,2,2,1,15,9,98,Not Rated,0.0
4619,2015-08-07,2015-08-31,250782,11154,4,2,3,1,21,9,98,SAT,0.0
4620,2015-07-31,2015-08-13,1911891,11178,7,2,4,5,50,9,98,Not Rated,0.0
4621,2015-07-22,2015-07-22,2084233,10639,15,2,3,5,15,9,98,Not Rated,0.0
4622,2015-08-04,2015-09-03,315260,1879,53,2,3,5,40,9,98,SAT,0.0
4623,2015-08-07,2015-08-10,425939,8939,39,2,3,1,21,9,98,SAT,0.0
4624,2015-08-10,2015-08-11,2112355,9347,6,2,7,7,15,9,98,SAT,0.0
4625,2015-08-07,2015-08-14,1834731,7797,30,2,7,1,15,9,98,Not Rated,0.0
4626,2015-08-10,2015-09-10,1826981,12356,63,2,5,3,11,9,98,Not Rated,0.0
4627,2015-08-11,2015-08-13,646579,11932,15,2,5,5,15,9,98,Not Rated,0.0
4628,2015-08-11,2015-10-07,307829,12181,5,2,4,5,42,9,98,SAT,0.0
4629,2015-08-11,2015-08-14,218859,10618,43,2,3,5,11,9,98,Not Rated,0.0
4630,2015-08-04,2015-08-04,803007,801,20,2,5,5,15,9,98,SAT,0.0
4631,2015-08-12,2015-08-17,1857791,11245,18,2,3,1,21,9,98,SAT,0.0
4632,2015-08-12,2015-08-18,605807,1500,1,2,6,1,42,9,98,Not Rated,0.0
4633,2015-08-13,2015-08-14,572360,11278,61,2,3,1,21,9,98,Not Rated,0.0
4634,2015-08-14,2015-08-26,295087,11027,45,2,6,5,11,9,98,Not Rated,0.0
4635,2015-08-18,2015-08-20,2112422,2007,45,2,7,3,8,9,98,SAT,0.0
4636,2015-08-18,2015-08-25,2106855,10105,26,2,5,5,52,9,98,SAT,0.0
4637,2015-08-18,2015-08-26,1868104,11097,76,2,3,5,7,9,98,SAT,0.0
4638,2015-08-12,2015-09-08,271079,11119,66,2,5,5,7,9,98,SAT,0.0
4639,2015-08-11,2015-08-20,1767741,39,43,2,7,5,8,9,98,SAT,0.0
4640,2015-08-18,2015-08-19,34635,824,33,2,5,5,21,9,98,SAT,0.0
4641,2015-08-19,2015-08-26,1812489,836,73,2,6,5,12,9,98,SAT,0.0
4642,2015-08-18,2015-08-19,622962,11156,35,2,2,5,12,9,98,Not Rated,0.0
4643,2015-08-18,2015-08-28,1659308,11160,35,2,3,7,21,9,98,SAT,0.0
4644,2015-08-03,2015-08-19,2418261,10327,51,2,5,5,12,9,98,Not Rated,0.0
4645,2015-08-19,2015-09-10,1857168,9633,52,2,5,3,44,9,98,SAT,0.0
4646,2015-08-20,2015-08-26,1784427,221,15,2,6,5,12,9,98,SAT,0.0
4647,2015-08-19,2015-09-01,1836633,10990,46,2,3,7,21,9,98,SAT,0.0
4648,2015-08-19,2015-08-31,234481,119,33,2,3,1,21,9,98,SAT,0.0
4649,2015-08-20,2015-08-21,1900610,10147,2,2,7,1,21,9,98,Not Rated,0.0
4650,2015-08-20,2015-08-25,342314,9410,32,2,2,1,21,9,98,SAT,0.0
4651,2015-08-24,2015-08-26,1852589,8917,35,2,3,5,57,9,98,SAT,0.0
4652,2015-08-25,2015-09-21,1917882,11136,48,2,6,5,12,9,98,SAT,0.0
4653,2015-08-25,2015-09-21,2184346,2309,32,2,6,5,57,9,98,SAT,0.0
4654,2015-08-25,2015-08-27,1832378,9901,45,2,6,5,8,9,98,SAT,0.0
4655,2015-08-25,2015-09-04,1828810,868,11,2,5,5,15,9,98,Not Rated,0.0
4656,2015-08-25,2015-09-04,46899,11974,16,2,5,5,50,9,98,Not Rated,0.0
4657,2015-08-26,2015-09-08,2120819,11052,78,2,6,5,45,9,98,SAT,0.0
4658,2015-08-26,2015-09-09,1858489,9901,7,2,3,5,12,9,98,SAT,0.0
4659,2015-08-21,2015-09-08,2338320,10553,8,2,3,1,15,9,98,Not Rated,0.0
4660,2015-08-24,2015-10-06,2448210,11071,11,2,2,1,8,9,98,Not Rated,0.0
4661,2015-08-27,2015-09-23,1690080,11039,75,2,3,5,8,9,98,SAT,0.0
4662,2015-08-28,2015-08-28,1659540,8970,15,2,5,7,15,9,98,Not Rated,0.0
4663,2015-08-28,2015-09-17,1806311,2500,7,2,3,7,44,9,98,SAT,0.0
4664,2015-08-20,2015-09-18,54236,1092,39,2,3,5,15,9,98,Not Rated,0.0
4665,2015-08-28,2015-09-23,1862101,974,6,2,3,5,55,9,98,Not Rated,0.0
4667,2015-08-28,2015-09-16,540801,9901,27,2,6,5,15,9,98,Not Rated,0.0
4668,2015-08-28,2015-09-18,1759666,138,26,2,5,5,12,9,98,Not Rated,0.0
4669,2015-08-27,2015-10-21,1731050,9001,73,2,7,5,8,9,98,SAT,0.0
4670,2015-08-28,2015-09-23,704073,9445,46,2,3,5,11,9,98,Not Rated,0.0
4672,2015-08-31,2015-08-31,2422517,10055,52,2,5,5,21,9,98,Not Rated,0.0
4673,2015-08-31,2015-09-25,1680264,2384,1,2,5,5,12,9,98,SAT,0.0
4674,2015-08-31,2015-09-23,1885345,2797,15,2,6,5,15,9,98,SAT,0.0
4676,2015-09-01,2015-09-01,2151260,2801,18,2,5,5,12,9,98,SAT,0.0
4677,2015-09-01,2015-09-18,668366,9958,58,2,4,5,50,9,98,Not Rated,0.0
4678,2015-09-01,2015-10-09,2058655,138,74,2,6,5,11,9,98,SAT,0.0
4679,2015-09-02,2015-09-08,2103582,11107,7,2,6,5,12,9,98,SAT,0.0
4680,2015-09-02,2015-09-16,1818294,2690,47,2,3,5,15,9,98,Not Rated,0.0
4681,2015-09-02,2015-09-04,288427,12246,48,2,7,3,21,9,98,SAT,0.0
4682,2015-09-02,2015-10-07,1875590,11077,45,2,2,5,12,9,98,Not Rated,0.0
4684,2015-09-03,2015-09-03,1722833,119,51,2,3,1,21,9,98,SAT,0.0
4685,2015-09-02,2015-09-25,1872899,10536,56,2,3,5,11,9,98,Not Rated,0.0
4686,2015-09-03,2015-11-11,1880443,9892,5,2,3,5,40,9,98,SAT,0.0
4687,2015-09-02,2015-09-03,1894383,1615,12,2,5,1,21,9,98,SAT,0.0
4688,2015-09-03,2015-09-23,876202,11031,39,2,5,5,32,9,98,SAT,0.0
4689,2015-09-03,2015-09-07,388875,187,66,2,3,5,56,9,98,Not Rated,0.0
4690,2015-09-03,2015-09-18,1891109,10794,8,2,3,5,15,9,98,SAT,0.0
4691,2015-09-04,2015-09-25,891698,820,12,2,3,5,11,9,98,Not Rated,0.0
4692,2015-09-03,2015-09-11,392635,1499,33,2,3,1,21,9,98,SAT,0.0
4693,2015-09-04,2015-09-11,717418,1516,42,2,6,5,12,9,98,SAT,0.0
4694,2015-09-04,2015-09-16,370125,356,60,2,6,5,58,9,98,SAT,0.0
4695,2015-09-03,2015-09-04,874744,7671,3,2,3,5,12,9,98,SAT,0.0
4696,2015-09-04,2015-09-09,883831,11050,29,2,3,5,40,9,98,Not Rated,0.0
4697,2015-09-04,2015-11-05,547775,10900,8,2,6,5,40,9,98,SAT,0.0
4698,2015-09-02,2015-09-25,1869247,49,10,2,5,5,50,9,98,Not Rated,0.0
4699,2015-09-07,2015-09-11,802284,1106,14,2,3,1,15,9,98,SAT,0.0
4700,2015-09-07,2015-09-08,631441,11960,43,2,3,1,15,9,98,SAT,0.0
4701,2015-09-03,2015-09-08,1827023,9726,77,2,5,5,12,9,98,SAT,0.0
4702,2015-09-08,2015-09-08,2475803,11971,41,2,7,1,55,9,98,Not Rated,0.0
4703,2015-09-08,2015-09-17,1880850,842,7,2,3,5,15,9,98,SAT,0.0
4704,2015-09-08,2015-09-08,64445,194,61,2,2,1,21,9,98,Not Rated,0.0
4705,2015-09-09,2015-10-15,2059564,10861,57,2,3,7,11,9,98,SAT,0.0
4706,2015-09-09,2015-09-11,1872176,10794,11,2,5,5,44,9,98,NSA,0.0
4707,2015-09-10,2015-09-16,133493,12038,63,2,3,1,40,9,98,Not Rated,0.0
4708,2015-09-10,2015-09-18,2056104,11153,15,2,5,5,50,9,98,Not Rated,0.0
4709,2015-09-10,2015-09-11,514135,1256,6,2,5,5,12,9,98,SAT,0.0
4710,2015-09-11,2015-09-11,665659,1526,55,2,7,3,21,9,98,SAT,0.0
4711,2015-09-10,2015-09-11,890504,10030,52,2,7,1,21,9,98,SAT,0.0
4712,2015-09-11,2015-09-29,2400547,10637,7,2,5,5,50,9,98,Not Rated,0.0
4713,2015-09-14,2015-11-03,12602,11286,10,2,3,1,11,9,98,Not Rated,0.0
4714,2015-09-14,2015-09-18,1810007,10993,44,2,3,5,21,9,98,Not Rated,0.0
4715,2015-09-14,2015-09-16,725009,10534,20,2,5,5,15,9,98,SAT,0.0
4716,2015-09-15,2015-10-23,771531,11131,7,2,3,5,11,9,98,Not Rated,0.0
4717,2015-09-15,2015-09-15,1755429,10197,9,2,2,1,21,9,98,SAT,0.0
4718,2015-09-14,2015-10-14,2119248,1303,71,2,3,5,40,9,98,Not Rated,0.0
4719,2015-09-15,2015-09-25,456736,9022,43,2,6,5,12,9,98,SAT,0.0
4720,2015-09-15,2015-09-16,185406,10749,39,2,5,1,57,9,98,Not Rated,0.0
4721,2015-09-16,2015-10-07,2112130,12769,10,2,3,1,35,9,98,SAT,0.0
4722,2015-09-16,2015-10-15,2382704,11849,22,2,2,1,21,9,98,SAT,0.0
4723,2015-09-17,2015-09-17,241547,12024,35,2,2,1,21,9,98,Not Rated,0.0
4724,2015-09-17,2015-10-07,293304,2128,3,2,6,5,57,9,98,Not Rated,0.0
4725,2015-10-02,2015-10-02,2016668,10030,16,2,7,7,44,9,98,Not Rated,0.0
4726,2015-09-17,2015-09-18,363768,12174,30,2,7,7,18,9,98,Not Rated,0.0
4727,2015-09-18,2015-10-07,1884974,9601,31,2,5,5,11,9,98,Not Rated,0.0
4728,2015-09-18,2015-11-16,2066681,12358,44,2,5,5,11,9,98,SAT,0.0
4729,2015-09-18,2015-11-06,1802521,7640,50,2,6,5,12,9,98,SAT,0.0
4730,2015-09-18,2015-09-25,1763468,11545,7,2,3,1,12,9,98,SAT,0.0
4731,2015-09-18,2015-09-25,1709752,1873,32,2,3,1,12,9,98,SAT,0.0
4732,2015-09-22,2015-10-05,2364579,11116,33,2,5,3,11,9,98,SAT,0.0
4733,2015-09-22,2015-10-08,2017724,9803,51,2,3,1,21,9,98,SAT,0.0
4734,2015-09-22,2015-12-30,662979,1491,50,2,3,5,3,9,98,SAT,0.0
4735,2015-09-22,2015-12-07,526847,11252,19,2,5,5,40,9,98,SAT,0.0
4736,2015-09-22,2015-10-13,1836632,9372,50,2,3,5,11,9,98,SAT,0.0
4737,2015-09-17,2015-09-22,423436,1201,7,2,3,1,13,9,98,Not Rated,0.0
4738,2015-09-18,2015-09-24,2088771,10218,22,2,7,3,21,9,98,SAT,0.0
4739,2015-09-22,2015-09-24,1851820,10720,66,2,6,5,58,9,98,SAT,0.0
4740,2015-09-22,2015-10-05,111172,10948,56,2,6,5,12,9,98,SAT,0.0
4741,2015-09-22,2015-09-28,753649,8367,45,2,3,5,40,9,98,Not Rated,0.0
4742,2015-09-22,2015-09-23,672325,12087,69,2,7,3,21,9,98,Not Rated,0.0
4743,2015-09-22,2015-10-08,670214,11711,3,2,4,5,21,9,98,SAT,0.0
4744,2015-09-23,2015-09-24,1838193,11151,33,2,7,1,21,9,98,SAT,0.0
4745,2015-09-23,2015-10-02,28138,12476,69,2,4,5,15,9,98,Not Rated,0.0
4746,2015-09-23,2015-10-15,895966,940,6,2,3,7,11,9,98,Not Rated,0.0
4747,2015-09-23,2015-09-25,65374,11558,41,2,3,1,12,9,98,SAT,0.0
4748,2015-09-24,2015-09-28,1660049,9546,76,2,2,1,10,9,98,SAT,0.0
4749,2015-09-23,2015-10-05,2225389,8569,28,2,5,5,12,9,98,SAT,0.0
4750,2015-09-24,2015-11-05,1847651,7950,35,2,7,3,11,9,98,SAT,0.0
4751,2015-09-24,2015-09-28,119882,9634,6,2,7,3,8,9,98,SAT,0.0
4752,2015-09-22,2015-10-30,2418773,10160,33,2,3,7,19,9,98,Not Rated,0.0
4753,2015-09-25,2015-10-22,73369,11265,74,2,3,1,11,9,98,Not Rated,0.0
4754,2015-09-25,2015-10-05,2122169,12066,11,2,5,5,10,9,98,SAT,0.0
4755,2015-09-23,2015-09-29,5081,1229,74,2,5,5,8,9,98,SAT,0.0
4756,2015-09-25,2015-10-07,1839009,10327,23,2,3,5,50,9,98,Not Rated,0.0
4757,2015-09-25,2015-10-14,2006138,11147,9,2,5,5,12,9,98,Not Rated,0.0
4758,2015-09-25,2015-10-01,1871070,12048,38,2,3,5,40,9,98,SAT,0.0
4759,2015-09-24,2015-09-24,1863230,8201,47,2,7,5,8,9,98,Not Rated,0.0
4760,2015-09-25,2015-10-07,724223,9311,38,2,3,5,50,9,98,Not Rated,0.0
4761,2015-09-28,2015-12-11,1800294,1430,20,2,6,5,12,9,98,SAT,0.0
4762,2015-09-28,2015-10-20,1800873,11154,10,1,6,5,58,9,98,Not Rated,0.0
4763,2015-09-25,2015-09-28,672018,1702,54,2,3,5,8,9,98,SAT,0.0
4764,2015-09-25,2015-10-05,1886286,1873,31,2,7,3,21,9,98,SAT,0.0
4765,2015-09-28,2015-10-06,2054864,224,20,2,2,7,15,9,98,Not Rated,0.0
4766,2015-09-29,2015-11-26,655808,9560,20,2,3,5,11,9,98,SAT,0.0
4767,2015-09-24,2015-09-30,216452,11178,18,2,2,1,58,9,98,SAT,0.0
4768,2015-09-29,2015-10-07,1828742,820,24,2,3,5,9,9,98,SAT,0.0
4769,2015-09-30,2015-10-05,1886223,11148,22,2,2,5,12,9,98,Not Rated,0.0
4770,2015-09-29,2015-10-23,2174321,1875,9,2,3,5,7,9,98,Not Rated,0.0
4771,2015-09-30,2015-11-09,1868907,11050,2,2,6,5,12,9,98,SAT,0.0
4772,2015-09-30,2015-10-01,508191,12241,4,2,7,3,15,9,98,SAT,0.0
4773,2015-09-30,2015-10-05,2188921,11154,74,2,5,5,12,9,98,SAT,0.0
4774,2015-09-30,2015-10-01,752743,9775,61,2,3,1,21,9,98,SAT,0.0
4775,2015-10-01,2015-11-04,717199,11461,34,2,6,5,12,9,98,SAT,0.0
4776,2015-10-01,2015-10-07,303977,938,69,2,5,5,58,9,98,SAT,0.0
4777,2015-10-01,2015-10-05,2037668,8385,40,2,6,5,12,9,98,SAT,0.0
4778,2015-10-01,2015-10-06,599089,12262,12,2,3,5,15,9,98,SAT,0.0
4779,2015-10-01,2015-10-05,228957,8885,23,2,5,5,12,9,98,SAT,0.0
4780,2015-10-01,2015-10-02,1818215,9715,47,2,5,5,10,9,98,SAT,0.0
4781,2015-10-02,2015-10-08,1679856,10553,47,2,5,3,10,9,98,Not Rated,0.0
4782,2015-10-02,2015-10-05,238181,1081,20,2,5,5,12,9,98,Not Rated,0.0
4783,2015-10-02,2015-10-08,283002,10443,9,2,3,1,15,9,98,Not Rated,0.0
4784,2015-10-05,2015-10-15,762206,11171,3,2,3,1,8,9,98,Not Rated,0.0
4785,2015-10-02,2015-11-16,2185561,9051,74,2,3,5,11,9,98,SAT,0.0
4786,2015-10-05,2015-10-05,2436736,11262,55,2,7,5,10,9,98,SAT,0.0
4787,2015-10-05,2015-10-06,1732437,10987,42,2,5,5,15,9,98,SAT,0.0
4788,2015-10-07,2015-10-29,1642885,598,40,2,3,5,7,9,98,SAT,0.0
4789,2015-10-07,2015-10-13,2495056,10260,35,2,3,5,8,9,98,SAT,0.0
4790,2015-10-07,2015-12-02,1984517,8569,45,2,6,5,12,9,98,Not Rated,0.0
4791,2015-10-07,2015-10-30,480701,1552,5,2,3,5,21,9,98,SAT,0.0
4792,2015-10-08,2015-11-10,772068,10186,73,2,3,5,9,9,98,Not Rated,0.0
4793,2015-10-08,2015-10-08,842347,11204,45,2,5,5,11,9,98,Not Rated,0.0
4794,2015-10-07,2015-10-09,647849,8399,21,2,7,3,31,9,98,SAT,0.0
4795,2015-10-08,2015-10-21,545341,9610,73,2,7,5,15,9,98,Not Rated,0.0
4796,2015-10-08,2015-10-08,785625,11162,60,2,3,5,50,9,98,Not Rated,0.0
4797,2015-10-09,2015-11-10,678259,119,73,2,3,1,50,9,98,SAT,0.0
4798,2015-10-09,2015-11-25,19783,190,69,2,3,5,38,9,98,SAT,0.0
4799,2015-10-09,2015-10-09,293333,8985,33,2,5,5,8,9,98,Not Rated,0.0
4800,2015-10-09,2015-10-12,556804,11005,43,2,6,5,58,9,98,SAT,0.0
4801,2015-10-09,2015-10-20,1642836,1342,77,2,6,5,12,9,98,Not Rated,0.0
4802,2015-10-09,2015-10-14,863318,2007,53,2,3,5,15,9,98,SAT,0.0
4803,2015-10-12,2015-10-21,1787392,11179,20,2,3,5,10,9,98,SAT,0.0
4804,2015-10-12,2015-10-30,372777,11087,36,2,3,5,8,9,98,SAT,0.0
4805,2015-10-13,2015-11-02,1674792,39,22,2,5,5,25,9,98,SAT,0.0
4806,2015-10-13,2015-11-18,1649784,2260,74,2,5,5,12,9,98,SAT,0.0
4807,2015-10-12,2015-11-05,857667,12345,22,2,3,1,21,9,98,Not Rated,0.0
4808,2015-10-14,2016-05-23,1915673,8055,18,2,4,5,50,9,98,Not Rated,0.0
4809,2015-10-14,2015-10-30,1660619,12198,54,2,3,5,15,9,98,SAT,0.0
4810,2015-10-14,2015-10-21,1812189,813,67,2,5,5,12,9,98,Not Rated,0.0
4811,2015-10-14,2015-11-02,5465,2103,37,2,5,5,15,9,98,SAT,0.0
4812,2015-10-14,2015-11-06,1742820,11074,22,2,5,5,12,9,98,SAT,0.0
4813,2015-10-14,2015-10-19,2222685,10984,1,2,5,5,10,9,98,SAT,0.0
4814,2015-10-16,2015-12-21,548457,11825,64,2,3,1,21,9,98,SAT,0.0
4815,2015-10-14,2015-10-19,710738,839,7,2,3,1,21,9,98,SAT,0.0
4816,2015-10-19,2015-10-30,1808954,10345,9,2,5,5,15,9,98,Not Rated,0.0
4817,2015-10-16,2015-10-21,1815535,11230,60,2,3,1,11,9,98,Not Rated,0.0
4818,2015-10-14,2015-10-19,2089147,2307,3,2,3,1,21,9,98,SAT,0.0
4819,2015-10-19,2015-11-13,200643,10327,12,2,5,5,12,9,98,SAT,0.0
4820,2015-10-19,2015-10-20,887156,151,74,1,6,5,58,9,98,SAT,0.0
4821,2015-10-19,2015-10-29,225456,194,27,2,5,5,12,9,98,SAT,0.0
4822,2015-10-19,2016-01-08,834397,2659,16,2,6,5,12,9,98,Not Rated,0.0
4823,2015-10-19,2015-11-06,596338,11122,13,2,6,5,12,9,98,SAT,0.0
4824,2015-10-14,2015-10-19,330006,597,50,2,3,7,21,9,98,SAT,0.0
4825,2015-10-19,2015-12-21,535899,879,22,2,7,7,11,9,98,SAT,0.0
4826,2015-10-19,2015-11-05,629731,601,41,2,3,1,21,9,98,SAT,0.0
4827,2015-10-20,2015-11-06,1893273,9872,2,2,6,5,12,9,98,SAT,0.0
4828,2015-10-20,2015-11-26,1919508,836,63,2,3,5,21,9,98,SAT,0.0
4829,2015-10-19,2015-12-07,124541,11259,66,2,3,5,44,9,98,SAT,0.0
4830,2015-10-21,2015-11-09,813973,11715,3,2,3,5,12,9,98,SAT,0.0
4831,2015-10-21,2015-11-10,554190,1309,20,2,5,5,9,9,98,Not Rated,0.0
4832,2015-10-21,2015-10-22,2134523,11050,13,2,3,5,12,9,98,SAT,0.0
4833,2015-10-22,2015-10-23,1854471,10948,67,2,3,1,21,9,98,Not Rated,0.0
4834,2015-10-22,2015-11-18,2421920,11980,2,2,6,5,12,9,98,Not Rated,0.0
4835,2015-10-23,2015-11-16,1861619,2316,36,2,5,5,10,9,98,Not Rated,0.0
4836,2015-10-23,2015-11-06,1826758,8840,19,2,6,5,58,9,98,SAT,0.0
4837,2015-10-23,2015-11-06,2053176,9970,62,2,6,5,12,9,98,SAT,0.0
4838,2015-10-20,2015-10-23,1869232,8949,72,2,2,1,21,9,98,SAT,0.0
4839,2015-10-19,2015-11-11,890232,791,78,2,3,5,50,9,98,Not Rated,0.0
4840,2015-10-26,2015-12-01,1918263,11136,21,2,5,5,12,9,98,SAT,0.0
4841,2015-10-26,2015-11-06,542231,394,6,2,6,5,58,9,98,SAT,0.0
4842,2015-10-26,2015-11-23,2204507,8367,15,2,7,3,21,9,98,SAT,0.0
4843,2015-10-26,2015-11-03,251151,11031,75,2,7,3,10,9,98,SAT,0.0
4844,2015-10-27,2015-12-30,75228,9357,20,2,3,1,4,9,98,SAT,0.0
4845,2015-10-29,2015-10-29,2110808,601,56,2,2,5,12,9,98,SAT,0.0
4846,2015-10-26,2015-10-29,348150,11000,54,2,3,1,21,9,98,Not Rated,0.0
4847,2015-10-29,2015-10-30,1836051,11004,30,2,7,3,18,9,98,Not Rated,0.0
4848,2015-10-29,2015-11-20,2173296,10983,34,2,3,5,21,9,98,Not Rated,0.0
4849,2015-10-29,2015-10-30,614285,11156,7,2,3,5,40,9,98,Not Rated,0.0
4850,2015-10-30,2015-12-11,2313037,11972,11,2,3,5,50,9,98,Not Rated,0.0
4851,2015-10-30,2015-11-02,236145,8106,52,2,3,7,21,9,98,Not Rated,0.0
4852,2015-11-02,2015-11-06,620853,175,70,2,3,5,12,9,98,SAT,0.0
4853,2015-10-30,2015-11-05,1985393,10071,77,2,7,3,8,9,98,Not Rated,0.0
4854,2015-10-30,2015-11-16,1866077,11086,70,2,3,5,15,9,98,Not Rated,0.0
4855,2015-11-03,2015-11-27,1954786,11071,26,2,3,1,12,9,98,SAT,0.0
4856,2015-11-03,2015-12-02,2383497,542,35,2,4,5,50,9,98,Not Rated,0.0
4857,2015-11-04,2015-11-23,542259,11113,2,2,5,5,32,9,98,SAT,0.0
4858,2015-11-04,2015-11-23,170010,2613,75,2,6,5,12,9,98,SAT,0.0
4859,2015-11-04,2015-11-06,226634,11849,70,2,6,5,12,9,98,SAT,0.0
4860,2015-11-04,2015-12-01,1807824,12174,63,2,3,5,18,9,98,SAT,0.0
4861,2015-11-04,2015-11-16,1820277,9175,12,2,3,5,9,9,98,Not Rated,0.0
4862,2015-11-05,2015-11-05,1774657,11213,20,2,5,5,57,9,98,SAT,0.0
4863,2015-11-05,2015-12-22,844080,10738,10,2,5,5,11,9,98,Not Rated,0.0
4864,2015-11-04,2015-11-06,1871068,157,72,2,7,3,31,9,98,Not Rated,0.0
4865,2015-11-04,2015-11-30,842993,12346,42,2,3,1,21,9,98,SAT,0.0
4866,2015-11-02,2015-11-16,97531,473,12,2,3,7,21,9,98,SAT,0.0
4867,2015-11-06,2015-11-20,888227,2537,41,2,3,7,21,9,98,SAT,0.0
4868,2015-11-06,2015-12-18,710567,1342,53,2,6,5,58,9,98,Not Rated,0.0
4869,2015-11-06,2015-11-27,895552,10067,46,2,3,5,15,9,98,Not Rated,0.0
4870,2015-11-09,2015-11-11,57568,11163,17,2,3,7,9,9,98,Not Rated,0.0
4871,2015-11-05,2015-12-02,672308,10987,76,2,5,5,9,9,98,Not Rated,0.0
4872,2015-11-06,2015-11-24,852572,11179,61,2,3,5,32,9,98,SAT,0.0
4873,2015-11-09,2015-11-23,572721,9560,25,2,3,1,58,9,98,SAT,0.0
4874,2015-11-09,2015-11-19,1947044,10563,16,2,3,3,55,9,98,Not Rated,0.0
4875,2015-11-06,2015-11-12,2121731,11245,52,2,5,5,10,9,98,Not Rated,0.0
4876,2015-11-09,2015-12-01,2185521,12352,65,2,3,5,13,9,98,SAT,0.0
4877,2015-11-09,2015-12-04,2309730,597,71,2,3,5,45,9,98,SAT,0.0
4878,2015-11-09,2015-12-18,2079868,300,32,2,3,5,32,9,98,SAT,0.0
4879,2015-11-05,2015-11-25,2136259,10327,33,2,3,5,10,9,98,SAT,0.0
4880,2015-11-10,2015-12-01,1786064,10297,63,2,6,5,12,9,98,SAT,0.0
4881,2015-11-10,2016-02-04,329011,528,43,2,3,7,11,9,98,Not Rated,0.0
4882,2015-11-04,2015-11-27,2114994,9918,5,2,3,5,11,9,98,Not Rated,0.0
4883,2015-11-10,2015-11-23,2457170,11139,1,2,6,5,12,9,98,SAT,0.0
4884,2015-11-11,2015-12-30,2116467,10147,49,2,3,7,11,9,98,SAT,0.0
4885,2015-11-10,2015-11-17,1829513,2316,39,2,3,1,8,9,98,SAT,0.0
4886,2015-11-11,2015-11-24,1810490,9799,14,2,5,5,10,9,98,SAT,0.0
4887,2015-11-11,2015-11-11,1757534,865,75,2,3,1,11,9,98,Not Rated,0.0
4888,2015-11-11,2015-12-08,151092,10566,8,2,6,5,12,9,98,SAT,0.0
4889,2015-11-11,2015-11-16,1805797,12102,34,2,3,5,7,9,98,Not Rated,0.0
4890,2015-11-12,2015-12-09,317668,11916,45,2,6,5,56,9,98,SAT,0.0
4891,2015-11-12,2015-11-18,2079562,11273,33,2,3,7,999,9,98,Not Rated,0.0
4892,2015-11-12,2015-11-12,1865463,2613,2,2,2,1,21,9,98,SAT,0.0
4893,2015-11-11,2015-12-09,1850048,9853,1,2,7,3,8,9,98,Not Rated,0.0
4894,2015-11-12,2015-11-17,896381,8399,7,2,5,5,58,9,98,SAT,0.0
4895,2015-11-12,2015-11-23,1633218,10507,34,2,6,5,12,9,98,SAT,0.0
4896,2015-11-12,2015-12-01,46527,9499,46,2,6,5,58,9,98,SAT,0.0
4897,2015-11-13,2016-01-07,2198234,10749,54,2,2,1,21,9,98,SAT,0.0
4898,2015-11-12,2015-11-13,371776,300,9,2,3,5,15,9,98,SAT,0.0
4899,2015-11-13,2015-11-23,552545,2378,29,2,6,5,58,9,98,SAT,0.0
4900,2015-11-13,2015-11-23,341883,10116,3,2,6,5,12,9,98,SAT,0.0
4901,2015-11-13,2016-01-11,370130,1512,67,2,3,1,50,9,98,SAT,0.0
4902,2015-11-16,2016-01-12,1729575,7841,29,2,3,5,12,9,98,SAT,0.0
4903,2015-11-16,2015-11-16,2464710,923,47,2,2,1,15,9,98,Not Rated,0.0
4904,2015-11-17,2016-03-01,110774,9377,41,2,6,5,40,9,98,SAT,0.0
4905,2015-11-17,2015-11-23,1871455,11212,6,2,5,5,58,9,98,Not Rated,0.0
4906,2015-11-17,2015-12-04,1865819,2129,74,2,3,1,15,9,98,SAT,0.0
4907,2015-11-17,2015-11-23,1842966,10601,39,2,6,5,12,9,98,SAT,0.0
4908,2015-11-17,2015-11-25,2204563,2676,22,2,5,5,10,9,98,SAT,0.0
4909,2015-11-16,2015-11-17,2112835,116,56,2,3,1,40,9,98,SAT,0.0
4910,2015-11-17,2015-11-17,542848,10569,38,2,2,1,15,9,98,Not Rated,0.0
4911,2015-11-18,2015-11-18,2448254,12475,47,2,3,1,21,9,98,Not Rated,0.0
4912,2015-11-18,2015-12-04,2133978,12367,77,2,3,5,11,9,98,SAT,0.0
4913,2015-11-16,2015-11-18,625505,1846,64,2,3,1,12,9,98,Not Rated,0.0
4914,2015-11-18,2015-11-26,203515,9892,64,2,3,5,15,9,98,SAT,0.0
4915,2015-11-19,2015-12-02,251837,10536,7,2,2,1,21,9,98,Not Rated,0.0
4916,2015-11-19,2016-02-05,2127851,9628,34,2,3,1,12,9,98,SAT,0.0
4917,2015-11-20,2015-11-27,685935,10982,5,2,3,5,15,9,98,Not Rated,0.0
4918,2015-11-18,2015-11-20,384589,10107,46,2,3,1,21,9,98,SAT,0.0
4919,2015-11-20,2015-11-20,1753678,11796,36,2,2,1,15,9,98,Not Rated,0.0
4920,2015-11-20,2015-11-20,2017686,11263,30,2,3,1,21,9,98,Not Rated,0.0
4921,2015-11-19,2015-12-03,753024,10948,15,2,3,5,50,9,98,SAT,0.0
4922,2015-11-19,2015-12-02,119331,11262,33,2,7,7,50,9,98,Not Rated,0.0
4923,2015-11-23,2015-11-27,544341,10728,41,2,6,5,12,9,98,SAT,0.0
4924,2015-11-13,2015-11-25,2059536,11104,60,2,5,5,10,9,98,Not Rated,0.0
4925,2015-11-24,2015-11-25,2111891,12229,44,2,5,4,12,9,98,SAT,0.0
4926,2015-11-23,2016-03-03,421508,8461,4,2,3,5,15,9,98,Not Rated,0.0
4927,2015-11-23,2015-11-24,721823,10360,46,2,7,3,15,9,98,SAT,0.0
4928,2015-11-24,2015-12-02,299438,9856,76,2,2,1,21,9,98,Not Rated,0.0
4929,2015-11-24,2015-12-08,548986,10507,77,2,6,5,57,9,98,SAT,0.0
4930,2015-11-24,2015-12-29,2206827,865,72,2,6,5,12,9,98,SAT,0.0
4931,2015-11-24,2015-12-18,1793470,9393,70,2,2,5,12,9,98,Not Rated,0.0
4932,2015-11-25,2015-12-29,2084582,347,47,2,3,1,55,9,98,Not Rated,0.0
4933,2015-11-24,2015-12-04,1797012,12061,58,2,3,5,15,9,98,SAT,0.0
4934,2015-11-25,2015-12-23,433199,9206,72,2,3,5,10,9,98,SAT,0.0
4935,2015-11-24,2015-11-24,617160,10430,25,2,7,5,4,9,98,SAT,0.0
4936,2015-11-24,2015-12-02,2203792,11136,23,2,2,1,21,9,98,SAT,0.0
4937,2015-11-25,2015-11-30,1847894,9647,78,2,7,3,15,9,98,SAT,0.0
4938,2015-11-25,2016-01-08,422107,1994,32,2,7,7,42,9,98,Not Rated,0.0
4939,2015-11-26,2015-11-27,2128680,10359,29,2,2,1,15,9,98,Not Rated,0.0
4940,2015-11-25,2016-01-08,2109732,10030,69,2,3,5,12,9,98,SAT,0.0
4941,2015-11-26,2015-11-27,476439,10646,25,2,2,1,21,9,98,Not Rated,0.0
4942,2015-11-26,2015-11-26,1764167,2235,36,2,5,5,12,9,98,SAT,0.0
4943,2015-11-26,2015-11-27,2119332,9357,26,2,7,7,15,9,98,Not Rated,0.0
4944,2015-11-27,2015-12-18,239666,10979,60,2,6,5,12,9,98,Not Rated,0.0
4945,2015-11-27,2015-11-27,2289073,10984,42,2,5,5,21,9,98,Not Rated,0.0
4946,2015-11-27,2015-12-01,403537,11072,34,2,5,5,15,9,98,SAT,0.0
4947,2015-11-27,2015-12-17,2236042,11246,62,2,5,5,21,9,98,SAT,0.0
4948,2015-11-30,2015-11-30,268031,9798,46,2,7,3,31,9,98,SAT,0.0
4949,2015-11-30,2015-12-09,1798614,151,64,2,5,7,13,9,98,SAT,0.0
4950,2015-11-30,2015-12-09,1659098,1615,51,2,3,5,12,9,98,SAT,0.0
4951,2015-11-30,2015-12-03,1851556,10326,19,2,5,5,10,9,98,SAT,0.0
4952,2015-11-27,2015-12-03,714312,11136,8,2,5,5,10,9,98,SAT,0.0
4953,2015-11-30,2015-12-15,2047021,11104,74,2,7,1,21,9,98,SAT,0.0
4954,2015-11-27,2015-11-30,663777,11669,40,2,7,5,11,9,98,SAT,0.0
4955,2015-11-30,2015-12-04,2125569,11474,10,2,5,5,15,9,98,SAT,0.0
4956,2015-12-01,2016-01-20,1911411,11171,23,2,3,5,15,9,98,Not Rated,0.0
4957,2015-11-30,2016-01-12,2108377,10055,78,2,3,5,21,9,98,SAT,0.0
4958,2015-11-30,2016-01-12,2032952,1309,53,2,3,5,21,9,98,SAT,0.0
4959,2015-11-26,2015-12-29,2416241,12125,1,2,3,5,15,9,98,Not Rated,0.0
4960,2015-11-18,2015-11-19,653261,1350,66,2,3,1,40,9,98,SAT,0.0
4961,2015-12-02,2015-12-18,1865833,9884,5,2,6,5,40,9,98,Not Rated,0.0
4962,2015-12-01,2015-12-03,2007877,10898,48,2,2,1,21,9,98,Not Rated,0.0
4963,2015-12-02,2016-02-08,1898871,12176,78,2,6,5,12,9,98,SAT,0.0
4964,2015-12-02,2015-12-28,255837,10850,52,2,6,5,12,9,98,SAT,0.0
4965,2015-12-03,2015-12-29,617313,11154,32,2,3,1,12,9,98,SAT,0.0
4966,2015-12-02,2016-01-15,275610,11077,30,2,7,1,21,9,98,SAT,0.0
4967,2015-12-01,2015-12-10,418996,11127,40,2,5,5,6,9,98,SAT,0.0
4968,2015-12-03,2015-12-30,567449,11545,69,2,5,5,50,9,98,Not Rated,0.0
4969,2015-12-03,2015-12-21,634315,1748,58,2,6,5,12,9,98,Not Rated,0.0
4970,2015-12-04,2015-12-07,2127789,10345,50,2,5,5,40,9,98,SAT,0.0
4971,2015-12-03,2015-12-10,2312071,1875,13,2,3,1,2,9,98,Not Rated,0.0
4972,2015-12-04,2015-12-23,1657672,10218,72,2,6,5,58,9,98,Not Rated,0.0
4973,2015-12-07,2015-12-07,1915303,11287,68,2,5,5,10,9,98,SAT,0.0
4974,2015-12-08,2015-12-08,1860804,9958,69,2,6,5,7,9,98,Not Rated,0.0
4975,2015-12-08,2015-12-31,847439,12333,2,2,6,5,12,9,98,SAT,0.0
4976,2015-12-08,2015-12-08,1791353,356,73,2,7,5,10,9,98,SAT,0.0
4977,2015-12-07,2015-12-09,357821,1678,30,2,3,7,18,9,98,Not Rated,0.0
4978,2015-12-07,2015-12-09,1870392,9359,76,2,3,7,18,9,98,SAT,0.0
4979,2015-12-07,2015-12-10,2056069,11127,2,2,5,1,21,9,98,Not Rated,0.0
4980,2015-12-04,2015-12-22,817138,781,29,2,3,5,11,9,98,SAT,0.0
4981,2015-12-08,2015-12-11,2434973,10577,72,2,7,7,23,9,98,Not Rated,0.0
4982,2015-12-09,2015-12-15,1728572,10446,72,2,3,1,15,9,98,Not Rated,0.0
4983,2015-12-09,2015-12-22,2068849,781,54,2,2,1,21,9,98,Not Rated,0.0
4984,2015-12-02,2015-12-08,200643,9775,1,2,4,7,12,9,98,Not Rated,0.0
4985,2015-12-08,2015-12-24,2502748,190,28,2,4,5,10,9,98,Not Rated,0.0
4986,2015-12-10,2015-12-11,1706955,11676,71,2,3,7,21,9,98,Not Rated,0.0
4987,2015-12-10,2015-12-15,27790,9901,9,2,7,7,31,9,98,SAT,0.0
4988,2015-12-07,2015-12-11,569862,10443,72,2,3,1,13,9,98,Not Rated,0.0
4989,2015-12-11,2015-12-22,594289,1270,34,2,7,5,11,9,98,Not Rated,0.0
4990,2015-12-14,2015-12-31,464247,8120,39,2,6,5,7,9,98,Not Rated,0.0
4991,2015-12-14,2016-03-04,426250,11974,6,2,3,1,40,9,98,Not Rated,0.0
4992,2015-12-10,2016-01-19,2121637,10917,77,2,7,5,15,9,98,Not Rated,0.0
4993,2015-12-14,2015-12-31,585369,7950,45,2,6,5,58,9,98,Not Rated,0.0
4994,2015-12-08,2015-12-15,569801,11849,18,2,3,1,21,9,98,SAT,0.0
4995,2015-12-14,2016-01-08,361049,12024,47,2,3,5,44,9,98,Not Rated,0.0
4997,2015-12-15,2015-12-15,2103884,2117,39,2,6,5,7,9,98,SAT,0.0
4998,2015-12-15,2016-04-07,87417,10235,1,2,6,5,58,9,98,Not Rated,0.0
4999,2015-12-15,2015-12-31,600314,11175,25,2,6,5,7,9,98,Not Rated,0.0
5000,2015-12-16,2015-12-28,1807328,2178,46,2,6,5,52,9,98,SAT,0.0
5001,2015-12-14,2015-12-17,889833,11071,5,2,3,1,21,9,98,SAT,0.0
5002,2015-12-16,2016-01-21,2107934,9393,77,1,5,5,12,9,98,SAT,0.0
5003,2015-12-15,2016-01-18,394749,9662,53,2,3,1,15,9,98,SAT,0.0
5004,2015-12-10,2015-12-24,534439,1303,64,2,5,5,10,9,98,SAT,0.0
5005,2015-12-17,2015-12-23,1820992,9662,53,2,5,5,12,9,98,SAT,0.0
5006,2015-12-17,2016-01-07,119559,1876,38,2,5,5,44,9,98,SAT,0.0
5007,2015-12-17,2016-01-12,1871788,9359,20,2,5,7,11,9,98,Not Rated,0.0
5008,2015-12-17,2016-02-02,1795704,10728,6,2,3,5,11,9,98,SAT,0.0
5009,2015-12-11,2016-01-21,1707279,11286,19,2,5,5,60,9,98,Not Rated,0.0
5010,2015-12-15,2016-03-18,383443,11971,78,2,3,5,60,9,98,Not Rated,0.0
5011,2015-12-15,2016-03-21,233697,355,33,2,3,5,60,9,98,Not Rated,0.0
5012,2015-12-15,2016-03-21,334624,11093,55,2,3,5,60,9,98,Not Rated,0.0
5013,2015-12-18,2015-12-18,1690277,9000,6,2,3,5,15,9,98,Not Rated,0.0
5014,2015-12-17,2016-03-29,415663,11094,42,2,3,5,60,9,98,Not Rated,0.0
5015,2015-12-18,2015-12-31,664190,10361,71,2,6,5,52,9,98,SAT,0.0
5016,2015-12-16,2016-01-15,2198449,8356,20,2,3,5,10,9,98,Not Rated,0.0
5017,2015-12-21,2015-12-21,537786,753,70,2,3,1,21,9,98,SAT,0.0
5019,2015-12-21,2016-03-21,284827,12066,7,2,3,1,60,9,98,Not Rated,0.0
5020,2015-12-21,2016-02-02,241812,9085,47,2,5,5,12,9,98,SAT,0.0
5021,2015-12-21,2015-12-31,249091,8662,31,2,6,1,7,9,98,Not Rated,0.0
5022,2015-12-21,2016-01-12,405311,2504,70,2,3,5,15,9,98,SAT,0.0
5023,2015-12-18,2015-12-24,2122169,9347,4,2,7,3,21,9,98,SAT,0.0
5024,2015-12-22,2016-02-05,1801318,11980,5,2,6,5,52,9,98,SAT,0.0
5025,2015-12-22,2015-12-23,2485031,11263,17,2,2,1,21,9,98,Not Rated,0.0
5026,2015-12-23,2016-01-07,73478,11182,14,2,3,5,15,9,98,SAT,0.0
5027,2015-12-23,2015-12-31,510920,1086,16,2,3,5,15,9,98,SAT,0.0
5028,2015-12-24,2015-12-24,2470113,8569,63,1,6,5,57,9,98,SAT,0.0
5029,2015-12-24,2016-01-27,603284,11172,47,2,3,5,21,9,98,SAT,0.0
5032,2015-12-28,2016-01-13,1913042,1352,30,2,5,1,15,9,98,Not Rated,0.0
5033,2015-12-24,2016-01-27,855896,9715,53,2,3,5,11,9,98,SAT,0.0
5034,2015-12-24,2016-01-08,1918285,2262,18,2,6,5,57,9,98,SAT,0.0
5035,2015-12-24,2016-01-18,729356,10345,76,2,3,1,11,9,98,Not Rated,0.0
5036,2015-12-24,2016-02-05,1874254,9628,46,2,5,5,12,9,98,Not Rated,0.0
5037,2015-12-29,2016-02-19,772068,1092,28,2,2,1,11,9,98,Not Rated,0.0
5038,2015-12-29,2015-12-29,1884380,11870,43,2,5,5,10,9,98,SAT,0.0
5039,2015-12-29,2016-01-25,505542,11157,17,2,5,5,11,9,98,Not Rated,0.0
5041,2015-12-23,2015-12-30,22958,2613,34,2,3,1,42,9,98,SAT,0.0
5042,2015-12-30,2016-01-11,2058321,11150,30,2,5,3,21,9,98,Not Rated,0.0
5043,2015-12-30,2016-01-12,1835492,2322,9,2,2,1,15,9,98,Not Rated,0.0
5044,2015-12-30,2016-01-15,423566,10587,71,2,3,5,11,9,98,SAT,0.0
5045,2015-12-30,2016-01-04,457572,842,39,2,2,1,21,9,98,SAT,0.0
5046,2015-12-30,2016-01-27,286877,12510,4,2,7,3,21,9,98,SAT,0.0
5047,2015-12-31,2016-01-15,2449902,11849,68,2,2,1,21,9,98,Not Rated,0.0
5048,2016-01-04,2016-01-19,805594,9646,58,2,3,1,21,9,98,SAT,0.0
5049,2015-12-30,2016-01-19,370658,11173,76,2,5,5,15,9,98,SAT,0.0
5050,2015-12-28,2016-02-12,2222055,12133,65,2,4,5,50,9,98,Not Rated,0.0
5051,2016-01-04,2016-03-04,2338330,839,10,2,3,9,15,9,98,Not Rated,0.0
5052,2016-01-04,2016-01-07,2106919,11170,23,2,6,5,58,9,98,SAT,0.0
5053,2016-01-04,2016-03-04,333842,9800,41,2,6,5,12,9,98,SAT,0.0
5054,2016-01-04,2016-02-01,736637,189,61,2,5,5,12,9,98,SAT,0.0
5055,2016-01-04,2016-02-02,1865753,824,51,2,5,5,12,9,98,SAT,0.0
5056,2016-01-04,2016-02-08,1804988,11151,69,2,6,5,12,9,98,SAT,0.0
5057,2016-01-04,2016-01-21,550291,2559,39,2,3,1,33,9,98,Not Rated,0.0
5058,2016-01-04,2016-01-04,416656,8544,78,2,6,5,12,9,98,Not Rated,0.0
5059,2016-01-04,2016-03-04,2119712,9824,68,2,6,5,12,9,98,SAT,0.0
5060,2016-01-04,2016-03-16,437115,7671,65,2,6,5,12,9,98,SAT,0.0
5061,2016-01-04,2016-05-10,247812,10218,15,2,6,5,12,9,98,Not Rated,0.0
5062,2016-01-04,2016-01-21,1892348,10989,45,2,3,1,33,9,98,Not Rated,0.0
5063,2015-12-29,2016-02-17,821466,1997,28,2,3,5,16,9,98,Not Rated,0.0
5064,2015-12-31,2016-01-12,1710492,1997,71,2,4,5,50,9,98,Not Rated,0.0
5066,2016-01-05,2016-02-03,1840075,645,47,2,5,5,12,9,98,SAT,0.0
5067,2016-01-05,2016-02-05,271607,1865,48,2,6,5,12,9,98,SAT,0.0
5068,2016-01-05,2016-01-11,1735809,9588,51,2,5,5,12,9,98,SAT,0.0
5069,2016-01-07,2016-01-08,875135,12754,4,2,6,5,7,9,98,Not Rated,0.0
5070,2016-01-07,2016-01-13,611074,10917,23,2,3,1,15,9,98,SAT,0.0
5071,2016-01-04,2016-01-07,219207,192,41,2,3,5,21,9,98,SAT,0.0
5072,2016-01-04,2016-01-22,2398961,671,23,2,3,5,15,9,98,SAT,0.0
5073,2016-01-04,2016-01-28,608152,10676,21,2,5,5,10,9,98,Not Rated,0.0
5074,2016-01-07,2016-01-22,892028,1356,37,2,3,5,33,9,98,Not Rated,0.0
5075,2016-01-07,2016-01-26,1847324,12229,52,2,3,7,10,9,98,SAT,0.0
5076,2016-01-07,2016-01-08,1726372,9824,1,2,5,5,12,9,98,SAT,0.0
5077,2016-01-05,2016-01-14,501828,2671,71,2,5,5,10,9,98,SAT,0.0
5078,2016-01-08,2016-01-27,2516012,9775,37,2,7,1,33,9,98,Not Rated,0.0
5079,2016-01-08,2016-01-08,354317,1419,13,2,3,1,7,9,98,Not Rated,0.0
5080,2016-01-08,2016-01-08,2106855,11072,23,2,5,5,44,9,98,SAT,0.0
5081,2016-01-08,2016-01-22,2324250,911,4,2,6,5,12,9,98,Not Rated,0.0
5082,2016-01-08,2016-01-27,466848,8797,27,2,5,5,12,9,98,SAT,0.0
5083,2016-01-08,2016-01-27,2004423,922,74,2,7,5,33,9,98,Not Rated,0.0
5084,2016-01-08,2016-02-02,775802,9884,11,2,3,5,60,9,98,Not Rated,0.0
5085,2016-01-08,2016-01-22,1731996,11131,20,2,3,5,33,9,98,Not Rated,0.0
5086,2016-01-08,2016-01-11,104890,12346,56,2,2,1,21,9,98,SAT,0.0
5087,2016-01-04,2016-02-26,2116097,12024,7,2,5,5,60,9,98,Not Rated,0.0
5088,2016-01-02,2016-02-08,1910390,1328,7,2,3,5,42,9,98,Not Rated,0.0
5089,2016-01-11,2016-01-14,2088206,269,37,1,2,5,33,9,98,Not Rated,0.0
5090,2016-01-11,2016-01-25,581074,7654,3,2,3,1,33,9,98,Not Rated,0.0
5091,2016-01-11,2016-01-20,2427432,10844,34,2,5,5,58,9,98,SAT,0.0
5092,2016-01-11,2016-01-22,242163,1465,37,2,5,5,12,9,98,SAT,0.0
5093,2016-01-11,2016-01-22,2048384,11638,25,2,6,5,12,9,98,SAT,0.0
5094,2016-01-11,2016-01-25,793331,2117,65,2,3,1,33,9,98,Not Rated,0.0
5095,2016-01-11,2016-01-25,2119283,10112,29,2,3,1,33,9,98,Not Rated,0.0
5096,2016-01-12,2016-02-02,186286,8948,72,2,3,1,33,9,98,Not Rated,0.0
5097,2016-01-12,2016-01-25,464678,8855,33,2,3,7,33,9,98,Not Rated,0.0
5098,2016-01-12,2016-01-25,592818,1342,35,2,3,1,33,9,98,Not Rated,0.0
5099,2016-01-12,2016-01-25,2039514,10186,74,2,3,7,33,9,98,Not Rated,0.0
5100,2016-01-12,2016-04-04,1846232,11099,11,2,6,5,12,9,98,Not Rated,0.0
5101,2016-01-12,2016-02-03,1884508,12334,17,2,5,5,12,9,98,SAT,0.0
5102,2016-01-12,2016-01-12,1770844,11273,72,2,5,5,12,9,98,SAT,0.0
5103,2016-01-12,2016-01-25,320975,1303,12,2,6,5,12,9,98,SAT,0.0
5104,2016-01-12,2016-01-25,895118,2107,73,2,3,1,33,9,98,Not Rated,0.0
5105,2016-01-04,2016-01-12,2091268,11004,69,2,3,1,7,9,98,Not Rated,0.0
5106,2016-01-13,2016-01-13,1904065,11788,6,2,3,7,33,9,98,Not Rated,0.0
5107,2016-01-08,2016-02-19,514922,8858,42,2,3,5,58,9,98,Not Rated,0.0
5108,2016-01-13,2016-01-25,791070,11840,35,2,5,1,33,9,98,Not Rated,0.0
5109,2016-01-13,2016-01-14,1807328,1266,38,2,3,1,15,9,98,Not Rated,0.0
5110,2016-01-13,2016-01-18,215481,1748,75,2,2,1,15,9,98,Not Rated,0.0
5111,2016-01-13,2016-01-25,888818,461,3,2,2,1,33,9,98,Not Rated,0.0
5112,2016-01-13,2016-01-27,431558,9347,58,2,2,1,33,9,98,Not Rated,0.0
5113,2016-01-13,2016-01-29,370128,2124,39,2,6,5,12,9,98,SAT,0.0
5114,2016-01-13,2016-01-25,863495,9272,37,2,3,7,33,9,98,Not Rated,0.0
5115,2016-01-13,2016-02-03,823644,192,2,2,6,5,12,9,98,SAT,0.0
5116,2016-01-13,2016-01-29,1872501,1573,36,2,5,5,12,9,98,SAT,0.0
5117,2016-01-13,2016-02-01,2127288,9395,40,2,3,5,8,9,98,Not Rated,0.0
5118,2016-01-05,2016-01-13,441945,8948,18,2,3,1,18,9,98,Not Rated,0.0
5119,2016-01-14,2016-01-28,1915319,269,52,2,3,1,33,9,98,Not Rated,0.0
5120,2016-01-14,2016-01-29,2100588,12208,73,2,3,1,33,9,98,Not Rated,0.0
5121,2016-01-14,2016-01-29,480366,242,7,2,5,5,12,9,98,SAT,0.0
5122,2016-01-14,2016-01-18,56524,12208,60,2,3,1,15,9,98,Not Rated,0.0
5123,2016-01-14,2016-02-01,2090871,2128,39,2,5,5,33,9,98,Not Rated,0.0
5124,2016-01-14,2016-02-08,722042,10989,31,2,3,5,50,9,98,Not Rated,0.0
5125,2016-01-14,2016-01-21,1832270,10428,7,2,5,5,12,9,98,Not Rated,0.0
5126,2016-01-14,2016-01-14,316911,473,67,2,5,3,21,9,98,SAT,0.0
5127,2016-01-15,2016-02-02,2084091,922,18,2,3,1,33,9,98,Not Rated,0.0
5128,2016-01-15,2016-02-02,1761214,11039,41,2,3,1,33,9,98,Not Rated,0.0
5129,2016-01-15,2016-02-03,2109067,10992,4,2,6,5,12,9,98,SAT,0.0
5130,2016-01-15,2016-01-26,1674944,1350,15,2,2,5,10,9,98,Not Rated,0.0
5131,2016-01-15,2016-02-01,178097,10793,65,2,6,5,12,9,98,SAT,0.0
5132,2016-01-15,2016-01-18,324966,12125,15,2,6,5,12,9,98,SAT,0.0
5133,2016-01-15,2016-01-25,213184,8955,72,2,6,5,40,9,98,SAT,0.0
5134,2016-01-15,2016-02-02,1885765,9260,21,2,3,1,33,9,98,Not Rated,0.0
5135,2016-01-15,2016-02-02,1865842,9270,69,2,5,7,33,9,98,Not Rated,0.0
5136,2016-01-15,2016-02-01,2007876,11188,38,2,3,1,33,9,98,Not Rated,0.0
5137,2016-01-15,2016-02-02,467896,10693,76,2,5,7,33,9,98,Not Rated,0.0
5138,2016-01-15,2016-02-01,1831935,119,40,2,3,1,33,9,98,Not Rated,0.0
5139,2016-01-15,2016-02-26,545624,10623,9,2,3,5,12,9,98,SAT,0.0
5140,2016-01-15,2016-03-29,557918,12024,78,2,3,5,12,9,98,Not Rated,0.0
5141,2016-01-13,2016-01-19,312277,2584,5,2,3,1,21,9,98,SAT,0.0
5142,2016-01-18,2016-01-19,2084183,2208,56,2,7,3,15,9,98,Not Rated,0.0
5143,2016-01-18,2016-02-01,273763,507,23,2,5,7,33,9,98,Not Rated,0.0
5144,2016-01-13,2016-01-20,1836673,8891,21,2,3,7,13,9,98,Not Rated,0.0
5145,2016-01-14,2016-01-20,1727501,7973,3,2,3,1,23,9,98,Not Rated,0.0
5146,2016-01-18,2016-02-01,1793470,12356,49,2,3,1,33,9,98,Not Rated,0.0
5147,2016-01-11,2016-01-18,1707188,1994,20,2,5,5,12,9,98,Not Rated,0.0
5148,2016-01-18,2016-02-02,2184361,9393,49,2,3,5,15,9,98,Not Rated,0.0
5149,2016-01-18,2016-01-27,2010966,9857,38,2,2,1,33,9,98,Not Rated,0.0
5150,2016-01-18,2016-02-02,2363040,12127,67,2,3,1,33,9,98,Not Rated,0.0
5151,2016-01-18,2016-04-11,430436,7979,16,2,2,1,33,9,98,Not Rated,0.0
5152,2016-01-18,2016-02-01,896034,791,17,2,7,7,33,9,98,Not Rated,0.0
5153,2016-01-18,2016-02-01,472524,1516,48,2,3,1,33,9,98,Not Rated,0.0
5154,2016-01-18,2016-02-10,537763,858,77,2,3,5,21,9,98,SAT,0.0
5155,2016-01-18,2016-03-21,842895,10744,30,2,6,5,12,9,98,SAT,0.0
5156,2016-01-18,2016-01-22,1838199,1092,14,2,3,5,15,9,98,Not Rated,0.0
5157,2016-01-19,2016-01-27,1832265,8569,43,2,3,7,33,9,98,Not Rated,0.0
5158,2016-01-19,2016-02-02,1851073,11031,5,2,3,1,33,9,98,Not Rated,0.0
5159,2016-01-04,2016-01-19,1947630,8965,64,2,5,5,40,9,98,SAT,0.0
5160,2016-01-19,2016-01-28,628122,10861,16,2,6,5,7,9,98,SAT,0.0
5161,2016-01-19,2016-01-20,2006380,1994,55,2,5,5,12,9,98,SAT,0.0
5162,2016-01-19,2016-01-30,20467,8946,8,2,5,5,12,9,98,Not Rated,0.0
5163,2016-01-20,2016-03-24,1845973,11036,33,2,3,7,33,9,98,Not Rated,0.0
5164,2016-01-20,2016-01-22,141702,2307,28,2,5,1,21,9,98,Not Rated,0.0
5165,2016-01-20,2016-02-02,1691079,10764,41,2,3,7,33,9,98,Not Rated,0.0
5166,2016-01-20,2016-04-19,185392,1706,8,2,2,1,33,9,98,Not Rated,0.0
5167,2016-01-20,2016-02-02,2118390,1997,29,2,3,5,45,9,98,Not Rated,0.0
5168,2016-01-19,2016-03-07,780552,9893,1,2,3,5,12,9,98,SAT,0.0
5169,2016-01-20,2016-02-08,2227162,494,33,2,3,5,33,9,98,Not Rated,0.0
5171,2016-01-20,2016-02-08,2217629,11087,7,2,6,5,12,9,98,SAT,0.0
5172,2016-01-20,2016-02-03,710836,8356,44,2,6,5,12,9,98,Not Rated,0.0
5173,2016-01-20,2016-05-17,413738,1997,11,2,6,5,12,9,98,Not Rated,0.0
5174,2016-01-21,2016-02-25,2072755,282,2,2,3,7,50,9,98,Not Rated,0.0
5175,2016-01-20,2016-01-28,882412,11255,44,2,3,1,33,9,98,SAT,0.0
5177,2016-01-21,2016-02-12,728146,11714,48,2,3,5,12,9,98,SAT,0.0
5178,2016-01-21,2016-03-01,1837847,10569,68,2,5,5,50,9,98,SAT,0.0
5179,2016-01-04,2016-02-15,758110,1678,42,2,5,5,12,9,98,Not Rated,0.0
5180,2016-01-22,2016-02-15,835580,2380,10,2,5,5,12,9,98,SAT,0.0
5181,2016-01-22,2016-02-08,1883822,300,60,2,6,5,52,9,98,Not Rated,0.0
5182,2016-01-22,2016-02-12,65464,1350,14,2,6,5,33,9,98,Not Rated,0.0
5183,2016-01-22,2016-02-11,314668,12127,45,2,3,5,44,9,98,Not Rated,0.0
5184,2016-01-22,2016-01-29,1732456,10553,28,2,5,7,33,9,98,Not Rated,0.0
5185,2016-01-20,2016-02-08,793709,10217,25,2,3,5,15,9,98,SAT,0.0
5186,2016-01-22,2016-04-25,412235,1419,77,2,6,5,12,9,98,Not Rated,0.0
5187,2016-01-22,2016-02-02,441945,10361,77,2,7,3,33,9,98,Not Rated,0.0
5188,2016-01-25,2016-01-25,2039042,7835,76,2,3,1,15,9,98,SAT,0.0
5189,2016-01-25,2016-02-15,820437,1292,17,2,3,1,33,9,98,Not Rated,0.0
5190,2016-01-21,2016-03-07,2433383,8965,26,2,3,5,12,9,98,SAT,0.0
5191,2016-01-25,2016-02-15,1874634,12476,10,2,3,1,33,9,98,Not Rated,0.0
5192,2016-01-25,2016-01-29,420971,8116,17,2,3,7,33,9,98,Not Rated,0.0
5193,2016-01-25,2016-01-25,2103862,11114,61,2,5,3,21,9,98,SAT,0.0
5194,2016-01-25,2016-02-12,2270547,238,78,2,3,5,33,9,98,Not Rated,0.0
5195,2016-01-25,2016-02-12,813576,12229,23,2,3,5,33,9,98,Not Rated,0.0
5196,2016-01-25,2016-02-12,1836197,11714,37,2,3,5,12,9,98,SAT,0.0
5197,2016-01-25,2016-02-15,327840,753,70,2,3,1,33,9,98,Not Rated,0.0
5198,2016-01-25,2016-03-10,847071,10020,13,2,5,1,60,9,98,Not Rated,0.0
5199,2016-01-25,2016-04-15,2088226,347,36,2,3,5,12,9,98,SAT,0.0
5200,2016-01-25,2016-02-05,2306567,9410,17,2,7,3,10,9,98,Not Rated,0.0
5201,2016-01-26,2016-03-16,2104562,10744,22,2,3,1,33,9,98,Not Rated,0.0
5202,2016-01-26,2016-02-17,2118829,11937,40,2,3,1,33,9,98,Not Rated,0.0
5203,2016-01-26,2016-01-29,607158,11999,13,2,5,5,23,9,98,Not Rated,0.0
5204,2016-01-26,2016-02-01,746798,221,5,2,6,1,50,9,98,SAT,0.0
5205,2016-01-26,2016-01-26,348535,2172,5,2,2,1,999,9,98,Not Rated,0.0
5206,2016-01-26,2016-02-15,420971,2172,35,2,3,7,33,9,98,Not Rated,0.0
5207,2016-01-26,2016-04-01,1708547,9799,62,2,3,7,33,9,98,Not Rated,0.0
5208,2016-01-26,2016-02-15,485601,1702,19,2,3,7,33,9,98,Not Rated,0.0
5209,2016-01-26,2016-02-10,632733,8984,50,2,5,5,12,9,98,SAT,0.0
5210,2016-01-26,2016-03-03,1914540,2321,46,2,3,5,6,9,98,SAT,0.0
5211,2016-01-26,2016-03-24,325058,11971,74,2,3,7,60,9,98,Not Rated,0.0
5212,2016-01-22,2016-01-28,1948258,12038,16,2,5,1,12,9,98,SAT,0.0
5213,2016-01-27,2016-01-29,1864236,8484,56,2,7,3,15,9,98,SAT,0.0
5214,2016-01-27,2016-02-17,254833,11000,49,2,3,7,33,9,98,Not Rated,0.0
5215,2016-01-27,2016-03-03,2177164,8120,16,2,3,5,40,9,98,Not Rated,0.0
5216,2016-01-27,2016-02-15,458193,9792,41,2,3,7,33,9,98,Not Rated,0.0
5218,2016-01-28,2016-02-17,890887,11788,54,2,5,5,12,9,98,Not Rated,0.0
5219,2016-01-28,2016-02-12,1774940,10900,19,2,3,1,8,9,98,Not Rated,0.0
5220,2016-01-28,2016-02-15,1811037,138,7,2,3,1,33,9,98,Not Rated,0.0
5221,2016-01-28,2016-03-21,765267,11676,1,2,5,5,12,9,98,SAT,0.0
5222,2016-01-28,2016-02-02,890286,1615,12,2,3,5,12,9,98,SAT,0.0
5223,2016-01-28,2016-02-17,807066,133,32,2,6,5,12,9,98,Not Rated,0.0
5224,2016-01-28,2016-04-19,1910854,2797,15,2,3,5,33,9,98,Not Rated,0.0
5225,2016-01-28,2016-02-01,164109,11910,9,2,3,1,7,9,98,Not Rated,0.0
5226,2016-01-22,2016-01-29,408103,8858,61,2,3,5,12,9,98,SAT,0.0
5227,2016-01-29,2016-02-16,2227234,836,73,2,5,7,11,9,98,Not Rated,0.0
5228,2016-01-28,2016-02-16,351623,8965,56,2,3,5,21,9,98,SAT,0.0
5229,2016-01-29,2016-02-17,310058,10991,46,2,3,5,21,9,98,SAT,0.0
5230,2016-01-27,2016-03-09,506371,269,30,2,3,5,55,9,98,Not Rated,0.0
5231,2016-01-29,2016-02-25,511291,10993,12,2,3,5,12,9,98,SAT,0.0
5232,2016-02-01,2016-02-15,2432909,11137,10,2,3,1,33,9,98,Not Rated,0.0
5233,2016-02-01,2016-03-21,1780477,11077,30,2,3,1,33,9,98,Not Rated,0.0
5234,2016-02-01,2016-03-04,2006408,671,21,2,6,5,12,9,98,SAT,0.0
5235,2016-02-01,2016-04-12,1886832,1957,4,2,6,5,12,9,98,Not Rated,0.0
5236,2016-01-28,2016-02-02,2032184,10325,8,2,3,5,7,9,98,Not Rated,0.0
5237,2016-02-01,2016-02-22,2037918,10749,56,2,3,5,60,9,98,Not Rated,0.0
5238,2016-02-01,2016-03-22,710864,1097,58,2,3,7,60,9,98,Not Rated,0.0
5239,2016-01-29,2016-02-08,636288,9901,33,2,3,5,7,9,98,Not Rated,0.0
5240,2016-02-01,2016-04-15,294005,11487,60,2,3,5,12,9,98,SAT,0.0
5241,2016-02-02,2016-02-02,1690277,496,43,2,2,5,10,9,98,SAT,0.0
5242,2016-02-02,2016-03-03,289105,8948,3,2,3,5,32,9,98,SAT,0.0
5243,2016-02-02,2016-04-04,1700679,11932,37,2,6,5,12,9,98,SAT,0.0
5244,2016-02-02,2016-02-12,506722,11840,9,2,6,5,12,9,98,Not Rated,0.0
5245,2016-02-01,2016-02-09,766982,9247,14,2,3,7,50,9,98,Not Rated,0.0
5246,2016-02-02,2016-02-04,148431,1308,23,2,7,3,10,9,98,Not Rated,0.0
5247,2016-02-02,2016-02-10,406210,10982,41,2,7,1,10,9,98,SAT,0.0
5248,2016-02-02,2016-02-05,2256488,355,60,2,7,3,18,9,98,SAT,0.0
5249,2016-02-02,2016-02-15,661782,10359,11,2,3,1,33,9,98,Not Rated,0.0
5250,2016-02-02,2016-02-15,1767699,11104,76,2,3,1,33,9,98,Not Rated,0.0
5251,2016-02-02,2016-03-30,108117,11134,4,2,7,1,33,9,98,Not Rated,0.0
5252,2016-02-01,2016-02-02,2018136,528,65,2,5,5,58,9,98,SAT,0.0
5253,2016-02-01,2016-02-09,2079580,11121,28,2,3,5,40,9,98,Not Rated,0.0
5254,2016-02-02,2016-02-12,415709,10738,28,2,5,5,33,9,98,Not Rated,0.0
5255,2016-02-03,2016-02-03,2368516,1516,73,2,2,5,60,9,98,SAT,0.0
5256,2016-02-03,2016-03-21,1861088,11077,13,2,6,5,12,9,98,SAT,0.0
5257,2016-02-03,2016-02-03,1765642,9901,41,2,2,5,33,9,98,Not Rated,0.0
5259,2016-02-04,2016-03-03,26337,10359,37,2,5,5,8,9,98,Not Rated,0.0
5260,2016-02-03,2016-03-23,2080273,9872,2,2,3,7,32,9,98,SAT,0.0
5261,2016-02-03,2016-02-17,891100,8053,69,2,3,7,33,9,98,Not Rated,0.0
5262,2016-02-03,2016-02-08,645305,11278,57,2,2,1,55,9,98,Not Rated,0.0
5263,2016-02-03,2016-05-20,1809216,1085,5,2,3,5,40,9,98,SAT,0.0
5264,2016-02-03,2016-02-05,1806447,1352,66,2,3,5,7,9,98,SAT,0.0
5265,2016-02-04,2016-02-22,2119278,221,72,2,5,5,55,9,98,SAT,0.0
5266,2016-02-05,2016-04-14,440468,8356,31,2,3,1,33,9,98,Not Rated,0.0
5267,2016-02-05,2016-02-05,2067669,12133,77,2,2,5,12,9,98,SAT,0.0
5268,2016-02-05,2016-04-11,1674260,11093,49,2,3,7,33,9,98,Not Rated,0.0
5269,2016-02-05,2016-02-17,1985087,10187,10,2,3,1,33,9,98,Not Rated,0.0
5270,2016-02-05,2016-03-21,2338654,11822,27,2,6,5,12,9,98,SAT,0.0
5271,2016-02-05,2016-04-15,1803841,11638,61,2,6,5,12,9,98,SAT,0.0
5272,2016-02-05,2016-03-29,1791561,11132,48,2,5,5,12,9,98,SAT,0.0
5273,2016-02-05,2016-02-23,1812264,11083,27,2,5,5,12,9,98,SAT,0.0
5274,2016-01-26,2016-02-10,1690314,11004,21,2,5,3,21,9,98,SAT,0.0
5275,2016-02-05,2016-02-08,2444185,10764,35,2,6,5,7,9,98,Not Rated,0.0
5276,2016-02-08,2016-02-17,864114,12198,43,2,3,1,33,9,98,Not Rated,0.0
5277,2016-02-05,2016-02-09,174183,9204,78,2,7,5,10,9,98,Not Rated,0.0
5278,2016-02-08,2016-04-01,129441,11252,24,2,3,1,33,9,98,Not Rated,0.0
5279,2016-02-05,2016-03-22,1748946,12428,48,2,2,1,21,9,98,SAT,0.0
5280,2016-02-05,2016-02-08,601034,11252,31,2,2,1,21,9,98,SAT,0.0
5281,2016-02-08,2016-02-17,310696,12127,51,2,3,1,33,9,98,Not Rated,0.0
5282,2016-02-05,2016-02-17,261490,2208,77,2,3,5,32,9,98,Not Rated,0.0
5283,2016-02-05,2016-04-25,2092558,1499,63,2,3,5,33,9,98,Not Rated,0.0
5286,2016-02-08,2016-02-09,463997,12475,33,2,3,1,21,9,98,Not Rated,0.0
5287,2016-02-05,2016-02-09,348537,394,8,2,7,5,12,9,98,Not Rated,0.0
5288,2016-02-09,2016-04-01,2157106,922,26,2,3,1,60,9,98,Not Rated,0.0
5289,2016-02-09,2016-04-15,646897,9000,78,2,2,5,12,9,98,SAT,0.0
5290,2016-02-09,2016-04-06,1850017,10225,34,2,5,5,12,9,98,Not Rated,0.0
5291,2016-02-04,2016-04-14,794305,10187,36,2,3,5,12,9,98,Not Rated,0.0
5292,2016-02-04,2016-02-17,2178774,12510,19,2,5,5,12,9,98,Not Rated,0.0
5293,2016-02-08,2016-02-16,858347,345,40,2,5,5,33,9,98,Not Rated,0.0
5294,2016-02-05,2016-02-09,335874,12125,25,2,5,7,15,9,98,SAT,0.0
5295,2016-02-10,2016-03-07,1861122,10967,54,2,5,5,10,9,98,SAT,0.0
5296,2016-02-10,2016-02-22,2358453,9344,14,2,5,5,12,9,98,Not Rated,0.0
5297,2016-02-02,2016-02-11,2109351,12133,6,2,3,5,58,9,98,SAT,0.0
5298,2016-02-10,2016-03-04,892498,8063,60,2,6,5,40,9,98,Not Rated,0.0
5299,2016-02-10,2016-04-14,781476,11272,21,2,3,5,12,9,98,Not Rated,0.0
5300,2016-01-26,2016-02-10,421944,133,2,2,3,1,40,9,98,SAT,0.0
5301,2016-02-10,2016-02-16,257903,2531,8,2,5,5,12,9,98,Not Rated,0.0
5302,2016-02-10,2016-03-29,1879501,1440,23,2,5,5,12,9,98,SAT,0.0
5303,2016-02-10,2016-03-23,1850472,1680,11,2,5,5,60,9,98,Not Rated,0.0
5304,2016-02-10,2016-03-28,1822745,601,17,2,3,5,32,9,98,SAT,0.0
5305,2016-02-10,2016-02-12,1700687,923,23,2,3,5,45,9,98,Not Rated,0.0
5306,2016-02-11,2016-02-11,2451974,9610,44,2,5,5,50,9,98,Not Rated,0.0
5307,2016-02-11,2016-03-21,2058084,8953,75,2,3,5,60,9,98,Not Rated,0.0
5308,2016-02-10,2016-03-29,1726383,7949,14,2,5,5,60,9,98,Not Rated,0.0
5309,2016-02-01,2016-02-29,14448,125,41,2,3,5,58,9,98,Not Rated,0.0
5310,2016-02-11,2016-02-24,136638,11220,66,2,6,5,12,9,98,Not Rated,0.0
5311,2016-02-10,2016-02-26,99758,11154,37,2,2,5,8,9,98,Not Rated,0.0
5312,2016-02-09,2016-02-11,1802307,8797,69,2,5,3,21,9,98,SAT,0.0
5313,2016-02-11,2016-02-23,1898485,11121,67,2,99,7,2,9,98,Not Rated,0.0
5314,2016-02-11,2016-02-11,889606,8201,60,2,6,5,40,9,98,SAT,0.0
5315,2016-02-09,2016-02-24,891767,2468,24,2,3,5,40,9,98,SAT,0.0
5316,2016-02-11,2016-02-26,2154946,1270,67,2,5,5,10,9,98,SAT,0.0
5317,2016-02-12,2016-05-27,891717,11162,67,2,3,7,60,9,98,Not Rated,0.0
5318,2016-01-08,2016-02-12,1825401,11050,30,2,4,5,7,9,98,Not Rated,0.0
5319,2016-02-12,2016-04-14,351248,8953,66,2,3,1,60,9,98,Not Rated,0.0
5320,2016-02-12,2016-03-11,719177,11653,15,2,3,5,15,9,98,Not Rated,0.0
5321,2016-02-12,2016-03-15,893098,2584,16,2,6,5,7,9,98,SAT,0.0
5322,2016-02-12,2016-02-22,1765641,1737,35,2,5,5,12,9,98,Not Rated,0.0
5323,2016-02-12,2016-02-15,2067670,8601,38,1,5,1,12,9,98,SAT,0.0
5324,2016-02-15,2016-03-03,823432,10967,3,2,3,1,33,9,98,Not Rated,0.0
5325,2016-02-15,2016-03-03,1816081,991,44,2,6,5,12,9,98,Not Rated,0.0
5327,2016-02-15,2016-05-20,894077,11156,67,2,5,5,21,9,98,SAT,0.0
5328,2016-02-16,2016-02-26,480965,11245,5,2,5,5,10,9,98,SAT,0.0
5329,2016-02-16,2016-03-11,2058320,9796,16,2,3,1,33,9,98,Not Rated,0.0
5330,2016-02-16,2016-03-29,1848540,9370,46,2,5,1,12,9,98,Not Rated,0.0
5331,2016-02-16,2016-02-16,2184361,11937,35,2,5,5,7,9,98,Not Rated,0.0
5332,2016-02-16,2016-03-29,893220,11087,44,2,6,5,12,9,98,SAT,0.0
5333,2016-02-16,2016-03-02,2065734,10324,5,2,3,5,33,9,98,Not Rated,0.0
5334,2016-02-16,2016-05-10,2116068,10979,20,2,5,5,60,9,98,Not Rated,0.0
5335,2016-02-16,2016-04-05,2198214,12051,6,2,3,5,45,9,98,Not Rated,0.0
5336,2016-02-17,2016-03-03,2127811,2601,6,2,3,1,33,9,98,Not Rated,0.0
5337,2016-02-16,2016-02-24,1806506,2335,49,2,3,7,10,9,98,Not Rated,0.0
5338,2016-02-15,2016-03-16,2017630,2801,38,2,4,5,50,9,98,SAT,0.0
5339,2016-02-17,2016-03-04,1812693,11157,61,2,3,1,42,9,98,Not Rated,0.0
5340,2016-02-17,2016-03-02,1849527,2206,77,2,3,5,12,9,98,SAT,0.0
5341,2016-02-15,2016-02-19,2112177,9799,4,2,3,1,10,9,98,Not Rated,0.0
5342,2016-02-12,2016-02-12,745392,12572,75,2,2,5,12,9,98,SAT,0.0
5343,2016-02-17,2016-04-26,2288598,10973,28,2,5,7,33,9,98,Not Rated,0.0
5344,2016-02-17,2016-03-29,1782707,791,36,2,5,5,12,9,98,Not Rated,0.0
5345,2016-02-17,2016-02-19,1887564,2532,15,2,3,1,21,9,98,SAT,0.0
5347,2016-02-17,2016-02-18,637028,11066,13,2,5,5,12,9,98,Not Rated,0.0
5348,2016-02-18,2016-03-28,1867109,1140,12,2,6,5,12,9,98,SAT,0.0
5349,2016-02-18,2016-02-18,2008335,9051,8,2,5,7,21,9,98,Not Rated,0.0
5350,2016-02-18,2016-04-01,2172346,2502,39,2,3,1,33,9,98,Not Rated,0.0
5351,2016-02-18,2016-04-04,1805850,9205,61,2,5,5,12,9,98,SAT,0.0
5352,2016-02-18,2016-03-28,1917882,10187,77,2,3,7,33,9,98,Not Rated,0.0
5353,2016-02-08,2016-04-04,385613,11107,74,2,3,1,33,9,98,Not Rated,0.0
5354,2016-02-18,2016-03-29,54790,2262,17,2,3,1,33,9,98,Not Rated,0.0
5355,2016-02-19,2016-02-22,562700,345,12,2,5,5,12,9,98,SAT,0.0
5356,2016-02-19,2016-03-29,1845973,73,39,2,6,5,12,9,98,Not Rated,0.0
5357,2016-02-19,2016-02-23,2091710,1552,49,2,5,5,12,9,98,Not Rated,0.0
5358,2016-02-19,2016-03-07,741748,7682,54,2,3,5,60,9,98,Not Rated,0.0
5359,2016-02-17,2016-04-05,1874700,9775,22,2,3,5,32,9,98,Not Rated,0.0
5360,2016-02-22,2016-04-07,557253,10993,50,2,3,1,33,9,98,Not Rated,0.0
5361,2016-02-22,2016-02-25,1766862,11158,70,2,3,1,8,9,98,Not Rated,0.0
5362,2016-02-17,2016-03-09,1857919,1512,8,2,2,1,21,9,98,Not Rated,0.0
5363,2016-02-22,2016-03-03,1863965,781,58,2,3,1,33,9,98,Not Rated,0.0
5364,2016-02-22,2016-03-29,2308404,8999,34,2,6,5,12,9,98,SAT,0.0
5365,2016-02-22,2016-04-04,2485794,868,17,2,6,5,12,9,98,SAT,0.0
5366,2016-02-22,2016-03-22,597206,8985,21,2,2,1,15,9,98,SAT,0.0
5367,2016-02-22,2016-03-29,357341,12066,9,2,5,1,33,9,98,Not Rated,0.0
5368,2016-02-23,2016-05-16,1818058,12003,78,2,3,5,15,9,98,SAT,0.0
5370,2016-02-23,2016-03-04,2056687,151,64,2,3,5,44,9,98,Not Rated,0.0
5371,2016-02-23,2016-04-11,1840862,2129,67,2,3,1,60,9,98,Not Rated,0.0
5372,2016-02-23,2016-03-16,116323,9983,38,2,3,5,18,9,98,SAT,0.0
5373,2016-02-23,2016-04-25,889054,9824,63,2,5,5,12,9,98,Not Rated,0.0
5374,2016-02-19,2016-03-04,134352,207,67,2,3,5,44,9,98,Not Rated,0.0
5375,2016-02-23,2016-03-10,1948046,11131,53,2,5,5,10,9,98,SAT,0.0
5376,2016-02-22,2016-02-29,469395,12198,29,2,2,1,10,9,98,Not Rated,0.0
5377,2016-02-23,2016-02-25,1792509,11626,14,2,3,1,21,9,98,SAT,0.0
5378,2016-02-23,2016-02-23,26825,791,67,2,5,1,10,9,98,Not Rated,0.0
5379,2016-02-24,2016-04-19,522573,586,39,2,3,7,50,9,98,Not Rated,0.0
5380,2016-02-24,2016-03-21,2362028,12346,55,2,6,5,12,9,98,Not Rated,0.0
5381,2016-02-24,2016-03-03,76087,12414,9,2,5,5,12,9,98,Not Rated,0.0
5382,2016-02-24,2016-04-13,2477803,11275,35,2,4,5,8,9,98,SAT,0.0
5383,2016-02-24,2016-02-25,862855,8953,56,2,5,5,12,9,98,Not Rated,0.0
5384,2016-02-24,2016-04-07,752553,12352,18,2,5,5,10,9,98,Not Rated,0.0
5385,2016-02-24,2016-03-08,342314,879,19,2,2,5,10,9,98,Not Rated,0.0
5386,2016-02-25,2016-04-01,1836197,1706,24,2,3,5,33,9,98,Not Rated,0.0
5387,2016-02-25,2016-04-04,1853665,10107,54,2,3,5,60,9,98,Not Rated,0.0
5388,2016-02-25,2016-04-01,862278,2477,78,2,3,5,60,9,98,Not Rated,0.0
5389,2016-02-25,2016-04-08,5191,12414,10,2,3,5,12,9,98,Not Rated,0.0
5390,2016-02-25,2016-03-04,704628,8367,25,2,3,5,10,9,98,Not Rated,0.0
5391,2016-02-25,2016-03-21,119030,11050,78,2,3,5,18,9,98,Not Rated,0.0
5392,2016-02-25,2016-02-26,2122048,2659,25,2,5,5,23,9,98,Not Rated,0.0
5393,2016-02-26,2016-03-10,249091,791,56,2,2,1,18,9,98,Not Rated,0.0
5397,2016-02-26,2016-04-26,14021,1440,7,2,3,1,60,9,98,Not Rated,0.0
5398,2016-02-26,2016-03-17,658107,8820,12,2,5,5,12,9,98,SAT,0.0
5399,2016-02-26,2016-04-08,1802775,11150,55,2,5,5,12,9,98,Not Rated,0.0
5400,2016-02-26,2016-03-21,1816081,1717,20,2,5,5,58,9,98,SAT,0.0
5401,2016-02-26,2016-06-24,2142355,11764,49,2,5,5,12,9,98,Not Rated,0.0
5402,2016-02-26,2016-04-08,2383872,12617,35,2,2,1,12,9,98,Not Rated,0.0
5403,2016-02-24,2016-02-25,454335,10360,25,2,5,1,57,9,98,SAT,0.0
5404,2016-02-29,2016-02-29,709300,12334,8,2,2,1,21,9,98,Not Rated,0.0
5405,2016-02-29,2016-04-01,2120172,12087,22,2,3,7,60,9,98,Not Rated,0.0
5406,2016-02-19,2016-03-02,1786886,11245,13,2,3,5,12,9,98,Not Rated,0.0
5407,2016-02-29,2016-03-08,2510524,11972,36,2,3,1,21,9,98,SAT,0.0
5408,2016-02-29,2016-04-01,1788051,157,12,2,6,5,12,9,98,SAT,0.0
5409,2016-02-29,2016-04-19,2289129,10984,75,2,6,5,12,9,98,SAT,0.0
5410,2016-02-29,2016-03-04,1757130,1140,67,2,6,5,12,9,98,SAT,0.0
5411,2016-02-29,2016-04-25,1907494,11132,34,2,5,5,60,9,98,Not Rated,0.0
5412,2016-02-29,2016-03-21,1690018,9377,23,2,3,1,9,9,98,SAT,0.0
5413,2016-02-29,2016-03-04,2092152,1270,45,2,2,1,45,9,98,SAT,0.0
5414,2016-03-01,2016-03-02,2448951,187,8,2,3,1,21,9,98,Not Rated,0.0
5415,2016-03-01,2016-04-08,567825,11277,50,2,5,5,12,9,98,Not Rated,0.0
5416,2016-03-01,2016-03-21,1740860,11160,13,2,5,5,12,9,98,Not Rated,0.0
5417,2016-03-01,2016-04-14,42744,9796,61,2,5,5,12,9,98,Not Rated,0.0
5418,2016-03-02,2016-03-03,2033761,11713,24,2,2,1,21,9,98,Not Rated,0.0
5419,2016-03-02,2016-03-28,2443651,11004,68,2,4,5,18,9,98,Not Rated,0.0
5420,2016-03-02,2016-03-24,756340,7841,15,2,3,5,13,9,98,SAT,0.0
5421,2016-03-02,2016-03-28,2218335,11031,66,2,4,5,18,9,98,Not Rated,0.0
5422,2016-03-01,2016-03-07,115596,11011,71,2,3,7,21,9,98,SAT,0.0
5423,2016-03-01,2016-03-02,1798031,9445,70,2,3,7,45,9,98,Not Rated,0.0
5424,2016-03-02,2016-03-03,1834621,11179,66,2,7,3,34,9,98,Not Rated,0.0
5425,2016-03-03,2016-04-11,585733,2468,74,2,5,5,60,9,98,Not Rated,0.0
5426,2016-02-23,2016-03-03,1913029,9647,56,2,5,5,9,9,98,Not Rated,0.0
5427,2016-03-03,2016-03-03,523074,9634,25,2,2,1,55,9,98,Not Rated,0.0
5428,2016-03-03,2016-03-23,1728572,836,11,2,3,5,10,9,98,Not Rated,0.0
5429,2016-03-01,2016-03-28,57860,12174,44,2,3,5,8,9,98,SAT,0.0
5430,2016-03-04,2016-04-08,1788421,2648,48,2,5,5,12,9,98,Not Rated,0.0
5431,2016-03-04,2016-03-04,21404,11223,50,2,5,1,12,9,98,SAT,0.0
5432,2016-03-04,2016-04-08,2306097,9826,33,2,5,5,12,9,98,Not Rated,0.0
5433,2016-03-04,2016-03-30,66515,11074,16,2,5,5,12,9,98,Not Rated,0.0
5434,2016-03-03,2016-03-09,150900,753,29,2,5,5,10,9,98,SAT,0.0
5435,2016-03-07,2016-04-11,351720,9211,43,2,3,1,33,9,98,Not Rated,0.0
5436,2016-03-04,2016-03-24,1858726,9799,32,2,3,5,18,9,98,SAT,0.0
5437,2016-03-07,2016-04-06,892863,9858,28,2,3,7,50,9,98,SAT,0.0
5438,2016-03-04,2016-03-16,253467,1210,66,2,3,5,10,9,98,Not Rated,0.0
5439,2016-03-07,2016-04-15,510869,2380,44,2,3,7,11,9,98,Not Rated,0.0
5440,2016-03-07,2016-04-25,2411085,10337,30,2,3,5,33,9,98,Not Rated,0.0
5441,2016-03-07,2016-03-07,353982,9272,55,2,5,5,12,9,98,SAT,0.0
5442,2016-03-07,2016-04-08,893916,960,26,2,5,5,12,9,98,Not Rated,0.0
5443,2016-03-07,2016-04-14,125655,10037,63,2,6,5,12,9,98,Not Rated,0.0
5444,2016-03-04,2016-03-16,525788,7950,60,2,3,5,44,9,98,SAT,0.0
5445,2016-03-08,2016-04-25,808353,211,41,2,3,5,33,9,98,Not Rated,0.0
5446,2016-03-08,2016-03-16,1856557,10107,20,2,3,5,18,9,98,Not Rated,0.0
5447,2016-03-08,2016-03-16,2424775,1229,9,2,7,5,18,9,98,Not Rated,0.0
5448,2016-03-08,2016-05-18,411481,8201,67,2,3,1,60,9,98,Not Rated,0.0
5449,2016-03-08,2016-03-11,2010245,11083,36,2,5,5,12,9,98,Not Rated,0.0
5450,2016-03-08,2016-03-09,463725,1255,2,2,3,1,45,9,98,Not Rated,0.0
5451,2016-03-08,2016-04-26,1781703,10326,27,2,3,5,8,9,98,SAT,0.0
5453,2016-03-08,2016-04-28,2272021,10197,68,2,3,5,55,9,98,Not Rated,0.0
5454,2016-03-09,2016-03-22,862089,11971,36,2,2,1,33,9,98,Not Rated,0.0
5455,2016-03-10,2016-04-05,2441742,238,11,2,3,5,11,9,98,Not Rated,0.0
5456,2016-03-10,2016-04-15,722553,11151,78,2,3,5,13,9,98,Not Rated,0.0
5457,2016-03-10,2016-03-11,1796696,1865,16,2,3,1,55,9,98,Not Rated,0.0
5458,2016-03-10,2016-03-16,1773476,10967,72,2,6,5,57,9,98,SAT,0.0
5459,2016-03-10,2016-03-10,1895706,10361,51,2,5,5,7,9,98,Not Rated,0.0
5460,2016-03-11,2016-04-01,80221,12133,75,2,3,1,60,9,98,Not Rated,0.0
5461,2016-03-11,2016-04-12,51511,10186,71,2,6,5,12,9,98,SAT,0.0
5462,2016-03-10,2016-03-11,22793,11029,17,2,2,1,18,9,98,SAT,0.0
5463,2016-03-11,2016-04-04,319083,11971,63,2,5,5,12,9,98,Not Rated,0.0
5464,2016-03-11,2016-04-25,1830709,11074,53,2,3,5,33,9,98,Not Rated,0.0
5465,2016-03-11,2016-03-21,2385688,12044,39,2,7,3,15,9,98,Not Rated,0.0
5466,2016-03-10,2016-03-18,712265,2218,28,2,7,8,38,9,98,Not Rated,0.0
5467,2016-03-11,2016-05-18,2222685,11153,65,2,3,5,60,9,98,Not Rated,0.0
5469,2016-03-16,2016-03-18,339178,269,35,2,3,1,55,9,98,Not Rated,0.0
5470,2016-03-16,2016-05-17,197565,11668,75,2,3,5,60,9,98,Not Rated,0.0
5471,2016-03-16,2016-03-18,2286,1430,77,2,2,1,50,9,98,Not Rated,0.0
5472,2016-03-02,2016-03-16,223977,2178,15,2,5,5,7,9,98,SAT,0.0
5473,2016-03-16,2016-05-17,1659163,12572,74,2,3,1,60,9,98,Not Rated,0.0
5474,2016-03-17,2016-03-18,1874700,9311,1,2,7,3,15,9,98,SAT,0.0
5475,2016-03-17,2016-04-07,1862444,8855,39,2,3,1,18,9,98,Not Rated,0.0
5476,2016-03-17,2016-05-11,2080648,11094,72,2,6,5,12,9,98,Not Rated,0.0
5477,2016-03-16,2016-04-13,678645,10187,10,2,2,5,57,9,98,Not Rated,0.0
5478,2016-03-18,2016-04-18,766584,9622,46,2,3,1,33,9,98,Not Rated,0.0
5479,2016-03-16,2016-03-21,317668,189,47,2,7,7,19,9,98,Not Rated,0.0
5482,2016-03-18,2016-04-27,216452,9918,22,2,3,5,6,9,98,SAT,0.0
5483,2016-03-21,2016-04-27,1862140,12038,21,2,5,5,33,9,98,Not Rated,0.0
5484,2016-03-21,2016-03-24,182500,10108,53,2,7,3,32,9,98,Not Rated,0.0
5485,2016-03-21,2016-03-30,316905,12066,74,2,5,5,55,9,98,Not Rated,0.0
5486,2016-03-22,2016-03-24,102087,11713,50,2,3,7,21,9,98,Not Rated,0.0
5487,2016-03-22,2016-04-01,516389,486,25,2,3,5,33,9,98,Not Rated,0.0
5488,2016-03-22,2016-04-25,700510,8919,24,2,3,5,12,9,98,Not Rated,0.0
5489,2016-03-22,2016-04-21,1808726,8853,5,2,3,5,12,9,98,Not Rated,0.0
5490,2016-03-22,2016-04-19,446979,884,51,2,3,5,33,9,98,Not Rated,0.0
5491,2016-03-22,2016-03-28,890987,12428,35,2,7,1,15,9,98,Not Rated,0.0
5492,2016-03-22,2016-05-19,2115161,10172,56,2,3,1,15,9,98,SAT,0.0
5493,2016-03-23,2016-04-15,80508,9359,50,2,6,5,12,9,98,Not Rated,0.0
5494,2016-03-18,2016-04-04,561724,8585,45,2,3,5,8,9,98,Not Rated,0.0
5495,2016-03-22,2016-05-20,715377,2477,70,2,4,5,50,9,98,Not Rated,0.0
5496,2016-03-23,2016-04-11,323138,1309,5,2,3,5,50,9,98,Not Rated,0.0
5497,2016-03-15,2016-03-24,733600,1499,74,2,5,5,12,9,98,Not Rated,0.0
5498,2016-03-24,2016-04-08,2135024,1085,77,2,3,5,45,9,98,Not Rated,0.0
5499,2016-03-23,2016-03-23,185387,11086,1,2,3,7,21,9,98,Not Rated,0.0
5500,2016-03-23,2016-04-07,1878070,10850,78,2,3,5,15,9,98,Not Rated,0.0
5501,2016-03-24,2016-05-17,1943423,10112,39,2,3,7,33,9,98,Not Rated,0.0
5502,2016-03-24,2016-04-11,2018531,133,45,2,3,5,11,9,98,Not Rated,0.0
5503,2016-03-28,2016-04-14,718069,10565,52,2,3,1,55,9,98,Not Rated,0.0
5504,2016-03-28,2016-04-18,312795,10764,61,2,3,7,33,9,98,Not Rated,0.0
5505,2016-03-17,2016-03-24,2164671,9559,3,2,2,1,21,9,98,SAT,0.0
5506,2016-03-28,2016-04-01,596294,8063,36,2,7,3,55,9,98,Not Rated,0.0
5507,2016-03-28,2016-05-12,700888,11638,61,2,6,5,12,9,98,SAT,0.0
5508,2016-03-28,2016-05-17,2036636,11444,43,2,3,1,33,9,98,Not Rated,0.0
5509,2016-03-28,2016-05-11,736516,7841,60,2,6,5,12,9,98,SAT,0.0
5510,2016-03-29,2016-04-07,2159733,11004,29,2,3,1,60,9,98,Not Rated,0.0
5511,2016-03-29,2016-05-17,1905218,10749,6,2,3,1,33,9,98,Not Rated,0.0
5512,2016-03-29,2016-04-08,795653,133,65,2,3,1,12,9,98,Not Rated,0.0
5513,2016-03-29,2016-05-11,894254,7979,56,2,6,5,12,9,98,SAT,0.0
5514,2016-03-29,2016-05-17,127179,2,33,2,6,5,12,9,98,Not Rated,0.0
5515,2016-03-29,2016-05-11,112810,9856,23,2,6,5,12,9,98,SAT,0.0
5516,2016-03-24,2016-04-13,411764,11078,17,2,3,5,40,9,98,SAT,0.0
5517,2016-03-30,2016-04-22,118886,865,46,2,3,1,44,9,98,Not Rated,0.0
5518,2016-03-17,2016-03-29,1725128,9800,77,2,5,5,12,9,98,SAT,0.0
5519,2016-03-30,2016-05-05,486221,8797,36,2,6,5,12,9,98,Not Rated,0.0
5520,2016-03-30,2016-04-06,355678,10563,40,2,5,7,21,9,98,Not Rated,0.0
5521,2016-03-30,2016-04-08,2066113,1085,42,2,3,7,33,9,98,Not Rated,0.0
5522,2016-03-31,2016-04-14,1785802,394,60,2,3,7,11,9,98,Not Rated,0.0
5523,2016-03-30,2016-03-31,1700688,11011,33,2,3,7,21,9,98,SAT,0.0
5524,2016-03-31,2016-03-31,1706529,10536,74,2,3,1,18,9,98,Not Rated,0.0
5525,2016-03-31,2016-03-31,1850263,1092,41,2,3,7,44,9,98,Not Rated,0.0
5526,2016-03-30,2016-04-15,1863290,10071,21,2,3,5,12,9,98,Not Rated,0.0
5527,2016-04-01,2016-05-12,752230,11870,58,2,3,5,1,9,98,Not Rated,0.0
5528,2016-04-01,2016-04-01,869206,8840,49,2,5,5,12,9,98,SAT,0.0
5529,2016-04-01,2016-04-04,1691079,8911,53,2,3,5,7,9,98,Not Rated,0.0
5530,2016-04-01,2016-04-06,1708551,10948,33,2,5,3,2,9,98,Not Rated,0.0
5531,2016-03-31,2016-06-07,85188,10987,60,2,3,5,7,9,98,Not Rated,0.0
5532,2016-03-28,2016-04-01,418037,11259,34,2,3,1,21,9,98,SAT,0.0
5533,2016-04-04,2016-05-16,316921,10989,2,2,7,1,15,9,98,Not Rated,0.0
5535,2016-04-01,2016-04-06,2306096,9311,34,2,3,7,13,9,98,Not Rated,0.0
5536,2016-04-01,2016-04-27,2225459,9610,69,2,3,5,33,9,98,Not Rated,0.0
5537,2016-04-01,2016-05-16,725924,879,71,2,3,5,55,9,98,Not Rated,0.0
5538,2016-04-05,2016-04-05,1739232,9610,34,2,3,1,40,9,98,SAT,0.0
5539,2016-04-05,2016-05-17,896751,11182,75,2,2,1,60,9,98,Not Rated,0.0
5540,2016-04-01,2016-04-20,1698913,11286,15,2,5,5,10,9,98,SAT,0.0
5541,2016-04-05,2016-05-12,533106,9826,45,2,5,5,12,9,98,SAT,0.0
5542,2016-04-05,2016-05-17,308004,8939,69,2,5,5,12,9,98,Not Rated,0.0
5543,2016-04-04,2016-05-19,2338680,2262,38,2,3,5,10,9,98,Not Rated,0.0
5544,2016-04-06,2016-04-06,827837,9022,22,2,2,1,55,9,98,SAT,0.0
5545,2016-04-06,2016-05-17,2102213,10106,39,2,3,1,33,9,98,Not Rated,0.0
5546,2016-04-06,2016-04-13,2006139,1085,62,2,7,5,11,9,98,Not Rated,0.0
5547,2016-04-07,2016-04-12,654430,9085,78,2,5,5,12,9,98,SAT,0.0
5548,2016-04-07,2016-04-26,1917882,355,25,2,3,7,60,9,98,Not Rated,0.0
5549,2016-04-07,2016-04-13,1808599,8948,76,2,2,7,10,9,98,Not Rated,0.0
5550,2016-04-08,2016-05-17,802381,7626,66,2,3,1,60,9,98,Not Rated,0.0
5551,2016-04-07,2016-04-08,2289912,194,62,2,3,1,40,9,98,Not Rated,0.0
5552,2016-04-11,2016-04-13,1854759,507,31,2,5,7,10,9,98,Not Rated,0.0
5553,2016-04-05,2016-04-12,2227257,8948,43,2,2,5,10,9,98,SAT,0.0
5554,2016-04-07,2016-05-10,1599511,2380,66,2,3,5,44,9,98,Not Rated,0.0
5555,2016-04-11,2016-04-18,2016082,11444,56,2,5,5,45,9,98,Not Rated,0.0
5556,2016-04-11,2016-04-19,358258,12120,6,2,5,5,57,9,98,SAT,0.0
5557,2016-04-01,2016-04-04,1790356,11179,31,2,3,1,15,9,98,SAT,0.0
5558,2016-04-06,2016-04-27,634175,12198,77,2,3,5,15,9,98,SAT,0.0
5559,2016-04-12,2016-04-13,429771,8919,40,2,3,7,34,9,98,Not Rated,0.0
5560,2016-04-12,2016-05-17,501615,138,18,2,3,1,60,9,98,Not Rated,0.0
5561,2016-04-12,2016-05-17,817138,2316,51,2,3,7,33,9,98,Not Rated,0.0
5562,2016-04-12,2016-05-17,2073460,11182,24,2,3,5,33,9,98,Not Rated,0.0
5563,2016-04-13,2016-04-21,2114153,11999,33,2,3,5,33,9,98,Not Rated,0.0
5564,2016-04-13,2016-04-13,322241,879,9,2,3,1,15,9,98,Not Rated,0.0
5565,2016-04-13,2016-04-19,1680196,11246,29,2,3,5,12,9,98,Not Rated,0.0
5569,2016-04-13,2016-04-14,854508,865,26,2,5,3,21,9,98,SAT,0.0
5572,2016-04-15,2016-07-08,1858162,10982,12,2,3,5,12,9,98,Not Rated,0.0
5573,2016-04-12,2016-05-10,2535511,1645,56,2,3,5,12,9,98,Not Rated,0.0
5574,2016-04-15,2016-04-27,562859,11263,28,2,5,5,56,9,98,Not Rated,0.0
5575,2016-04-15,2016-04-28,662401,8955,7,2,6,5,12,9,98,SAT,0.0
5576,2016-04-15,2016-07-05,848597,11104,75,2,6,5,12,9,98,Not Rated,0.0
5577,2016-04-15,2016-05-17,1810761,12692,28,2,3,1,12,9,98,Not Rated,0.0
5578,2016-04-06,2016-04-07,338019,1630,46,2,3,1,15,9,98,SAT,0.0
5579,2016-04-06,2016-04-07,2216946,1462,21,2,7,3,21,9,98,SAT,0.0
5580,2016-04-15,2016-04-21,548302,8507,4,2,5,5,6,9,98,Not Rated,0.0
5581,2016-04-18,2016-06-09,1724685,11122,33,2,3,5,11,9,98,Not Rated,0.0
5582,2016-04-06,2016-05-13,457791,10325,49,2,3,7,33,9,98,Not Rated,0.0
5583,2016-04-14,2016-04-28,890784,11118,55,2,7,7,50,9,98,Not Rated,0.0
5584,2016-04-11,2016-04-19,1865816,125,20,2,7,7,15,9,98,Not Rated,0.0
5585,2016-04-11,2016-05-31,873586,10107,40,2,3,1,60,9,98,Not Rated,0.0
5586,2016-04-12,2016-06-09,577028,1352,36,2,3,7,33,9,98,Not Rated,0.0
5587,2016-04-14,2016-05-23,195824,2007,6,2,3,7,33,9,98,Not Rated,0.0
5588,2016-04-12,2016-04-20,1788370,1079,68,2,3,1,999,9,98,Not Rated,0.0
5589,2016-04-18,2016-05-30,1867213,842,64,2,3,7,33,9,98,Not Rated,0.0
5590,2016-04-20,2016-04-27,287536,2637,34,2,3,1,7,9,98,Not Rated,0.0
5591,2016-04-20,2016-05-20,25863,12352,65,2,3,5,42,9,98,SAT,0.0
5592,2016-04-20,2016-04-21,1845090,10187,65,2,6,5,58,9,98,SAT,0.0
5593,2016-04-20,2016-06-09,235015,10577,43,2,3,5,10,9,98,SAT,0.0
5594,2016-04-20,2016-05-09,118103,11003,47,2,5,5,11,9,98,Not Rated,0.0
5595,2016-04-19,2016-05-19,2227234,1706,32,2,4,1,50,9,98,Not Rated,0.0
5596,2016-04-20,2016-05-30,336681,11626,7,2,3,5,60,9,98,Not Rated,0.0
5597,2016-04-20,2016-05-17,276164,8996,74,2,3,5,60,9,98,Not Rated,0.0
5598,2016-04-20,2016-05-30,1813180,923,13,2,3,5,60,9,98,Not Rated,0.0
5599,2016-04-20,2016-05-30,1893273,11029,57,2,3,5,60,9,98,Not Rated,0.0
5600,2016-04-21,2016-05-30,1857791,1350,20,2,2,1,33,9,98,Not Rated,0.0
5601,2016-04-21,2016-05-26,153215,8569,16,2,3,5,33,9,98,Not Rated,0.0
5602,2016-04-21,2016-05-20,1812491,10576,25,2,5,5,45,9,98,SAT,0.0
5603,2016-04-22,2016-05-17,1699708,8399,67,2,3,5,10,9,98,Not Rated,0.0
5604,2016-04-22,2016-05-25,534686,11262,41,2,6,5,12,9,98,Not Rated,0.0
5605,2016-04-22,2016-05-16,1914475,9857,68,2,5,5,12,9,98,Not Rated,0.0
5606,2016-04-22,2016-04-22,848226,11077,14,2,7,3,19,9,98,Not Rated,0.0
5607,2016-04-22,2016-05-10,1874724,10037,70,2,5,5,12,9,98,Not Rated,0.0
5608,2016-04-04,2016-04-25,2236486,11123,57,2,5,1,12,9,98,Not Rated,0.0
5609,2016-04-25,2016-05-16,588500,10345,34,2,5,5,33,9,98,Not Rated,0.0
5610,2016-04-20,2016-06-09,1706215,355,10,2,2,5,10,9,98,Not Rated,0.0
5611,2016-04-25,2016-05-13,1802054,11265,26,2,3,5,58,9,98,Not Rated,0.0
5612,2016-04-20,2016-04-28,332033,11028,65,2,3,7,34,9,98,SAT,0.0
5613,2016-04-26,2016-07-06,438222,8939,11,2,6,5,12,9,98,Not Rated,0.0
5614,2016-04-26,2016-05-30,219476,7950,21,2,3,5,60,9,98,Not Rated,0.0
5615,2016-04-26,2016-06-08,2292657,11246,30,2,3,5,10,9,98,Not Rated,0.0
5616,2016-04-26,2016-05-31,2203831,1303,38,2,3,5,15,9,98,SAT,0.0
5617,2016-04-27,2016-06-07,1943423,11960,3,2,6,5,12,9,98,SAT,0.0
5618,2016-04-27,2016-06-07,627270,8385,19,2,6,5,12,9,98,SAT,0.0
5619,2016-04-27,2016-05-30,64416,1512,55,2,6,5,12,9,98,Not Rated,0.0
5620,2016-04-27,2016-06-07,1869232,11000,77,2,5,5,12,9,98,Not Rated,0.0
5621,2016-04-13,2016-04-18,892280,11715,27,2,3,1,40,9,98,Not Rated,0.0
5622,2016-04-26,2016-05-30,682405,11230,16,2,5,7,33,9,98,Not Rated,0.0
5623,2016-05-04,2016-05-17,2072810,11151,33,2,5,5,10,9,98,SAT,0.0
5624,2016-04-26,2016-05-11,2403458,2671,27,2,5,5,50,9,98,Not Rated,0.0
5625,2016-05-06,2016-06-21,2433496,11840,2,2,6,5,15,9,98,SAT,0.0
5626,2016-04-27,2016-06-10,27036,238,8,2,3,7,11,9,98,SAT,0.0
5627,2016-04-28,2016-05-11,755007,11051,17,2,4,5,45,9,98,Not Rated,0.0
5628,2016-05-05,2016-06-02,2056391,8106,60,2,2,1,10,9,98,Not Rated,0.0
5631,2016-05-09,2016-06-07,365610,9419,45,2,3,1,11,9,98,Not Rated,0.0
5632,2016-05-09,2016-05-10,1765641,858,15,2,3,5,9,9,98,Not Rated,0.0
5633,2016-05-06,2016-05-09,1832394,8201,69,2,7,3,31,9,98,SAT,0.0
5635,2016-04-27,2016-05-16,1913810,8948,17,2,3,5,10,9,98,SAT,0.0
5636,2016-05-09,2016-06-07,892388,824,15,2,6,5,12,9,98,Not Rated,0.0
5637,2016-05-09,2016-05-18,1781108,494,64,2,5,5,12,9,98,SAT,0.0
5638,2016-05-09,2016-06-06,568720,7949,76,2,3,5,50,9,98,SAT,0.0
5639,2016-05-04,2016-05-13,2536002,12328,25,2,5,5,23,9,98,Not Rated,0.0
5640,2016-05-10,2016-08-05,665656,1465,75,2,3,1,11,9,98,SAT,0.0
5641,2016-05-09,2016-05-11,652635,10379,31,2,3,7,45,9,98,Not Rated,0.0
5642,2016-05-09,2016-06-10,89805,9857,60,2,3,5,60,9,98,Not Rated,0.0
5643,2016-05-09,2016-06-17,1914567,11150,44,2,3,5,33,9,98,Not Rated,0.0
5644,2016-05-10,2016-06-08,492565,9247,45,2,3,5,23,9,98,SAT,0.0
5645,2016-05-10,2016-05-20,665659,8887,55,2,6,5,12,9,98,Not Rated,0.0
5646,2016-05-10,2016-05-30,111834,2569,38,2,6,5,12,9,98,Not Rated,0.0
5648,2016-05-11,2016-05-16,2137892,11133,48,2,6,5,12,9,98,Not Rated,0.0
5649,2016-05-11,2016-06-06,1849530,9901,9,2,5,5,12,9,98,Not Rated,0.0
5651,2016-05-11,2016-05-12,2520480,11051,34,2,3,1,58,9,98,Not Rated,0.0
5652,2016-05-10,2016-05-27,1820317,11711,56,2,5,5,10,9,98,Not Rated,0.0
5653,2016-05-13,2016-07-11,2036590,11160,77,2,3,7,33,9,98,Not Rated,0.0
5654,2016-05-13,2016-07-11,757171,9175,3,2,3,7,33,9,98,Not Rated,0.0
5655,2016-05-11,2016-06-17,1877126,1630,66,2,7,5,18,9,98,Not Rated,0.0
5656,2016-05-11,2016-05-18,270967,10020,13,2,7,5,3,9,98,Not Rated,0.0
5657,2016-04-26,2016-05-10,1812188,671,72,2,3,5,56,9,98,SAT,0.0
5658,2016-05-10,2016-05-12,302296,8985,51,2,5,5,1,9,98,Not Rated,0.0
5660,2016-05-12,2016-05-18,153849,10566,69,2,5,5,7,9,98,SAT,0.0
5661,2016-05-11,2016-05-13,598465,10107,42,2,7,1,15,9,98,SAT,0.0
5662,2016-05-12,2016-06-07,1699503,1879,44,2,3,5,11,9,98,Not Rated,0.0
5663,2016-05-13,2016-05-20,853735,7979,49,2,5,5,18,9,98,Not Rated,0.0
5664,2016-05-11,2016-06-08,894482,1292,33,2,3,5,18,9,98,Not Rated,0.0
5665,2016-05-09,2016-05-13,1807464,11286,64,2,3,1,15,9,98,Not Rated,0.0
5667,2016-05-06,2016-05-18,835408,824,27,2,5,3,15,9,98,SAT,0.0
5668,2016-04-25,2016-05-18,1769633,9647,62,2,7,1,15,9,98,SAT,0.0
5669,2016-05-13,2016-07-04,2010245,11223,58,2,3,5,33,9,98,SAT,0.0
5670,2016-05-16,2016-05-23,2305284,9021,50,2,6,5,12,9,98,Not Rated,0.0
5671,2016-05-13,2016-07-22,2134014,11094,44,2,5,5,10,9,98,Not Rated,0.0
5674,2016-05-16,2016-06-01,2419951,11137,18,2,3,5,40,9,98,Not Rated,0.0
5675,2016-05-16,2016-06-01,780552,974,30,2,3,5,15,9,98,SAT,0.0
5676,2016-05-17,2016-05-26,1859085,1846,8,2,3,5,12,9,98,Not Rated,0.0
5677,2016-05-16,2016-05-23,325876,836,27,2,5,5,10,9,98,Not Rated,0.0
5678,2016-05-17,2016-05-23,2187424,10720,51,2,6,5,12,9,98,Not Rated,0.0
5679,2016-05-17,2016-07-19,1722528,12754,3,2,6,5,12,9,98,SAT,0.0
5680,2016-05-17,2016-06-08,1948292,1200,47,2,5,5,12,9,98,SAT,0.0
5681,2016-05-17,2016-06-07,1871010,11263,58,2,5,5,12,9,98,SAT,0.0
5682,2016-05-18,2016-07-06,228885,10187,74,2,3,5,8,9,98,Not Rated,0.0
5684,2016-05-18,2016-06-07,1859688,9204,70,2,3,5,12,9,98,SAT,0.0
5685,2016-04-20,2016-05-20,475329,11676,10,2,2,1,15,9,98,SAT,0.0
5686,2016-05-19,2016-06-07,1881665,11148,14,2,5,5,52,9,98,Not Rated,0.0
5687,2016-05-13,2016-05-27,2520479,8985,76,2,2,1,15,9,98,Not Rated,0.0
5688,2016-05-19,2016-05-26,875135,12428,12,2,7,1,13,9,98,Not Rated,0.0
5689,2016-05-19,2016-05-20,2181045,2178,49,2,5,3,15,9,98,Not Rated,0.0
5690,2016-05-19,2016-06-06,211239,1552,1,2,3,5,32,9,98,Not Rated,0.0
5691,2016-05-20,2016-05-25,2348070,8201,52,2,5,5,12,9,98,Not Rated,0.0
5692,2016-05-19,2016-06-07,1660669,9001,61,2,5,5,23,9,98,Not Rated,0.0
5693,2016-05-20,2016-05-31,572360,12510,66,2,4,5,50,9,98,Not Rated,0.0
5698,2016-04-20,2016-05-20,1795338,2671,36,2,2,1,15,9,98,SAT,0.0
5699,2015-12-24,2015-12-24,2163275,1350,32,2,99,7,21,9,98,Not Rated,0.0
5704,2016-02-05,2016-02-09,2117288,2218,39,2,7,3,999,9,98,SAT,0.0
5705,2016-05-13,2016-05-27,2117712,10072,6,2,7,3,15,9,98,Not Rated,0.0
5706,2016-04-28,2016-05-24,97403,9918,61,2,3,1,15,9,98,SAT,0.0
5707,2016-05-13,2016-05-13,248919,11074,42,2,3,1,8,9,98,SAT,0.0
5708,2016-04-11,2016-04-28,890068,10160,7,2,3,7,15,9,98,SAT,0.0
5710,2016-04-25,2016-05-20,895034,11063,46,2,3,1,8,9,98,SAT,0.0
5718,2016-03-03,2016-03-03,584553,11984,46,2,7,3,15,9,98,Not Rated,0.0
5719,2016-04-12,2016-04-12,795987,2065,17,2,7,1,55,9,98,Not Rated,0.0
5721,2016-04-28,2016-05-13,2068381,8138,70,2,2,7,45,9,98,Not Rated,0.0
5722,2016-05-20,2016-05-30,111130,11077,73,2,3,1,60,9,98,Not Rated,0.0
5723,2016-05-20,2016-06-03,2071317,791,46,2,3,5,8,9,98,Not Rated,0.0
5724,2016-05-24,2016-05-25,531126,2260,38,2,3,1,15,9,98,SAT,0.0
5725,2016-05-23,2016-07-22,288521,12038,45,2,6,5,12,9,98,Not Rated,0.0
5726,2016-05-20,2016-05-24,1800346,9856,51,2,5,5,7,9,98,Not Rated,0.0
5727,2016-05-23,2016-05-24,20123,8484,28,2,5,5,6,9,98,SAT,0.0
5728,2016-05-23,2016-05-27,1821141,211,49,2,3,5,15,9,98,Not Rated,0.0
5729,2016-05-24,2016-05-27,1748307,1309,11,2,3,7,50,9,98,Not Rated,0.0
5730,2016-05-24,2016-07-13,540071,9634,25,2,3,5,60,9,98,Not Rated,0.0
5731,2016-05-25,2016-05-27,1738302,1865,43,2,5,5,10,9,98,SAT,0.0
5732,2016-05-23,2016-06-08,1757130,10160,54,2,3,7,15,9,98,SAT,0.0
5733,2016-05-24,2016-06-07,1786341,8053,15,2,7,1,15,9,98,SAT,0.0
5734,2016-05-25,2016-06-14,76837,940,51,2,5,5,12,9,98,Not Rated,0.0
5735,2016-05-25,2016-06-28,2338331,9797,25,2,6,5,12,9,98,SAT,0.0
5736,2016-05-25,2016-06-17,792113,9204,30,2,3,5,23,9,98,Not Rated,0.0
5741,2016-06-02,2016-06-21,2387308,8113,37,2,3,1,15,9,98,SAT,0.0
5742,2016-05-25,2016-05-26,399559,1275,2,2,3,1,15,9,98,SAT,0.0
5743,2016-05-26,2016-05-26,1827333,10994,67,2,3,5,12,9,98,Not Rated,0.0
5744,2016-05-26,2016-06-17,264731,238,8,2,6,5,12,9,98,SAT,0.0
5745,2016-05-26,2016-07-04,1876695,865,46,2,4,5,60,9,98,Not Rated,0.0
5746,2016-05-26,2016-06-10,825357,8605,10,2,5,5,6,9,98,Not Rated,0.0
5747,2016-05-27,2016-07-06,2155412,9715,30,2,6,5,12,9,98,SAT,0.0
5748,2016-05-27,2016-07-11,2115231,11069,20,2,5,5,10,9,98,Not Rated,0.0
5749,2016-05-26,2016-06-01,471841,1517,7,2,5,5,18,9,98,Not Rated,0.0
5750,2016-05-26,2016-05-27,2205986,1748,74,2,7,7,60,9,98,Not Rated,0.0
5751,2016-05-27,2016-06-10,739849,11558,20,2,3,7,60,9,98,Not Rated,0.0
5752,2016-05-27,2016-06-28,1878137,73,71,2,4,5,45,9,98,Not Rated,0.0
5753,2016-05-30,2016-06-24,2519876,2178,50,2,5,5,52,9,98,SAT,0.0
5754,2016-05-27,2016-06-15,2225349,10197,77,2,3,5,10,9,98,SAT,0.0
5755,2016-05-30,2016-06-03,1876732,10552,24,2,6,5,12,9,98,Not Rated,0.0
5756,2016-05-30,2016-06-15,2150601,10984,41,2,3,5,32,9,98,Not Rated,0.0
5757,2016-05-30,2016-06-08,403643,8066,50,2,4,5,50,9,98,Not Rated,0.0
5758,2016-05-30,2016-07-06,764384,11246,50,2,6,5,12,9,98,Not Rated,0.0
5759,2016-05-30,2016-05-31,729641,1270,45,2,3,1,15,9,98,Not Rated,0.0
5760,2016-05-31,2016-07-19,2481332,12589,10,2,3,5,7,9,98,SAT,0.0
5761,2016-05-30,2016-06-01,2084513,12352,71,2,3,5,18,9,98,SAT,0.0
5762,2016-05-31,2016-06-10,2199095,10967,3,2,6,5,58,9,98,SAT,0.0
5763,2016-05-31,2016-06-10,2113656,11147,12,2,6,5,58,9,98,SAT,0.0
5764,2016-05-31,2016-06-17,1829903,416,40,2,6,5,58,9,98,SAT,0.0
5765,2015-12-18,2016-01-27,2185520,2477,56,2,3,7,50,9,98,Not Rated,0.0
5766,2015-12-14,2016-02-01,2403458,2178,64,2,3,1,8,9,98,Not Rated,0.0
5767,2016-01-20,2016-01-20,84569,12044,21,2,7,1,33,9,98,Not Rated,0.0
5768,2016-01-21,2016-02-02,402984,11960,76,2,2,1,33,9,98,Not Rated,0.0
5769,2016-02-03,2016-02-18,39141,8917,11,2,7,3,32,9,98,Not Rated,0.0
5770,2016-02-03,2016-03-29,719177,269,38,2,3,1,60,9,98,Not Rated,0.0
5771,2016-02-17,2016-02-18,2115689,11116,63,2,5,5,10,9,98,Not Rated,0.0
5772,2016-02-24,2016-04-08,8849,12051,1,2,3,1,60,9,98,Not Rated,0.0
5773,2016-02-24,2016-04-11,197931,11781,32,2,3,1,60,9,98,Not Rated,0.0
5774,2016-04-13,2016-05-11,2205230,12354,62,2,3,1,33,9,98,Not Rated,0.0
5775,2016-02-19,2016-02-24,307755,12399,63,2,5,3,55,9,98,SAT,0.0
5776,2016-03-17,2016-04-06,1791334,10978,36,2,7,7,55,9,98,Not Rated,0.0
5777,2016-03-16,2016-04-27,748508,12727,64,2,3,5,50,9,98,Not Rated,0.0
5778,2016-03-02,2016-03-21,833627,2263,34,2,7,5,33,9,98,Not Rated,0.0
5779,2016-03-31,2016-04-25,2084040,11971,37,2,3,5,33,9,98,Not Rated,0.0
5781,2016-06-01,2016-06-01,404699,11146,67,2,3,5,12,9,98,Not Rated,0.0
5782,2016-05-31,2016-06-28,1893375,12617,53,2,5,5,32,9,98,Not Rated,0.0
5784,2016-06-01,2016-06-01,2116142,597,4,2,3,5,10,9,98,SAT,0.0
5785,2016-06-01,2016-06-01,527844,9405,21,2,5,5,12,9,98,Not Rated,0.0
5786,2016-06-01,2016-06-01,2110481,12246,70,2,5,5,12,9,98,Not Rated,0.0
5787,2016-06-01,2016-06-01,281133,12603,48,2,3,5,55,9,98,SAT,0.0
5788,2016-06-02,2016-06-02,2110058,8917,28,2,3,5,12,9,98,Not Rated,0.0
5789,2016-06-02,2016-06-03,2295074,9377,20,2,3,5,58,9,98,Not Rated,0.0
5790,2016-06-02,2016-06-09,332033,2007,30,2,5,4,12,9,98,SAT,0.0
5791,2016-06-02,2016-06-10,892266,10618,2,2,5,4,12,9,98,SAT,0.0
5792,2016-06-02,2016-06-07,665226,12367,54,2,3,5,7,9,98,SAT,0.0
5793,2016-06-02,2016-06-24,609282,11123,64,2,3,5,33,9,98,Not Rated,0.0
5794,2016-06-03,2016-06-24,2066151,507,21,2,3,5,33,9,98,Not Rated,0.0
5795,2016-06-03,2016-06-21,1655651,12399,71,2,3,1,21,9,98,SAT,0.0
5796,2016-06-02,2016-07-13,1787391,1552,49,2,3,5,50,9,98,Not Rated,0.0
5797,2016-06-06,2016-06-09,2382074,2502,38,2,5,5,10,9,98,Not Rated,0.0
5798,2016-06-06,2016-07-18,197838,8948,76,2,6,5,12,9,98,SAT,0.0
5799,2016-06-06,2016-07-13,323513,11114,66,2,6,5,12,9,98,SAT,0.0
5800,2016-06-01,2016-07-06,526960,11134,78,2,3,7,33,9,98,Not Rated,0.0
5801,2016-06-01,2016-07-06,14002,1517,13,2,3,7,33,9,98,Not Rated,0.0
5802,2016-06-06,2016-07-06,1901714,11059,73,2,3,7,33,9,98,Not Rated,0.0
5803,2016-06-03,2016-06-07,188623,10172,21,2,5,5,12,9,98,Not Rated,0.0
5804,2016-06-06,2016-06-14,241806,10850,2,2,4,5,58,9,98,Not Rated,0.0
5805,2016-06-07,2016-06-21,1893825,507,31,2,3,5,40,9,98,SAT,0.0
5806,2016-06-07,2016-06-10,2455646,12027,38,2,3,5,40,9,98,SAT,0.0
5807,2016-06-07,2016-06-10,728860,9051,78,2,6,5,12,9,98,SAT,0.0
5808,2016-06-07,2016-06-21,889162,224,67,2,3,5,40,9,98,SAT,0.0
5809,2016-06-07,2016-06-09,879866,10637,11,2,7,4,10,9,98,Not Rated,0.0
5810,2016-06-07,2016-07-20,2256351,8820,74,2,3,1,33,9,98,Not Rated,0.0
5811,2016-06-07,2016-06-10,1750185,1645,77,2,3,5,7,9,98,Not Rated,0.0
5812,2016-06-08,2016-06-10,408104,1512,15,2,3,5,40,9,98,Not Rated,0.0
5813,2016-06-08,2016-06-21,1854464,73,41,2,3,5,18,9,98,Not Rated,0.0
5814,2016-06-07,2016-06-09,163924,940,66,2,3,7,8,9,98,Not Rated,0.0
5815,2016-06-07,2016-06-14,2127852,940,25,2,7,5,10,9,98,Not Rated,0.0
5816,2016-05-27,2016-06-21,221079,11011,23,2,3,5,12,9,98,SAT,0.0
5817,2016-06-08,2016-06-10,1690277,1440,9,2,3,5,40,9,98,Not Rated,0.0
5818,2016-06-09,2016-06-10,402010,7682,49,2,6,5,58,9,98,Not Rated,0.0
5819,2016-06-09,2016-07-05,2164259,9558,41,2,6,5,58,9,98,SAT,0.0
5820,2016-06-09,2016-07-13,327855,11113,13,2,3,5,15,9,98,Not Rated,0.0
5821,2016-06-09,2016-06-24,539034,12065,17,2,5,5,58,9,98,SAT,0.0
5822,2016-06-09,2016-06-24,758962,1275,33,2,5,5,58,9,98,SAT,0.0
5823,2016-06-09,2016-06-29,273568,8939,6,2,6,5,12,9,98,Not Rated,0.0
5824,2016-06-09,2016-06-28,626468,8057,78,2,3,5,12,9,98,SAT,0.0
5825,2016-06-09,2016-07-12,812595,10116,44,2,3,5,9,9,98,Not Rated,0.0
5826,2016-06-10,2016-07-19,751392,9853,9,2,3,1,15,9,98,Not Rated,0.0
5827,2016-05-05,2016-06-09,325090,12769,9,2,7,1,33,9,98,Not Rated,0.0
5828,2016-06-10,2016-08-17,889220,11272,69,2,5,5,11,9,98,Not Rated,0.0
5829,2016-06-10,2016-07-12,1817255,9633,14,2,3,5,15,9,98,Not Rated,0.0
5830,2016-06-13,2016-07-19,355534,1873,52,2,5,5,33,9,98,Not Rated,0.0
5831,2016-06-13,2016-07-01,2072878,11179,39,2,5,5,12,9,98,SAT,0.0
5832,2016-06-13,2016-07-05,1787385,10328,61,2,6,5,58,9,98,SAT,0.0
5833,2016-06-13,2016-07-05,427483,12061,41,2,6,5,58,9,98,SAT,0.0
5835,2016-06-03,2016-07-21,2067683,8585,58,2,7,7,11,9,98,SAT,0.0
5836,2016-06-10,2016-07-22,2038723,10324,9,2,3,5,50,9,98,Not Rated,0.0
5837,2016-06-14,2016-06-14,414203,1500,53,2,3,7,21,9,98,Not Rated,0.0
5838,2016-06-14,2016-06-24,2107204,8853,72,2,3,5,40,9,98,Not Rated,0.0
5839,2016-06-14,2016-06-30,1660568,2307,39,2,3,5,11,9,98,SAT,0.0
5840,2016-06-13,2016-06-21,627958,11768,21,1,3,5,18,9,98,Not Rated,0.0
5841,2016-06-13,2016-06-21,447931,10328,8,1,3,5,18,9,98,Not Rated,0.0
5842,2016-06-15,2016-06-17,593215,10737,10,2,3,5,40,9,98,Not Rated,0.0
5843,2016-06-14,2016-06-17,2120431,11711,52,2,3,5,10,9,98,SAT,0.0
5844,2016-06-19,2016-07-19,438614,8484,48,2,3,5,10,9,98,SAT,0.0
5845,2016-06-15,2016-06-16,1859386,1957,61,2,5,5,12,9,98,SAT,0.0
5846,2016-06-16,2016-06-24,1872220,1748,23,2,3,1,21,9,98,SAT,0.0
5847,2016-06-16,2016-07-06,1841415,12241,70,2,3,5,12,9,98,Not Rated,0.0
5848,2016-06-16,2016-06-21,392685,10744,2,2,3,5,12,9,98,SAT,0.0
5849,2016-06-16,2016-07-08,121236,10668,45,2,6,5,12,9,98,SAT,0.0
5850,2016-06-16,2016-07-05,2124812,11094,6,2,6,5,58,9,98,SAT,0.0
5851,2016-05-31,2016-07-06,823390,12102,23,2,3,7,60,9,98,Not Rated,0.0
5852,2016-06-16,2016-07-25,600314,1079,73,2,3,7,11,9,98,SAT,0.0
5853,2016-06-17,2016-06-30,1915604,10722,61,1,3,5,40,9,98,SAT,0.0
5854,2016-06-17,2016-07-08,2449902,1573,77,2,6,5,12,9,98,Not Rated,0.0
5859,2016-04-06,2016-06-09,1878567,12133,25,2,3,7,33,9,98,Not Rated,0.0
5860,2016-06-15,2016-06-15,1901874,9022,66,2,2,7,50,9,98,Not Rated,0.0
5861,2016-05-13,2016-05-13,1893268,11077,34,2,5,7,8,9,98,SAT,0.0
5863,2016-06-10,2016-06-17,891833,9853,10,2,3,5,11,9,98,SAT,0.0
5864,2016-06-17,2016-07-15,694692,2531,62,2,3,7,33,9,98,Not Rated,0.0
5865,2016-06-17,2016-07-15,2116142,11005,5,2,3,7,33,9,98,Not Rated,0.0
5866,2016-06-17,2016-07-20,1634900,9560,13,2,3,5,60,9,98,Not Rated,0.0
5867,2016-06-17,2016-07-06,190929,11558,77,2,3,7,50,9,98,SAT,0.0
5868,2016-06-17,2016-07-20,32059,9247,19,2,4,5,60,9,98,Not Rated,0.0
5869,2016-06-07,2016-06-14,860194,10994,58,2,5,5,11,9,98,SAT,0.0
5870,2016-06-21,2016-06-23,544060,12061,4,2,5,5,10,9,98,Not Rated,0.0
5871,2016-06-14,2016-07-18,868620,9884,50,2,3,5,12,9,98,SAT,0.0
5872,2016-06-17,2016-07-04,175012,2208,43,2,3,1,15,9,98,Not Rated,0.0
5873,2016-06-17,2016-08-02,347692,11668,15,2,3,5,7,9,98,SAT,0.0
5874,2016-06-22,2016-07-14,1754093,2322,67,2,5,5,12,9,98,SAT,0.0
5875,2016-06-23,2016-07-06,896877,11262,10,2,5,5,12,9,98,SAT,0.0
5876,2016-06-23,2016-06-27,1861075,10172,54,2,5,5,58,9,98,SAT,0.0
5877,2016-06-23,2016-06-27,893413,1748,21,2,5,5,58,9,98,SAT,0.0
5878,2016-06-23,2016-06-27,1831511,494,36,2,5,5,58,9,98,SAT,0.0
5880,2016-06-21,2016-07-20,1674260,10067,6,2,3,1,11,9,98,Not Rated,0.0
5881,2016-06-22,2016-06-30,73094,347,65,2,3,5,15,9,98,Not Rated,0.0
5882,2016-06-24,2016-07-21,889244,10197,19,2,3,5,15,9,98,Not Rated,0.0
5883,2016-06-22,2016-07-11,1905628,2007,47,2,3,5,10,9,98,Not Rated,0.0
5885,2016-06-10,2016-07-18,396186,2584,45,2,3,5,50,9,98,Not Rated,0.0
5886,2016-06-27,2016-07-06,119864,11959,52,2,6,5,12,9,98,Not Rated,0.0
5887,2016-06-23,2016-07-01,461155,11066,65,2,6,5,16,9,98,SAT,0.0
5888,2016-06-28,2016-07-28,267248,1702,64,2,3,5,12,9,98,Not Rated,0.0
5889,2016-06-23,2016-06-29,303942,10428,32,2,3,5,40,9,98,SAT,0.0
5890,2016-06-28,2016-08-17,317637,10991,4,2,3,5,55,9,98,Not Rated,0.0
5891,2016-06-29,2016-06-30,792205,2340,26,2,2,1,33,9,98,Not Rated,0.0
5892,2016-05-10,2016-06-28,1767699,2676,47,2,3,1,60,9,98,Not Rated,0.0
5893,2016-06-29,2016-08-25,719177,11157,26,2,3,5,2,9,98,Not Rated,0.0
5894,2016-06-29,2016-06-30,588627,11171,55,2,3,7,21,9,98,SAT,0.0
5895,2016-06-24,2016-06-24,2069418,11113,25,2,7,5,10,9,98,SAT,0.0
5896,2016-06-30,2016-07-08,2440243,12250,73,2,6,5,12,9,98,SAT,0.0
5897,2016-06-30,2016-07-08,483660,11714,60,2,6,5,12,9,98,SAT,0.0
5898,2016-06-29,2016-06-30,760218,347,35,2,3,1,40,9,98,Not Rated,0.0
5900,2016-06-30,2016-07-12,1831529,12328,21,2,5,3,15,9,98,Not Rated,0.0
5901,2016-06-30,2016-07-20,1787038,11001,71,2,3,5,33,9,98,Not Rated,0.0
5902,2016-07-04,2016-07-05,1860408,10187,54,2,3,5,12,9,98,SAT,0.0
5903,2016-07-04,2016-07-12,2035024,8484,29,2,3,1,15,9,98,Not Rated,0.0
5904,2016-07-04,2016-09-29,1725199,1957,47,2,3,5,7,9,98,SAT,0.0
5905,2016-07-05,2016-07-06,2054502,7654,57,2,5,5,18,9,98,Not Rated,0.0
5906,2016-07-05,2016-07-14,891983,8356,62,2,5,5,15,9,98,Not Rated,0.0
5907,2016-07-04,2016-07-04,405865,8569,41,2,5,5,15,9,98,SAT,0.0
5908,2016-07-05,2016-07-19,483815,11158,4,2,3,5,8,9,98,Not Rated,0.0
5909,2016-07-06,2016-07-15,39141,11074,75,2,6,5,58,9,98,SAT,0.0
5910,2016-07-04,2016-07-08,2222130,9797,64,2,3,1,21,9,98,Not Rated,0.0
5911,2016-07-07,2016-08-12,1875652,11482,55,2,5,5,15,9,98,SAT,0.0
5912,2016-07-07,2016-07-07,702999,11029,1,2,3,7,33,9,98,Not Rated,0.0
5913,2016-07-07,2016-09-16,170144,10637,65,2,5,5,45,9,98,Not Rated,0.0
5914,2016-07-06,2016-07-21,2058310,10345,19,2,3,1,15,9,98,Not Rated,0.0
5915,2016-07-08,2016-08-04,199030,9560,43,2,6,5,12,9,98,Not Rated,0.0
5916,2016-07-08,2016-07-08,540071,909,32,2,2,1,15,9,98,SAT,0.0
5917,2016-07-11,2016-08-26,615679,2477,8,2,3,1,15,9,98,SAT,0.0
5918,2016-07-06,2016-09-06,881069,8970,13,2,7,5,9,9,98,SAT,0.0
5919,2016-07-11,2016-07-14,895519,12256,64,2,3,5,18,9,98,SAT,0.0
5920,2016-07-11,2016-07-15,1706437,11798,58,2,3,5,10,9,98,SAT,0.0
5921,2016-07-11,2016-10-12,1883430,1275,72,2,3,7,33,9,98,Not Rated,0.0
5922,2016-07-11,2016-07-14,229454,12174,33,2,2,1,6,9,98,SAT,0.0
5923,2016-07-11,2016-08-26,134597,8116,3,2,3,5,55,9,98,Not Rated,0.0
5924,2016-07-11,2016-08-11,415451,8991,22,2,7,5,32,9,98,Not Rated,0.0
5925,2016-07-12,2016-07-21,883702,394,6,2,5,5,10,9,98,SAT,0.0
5926,2016-07-12,2016-07-15,1865488,9775,4,2,6,5,12,9,98,Not Rated,0.0
5928,2016-07-12,2016-07-19,594011,9393,22,2,3,7,8,9,98,SAT,0.0
5929,2016-07-13,2016-07-13,2172712,2230,44,2,3,5,40,9,98,Not Rated,0.0
5930,2016-07-13,2016-07-18,1599372,9824,30,2,3,5,45,9,98,SAT,0.0
5931,2016-07-13,2016-07-18,1742816,11170,61,2,6,5,12,9,98,SAT,0.0
5932,2016-07-12,2016-07-25,277101,10603,21,2,3,7,33,9,98,Not Rated,0.0
5933,2016-07-14,2016-07-15,1689958,598,21,2,6,5,58,9,98,SAT,0.0
5934,2016-07-14,2016-07-15,1807420,9440,38,2,5,5,10,9,98,SAT,0.0
5936,2016-07-14,2016-07-14,1847652,12754,7,2,3,5,9,9,98,Not Rated,0.0
5937,2016-07-15,2016-07-22,1836606,10566,55,2,5,5,32,9,98,Not Rated,0.0
5938,2016-07-01,2016-07-15,1826227,10793,9,2,7,5,6,9,98,SAT,0.0
5939,2016-07-15,2016-09-27,1767351,8820,57,2,3,5,10,9,98,Not Rated,0.0
5940,2016-07-12,2016-08-26,133420,9798,19,2,3,5,40,9,98,Not Rated,0.0
5941,2016-07-18,2016-08-25,2088290,10967,64,2,99,7,999,9,98,Not Rated,0.0
5942,2016-07-14,2016-07-25,99745,119,17,2,3,7,33,9,98,Not Rated,0.0
5943,2016-07-15,2016-07-26,1783506,190,30,2,2,1,15,9,98,Not Rated,0.0
5944,2016-07-15,2016-07-26,882410,9357,58,2,2,1,55,9,98,Not Rated,0.0
5946,2016-07-18,2016-08-26,1890234,11263,18,2,3,5,21,9,98,Not Rated,0.0
5947,2016-07-19,2016-07-25,1700492,9204,40,2,7,1,15,9,98,Not Rated,0.0
5948,2016-07-20,2016-07-20,2440231,11000,8,2,3,5,7,9,98,Not Rated,0.0
5949,2016-07-20,2016-08-24,40547,11069,71,2,3,5,15,9,98,SAT,0.0
5950,2016-07-15,2016-08-04,1873599,1748,1,2,3,5,45,9,98,SAT,0.0
5951,2016-07-20,2016-07-22,1874665,11114,50,2,3,1,12,9,98,Not Rated,0.0
5952,2016-07-21,2016-08-29,561832,11245,50,2,3,5,8,9,98,SAT,0.0
5953,2016-07-21,2016-07-21,1888379,1200,64,2,6,5,58,9,98,SAT,0.0
5954,2016-07-21,2016-09-28,100339,11653,78,2,6,5,12,9,98,SAT,0.0
5955,2016-07-22,2016-07-25,1786932,11151,66,2,2,1,15,9,98,Not Rated,0.0
5956,2016-07-21,2016-08-02,458059,1115,62,2,3,5,45,9,98,Not Rated,0.0
5957,2016-07-22,2016-07-26,1766937,12125,31,2,5,5,12,9,98,SAT,0.0
5958,2016-07-22,2016-09-13,2068849,10900,32,2,3,5,40,9,98,SAT,0.0
5960,2016-07-22,2016-07-26,1985081,10490,23,2,7,5,6,9,98,Not Rated,0.0
5961,2016-07-22,2016-09-13,693525,10446,44,2,6,5,40,9,98,SAT,0.0
5962,2016-07-22,2016-07-26,467414,909,70,2,6,5,12,9,98,SAT,0.0
5963,2016-07-18,2016-07-29,2134014,11074,51,2,3,5,45,9,98,Not Rated,0.0
5964,2016-07-25,2016-07-28,1700053,2532,47,2,3,5,9,9,98,SAT,0.0
5965,2016-07-26,2016-07-28,1833207,10490,55,2,3,5,50,9,98,Not Rated,0.0
5966,2016-07-26,2016-10-10,245970,8116,33,2,3,5,40,9,98,SAT,0.0
5967,2016-07-27,2016-08-16,510580,11781,31,2,3,5,10,9,98,SAT,0.0
5968,2016-07-26,2016-08-23,1690080,10324,47,2,7,1,15,9,98,SAT,0.0
5969,2016-08-03,2016-08-16,1641291,2335,27,2,5,7,15,9,98,Not Rated,0.0
5970,2016-09-15,2016-09-15,606172,11163,74,2,7,1,15,9,98,SAT,0.0
5971,2016-07-28,2016-07-28,1891121,10577,70,2,3,7,18,9,98,Not Rated,0.0
5973,2016-07-29,2016-08-11,528186,11714,24,2,3,5,12,9,98,Not Rated,0.0
5974,2016-07-29,2016-08-04,2254150,1350,75,2,5,5,12,9,98,Not Rated,0.0
5975,2016-08-31,2016-09-14,64849,242,23,2,2,1,15,9,98,SAT,0.0
5976,2016-08-01,2016-08-02,1819751,12256,45,2,99,7,999,9,98,Not Rated,0.0
5977,2016-08-01,2016-08-08,1821599,2656,17,2,2,1,15,9,98,SAT,0.0
5979,2016-08-01,2016-08-22,113698,8432,43,2,3,7,8,9,98,Not Rated,0.0
5980,2016-09-30,2016-10-03,666182,10490,55,2,3,1,15,9,98,Not Rated,0.0
5981,2016-08-04,2016-08-09,2170642,8855,70,2,3,5,12,9,98,SAT,0.0
5982,2016-08-01,2016-08-26,891621,211,67,2,3,1,15,9,98,Not Rated,0.0
5983,2016-08-05,2016-08-26,1900280,10030,16,2,3,1,15,9,98,SAT,0.0
5984,2016-08-08,2016-08-11,2224081,2065,29,2,5,5,12,9,98,SAT,0.0
5985,2016-08-08,2016-08-24,1699094,8544,27,2,3,5,2,9,98,SAT,0.0
5986,2016-08-08,2016-09-12,2017294,11063,36,2,3,5,15,9,98,SAT,0.0
5987,2016-08-09,2016-08-22,1790930,11175,51,2,5,5,12,9,98,SAT,0.0
5988,2016-08-10,2016-08-18,619795,11131,25,2,3,5,44,9,98,Not Rated,0.0
5989,2016-08-10,2016-08-17,2303316,10112,67,2,6,5,57,9,98,SAT,0.0
5990,2016-08-10,2016-08-18,2224508,12605,10,2,6,5,12,9,98,Not Rated,0.0
5991,2016-08-11,2016-09-14,152686,10565,26,2,6,5,12,9,98,SAT,0.0
5993,2016-08-12,2016-08-19,480701,9893,47,2,5,5,12,9,98,SAT,0.0
5994,2016-08-10,2016-08-26,112889,9923,26,2,3,7,3,9,98,Not Rated,0.0
5995,2016-08-16,2016-08-16,216965,11932,72,2,3,5,50,9,98,Not Rated,0.0
5996,2016-08-16,2016-08-17,346900,12617,40,2,3,5,40,9,98,Not Rated,0.0
5998,2016-08-16,2016-09-13,576378,494,52,2,3,7,21,9,98,Not Rated,0.0
5999,2016-08-17,2016-09-02,362537,9405,40,2,3,5,40,9,98,SAT,0.0
6000,2016-08-11,2016-08-18,370125,9588,37,2,3,1,1,9,98,Not Rated,0.0
6001,2016-08-11,2016-08-29,2107628,11163,64,2,3,5,21,9,98,Not Rated,0.0
6002,2016-08-17,2016-09-21,2016525,8201,2,2,3,5,12,9,98,SAT,0.0
6003,2016-08-16,2016-09-09,809569,10116,77,2,3,5,8,9,98,SAT,0.0
6004,2016-08-31,2016-09-06,1852159,8853,63,2,3,1,15,9,98,SAT,0.0
6005,2016-08-12,2016-10-13,297293,12428,68,2,4,5,50,9,98,Not Rated,0.0
6006,2016-08-18,2016-09-28,2187484,2690,3,2,2,5,10,9,98,Not Rated,0.0
6007,2016-08-19,2016-09-02,410154,1994,46,2,3,5,12,9,98,SAT,0.0
6008,2016-08-19,2016-09-22,2422961,11059,15,2,3,7,21,9,98,Not Rated,0.0
6009,2016-08-19,2016-09-08,678979,10749,23,2,3,7,50,9,98,Not Rated,0.0
6010,2016-08-22,2016-08-23,303942,9798,17,2,6,5,58,9,98,SAT,0.0
6011,2016-08-22,2016-08-24,441126,10569,75,2,3,5,7,9,98,Not Rated,0.0
6012,2016-08-22,2016-09-21,2439098,221,45,2,3,7,33,9,98,Not Rated,0.0
6013,2016-08-12,2016-08-25,837905,564,68,2,3,5,21,9,98,SAT,0.0
6014,2016-08-23,2016-08-24,2135834,8367,39,2,3,5,40,9,98,Not Rated,0.0
6015,2016-08-23,2016-08-23,737054,11825,27,2,6,5,57,9,98,SAT,0.0
6016,2016-08-24,2016-08-25,1904448,1255,1,2,5,5,32,9,98,SAT,0.0
6017,2016-08-24,2016-08-24,1915224,9796,3,1,3,5,50,9,98,Not Rated,0.0
6018,2016-08-24,2016-09-29,566166,8953,71,2,3,5,50,9,98,SAT,0.0
6019,2016-08-25,2016-09-15,349838,10446,56,2,4,5,50,9,98,Not Rated,0.0
6020,2016-08-25,2016-10-20,1740916,8887,33,2,3,5,8,9,98,Not Rated,0.0
6021,2016-08-25,2016-09-16,148731,11083,42,2,5,5,12,9,98,SAT,0.0
6022,2016-08-26,2016-08-29,1675319,11255,36,2,5,5,15,9,98,Not Rated,0.0
6023,2016-08-26,2016-09-21,592254,11175,5,2,3,5,12,9,98,Not Rated,0.0
6024,2016-08-26,2016-11-07,244496,598,49,2,3,5,60,9,98,Not Rated,0.0
6025,2016-08-26,2016-10-10,1849026,11747,35,1,3,5,33,9,98,Not Rated,0.0
6026,2016-08-26,2016-09-21,2400546,11788,25,2,6,5,12,9,98,SAT,0.0
6027,2016-08-23,2016-09-01,877074,11083,76,2,5,7,2,9,98,Not Rated,0.0
6028,2016-08-29,2016-09-02,502513,9884,52,2,2,5,15,9,98,SAT,0.0
6029,2016-08-29,2016-09-12,2057693,11621,24,2,5,5,10,9,98,SAT,0.0
6030,2016-08-29,2016-09-20,278562,8917,12,2,5,5,15,9,98,SAT,0.0
6031,2016-08-30,2016-09-21,726926,1717,39,2,6,5,59,9,98,SAT,0.0
6032,2016-08-29,2016-09-02,889059,2129,16,2,5,1,21,9,98,SAT,0.0
6033,2016-08-31,2016-09-21,1710835,2117,46,2,3,5,12,9,98,SAT,0.0
6034,2016-08-31,2016-09-21,577824,9377,64,2,6,5,12,9,98,SAT,0.0
6035,2016-08-31,2016-09-21,491135,10490,15,2,6,5,12,9,98,SAT,0.0
6036,2016-08-30,2016-08-30,30636,10490,30,2,3,5,58,9,98,SAT,0.0
6037,2016-08-22,2016-09-02,894370,11972,36,2,3,7,10,9,98,Not Rated,0.0
6038,2016-08-31,2016-09-01,1904107,9359,13,2,3,1,15,9,98,Not Rated,0.0
6039,2016-08-31,2016-09-07,467688,10037,36,2,3,1,44,9,98,SAT,0.0
6040,2016-09-01,2016-09-13,577824,10720,65,2,3,5,45,9,98,SAT,0.0
6041,2016-09-01,2016-09-20,399208,2555,51,2,3,5,3,9,98,SAT,0.0
6042,2016-09-01,2016-10-10,366226,9393,24,2,4,5,15,9,98,SAT,0.0
6043,2016-09-01,2016-09-08,600700,597,10,2,5,5,13,9,98,SAT,0.0
6044,2016-09-02,2016-10-10,351620,10235,67,2,5,5,10,9,98,SAT,0.0
6045,2016-09-02,2016-09-21,1785172,1692,57,2,3,5,12,9,98,Not Rated,0.0
6046,2016-09-01,2016-09-02,683567,9175,69,2,5,5,15,9,98,SAT,0.0
6047,2016-09-02,2016-09-21,619565,2584,21,2,3,5,44,9,98,SAT,0.0
6048,2016-09-02,2016-09-21,2146111,1086,5,2,3,5,7,9,98,Not Rated,0.0
6049,2016-09-05,2016-11-08,874264,11621,38,2,3,5,40,9,98,SAT,0.0
6050,2016-09-05,2016-09-07,2167341,10379,62,2,3,5,21,9,98,SAT,0.0
6051,2016-09-06,2016-09-21,687498,10738,23,2,6,5,58,9,98,SAT,0.0
6052,2016-09-06,2016-09-07,2503596,11118,3,2,2,5,10,9,98,Not Rated,0.0
6053,2016-09-06,2016-09-08,1874717,12475,54,2,5,5,9,9,98,Not Rated,0.0
6054,2016-09-06,2016-09-07,1770866,10553,2,2,2,5,10,9,98,Not Rated,0.0
6055,2016-09-07,2016-09-28,565362,1440,20,2,6,5,58,9,98,SAT,0.0
6056,2016-09-16,2016-09-22,1863579,9826,31,2,3,7,50,9,98,Not Rated,0.0
6057,2016-09-07,2016-10-26,770620,12692,4,2,3,5,33,9,98,Not Rated,0.0
6058,2016-09-08,2016-09-09,1706215,12605,65,2,7,8,2,9,98,Not Rated,0.0
6059,2016-09-07,2016-09-08,1832266,1266,36,2,7,5,15,9,98,SAT,0.0
6060,2016-09-09,2016-09-21,478349,1210,7,2,5,5,12,9,98,SAT,0.0
6061,2016-09-09,2016-09-21,353973,1086,27,2,5,5,58,9,98,SAT,0.0
6062,2016-09-09,2016-09-14,95232,11173,10,2,3,5,15,9,98,Not Rated,0.0
6063,2016-09-12,2016-09-21,1809393,2158,21,2,6,5,12,9,98,SAT,0.0
6064,2016-09-12,2016-09-12,2110400,11003,64,2,3,7,15,9,98,Not Rated,0.0
6065,2016-09-12,2016-09-13,137311,1352,75,2,5,3,15,9,98,SAT,0.0
6066,2016-09-13,2016-09-16,871065,2172,8,2,5,5,10,9,98,Not Rated,0.0
6067,2016-09-02,2016-09-14,847920,11262,14,2,7,3,11,9,98,Not Rated,0.0
6069,2016-09-14,2016-09-29,1808356,11173,71,2,6,5,12,9,98,Not Rated,0.0
6070,2016-09-14,2016-09-16,752230,9634,42,2,5,5,15,9,98,Not Rated,0.0
6071,2016-09-15,2016-09-15,190929,940,8,2,5,5,56,9,98,Not Rated,0.0
6072,2016-09-13,2016-11-02,2403397,1097,13,2,3,7,15,9,98,Not Rated,0.0
6073,2016-09-14,2016-09-27,1901828,11131,18,2,3,5,15,9,98,Not Rated,0.0
6074,2016-09-15,2016-09-21,2182581,12198,76,2,5,5,12,9,98,SAT,0.0
6075,2016-09-15,2016-10-05,2226401,1303,64,2,6,5,12,9,98,SAT,0.0
6076,2016-09-14,2016-10-03,1707797,1342,19,2,3,5,32,9,98,SAT,0.0
6077,2016-09-15,2016-09-16,428645,10576,43,2,3,1,15,9,98,Not Rated,0.0
6078,2016-09-15,2016-09-15,751392,11172,43,2,7,5,18,9,98,Not Rated,0.0
6079,2016-09-12,2016-09-12,41704,461,49,2,7,5,10,9,98,Not Rated,0.0
6080,2016-09-15,2016-09-16,2128680,12198,24,2,7,5,2,9,98,SAT,0.0
6081,2016-09-16,2016-09-20,825813,11005,78,2,3,1,15,9,98,Not Rated,0.0
6082,2016-09-14,2016-09-16,404699,116,38,2,3,5,40,9,98,Not Rated,0.0
6083,2016-09-16,2016-10-05,1729873,10107,23,2,3,5,12,9,98,SAT,0.0
6084,2016-09-16,2016-09-19,1869476,10067,18,2,3,5,40,9,98,SAT,0.0
6085,2016-09-16,2016-09-19,399208,138,65,2,3,5,40,9,98,SAT,0.0
6086,2016-09-16,2016-10-13,720325,10644,42,2,3,7,50,9,98,SAT,0.0
6087,2016-09-19,2016-11-01,1948489,10710,61,2,3,1,12,9,98,SAT,0.0
6088,2016-09-08,2016-09-08,111258,2107,9,2,7,5,10,9,98,Not Rated,0.0
6089,2016-09-19,2016-10-24,310058,12358,35,2,3,5,55,9,98,SAT,0.0
6090,2016-09-19,2016-10-10,1854150,791,4,2,3,7,33,9,98,Not Rated,0.0
6091,2016-09-19,2016-09-22,1842103,12181,33,2,3,1,15,9,98,SAT,0.0
6092,2016-09-20,2016-10-27,559232,1702,77,2,4,5,50,9,98,Not Rated,0.0
6093,2016-09-20,2016-10-17,208566,11029,54,2,6,5,12,9,98,SAT,0.0
6094,2016-09-22,2016-10-05,351654,116,4,2,3,5,12,9,98,SAT,0.0
6095,2016-09-22,2016-09-30,618260,10328,29,2,5,5,15,9,98,Not Rated,0.0
6096,2016-09-22,2016-11-11,48967,8911,38,2,3,5,8,9,98,SAT,0.0
6097,2016-09-22,2016-10-07,2184332,12127,27,2,3,1,45,9,98,SAT,0.0
6098,2016-09-22,2016-09-22,2167288,12034,64,2,2,1,34,9,98,Not Rated,0.0
6099,2016-09-23,2016-10-05,7311,11136,13,2,5,5,12,9,98,Not Rated,0.0
6100,2016-09-23,2016-09-28,1813479,11806,7,2,3,5,12,9,98,SAT,0.0
6101,2016-09-23,2016-11-11,853466,9633,68,2,3,5,40,9,98,Not Rated,0.0
6102,2016-09-23,2016-10-13,2006814,221,39,2,3,7,15,9,98,Not Rated,0.0
6103,2016-09-23,2016-10-06,471619,2103,48,2,3,5,50,9,98,Not Rated,0.0
6104,2016-09-26,2016-10-05,1787528,10720,27,2,7,5,10,9,98,SAT,0.0
6105,2016-09-26,2016-10-04,2112355,11059,34,2,5,5,10,9,98,SAT,0.0
6106,2016-09-26,2016-11-15,2116362,151,10,2,3,1,15,9,98,Not Rated,0.0
6107,2016-09-26,2016-10-06,321748,10793,4,2,3,5,45,9,98,Not Rated,0.0
6108,2016-09-13,2016-10-07,1707654,8946,35,2,3,5,12,9,98,Not Rated,0.0
6109,2016-09-27,2016-11-10,312813,2384,17,2,5,5,12,9,98,SAT,0.0
6110,2016-09-27,2016-10-05,2019719,9647,58,2,6,5,12,9,98,SAT,0.0
6111,2016-09-27,2016-10-21,390473,11028,43,2,3,5,8,9,98,Not Rated,0.0
6112,2016-09-27,2016-11-17,413441,542,10,1,4,5,9,9,98,SAT,0.0
6113,2016-09-27,2016-10-05,2130884,10072,69,2,3,5,7,9,98,SAT,0.0
6114,2016-09-28,2016-09-28,877340,911,73,2,7,3,9,9,98,Not Rated,0.0
6115,2016-09-29,2016-09-30,2411059,2103,56,2,5,5,13,9,98,Not Rated,0.0
6116,2016-09-29,2016-10-07,2121731,12229,52,2,5,5,10,9,98,Not Rated,0.0
6117,2016-09-28,2016-10-18,353214,11031,27,2,3,5,33,9,98,Not Rated,0.0
6118,2016-09-29,2016-11-07,2387834,1202,37,2,3,5,33,9,98,Not Rated,0.0
6119,2016-09-29,2016-11-17,822796,9918,40,2,3,5,6,9,98,Not Rated,0.0
6120,2016-09-22,2016-09-27,1948213,12027,22,2,7,1,10,9,98,SAT,0.0
6121,2016-09-30,2016-10-03,85534,187,64,2,7,5,10,9,98,SAT,0.0
6122,2016-09-30,2016-11-25,2186317,9792,26,2,3,5,8,9,98,Not Rated,0.0
6123,2016-10-03,2016-10-03,339273,11268,29,2,3,5,40,9,98,Not Rated,0.0
6124,2016-10-03,2017-02-01,90079,8053,51,2,6,5,12,9,98,SAT,0.0
6125,2016-10-03,2016-10-10,2119212,8063,4,2,7,5,10,9,98,Not Rated,0.0
6126,2016-10-05,2016-10-11,1878063,11171,65,2,3,7,11,9,98,Not Rated,0.0
6128,2016-10-04,2016-10-05,413406,10072,51,2,3,7,15,9,98,Not Rated,0.0
6129,2016-10-04,2016-11-10,2058415,151,63,2,3,5,15,9,98,SAT,0.0
6130,2016-10-05,2016-10-05,304436,9826,66,2,3,5,12,9,98,Not Rated,0.0
6131,2016-10-05,2016-10-10,797906,12116,6,2,5,5,10,9,98,SAT,0.0
6132,2016-10-04,2016-10-05,2004827,7841,21,2,7,5,10,9,98,SAT,0.0
6133,2016-10-05,2016-11-23,868641,10426,8,2,3,5,10,9,98,Not Rated,0.0
6134,2016-10-05,2016-11-09,1767704,8742,64,2,5,5,8,9,98,Not Rated,0.0
6135,2016-10-06,2016-10-26,1773042,10722,60,2,6,5,12,9,98,SAT,0.0
6136,2016-10-06,2016-10-07,891497,9968,40,2,5,4,12,9,98,SAT,0.0
6137,2016-10-06,2016-10-06,360204,7654,51,2,3,1,15,9,98,Not Rated,0.0
6138,2016-10-07,2016-10-20,338019,1706,37,2,3,5,50,9,98,SAT,0.0
6139,2016-10-07,2016-11-07,896388,11011,3,2,4,5,50,9,98,Not Rated,0.0
6140,2016-10-07,2016-10-19,1845086,10722,22,2,3,5,15,9,98,SAT,0.0
6141,2016-10-10,2016-11-10,2368496,11971,71,2,6,5,12,9,98,Not Rated,0.0
6142,2016-10-10,2016-11-22,2536002,10577,29,2,5,5,12,9,98,Not Rated,0.0
6143,2016-10-10,2016-10-10,1862140,11158,54,1,5,7,25,9,98,Not Rated,0.0
6144,2016-10-14,2016-11-15,286419,197,32,2,3,1,11,9,98,Not Rated,0.0
6145,2016-10-10,2016-11-22,895296,9000,28,2,2,5,23,9,98,Not Rated,0.0
6146,2016-10-11,2016-10-11,2032580,9662,56,2,7,5,10,9,98,Not Rated,0.0
6147,2016-10-12,2016-10-13,1793088,9001,57,2,5,5,12,9,98,SAT,0.0
6148,2016-10-12,2016-10-21,2560362,1717,27,2,3,5,12,9,98,Not Rated,0.0
6149,2016-10-12,2016-10-14,1724612,1692,61,2,5,5,15,9,98,Not Rated,0.0
6150,2016-10-12,2016-10-20,2337613,10016,9,2,6,5,12,9,98,Not Rated,0.0
6151,2016-10-03,2016-11-22,807326,2482,72,2,5,5,13,9,98,Not Rated,0.0
6152,2016-10-13,2016-10-18,2018531,11230,1,2,5,5,10,9,98,SAT,0.0
6153,2016-10-06,2016-10-19,1793088,2504,33,2,4,5,12,9,98,Not Rated,0.0
6155,2016-10-13,2016-10-20,2181044,922,41,2,6,5,12,9,98,Not Rated,0.0
6156,2016-10-13,2016-10-17,1698939,11493,65,2,5,5,10,9,98,Not Rated,0.0
6157,2016-10-13,2016-10-18,2104973,10426,75,2,5,5,10,9,98,SAT,0.0
6158,2016-10-13,2016-10-21,1800346,11099,53,2,3,5,10,9,98,SAT,0.0
6159,2016-10-14,2016-10-14,1787385,10566,50,2,5,5,15,9,98,Not Rated,0.0
6160,2016-10-14,2016-11-08,1868112,11954,5,2,7,5,10,9,98,NSA,0.0
6161,2016-10-14,2016-10-25,27790,11173,62,2,7,5,10,9,98,Not Rated,0.0
6162,2016-10-17,2016-10-19,208214,811,69,2,5,5,9,9,98,Not Rated,0.0
6163,2016-10-17,2016-11-11,222756,1352,23,2,7,5,10,9,98,SAT,0.0
6164,2016-10-14,2016-10-18,2526291,9419,49,2,3,5,40,9,98,Not Rated,0.0
6165,2016-10-17,2016-10-26,1707912,11163,56,2,5,5,12,9,98,SAT,0.0
6166,2016-10-17,2016-10-20,1801497,242,27,2,5,5,12,9,98,SAT,0.0
6167,2016-10-14,2016-10-17,2458130,10055,22,2,5,3,15,9,98,SAT,0.0
6168,2016-10-18,2016-10-19,1834274,11262,56,2,5,5,10,9,98,SAT,0.0
6169,2016-10-18,2016-11-04,81014,10327,44,2,5,5,12,9,98,Not Rated,0.0
6170,2016-10-18,2016-11-15,2389255,11099,61,2,5,5,32,9,98,SAT,0.0
6171,2016-10-18,2016-10-26,403396,2124,29,2,5,5,44,9,98,Not Rated,0.0
6172,2016-10-14,2016-10-21,338350,11097,46,2,3,1,15,9,98,Not Rated,0.0
6173,2016-10-18,2016-10-19,404424,9884,63,2,7,5,10,9,98,Not Rated,0.0
6174,2016-10-19,2016-11-01,1689452,1957,60,2,7,5,10,9,98,Not Rated,0.0
6175,2016-10-19,2016-12-07,2056687,10601,43,2,5,5,10,9,98,Not Rated,0.0
6176,2016-10-20,2016-11-04,2426433,601,66,2,3,5,58,9,98,SAT,0.0
6177,2016-10-20,2016-10-20,278562,9634,78,2,5,5,12,9,98,Not Rated,0.0
6178,2016-10-20,2016-11-08,2090393,2128,53,2,5,5,40,9,98,SAT,0.0
6179,2016-10-21,2016-12-07,1862143,12087,44,2,3,5,15,9,98,Not Rated,0.0
6180,2016-10-24,2016-11-04,2475771,11001,62,2,5,5,12,9,98,SAT,0.0
6181,2016-10-24,2016-10-26,802693,865,34,2,6,5,57,9,98,SAT,0.0
6182,2016-10-24,2016-10-25,634007,11217,54,2,3,5,40,9,98,SAT,0.0
6183,2016-10-24,2016-10-24,1772710,2124,51,2,7,1,18,9,98,Not Rated,0.0
6184,2016-10-24,2016-12-14,1810527,9813,19,2,3,5,60,9,98,Not Rated,0.0
6185,2016-10-24,2016-11-30,312277,824,4,2,3,5,11,9,98,SAT,0.0
6186,2016-10-24,2016-10-25,1829903,10130,14,2,3,5,15,9,98,SAT,0.0
6187,2016-10-13,2016-11-02,503372,11796,49,2,5,5,23,9,98,SAT,0.0
6188,2016-10-25,2016-11-25,2135777,11031,34,2,3,5,10,9,98,Not Rated,0.0
6189,2016-10-25,2016-12-14,890784,10072,37,2,3,5,33,9,98,Not Rated,0.0
6190,2016-10-25,2016-12-12,1759780,12510,14,2,3,5,33,9,98,Not Rated,0.0
6191,2016-10-26,2016-11-17,457788,2307,3,2,3,5,50,9,98,Not Rated,0.0
6192,2016-10-17,2016-10-26,48694,10603,15,2,2,1,8,9,98,SAT,0.0
6193,2016-10-27,2016-11-02,36541,10328,40,2,6,5,57,9,98,SAT,0.0
6194,2016-10-27,2016-11-11,117211,9610,28,2,3,5,33,9,98,Not Rated,0.0
6195,2016-10-31,2016-11-07,637278,39,61,2,7,5,15,9,98,Not Rated,0.0
6196,2016-10-27,2016-11-07,198600,11170,32,2,5,5,15,9,98,Not Rated,0.0
6197,2016-10-31,2016-11-03,34389,8853,62,2,6,5,12,9,98,SAT,0.0
6198,2016-10-31,2016-11-01,1868855,10490,78,2,5,5,12,9,98,SAT,0.0
6199,2016-10-31,2016-11-01,2009523,9588,63,2,5,5,12,9,98,SAT,0.0
6200,2016-10-31,2016-12-08,2219647,2307,62,2,3,5,11,9,98,SAT,0.0
6201,2016-10-31,2016-11-01,525487,10067,42,2,7,5,10,9,98,Not Rated,0.0
6202,2016-11-01,2016-11-08,172037,11273,26,2,3,1,12,9,98,SAT,0.0
6203,2016-11-01,2016-11-08,1680317,10646,14,2,3,1,12,9,98,SAT,0.0
6204,2016-10-31,2016-11-28,636556,2340,56,2,5,5,10,9,98,SAT,0.0
6205,2016-11-01,2016-11-17,1801156,10917,69,2,3,5,23,9,98,SAT,0.0
6206,2016-11-01,2016-12-16,2053277,11122,15,2,3,5,50,9,98,Not Rated,0.0
6207,2016-11-01,2016-11-10,1804954,11171,23,2,3,1,15,9,98,Not Rated,0.0
6208,2016-11-02,2016-11-02,1798606,8887,43,1,5,1,12,9,98,SAT,0.0
6209,2016-11-02,2016-11-02,893040,11087,6,2,5,5,10,9,98,SAT,0.0
6210,2016-11-02,2016-12-16,852979,11028,57,2,3,1,10,9,98,Not Rated,0.0
6211,2016-11-02,2016-11-10,197119,9001,34,2,3,5,15,9,98,Not Rated,0.0
6212,2016-11-02,2016-11-03,232700,11172,1,2,5,5,15,9,98,Not Rated,0.0
6213,2016-11-04,2016-11-08,2379696,11179,23,2,6,5,12,9,98,Not Rated,0.0
6214,2016-11-04,2016-11-08,2200747,12367,47,2,5,5,57,9,98,SAT,0.0
6215,2016-11-04,2016-11-09,48548,11131,41,2,6,5,12,9,98,SAT,0.0
6216,2016-11-04,2016-11-09,888574,11158,70,2,5,5,12,9,98,SAT,0.0
6217,2016-11-07,2016-11-07,2039514,8544,32,2,7,5,9,9,98,SAT,0.0
6218,2016-11-07,2016-11-11,197868,11825,17,2,3,5,32,9,98,Not Rated,0.0
6219,2016-11-07,2016-11-09,1829513,11937,11,2,5,5,57,9,98,SAT,0.0
6220,2016-11-07,2016-11-09,841833,8779,5,2,6,5,12,9,98,SAT,0.0
6221,2016-11-07,2016-11-10,2046928,9983,14,2,7,5,10,9,98,Not Rated,0.0
6222,2016-11-02,2016-11-08,1806678,10069,26,2,7,3,15,9,98,Not Rated,0.0
6223,2016-11-04,2016-11-09,2163811,10978,58,2,2,1,15,9,98,SAT,0.0
6224,2016-10-20,2016-12-21,1823152,2380,46,2,3,1,40,9,98,SAT,0.0
6225,2016-11-09,2016-11-09,1689910,11087,50,2,5,5,12,9,98,SAT,0.0
6226,2016-11-09,2016-11-09,2104234,345,72,2,5,5,12,9,98,SAT,0.0
6227,2016-11-09,2016-11-10,630407,10072,23,2,2,1,15,9,98,Not Rated,0.0
6228,2016-11-07,2016-11-11,195709,12192,24,2,3,1,57,9,98,SAT,0.0
6229,2016-11-09,2016-12-22,135906,542,58,2,7,4,10,9,98,Not Rated,0.0
6230,2016-11-10,2016-11-21,848693,9918,16,2,7,5,10,9,98,Not Rated,0.0
6231,2016-11-10,2017-01-10,2307477,8991,71,2,4,5,42,9,98,Not Rated,0.0
6232,2016-11-10,2016-11-11,618293,2696,28,2,5,5,57,9,98,SAT,0.0
6233,2016-10-18,2016-11-09,805587,11148,19,2,5,5,12,9,98,Not Rated,0.0
6234,2016-11-11,2016-11-16,1865833,11212,1,2,6,5,57,9,98,SAT,0.0
6235,2016-11-11,2016-11-16,1802993,11050,70,2,5,5,57,9,98,SAT,0.0
6236,2016-11-11,2016-11-16,708373,1573,24,2,5,4,57,9,98,SAT,0.0
6237,2016-11-11,2016-12-19,1796193,8461,63,2,3,5,45,9,98,Not Rated,0.0
6238,2016-11-14,2016-11-21,1706516,10668,27,2,5,5,57,9,98,SAT,0.0
6239,2016-11-14,2016-11-21,768497,8858,9,2,5,5,57,9,98,SAT,0.0
6240,2016-11-14,2016-11-21,775483,10379,20,2,5,5,57,9,98,SAT,0.0
6241,2016-11-14,2016-12-19,821466,11268,35,2,3,5,45,9,98,Not Rated,0.0
6242,2016-11-15,2016-11-30,853735,11173,16,2,3,5,50,9,98,Not Rated,0.0
6243,2016-11-15,2017-02-07,1776847,10618,28,2,3,5,40,9,98,SAT,0.0
6244,2016-11-15,2016-11-25,670084,11123,23,2,5,5,12,9,98,Not Rated,0.0
6245,2016-11-15,2016-12-09,882201,12333,15,2,7,5,15,9,98,SAT,0.0
6246,2016-11-16,2016-11-21,2358889,10601,51,2,3,5,57,9,98,SAT,0.0
6248,2016-11-17,2016-11-21,788666,7640,19,2,3,5,57,9,98,SAT,0.0
6249,2016-11-17,2016-11-21,2118083,10327,19,2,5,5,57,9,98,SAT,0.0
6250,2016-11-17,2016-11-24,5081,10601,69,2,5,5,57,9,98,Not Rated,0.0
6251,2016-11-17,2016-12-05,262162,753,15,2,2,1,15,9,98,Not Rated,0.0
6252,2016-11-18,2016-11-21,1784806,11001,7,2,3,1,15,9,98,SAT,0.0
6253,2016-11-21,2016-11-24,1770455,1352,46,2,5,5,57,9,98,SAT,0.0
6254,2016-11-21,2016-11-29,1836246,10990,29,2,6,5,58,9,98,SAT,0.0
6255,2016-11-21,2016-11-29,757597,11796,21,2,6,5,58,9,98,SAT,0.0
6256,2016-11-21,2016-11-22,1801275,9211,25,2,5,5,57,9,98,SAT,0.0
6257,2016-11-21,2016-11-24,748508,1956,54,2,6,5,58,9,98,Not Rated,0.0
6258,2016-11-18,2016-11-22,1901297,11100,75,2,2,1,34,9,98,Not Rated,0.0
6259,2016-11-22,2016-11-29,1809216,2519,15,2,5,5,57,9,98,SAT,0.0
6260,2016-11-22,2016-12-05,1828483,9918,70,2,5,5,10,9,98,SAT,0.0
6261,2016-11-22,2016-11-25,796316,10794,17,2,3,5,7,9,98,Not Rated,0.0
6262,2016-11-22,2016-12-15,869206,11638,70,2,5,5,23,9,98,SAT,0.0
6263,2016-11-18,2017-01-26,874264,8605,9,2,3,5,12,9,98,SAT,0.0
6264,2016-11-23,2016-12-14,1709744,11978,8,2,3,5,16,9,98,Not Rated,0.0
6265,2016-11-23,2016-12-13,1886694,10565,67,2,7,5,6,9,98,Not Rated,0.0
6266,2016-11-22,2016-11-24,1913042,11904,33,2,3,5,57,9,98,Not Rated,0.0
6267,2016-11-23,2016-12-16,2274222,12334,35,2,3,5,9,9,98,Not Rated,0.0
6268,2016-11-23,2016-11-28,2485103,11937,45,2,7,5,15,9,98,SAT,0.0
6269,2016-11-24,2016-11-24,1861418,884,22,2,7,5,10,9,98,SAT,0.0
6270,2016-11-21,2016-11-24,2383060,2262,66,2,3,5,15,9,98,SAT,0.0
6271,2016-11-23,2016-12-30,576484,9715,29,2,5,5,10,9,98,SAT,0.0
6272,2016-11-24,2016-12-02,458051,9588,43,2,2,1,15,9,98,Not Rated,0.0
6273,2016-11-24,2017-01-13,634175,9799,27,2,3,5,12,9,98,Not Rated,0.0
6274,2016-11-25,2016-11-29,517705,11163,69,2,5,5,57,9,98,SAT,0.0
6275,2016-11-25,2016-11-29,2458130,909,55,2,5,5,57,9,98,SAT,0.0
6276,2016-11-25,2016-11-29,1808611,10108,30,2,5,5,57,9,98,SAT,0.0
6277,2016-11-25,2017-02-01,158521,11059,43,2,6,5,12,9,98,SAT,0.0
6278,2016-11-23,2016-11-25,1840843,11107,31,2,7,5,32,9,98,Not Rated,0.0
6279,2016-11-25,2017-02-08,210909,11245,77,2,3,5,12,9,98,Not Rated,0.0
6280,2016-11-24,2017-01-25,1867224,1680,25,2,3,5,50,9,98,Not Rated,0.0
6281,2016-11-28,2016-11-29,1907182,12246,56,2,5,5,12,9,98,SAT,0.0
6282,2016-11-28,2016-11-30,113829,2380,18,2,5,5,57,9,98,SAT,0.0
6283,2016-11-28,2016-11-30,2138315,12256,58,2,5,5,57,9,98,SAT,0.0
6284,2016-11-28,2016-11-30,1798834,11493,40,2,5,5,57,9,98,SAT,0.0
6285,2016-11-24,2017-01-05,1854746,8055,76,2,3,5,33,9,98,Not Rated,0.0
6286,2016-11-29,2016-11-30,1947613,586,26,2,5,1,57,9,98,SAT,0.0
6287,2016-11-24,2016-11-29,1790070,486,14,2,3,1,40,9,98,SAT,0.0
6288,2016-11-23,2017-01-12,657415,9377,21,2,5,5,13,9,98,Not Rated,0.0
6289,2016-11-30,2016-12-14,410154,8984,70,2,3,1,15,9,98,SAT,0.0
6290,2016-11-30,2017-01-23,20651,10577,17,2,5,5,10,9,98,SAT,0.0
6291,2016-11-01,2016-11-01,1660669,10623,67,2,3,7,21,9,98,SAT,0.0
6292,2016-12-01,2016-12-02,2018865,11029,46,2,5,1,57,9,98,SAT,0.0
6293,2016-11-04,2016-11-04,839577,11212,5,2,3,1,21,9,98,SAT,0.0
6294,2016-11-04,2016-11-04,2206425,12754,39,2,7,3,15,9,98,Not Rated,0.0
6295,2016-11-30,2016-12-16,776723,138,71,2,5,5,6,9,98,Not Rated,0.0
6296,2016-12-01,2016-12-02,1750684,9853,75,2,5,5,57,9,98,SAT,0.0
6297,2016-12-01,2016-12-02,105498,2007,52,2,6,5,57,9,98,SAT,0.0
6298,2016-12-01,2017-01-12,1800296,10983,70,2,4,5,50,9,98,Not Rated,0.0
6299,2016-12-01,2016-12-16,2435703,73,24,2,3,5,58,9,98,SAT,0.0
6300,2016-12-01,2016-12-07,510186,11001,20,2,6,5,12,9,98,SAT,0.0
6301,2016-12-01,2016-12-02,1869548,9622,41,2,6,5,57,9,98,SAT,0.0
6302,2016-12-01,2016-12-02,1722143,11217,23,2,5,5,57,9,98,SAT,0.0
6303,2016-12-01,2016-12-05,2038779,10693,34,2,99,7,999,9,98,Not Rated,0.0
6304,2016-12-01,2017-01-23,305594,2208,12,2,3,5,10,9,98,SAT,0.0
6305,2016-12-02,2016-12-02,542944,10618,20,2,5,5,57,9,98,SAT,0.0
6306,2016-12-02,2016-12-09,566357,11066,13,2,5,5,57,9,98,SAT,0.0
6307,2016-12-01,2016-12-05,513997,9856,73,2,3,1,8,9,98,Not Rated,0.0
6308,2016-12-05,2017-01-09,1910760,11146,41,2,5,5,15,9,98,Not Rated,0.0
6309,2016-12-02,2016-12-08,1897274,911,55,2,5,5,12,9,98,Not Rated,0.0
6310,2016-11-21,2017-01-19,677340,991,17,2,3,5,6,9,98,Not Rated,0.0
6311,2016-11-24,2016-12-07,24051,10218,61,2,3,5,40,9,98,SAT,0.0
6312,2016-12-05,2016-12-16,2313953,12027,25,2,3,1,57,9,98,SAT,0.0
6313,2016-12-05,2016-12-14,2554557,9440,57,2,5,5,57,9,98,SAT,0.0
6314,2016-12-05,2016-12-14,465544,12621,20,2,5,5,57,9,98,SAT,0.0
6315,2016-12-05,2016-12-15,1700362,10802,44,2,5,5,57,9,98,SAT,0.0
6316,2016-12-05,2016-12-15,429761,12116,34,2,3,5,15,9,98,Not Rated,0.0
6317,2016-12-05,2016-12-15,366269,11916,6,2,5,5,57,9,98,SAT,0.0
6318,2016-12-02,2017-01-04,2368397,10359,27,2,3,5,9,9,98,Not Rated,0.0
6319,2016-12-05,2016-12-16,2057006,11213,14,2,7,3,45,9,98,Not Rated,0.0
6320,2016-12-07,2016-12-15,356484,11768,11,2,5,5,57,9,98,SAT,0.0
6321,2016-12-07,2016-12-15,14433,9559,46,2,5,1,57,9,98,SAT,0.0
6322,2016-12-07,2016-12-15,1815465,10639,16,2,5,1,57,9,98,SAT,0.0
6323,2016-12-07,2016-12-15,1860408,2671,42,2,5,1,57,9,98,SAT,0.0
6324,2016-12-07,2016-12-15,622326,11140,34,2,5,1,57,9,98,SAT,0.0
6325,2016-12-07,2016-12-15,1788370,8891,57,2,3,1,57,9,98,SAT,0.0
6326,2016-12-07,2016-12-15,548302,8399,66,2,5,1,57,9,98,SAT,0.0
6327,2016-12-06,2016-12-27,2270547,2117,56,2,3,5,10,9,98,Not Rated,0.0
6328,2016-12-07,2016-12-15,63920,11272,76,2,3,1,57,9,98,SAT,0.0
6329,2016-12-07,2016-12-15,420009,9892,17,2,3,1,57,9,98,SAT,0.0
6330,2016-12-07,2016-12-15,357480,11469,32,2,5,1,57,9,98,SAT,0.0
6331,2016-12-07,2017-01-23,2440231,11273,19,2,4,5,10,9,98,SAT,0.0
6332,2016-12-08,2016-12-14,2180390,10565,74,2,5,5,57,9,98,SAT,0.0
6333,2016-12-08,2016-12-15,2057330,345,76,2,5,5,57,9,98,SAT,0.0
6334,2016-12-08,2016-12-15,78459,2538,33,2,5,5,57,9,98,SAT,0.0
6335,2016-12-08,2016-12-15,1861619,8991,53,2,5,5,57,9,98,SAT,0.0
6336,2016-12-08,2016-12-15,351248,2531,33,2,5,5,57,9,98,SAT,0.0
6337,2016-12-08,2016-12-15,325334,2378,28,2,5,5,57,9,98,SAT,0.0
6338,2016-12-08,2017-01-31,2004845,10834,6,2,6,5,12,9,98,SAT,0.0
6339,2016-12-09,2016-12-16,793184,9856,40,2,5,5,57,9,98,SAT,0.0
6340,2016-12-08,2016-12-15,1755060,11286,65,2,3,1,15,9,98,SAT,0.0
6341,2016-12-09,2016-12-15,1882557,2316,50,2,5,5,57,9,98,SAT,0.0
6342,2016-12-09,2016-12-09,623844,11133,71,2,3,5,58,9,98,Not Rated,0.0
6343,2016-12-09,2016-12-15,691715,2007,12,2,5,5,57,9,98,SAT,0.0
6344,2016-12-08,2016-12-13,376611,2178,58,2,7,5,32,9,98,Not Rated,0.0
6345,2016-12-09,2016-12-15,1753742,909,52,2,5,5,57,9,98,SAT,0.0
6346,2016-12-09,2016-12-15,2067890,12174,56,2,3,5,6,9,98,SAT,0.0
6347,2016-12-05,2016-12-15,352751,645,22,2,5,1,57,9,98,SAT,0.0
6348,2016-12-12,2017-02-01,18,8385,71,2,3,5,50,9,98,Not Rated,0.0
6349,2016-12-12,2016-12-15,1675007,11277,64,2,5,5,57,9,98,SAT,0.0
6350,2016-12-12,2016-12-16,2496117,10900,53,2,5,5,57,9,98,SAT,0.0
6351,2016-12-12,2016-12-16,1913477,843,36,2,5,5,57,9,98,SAT,0.0
6352,2016-12-12,2016-12-16,288838,9361,35,2,5,5,12,9,98,SAT,0.0
6353,2016-12-12,2017-01-10,1872176,12334,16,2,3,5,60,9,98,Not Rated,0.0
6354,2016-12-13,2016-12-16,2056707,10235,56,2,5,5,57,9,98,SAT,0.0
6355,2016-12-13,2016-12-22,618577,10900,73,2,5,5,57,9,98,SAT,0.0
6356,2016-12-13,2016-12-22,1913074,2208,35,2,5,5,57,9,98,SAT,0.0
6357,2016-12-13,2017-02-01,470656,10749,13,2,5,5,12,9,98,SAT,0.0
6358,2016-12-13,2016-12-22,607381,8359,16,2,5,5,57,9,98,SAT,0.0
6359,2016-12-13,2016-12-21,1887970,11179,55,2,5,5,57,9,98,SAT,0.0
6360,2016-12-13,2016-12-15,62748,1692,54,2,3,5,15,9,98,SAT,0.0
6361,2016-12-14,2016-12-16,217216,8385,71,2,5,5,10,9,98,SAT,0.0
6362,2016-12-14,2016-12-16,2067695,12428,61,2,5,5,57,9,98,SAT,0.0
6363,2016-12-14,2016-12-22,197565,12192,71,2,5,5,57,9,98,SAT,0.0
6364,2016-12-14,2016-12-22,892141,2340,54,2,5,5,57,9,98,SAT,0.0
6365,2016-12-14,2016-12-22,839867,10722,39,2,5,5,57,9,98,SAT,0.0
6366,2016-12-14,2016-12-22,586290,10071,41,2,5,5,57,9,98,SAT,0.0
6367,2016-12-14,2016-12-28,1812871,12475,22,2,5,5,57,9,98,SAT,0.0
6368,2016-12-14,2016-12-22,656898,2178,71,2,5,5,57,9,98,SAT,0.0
6369,2016-12-14,2016-12-28,2134985,10720,6,2,5,5,57,9,98,SAT,0.0
6370,2016-12-14,2016-12-28,2506282,10844,30,2,5,5,57,9,98,SAT,0.0
6371,2016-12-14,2016-12-30,1787368,11960,10,2,5,5,57,9,98,SAT,0.0
6372,2016-12-14,2016-12-30,1700688,1630,24,2,5,5,57,9,98,SAT,0.0
6373,2016-12-14,2016-12-27,848207,11796,22,2,5,5,57,9,98,SAT,0.0
6374,2016-12-14,2017-01-26,684543,1115,60,2,6,5,12,9,98,SAT,0.0
6375,2016-12-14,2017-01-17,1919766,10379,23,1,3,5,8,9,98,Not Rated,0.0
6376,2016-12-15,2017-01-02,888471,2477,12,2,5,5,57,9,98,SAT,0.0
6377,2016-12-15,2016-12-28,532061,1086,75,2,5,5,57,9,98,SAT,0.0
6378,2016-12-15,2016-12-28,175016,300,33,2,5,5,57,9,98,SAT,0.0
6379,2016-12-15,2016-12-28,41250,12345,44,2,5,5,57,9,98,SAT,0.0
6380,2016-12-15,2016-12-30,894204,10327,74,2,5,5,57,9,98,SAT,0.0
6381,2016-12-16,2016-12-27,23702,10071,9,2,5,5,57,9,98,SAT,0.0
6382,2016-12-16,2016-12-22,1851571,801,48,2,5,5,57,9,98,SAT,0.0
6383,2016-12-16,2016-12-28,131476,9856,13,2,5,5,57,9,98,SAT,0.0
6384,2016-12-16,2016-12-28,510436,10978,57,2,5,5,57,9,98,SAT,0.0
6385,2016-12-16,2016-12-28,358332,11077,11,2,5,5,57,9,98,SAT,0.0
6386,2016-12-16,2017-01-02,2145493,10108,42,2,5,5,57,9,98,SAT,0.0
6387,2016-12-16,2016-12-30,1765008,820,52,2,5,5,57,9,98,SAT,0.0
6388,2016-12-16,2017-01-02,1830348,9901,51,2,5,5,57,9,98,SAT,0.0
6389,2016-12-16,2017-01-02,2104598,1879,18,2,5,5,57,9,98,SAT,0.0
6390,2016-12-16,2016-12-20,2018925,11916,69,2,5,5,45,9,98,SAT,0.0
6391,2016-12-19,2016-12-30,825787,10217,4,2,5,5,57,9,98,SAT,0.0
6392,2016-12-19,2017-01-02,1791353,11182,51,2,5,5,57,9,98,SAT,0.0
6393,2016-12-19,2016-12-30,1836672,9419,10,2,5,5,57,9,98,SAT,0.0
6394,2016-12-19,2017-01-02,2018531,2124,60,2,5,5,57,9,98,SAT,0.0
6395,2016-12-19,2017-01-26,895594,796,75,2,5,5,33,9,98,Not Rated,0.0
6396,2016-12-16,2017-01-24,894019,10172,40,2,4,5,15,9,98,SAT,0.0
6397,2016-12-20,2017-01-13,2340861,11133,2,2,2,5,50,9,98,Not Rated,0.0
6398,2016-12-20,2017-02-01,141702,11194,69,1,3,5,50,9,98,Not Rated,0.0
6399,2016-12-20,2017-02-07,440022,10984,30,1,3,5,50,9,98,Not Rated,0.0
6400,2016-12-21,2017-01-02,1851821,9601,10,2,5,5,57,9,98,SAT,0.0
6401,2016-12-21,2017-01-02,666290,10967,64,2,3,1,57,9,98,SAT,0.0
6402,2016-12-21,2016-12-30,491358,11151,71,2,3,5,57,9,98,SAT,0.0
6403,2016-12-21,2016-12-23,2201801,2637,32,2,3,1,57,9,98,Not Rated,0.0
6404,2016-12-21,2017-01-02,363858,10900,1,2,3,1,57,9,98,SAT,0.0
6405,2016-12-21,2017-01-02,547695,1229,40,2,2,1,57,9,98,SAT,0.0
6406,2016-12-21,2017-01-02,428116,8917,6,2,2,1,57,9,98,SAT,0.0
6407,2016-12-21,2017-01-18,2181339,1085,28,2,2,1,57,9,98,SAT,0.0
6408,2016-12-21,2017-01-02,1982402,8882,4,2,2,1,57,9,98,SAT,0.0
6409,2016-12-21,2017-01-02,183846,11171,77,2,3,5,57,9,98,SAT,0.0
6410,2016-12-21,2017-01-02,634443,1873,11,2,3,1,57,9,98,SAT,0.0
6411,2016-12-21,2017-01-02,442639,1303,5,2,2,1,57,9,98,SAT,0.0
6412,2016-12-21,2016-12-30,315609,8820,44,2,2,1,57,9,98,SAT,0.0
6413,2016-12-21,2017-01-02,312795,9370,67,2,2,1,57,9,98,SAT,0.0
6414,2016-12-21,2017-01-02,1901863,12024,36,2,3,5,57,9,98,SAT,0.0
6415,2016-12-21,2017-01-02,796324,11715,35,2,3,5,57,9,98,SAT,0.0
6416,2016-12-21,2017-01-02,1782376,10587,41,2,3,5,57,9,98,SAT,0.0
6417,2016-12-21,2017-01-02,691424,868,62,2,2,1,57,9,98,SAT,0.0
6418,2016-12-21,2017-01-02,255606,11788,34,2,5,5,57,9,98,SAT,0.0
6419,2016-12-22,2016-12-22,1761167,8882,33,2,2,1,15,9,98,Not Rated,0.0
6420,2016-12-20,2017-02-09,895750,8911,8,2,3,5,11,9,98,Not Rated,0.0
6421,2016-12-21,2017-01-23,2032689,2507,68,1,3,5,10,9,98,SAT,0.0
6422,2016-12-22,2017-01-02,1659393,11959,11,2,2,1,57,9,98,SAT,0.0
6423,2016-12-22,2017-02-09,1856534,10050,69,2,5,5,57,9,98,Not Rated,0.0
6424,2016-12-22,2017-01-02,1856629,9560,30,2,3,1,57,9,98,SAT,0.0
6425,2016-12-22,2017-01-17,1887607,11093,24,2,3,5,12,9,98,Not Rated,0.0
6426,2016-12-22,2016-12-30,708704,2637,11,2,5,1,57,9,98,SAT,0.0
6427,2016-12-22,2017-01-02,559455,8120,5,2,6,5,57,9,98,SAT,0.0
6428,2016-12-22,2017-01-04,889803,9051,36,2,5,5,12,9,98,SAT,0.0
6429,2016-12-22,2017-01-02,2036916,11005,36,2,2,1,57,9,98,SAT,0.0
6430,2016-12-22,2017-01-13,301332,7671,60,2,3,5,11,9,98,Not Rated,0.0
6431,2016-12-23,2016-12-30,377951,11768,11,2,2,1,57,9,98,SAT,0.0
6432,2016-12-23,2017-01-02,391949,496,49,2,3,5,57,9,98,SAT,0.0
6433,2016-12-23,2017-01-02,886059,10327,77,2,6,5,57,9,98,SAT,0.0
6434,2016-12-23,2017-01-02,2054472,10147,30,2,2,1,57,9,98,SAT,0.0
6435,2016-12-27,2017-01-02,1807984,10030,3,2,5,5,57,9,98,SAT,0.0
6436,2016-12-27,2017-02-15,182127,119,75,1,3,5,33,9,98,Not Rated,0.0
6437,2016-12-28,2017-01-02,1854155,2124,20,2,5,5,57,9,98,SAT,0.0
6438,2016-12-28,2017-01-02,1876144,10900,8,2,5,5,57,9,98,SAT,0.0
6439,2016-12-28,2017-01-03,858916,10235,38,2,5,5,57,9,98,SAT,0.0
6440,2016-12-28,2017-01-03,341827,9206,77,2,5,5,57,9,98,SAT,0.0
6441,2016-12-28,2017-01-02,2198214,9824,13,2,5,5,57,9,98,SAT,0.0
6442,2016-12-28,2017-01-03,2057328,2532,49,2,5,5,57,9,98,SAT,0.0
6443,2016-12-28,2017-01-04,2225349,9000,33,2,5,5,57,9,98,SAT,0.0
6448,2016-12-28,2017-01-16,1796141,11029,65,2,3,5,1,9,98,SAT,0.0
6449,2016-12-27,2017-01-04,601510,10360,76,2,3,5,15,9,98,SAT,0.0
6450,2016-12-12,2016-12-14,8026,8399,36,2,3,1,40,9,98,SAT,0.0
6451,2016-12-13,2016-12-16,819386,11003,37,2,7,3,15,9,98,Not Rated,0.0
6452,2016-12-29,2017-01-03,156392,1702,29,2,5,5,57,9,98,SAT,0.0
6453,2016-12-29,2017-01-02,253955,125,44,2,5,5,57,9,98,SAT,0.0
6454,2016-12-29,2017-01-03,2059231,865,16,2,5,5,57,9,98,SAT,0.0
6455,2016-12-29,2017-01-04,891140,9901,65,2,5,5,57,9,98,SAT,0.0
6456,2016-12-29,2017-01-02,2084041,2648,64,2,5,5,57,9,98,SAT,0.0
6457,2016-12-30,2017-01-12,895589,1079,74,2,5,5,57,9,98,SAT,0.0
6458,2016-12-30,2017-01-02,415012,922,20,2,5,5,57,9,98,SAT,0.0
6459,2016-12-30,2017-01-11,302023,300,28,2,5,5,57,9,98,SAT,0.0
6460,2016-12-30,2017-01-11,743005,581,32,2,5,5,57,9,98,SAT,0.0
6461,2016-12-30,2017-01-02,512342,11069,66,2,3,1,15,9,98,Not Rated,0.0
6462,2016-12-30,2017-01-16,2080283,12367,55,2,7,7,15,9,98,Not Rated,0.0
6463,2016-12-29,2016-12-30,1853665,1115,68,2,2,1,15,9,98,SAT,0.0
6464,2016-12-30,2017-01-11,2342116,125,43,2,5,5,57,9,98,SAT,0.0
6465,2016-12-30,2017-01-11,707503,11822,55,2,5,5,57,9,98,SAT,0.0
6466,2016-12-30,2017-01-11,594287,1202,36,2,5,5,57,9,98,SAT,0.0
6467,2016-12-30,2017-01-11,332361,12120,55,2,5,5,57,9,98,SAT,0.0
6468,2016-12-30,2017-01-11,2378737,1548,74,2,5,5,57,9,98,SAT,0.0
6469,2016-12-30,2017-01-11,233412,11482,77,2,5,5,57,9,98,SAT,0.0
6470,2016-12-30,2017-01-11,2303485,10668,48,2,5,5,57,9,98,SAT,0.0
6471,2016-12-30,2017-01-02,2010966,10030,50,2,5,5,57,9,98,SAT,0.0
6472,2016-12-30,2017-01-03,1919810,10563,14,2,5,5,57,9,98,SAT,0.0
6473,2016-12-30,2017-01-11,12349,11099,32,2,5,5,57,9,98,SAT,0.0
6474,2016-12-30,2017-01-11,1808357,597,11,2,5,5,57,9,98,NSA,0.0
6475,2016-12-30,2017-01-16,14021,2696,67,2,5,5,57,9,98,SAT,0.0
6476,2016-12-30,2017-01-16,1860802,11148,38,2,5,5,57,9,98,SAT,0.0
6477,2016-12-30,2017-01-13,1834259,9001,70,2,3,5,12,9,98,Not Rated,0.0
6478,2017-01-02,2017-01-11,2079541,12358,55,2,5,5,57,9,98,SAT,0.0
6479,2017-01-02,2017-01-11,561527,10637,25,2,5,5,57,9,98,SAT,0.0
6480,2016-12-30,2017-02-17,541914,11904,58,2,4,5,18,9,98,SAT,0.0
6481,2017-01-02,2017-01-12,2144492,11978,26,2,5,5,57,9,98,SAT,0.0
6482,2017-01-02,2017-01-12,489921,879,72,2,5,5,57,9,98,SAT,0.0
6483,2017-01-02,2017-01-12,1920361,187,30,2,5,5,57,9,98,SAT,0.0
6484,2017-01-02,2017-01-12,2106262,8066,62,2,5,5,57,9,98,SAT,0.0
6485,2017-01-02,2017-01-12,804740,8840,70,2,5,5,57,9,98,SAT,0.0
6486,2017-01-02,2017-01-16,441801,836,47,2,5,5,57,9,98,SAT,0.0
6487,2017-01-02,2017-01-12,879453,865,43,2,5,5,57,9,98,SAT,0.0
6488,2017-01-02,2017-01-12,411316,11151,64,2,5,5,57,9,98,SAT,0.0
6489,2017-01-02,2017-01-16,633481,9715,31,2,5,5,57,9,98,SAT,0.0
6490,2017-01-02,2017-01-12,1885479,11840,41,2,5,5,57,9,98,SAT,0.0
6491,2017-01-02,2017-01-12,1659266,11031,50,2,5,5,57,9,98,SAT,0.0
6492,2017-01-02,2017-01-12,1877657,8887,21,2,5,5,57,9,98,SAT,0.0
6493,2017-01-02,2017-01-16,318894,10987,11,2,5,5,57,9,98,SAT,0.0
6494,2017-01-02,2017-01-12,891833,12066,19,2,5,5,57,9,98,SAT,0.0
6495,2017-01-02,2017-01-09,2034453,12133,2,2,6,5,12,9,98,Not Rated,0.0
6496,2017-01-03,2017-01-09,1617058,2129,64,2,5,5,57,9,98,SAT,0.0
6497,2017-01-03,2017-01-12,107768,1999,53,2,5,5,57,9,98,SAT,0.0
6498,2017-01-03,2017-01-12,630387,11217,19,2,5,5,57,9,98,SAT,0.0
6499,2017-01-03,2017-01-16,2039169,2500,20,2,5,5,57,9,98,SAT,0.0
6500,2017-01-03,2017-02-02,2447025,2230,46,2,5,5,57,9,98,SAT,0.0
6501,2017-01-03,2017-02-09,477868,10639,17,2,5,5,57,9,98,SAT,0.0
6502,2017-01-03,2017-02-14,2313953,10739,30,2,5,5,57,9,98,SAT,0.0
6503,2017-01-03,2017-02-09,1814075,909,71,2,5,5,57,9,98,SAT,0.0
6504,2017-01-03,2017-01-13,1894289,10737,55,2,5,5,57,9,98,SAT,0.0
6505,2017-01-03,2017-01-13,1877150,1352,70,2,5,5,57,9,98,SAT,0.0
6506,2017-01-03,2017-02-09,1856270,8996,36,2,5,5,57,9,98,SAT,0.0
6507,2017-01-03,2017-01-04,572721,9729,47,2,5,5,57,9,98,SAT,0.0
6508,2017-01-03,2017-02-09,667835,2637,7,2,5,5,57,9,98,SAT,0.0
6509,2017-01-03,2017-02-14,357170,2531,47,2,5,5,57,9,98,SAT,0.0
6510,2017-01-03,2017-01-12,1843744,300,11,2,5,5,57,9,98,SAT,0.0
6511,2017-01-03,2017-02-03,890010,10112,32,2,5,5,57,9,98,SAT,0.0
6512,2017-01-03,2017-02-14,2010953,518,29,2,5,5,57,9,98,SAT,0.0
6513,2017-01-03,2017-01-09,585343,11217,69,2,5,5,57,9,98,SAT,0.0
6514,2017-01-03,2017-02-01,474434,12476,9,2,5,5,57,9,98,SAT,0.0
6515,2017-01-03,2017-02-01,201253,11072,27,2,5,5,57,9,98,SAT,0.0
6516,2017-01-03,2017-02-01,2155317,10031,23,2,5,5,57,9,98,SAT,0.0
6517,2017-01-03,2017-01-18,213115,11713,11,2,5,5,57,9,98,SAT,0.0
6518,2017-01-04,2017-02-17,1837047,2107,34,2,5,5,12,9,98,SAT,0.0
6519,2017-01-04,2017-02-03,1848833,10050,20,2,5,5,57,9,98,SAT,0.0
6520,2017-01-04,2017-01-16,315609,9796,11,2,5,5,57,9,98,SAT,0.0
6521,2017-01-04,2017-01-16,1887551,11162,10,2,5,5,57,9,98,SAT,0.0
6522,2017-01-04,2017-01-12,2056039,1291,18,2,5,5,57,9,98,SAT,0.0
6523,2017-01-04,2017-01-12,720572,9562,70,2,5,5,57,9,98,SAT,0.0
6524,2017-01-04,2017-01-12,1873926,11259,38,2,5,5,57,9,98,SAT,0.0
6525,2017-01-04,2017-01-12,621331,11972,46,2,5,5,57,9,98,SAT,0.0
6526,2017-01-04,2017-01-12,1768054,10327,40,2,5,5,57,9,98,SAT,0.0
6527,2017-01-03,2017-01-09,2056375,1999,15,2,3,1,15,9,98,Not Rated,0.0
6528,2017-01-04,2017-01-12,1805436,2601,23,2,5,5,57,9,98,SAT,0.0
6529,2017-01-04,2017-01-18,562699,11153,22,2,5,5,57,9,98,SAT,0.0
6530,2017-01-04,2017-01-12,2433413,2065,32,2,5,5,57,9,98,SAT,0.0
6531,2017-01-04,2017-01-12,1910760,10127,73,2,5,5,57,9,98,SAT,0.0
6532,2017-01-04,2017-01-16,605760,8106,8,2,5,5,57,9,98,SAT,0.0
6533,2017-01-04,2017-01-04,1896624,11119,8,2,2,3,15,9,98,Not Rated,0.0
6534,2017-01-04,2017-01-12,199186,12414,37,2,5,5,57,9,98,SAT,0.0
6535,2017-01-02,2017-01-11,485542,12208,36,2,5,5,12,9,98,SAT,0.0
6536,2017-01-04,2017-01-23,1736668,1865,45,2,3,5,10,9,98,Not Rated,0.0
6537,2017-01-05,2017-01-12,342050,1615,47,2,5,5,57,9,98,SAT,0.0
6538,2017-01-05,2017-01-12,1878972,2676,28,2,5,5,57,9,98,SAT,0.0
6539,2017-01-09,2017-01-11,2227607,1515,70,2,3,1,21,9,98,Not Rated,0.0
6540,2017-01-04,2017-02-21,357246,11051,24,2,3,5,13,9,98,SAT,0.0
6541,2017-01-05,2017-01-12,857745,11796,52,2,5,5,57,9,98,SAT,0.0
6542,2017-01-05,2017-01-12,1793565,12510,55,2,5,5,57,9,98,SAT,0.0
6543,2017-01-05,2017-01-12,1810481,811,26,2,5,5,57,9,98,SAT,0.0
6544,2017-01-05,2017-01-16,1820556,10360,55,2,5,5,57,9,98,SAT,0.0
6545,2017-01-05,2017-01-16,2325294,10948,39,2,5,5,57,9,98,SAT,0.0
6546,2017-01-05,2017-01-16,1948046,8853,25,2,5,5,57,9,98,SAT,0.0
6547,2017-01-05,2017-01-16,169730,11245,40,2,5,5,57,9,98,SAT,0.0
6548,2017-01-05,2017-01-16,480366,11001,35,2,5,5,57,9,98,SAT,0.0
6549,2017-01-05,2017-01-16,247613,10576,58,2,5,5,57,9,98,SAT,0.0
6550,2017-01-05,2017-02-03,689168,10550,36,2,5,5,57,9,98,SAT,0.0
6551,2017-01-05,2017-01-17,513121,542,46,2,5,5,57,9,98,SAT,0.0
6552,2017-01-05,2017-01-17,384333,116,64,2,5,5,57,9,98,Not Rated,0.0
6553,2017-01-05,2017-01-18,188588,10861,3,2,5,5,57,9,98,SAT,0.0
6554,2017-01-05,2017-01-18,480823,10569,49,2,5,5,57,9,98,SAT,0.0
6555,2017-01-05,2017-01-18,845451,11121,20,2,5,5,57,9,98,SAT,0.0
6556,2017-01-05,2017-01-18,769735,11093,46,2,5,5,57,9,98,SAT,0.0
6557,2017-01-05,2017-01-13,1841053,11118,49,2,5,5,12,9,98,SAT,0.0
6558,2017-01-05,2017-02-24,740704,11030,25,2,3,5,11,9,98,SAT,0.0
6559,2017-01-09,2017-01-17,2120172,1328,3,2,5,5,57,9,98,SAT,0.0
6560,2017-01-09,2017-02-14,2053506,10225,1,2,5,5,57,9,98,SAT,0.0
6561,2017-01-09,2017-01-18,890000,2384,32,2,5,5,57,9,98,SAT,0.0
6562,2017-01-09,2017-01-18,133060,960,18,2,5,5,57,9,98,SAT,0.0
6563,2017-01-09,2017-03-03,1859991,12034,69,2,5,5,57,9,98,SAT,0.0
6564,2017-01-09,2017-01-10,2345862,11173,2,2,5,5,10,9,98,Not Rated,0.0
6565,2017-01-09,2017-02-15,1689939,9601,3,2,5,5,57,9,98,SAT,0.0
6566,2017-01-09,2017-02-15,1860373,10534,51,2,5,5,57,9,98,SAT,0.0
6567,2017-01-09,2017-02-14,2107622,12617,77,2,5,5,57,9,98,SAT,0.0
6568,2017-01-09,2017-01-23,1868814,2316,65,2,5,5,57,9,98,SAT,0.0
6569,2017-01-09,2017-02-15,2037918,9395,34,2,5,5,57,9,98,SAT,0.0
6570,2017-01-09,2017-01-30,1674909,12572,8,2,5,5,57,9,98,SAT,0.0
6571,2017-01-09,2017-01-23,1796277,1695,69,2,5,5,57,9,98,SAT,0.0
6572,2017-01-09,2017-01-23,435112,8053,53,2,5,5,57,9,98,SAT,0.0
6573,2017-01-09,2017-01-23,628504,11094,41,2,5,5,57,9,98,SAT,0.0
6574,2017-01-09,2017-01-23,2120172,12174,15,2,5,5,57,9,98,SAT,0.0
6575,2017-01-09,2017-01-23,2129121,11980,60,2,5,5,57,9,98,SAT,0.0
6576,2017-01-09,2017-01-23,646888,2801,63,2,5,5,57,9,98,SAT,0.0
6577,2016-12-27,2017-01-12,478644,11114,9,2,3,5,50,9,98,Not Rated,0.0
6578,2017-01-09,2017-01-23,1814311,9857,64,2,5,5,57,9,98,SAT,0.0
6579,2017-01-09,2017-01-23,728354,8066,4,2,5,5,57,9,98,SAT,0.0
6580,2017-01-09,2017-02-21,2289944,11179,60,2,5,5,57,9,98,SAT,0.0
6581,2017-01-09,2017-01-23,720798,11552,9,2,5,5,57,9,98,SAT,0.0
6582,2017-01-09,2017-02-14,1825808,11001,38,2,5,5,57,9,98,SAT,0.0
6583,2017-01-09,2017-01-23,793709,9270,17,2,5,5,57,9,98,SAT,0.0
6584,2017-01-09,2017-03-03,2115004,10744,70,2,5,5,57,9,98,SAT,0.0
6585,2017-01-09,2017-01-26,2088706,12038,3,2,5,5,57,9,98,SAT,0.0
6586,2017-01-09,2017-01-26,2068768,10037,3,2,5,5,57,9,98,SAT,0.0
6587,2017-01-09,2017-01-26,650718,2124,71,2,5,5,57,9,98,SAT,0.0
6588,2017-01-09,2017-01-26,2052809,11713,10,2,5,5,57,9,98,SAT,0.0
6589,2017-01-09,2017-01-26,116345,8858,51,2,5,5,57,9,98,SAT,0.0
6590,2017-01-09,2017-01-26,421980,494,33,2,5,5,57,9,98,SAT,0.0
6591,2017-01-09,2017-01-26,284827,10603,16,2,5,5,57,9,98,SAT,0.0
6592,2017-01-09,2017-01-26,1837818,9901,78,2,5,5,57,9,98,SAT,0.0
6593,2017-01-09,2017-01-26,2421920,671,76,2,5,5,57,9,98,SAT,0.0
6594,2017-01-09,2017-01-26,711405,9983,77,2,5,5,57,9,98,SAT,0.0
6595,2017-01-05,2017-02-03,473390,518,21,2,5,5,21,9,98,Not Rated,0.0
6596,2017-01-10,2017-01-30,2361251,2172,68,2,5,5,57,9,98,SAT,0.0
6597,2017-01-10,2017-01-26,887258,9206,33,2,5,5,57,9,98,SAT,0.0
6598,2017-01-10,2017-01-26,2410066,12754,55,2,5,5,57,9,98,SAT,0.0
6599,2017-01-10,2017-01-26,1787966,235,9,2,5,5,57,9,98,SAT,0.0
6600,2017-01-10,2017-01-25,1908229,11286,38,2,5,5,12,9,98,SAT,0.0
6601,2017-01-10,2017-01-26,2488818,11078,25,2,5,5,57,9,98,SAT,0.0
6602,2017-01-10,2017-01-26,2056707,9560,76,2,5,5,57,9,98,SAT,0.0
6603,2017-01-10,2017-01-26,2170497,11170,56,2,5,5,57,9,98,SAT,0.0
6604,2017-01-10,2017-01-26,1690314,11188,58,2,5,5,57,9,98,SAT,0.0
6605,2017-01-10,2017-01-26,1896099,11747,44,2,5,5,57,9,98,SAT,0.0
6606,2017-01-10,2017-02-01,2069728,9085,29,2,5,5,57,9,98,SAT,0.0
6607,2017-01-10,2017-02-01,849338,12133,26,2,5,5,57,9,98,SAT,0.0
6608,2017-01-10,2017-02-02,863214,12299,53,2,5,5,57,9,98,SAT,0.0
6609,2017-01-10,2017-02-01,1803469,8984,47,2,5,5,57,9,98,SAT,0.0
6610,2017-01-10,2017-02-01,1762579,9893,70,2,5,5,57,9,98,SAT,0.0
6611,2017-01-10,2017-02-01,1819752,2614,7,2,5,5,57,9,98,SAT,0.0
6612,2017-01-10,2017-02-01,1554,9918,60,2,5,5,57,9,98,SAT,0.0
6613,2017-01-10,2017-02-02,1905184,10361,49,2,5,5,57,9,98,SAT,0.0
6614,2017-01-10,2017-02-02,1913029,11747,22,2,5,5,57,9,98,SAT,0.0
6615,2017-01-10,2017-02-02,471829,12605,61,2,5,5,57,9,98,SAT,0.0
6616,2017-01-10,2017-01-31,1861076,8911,29,2,5,5,57,9,98,SAT,0.0
6617,2017-01-10,2017-03-03,682460,10676,2,2,5,5,57,9,98,SAT,0.0
6618,2017-01-10,2017-02-02,612970,8385,55,2,5,5,57,9,98,SAT,0.0
6619,2017-01-10,2017-02-13,1893386,12044,77,2,5,7,33,9,98,Not Rated,0.0
6620,2017-01-10,2017-02-13,2387308,11114,47,2,3,7,33,9,98,Not Rated,0.0
6621,2017-01-11,2017-02-24,889220,9893,5,2,3,5,12,9,98,Not Rated,0.0
6622,2017-01-11,2017-02-15,685509,10345,49,2,5,5,57,9,98,SAT,0.0
6623,2017-01-11,2017-02-15,1984552,11942,28,2,5,5,57,9,98,SAT,0.0
6624,2017-01-11,2017-02-02,1843523,10948,22,2,5,5,57,9,98,SAT,0.0
6625,2017-01-11,2017-02-02,498925,10328,69,2,5,5,57,9,98,SAT,0.0
6626,2017-01-11,2017-02-03,1837063,1499,75,2,5,5,57,9,98,SAT,0.0
6627,2017-01-11,2017-02-03,176587,1875,21,2,5,5,57,9,98,SAT,0.0
6628,2017-01-11,2017-01-13,680059,8996,13,2,3,5,40,9,98,Not Rated,0.0
6629,2016-12-27,2017-01-13,1607048,10069,52,2,5,3,31,9,98,SAT,0.0
6630,2017-01-12,2017-02-03,505820,11140,34,2,5,5,57,9,98,SAT,0.0
6631,2017-01-12,2017-02-03,1784805,11136,41,2,5,5,57,9,98,SAT,0.0
6632,2017-01-12,2017-02-06,444172,10037,44,2,5,5,12,9,98,SAT,0.0
6633,2017-01-12,2017-02-06,360204,12354,11,2,5,5,57,9,98,SAT,0.0
6634,2017-01-12,2017-01-16,842324,7979,21,2,3,5,11,9,98,SAT,0.0
6635,2017-01-12,2017-01-12,1754240,11087,44,2,2,1,15,9,98,Not Rated,0.0
6636,2017-01-13,2017-02-06,116345,10844,3,2,5,5,57,9,98,SAT,0.0
6637,2017-01-13,2017-03-03,1803176,9559,15,2,5,5,57,9,98,SAT,0.0
6638,2017-01-13,2017-02-06,1876193,10623,3,2,5,5,57,9,98,SAT,0.0
6639,2017-01-13,2017-01-23,841833,119,56,2,5,5,57,9,98,SAT,0.0
6640,2017-01-13,2017-02-06,895552,11148,30,2,5,5,12,9,98,SAT,0.0
6641,2017-01-13,2017-02-08,775806,11999,71,2,5,5,12,9,98,SAT,0.0
6642,2017-01-13,2017-02-15,720015,1994,65,2,3,5,33,9,98,Not Rated,0.0
6643,2017-01-13,2017-01-16,895966,12038,64,2,3,1,15,9,98,Not Rated,0.0
6644,2017-01-12,2017-02-09,895323,9361,1,2,5,5,32,9,98,Not Rated,0.0
6645,2017-01-16,2017-01-16,329240,2175,56,2,5,5,12,9,98,Not Rated,0.0
6646,2017-01-16,2017-02-08,16534,1202,49,2,5,5,57,9,98,SAT,0.0
6647,2017-01-16,2017-02-21,2254150,1097,74,2,5,5,57,9,98,SAT,0.0
6648,2017-01-16,2017-02-14,386585,9377,25,2,5,5,57,9,98,SAT,0.0
6649,2017-01-16,2017-02-08,89805,2316,71,2,5,5,57,9,98,SAT,0.0
6650,2017-01-16,2017-01-23,1683172,879,73,2,5,5,12,9,98,Not Rated,0.0
6651,2017-01-16,2017-02-02,567057,1865,50,2,7,8,12,9,98,SAT,0.0
6652,2017-01-17,2017-02-08,2206862,12174,45,2,5,5,57,9,98,SAT,0.0
6653,2017-01-17,2017-02-07,1904097,8120,20,2,5,5,57,9,98,SAT,0.0
6654,2017-01-17,2017-02-08,115694,1517,54,2,5,5,57,9,98,SAT,0.0
6655,2017-01-17,2017-02-08,2216177,1097,12,2,5,5,57,9,98,SAT,0.0
6656,2017-01-17,2017-02-08,703018,10720,70,2,5,5,57,9,98,SAT,0.0
6657,2017-01-17,2017-02-03,1864308,1526,3,2,5,5,57,9,98,SAT,0.0
6658,2017-01-17,2017-02-02,1867223,10345,33,2,5,5,57,9,98,SAT,0.0
6659,2017-01-17,2017-01-18,2134522,12181,1,2,7,5,10,9,98,SAT,0.0
6660,2017-01-12,2017-03-03,320301,11768,36,2,5,5,13,9,98,Not Rated,0.0
6661,2017-01-18,2017-02-02,1706215,745,15,2,3,5,40,9,98,SAT,0.0
6662,2017-01-18,2017-02-08,2058990,2559,46,2,5,5,57,9,98,SAT,0.0
6663,2017-01-18,2017-02-08,2457170,1695,68,2,5,5,57,9,98,SAT,0.0
6664,2017-01-18,2017-02-08,1845925,1573,10,2,5,5,57,9,98,SAT,0.0
6665,2017-01-18,2017-02-09,1908314,2502,64,2,3,5,7,9,98,SAT,0.0
6666,2017-01-18,2017-02-06,272726,9588,20,2,5,5,57,9,98,SAT,0.0
6667,2017-01-16,2017-02-14,351248,11262,46,2,3,5,11,9,98,SAT,0.0
6668,2017-01-18,2017-02-01,2206439,10507,6,2,3,7,18,9,98,Not Rated,0.0
6669,2017-01-18,2017-02-07,2018885,1573,64,2,3,5,15,9,98,Not Rated,0.0
6670,2017-01-17,2017-01-25,2066127,11954,75,2,3,5,40,9,98,SAT,0.0
6671,2017-01-19,2017-02-14,20746,11127,45,2,5,5,57,9,98,SAT,0.0
6672,2017-01-19,2017-02-14,2429172,8887,73,2,5,5,57,9,98,SAT,0.0
6673,2017-01-19,2017-01-26,116323,9370,71,2,5,5,44,9,98,SAT,0.0
6674,2017-01-19,2017-02-14,2105023,8432,71,2,5,5,57,9,98,SAT,0.0
6675,2017-01-19,2017-03-03,1816540,11158,28,2,5,5,57,9,98,SAT,0.0
6676,2017-01-19,2017-01-26,755945,9247,78,2,5,5,57,9,98,SAT,0.0
6677,2017-01-19,2017-01-20,1711156,8530,61,2,5,5,57,9,98,SAT,0.0
6678,2017-01-20,2017-02-01,1863903,11059,23,2,3,5,50,9,98,Not Rated,0.0
6679,2017-01-20,2017-01-31,1831106,11011,28,2,5,5,9,9,98,Not Rated,0.0
6680,2017-01-20,2017-02-15,2226308,9893,57,2,5,5,57,9,98,SAT,0.0
6681,2017-01-20,2017-01-27,662675,7682,46,2,5,5,15,9,98,Not Rated,0.0
6682,2017-01-20,2017-04-03,348364,1500,78,2,6,5,12,9,98,Not Rated,0.0
6683,2017-01-20,2017-02-15,1844550,10639,4,2,5,5,57,9,98,SAT,0.0
6684,2017-01-20,2017-01-30,1864340,1515,44,2,3,5,50,9,98,Not Rated,0.0
6685,2017-01-20,2017-01-23,2080653,9445,51,2,3,5,33,9,98,Not Rated,0.0
6686,2017-01-20,2017-01-23,1828483,7654,33,2,3,5,33,9,98,Not Rated,0.0
6687,2017-01-23,2017-02-03,1900893,194,19,2,3,5,50,9,98,SAT,0.0
6688,2017-01-23,2017-01-31,569803,12476,69,2,5,5,33,9,98,Not Rated,0.0
6689,2017-01-23,2017-03-09,1865488,1106,27,2,5,5,33,9,98,SAT,0.0
6690,2017-01-20,2017-02-17,576425,10892,53,2,5,5,18,9,98,SAT,0.0
6691,2017-01-23,2017-01-26,530442,11788,51,2,5,5,57,9,98,SAT,0.0
6692,2017-01-23,2017-05-03,818527,10983,23,2,5,5,12,9,98,Not Rated,0.0
6693,2017-01-23,2017-01-30,859328,356,31,2,5,5,57,9,98,SAT,0.0
6694,2017-01-23,2017-03-23,2221784,9206,76,2,3,1,12,9,98,SAT,0.0
6695,2017-01-23,2017-02-15,18,12102,61,2,5,5,12,9,98,SAT,0.0
6696,2017-01-10,2017-01-24,1792181,12334,13,2,99,7,999,9,98,Not Rated,0.0
6697,2017-01-23,2017-01-27,225888,10443,19,2,5,3,15,9,98,SAT,0.0
6698,2017-01-23,2017-01-31,1878136,10917,17,2,5,3,9,9,98,Not Rated,0.0
6699,2017-01-20,2017-01-24,867178,11822,73,2,3,5,33,9,98,Not Rated,0.0
6700,2017-01-20,2017-01-24,216798,2262,30,2,3,5,33,9,98,Not Rated,0.0
6701,2017-01-20,2017-03-07,460605,2307,66,2,3,5,33,9,98,Not Rated,0.0
6702,2017-01-23,2017-02-24,825357,843,73,2,3,5,12,9,98,SAT,0.0
6703,2017-01-24,2017-02-21,707404,2230,44,2,5,5,57,9,98,SAT,0.0
6704,2017-01-24,2017-02-16,895034,9983,28,2,5,5,57,9,98,SAT,0.0
6705,2017-01-24,2017-03-03,2488817,11003,39,2,5,5,57,9,98,SAT,0.0
6706,2017-01-24,2017-02-20,1919472,2559,32,2,6,5,57,9,98,SAT,0.0
6707,2017-01-25,2017-05-08,1856621,11093,71,2,5,5,12,9,98,SAT,0.0
6708,2017-01-25,2017-01-30,1913784,598,22,2,5,5,12,9,98,SAT,0.0
6709,2017-01-25,2017-02-17,1898527,10989,17,2,5,5,57,9,98,SAT,0.0
6710,2017-01-24,2017-01-27,105863,11066,7,2,3,1,15,9,98,Not Rated,0.0
6711,2017-01-25,2017-01-30,1683477,10637,54,2,3,5,15,9,98,Not Rated,0.0
6712,2017-01-25,2017-02-01,806979,10967,52,1,3,5,50,9,98,Not Rated,0.0
6713,2017-01-26,2017-03-03,1824418,11146,78,2,5,5,57,9,98,SAT,0.0
6714,2017-01-26,2017-02-21,207142,12299,14,2,5,5,57,9,98,SAT,0.0
6715,2017-01-26,2017-02-07,1641032,1876,28,2,5,5,57,9,98,Not Rated,0.0
6716,2017-01-26,2017-02-07,602338,10055,8,2,5,5,57,9,98,SAT,0.0
6717,2017-01-26,2017-02-02,1817664,542,51,2,4,7,50,9,98,Not Rated,0.0
6718,2017-01-26,2017-03-09,666749,175,45,2,5,5,12,9,98,Not Rated,0.0
6719,2017-01-27,2017-02-08,777236,8953,22,1,5,5,12,9,98,Not Rated,0.0
6720,2017-01-27,2017-03-27,2430253,7626,20,2,3,5,12,9,98,SAT,0.0
6721,2017-01-27,2017-02-21,1849967,8970,57,2,5,5,57,9,98,SAT,0.0
6722,2017-01-27,2017-02-21,440283,10993,78,2,5,5,57,9,98,SAT,0.0
6723,2017-01-26,2017-03-22,2202854,10235,29,2,3,5,23,9,98,SAT,0.0
6724,2017-01-27,2017-02-24,323376,10426,14,2,3,5,15,9,98,Not Rated,0.0
6725,2017-01-27,2017-03-09,338893,12414,52,2,3,5,15,9,98,Not Rated,0.0
6726,2017-01-30,2017-02-28,2119240,978,28,2,5,3,45,9,98,SAT,0.0
6727,2017-01-31,2017-02-21,1942850,12621,74,2,5,5,57,9,98,SAT,0.0
6728,2017-01-31,2017-03-03,1690156,9001,58,2,5,5,57,9,98,SAT,0.0
6729,2017-01-31,2017-02-28,1856270,11537,27,2,5,5,57,9,98,SAT,0.0
6730,2017-01-31,2017-02-13,2303357,1748,33,2,5,5,12,9,98,SAT,0.0
6731,2017-02-01,2017-02-28,2532293,10260,58,2,5,5,57,9,98,SAT,0.0
6732,2017-02-01,2017-02-28,1849325,1419,41,2,4,5,58,9,98,Not Rated,0.0
6733,2017-02-01,2017-02-28,2097212,9706,52,2,5,5,57,9,98,SAT,0.0
6734,2017-02-01,2017-02-28,2055684,12428,55,2,5,5,57,9,98,SAT,0.0
6735,2017-01-27,2017-03-09,1815465,1873,25,2,5,5,12,9,98,Not Rated,0.0
6736,2017-02-02,2017-02-28,1674792,11139,54,2,5,5,57,9,98,SAT,0.0
6737,2017-02-02,2017-03-10,1814441,11050,49,2,5,5,12,9,98,Not Rated,0.0
6738,2017-01-11,2017-01-12,2175525,2656,47,2,7,8,15,9,98,SAT,0.0
6739,2017-01-31,2017-02-03,630942,12024,45,2,5,5,12,9,98,SAT,0.0
6740,2017-02-03,2017-03-01,1824995,11493,31,2,6,5,12,9,98,SAT,0.0
6741,2017-02-03,2017-02-16,1878028,10728,34,2,5,5,10,9,98,SAT,0.0
6742,2017-02-03,2017-02-06,788666,753,60,2,5,5,57,9,98,SAT,0.0
6743,2017-02-03,2017-02-03,1867171,10260,46,2,5,5,12,9,98,Not Rated,0.0
6744,2017-02-03,2017-02-07,354717,12003,12,2,3,5,42,9,98,Not Rated,0.0
6745,2017-02-06,2017-02-07,617185,11715,2,2,3,5,12,9,98,SAT,0.0
6746,2017-02-06,2017-02-10,148932,12003,58,2,5,5,57,9,98,SAT,0.0
6747,2017-02-06,2017-02-10,876573,1465,56,2,5,5,12,9,98,Not Rated,0.0
6748,2017-02-06,2017-03-01,2055469,8766,56,2,5,5,57,9,98,SAT,0.0
6749,2017-02-06,2017-02-24,12201,8662,52,2,5,5,12,9,98,SAT,0.0
6750,2017-02-06,2017-02-07,893799,12133,74,2,5,5,4,9,98,SAT,0.0
6751,2017-02-06,2017-02-07,58952,10107,72,2,3,5,50,9,98,Not Rated,0.0
6752,2017-02-07,2017-03-01,2382704,9803,6,2,5,5,57,9,98,SAT,0.0
6753,2017-02-07,2017-03-01,20077,586,6,2,5,5,57,9,98,SAT,0.0
6754,2017-02-07,2017-03-03,527047,2158,51,2,5,5,57,9,98,SAT,0.0
6755,2017-02-07,2017-04-21,894284,12125,24,2,3,5,11,9,98,SAT,0.0
6756,2017-02-07,2017-02-10,812595,2648,50,2,3,5,45,9,98,SAT,0.0
6757,2017-02-07,2017-02-09,1813207,9359,35,2,3,1,10,9,98,Not Rated,0.0
6758,2017-02-08,2017-02-28,2238391,9706,41,2,5,5,12,9,98,SAT,0.0
6759,2017-02-08,2017-03-01,842346,12563,78,2,5,5,57,9,98,SAT,0.0
6760,2017-02-08,2017-03-08,2444185,9562,70,2,3,5,12,9,98,SAT,0.0
6761,2017-02-08,2017-02-08,2104285,868,1,2,7,5,4,9,98,Not Rated,0.0
6762,2017-02-08,2017-03-17,1811107,8507,14,2,3,5,21,9,98,Not Rated,0.0
6763,2017-02-06,2017-04-06,1708551,529,16,2,3,1,15,9,98,Not Rated,0.0
6764,2017-02-09,2017-03-03,1815782,10802,1,2,5,5,57,9,98,SAT,0.0
6765,2017-02-09,2017-03-03,1689705,1512,56,2,5,5,57,9,98,SAT,0.0
6766,2017-02-09,2017-02-17,496919,9933,9,2,5,5,57,9,98,SAT,0.0
6767,2017-02-09,2017-04-11,2236042,1350,41,2,3,5,15,9,98,SAT,0.0
6768,2017-02-10,2017-03-01,1792739,11230,77,2,5,5,57,9,98,Not Rated,0.0
6769,2017-02-10,2017-02-17,602001,11158,14,2,5,5,57,9,98,SAT,0.0
6770,2017-02-10,2017-03-01,79655,1994,62,2,5,5,12,9,98,SAT,0.0
6771,2017-02-10,2017-03-24,408128,10147,43,2,3,5,50,9,98,Not Rated,0.0
6772,2017-02-13,2017-02-21,34031,9798,67,2,3,5,40,9,98,Not Rated,0.0
6773,2017-02-13,2017-02-15,681927,9670,67,2,7,1,55,9,98,Not Rated,0.0
6774,2017-02-10,2017-02-10,2493350,11916,9,2,3,5,50,9,98,Not Rated,0.0
6775,2017-02-14,2017-03-28,710754,10116,56,2,3,5,7,9,98,SAT,0.0
6776,2017-02-14,2017-02-20,1913069,8919,16,2,7,5,55,9,98,SAT,0.0
6777,2017-02-14,2017-03-01,2058620,11011,44,2,5,5,57,9,98,SAT,0.0
6778,2017-02-14,2017-03-03,2125569,7654,1,2,5,5,57,9,98,SAT,0.0
6779,2017-02-14,2017-02-16,362218,1092,24,2,6,5,57,9,98,SAT,0.0
6780,2017-02-14,2017-03-03,421856,2117,74,2,5,5,12,9,98,SAT,0.0
6781,2017-02-14,2017-03-01,2224507,11972,9,2,5,5,12,9,98,Not Rated,0.0
6782,2017-02-14,2017-03-03,601034,601,24,2,5,5,57,9,98,SAT,0.0
6783,2017-02-09,2017-04-12,2066681,238,65,1,3,5,42,9,98,Not Rated,0.0
6784,2017-02-15,2017-03-01,1943817,269,26,2,5,5,12,9,98,SAT,0.0
6785,2017-02-15,2017-03-01,318284,11153,23,2,5,5,12,9,98,SAT,0.0
6786,2017-02-15,2017-03-09,404654,11537,73,2,3,5,15,9,98,Not Rated,0.0
6787,2017-02-14,2017-05-08,1809393,10987,48,2,3,5,12,9,98,SAT,0.0
6788,2017-02-15,2017-05-04,414724,8066,18,2,3,5,6,9,98,Not Rated,0.0
6789,2017-02-15,2017-04-03,1851852,11163,9,2,3,5,33,9,98,Not Rated,0.0
6790,2017-02-16,2017-03-02,766982,10861,20,2,5,5,44,9,98,SAT,0.0
6791,2017-02-17,2017-02-17,293714,11788,47,2,3,1,40,9,98,Not Rated,0.0
6792,2017-02-17,2017-04-13,1758624,10430,48,2,3,5,40,9,98,SAT,0.0
6793,2017-02-17,2017-03-27,32064,1253,12,2,3,5,40,9,98,SAT,0.0
6794,2017-02-17,2017-03-15,896050,12208,60,2,3,5,12,9,98,SAT,0.0
6795,2017-02-13,2017-02-21,1836293,11127,34,2,7,5,12,9,98,Not Rated,0.0
6796,2017-02-20,2017-03-09,2455113,10603,28,2,3,5,12,9,98,SAT,0.0
6797,2017-02-20,2017-03-02,285163,10563,30,2,5,5,50,9,98,SAT,0.0
6798,2017-02-21,2017-03-22,77538,151,70,2,5,5,12,9,98,Not Rated,0.0
6799,2017-02-21,2017-02-23,892266,12038,64,2,3,1,40,9,98,Not Rated,0.0
6800,2017-02-21,2017-03-23,466100,11275,19,2,3,5,33,9,98,Not Rated,0.0
6801,2017-02-21,2017-04-28,1646407,8063,4,2,5,5,10,9,98,Not Rated,0.0
6802,2017-02-22,2017-03-03,2402700,11278,19,2,5,5,57,9,98,SAT,0.0
6803,2017-02-20,2017-03-06,2456611,10850,78,2,3,7,35,9,98,Not Rated,0.0
6804,2017-02-22,2017-03-15,2428079,8484,16,2,3,5,12,9,98,Not Rated,0.0
6805,2017-02-23,2017-02-28,1769279,11147,69,2,3,1,7,9,98,Not Rated,0.0
6806,2017-02-23,2017-03-03,280534,8484,73,2,5,5,57,9,98,SAT,0.0
6807,2017-02-21,2017-05-30,1852082,8946,56,2,3,5,40,9,98,SAT,0.0
6808,2017-02-23,2017-03-02,1859385,824,68,2,2,1,15,9,98,Not Rated,0.0
6809,2017-02-24,2017-03-16,1721246,12333,42,2,3,5,60,9,98,Not Rated,0.0
6810,2017-02-24,2017-03-02,540789,9272,18,2,5,5,12,9,98,SAT,0.0
6811,2017-02-24,2017-03-03,695009,1275,20,2,5,5,12,9,98,SAT,0.0
6812,2017-02-24,2017-03-16,1787653,1440,24,2,5,5,33,9,98,Not Rated,0.0
6813,2017-02-21,2017-03-24,511926,11493,29,2,3,5,7,9,98,SAT,0.0
6814,2017-02-28,2017-03-02,246371,865,35,2,3,1,15,9,98,SAT,0.0
6815,2017-02-28,2017-03-03,2170442,11245,51,2,5,5,57,9,98,SAT,0.0
6816,2017-03-01,2017-03-28,2222103,8885,7,2,3,5,45,9,98,SAT,0.0
6817,2017-03-02,2017-03-15,1599675,1526,24,2,3,1,12,9,98,Not Rated,0.0
6818,2017-03-02,2017-03-06,2067097,858,10,2,5,5,12,9,98,SAT,0.0
6819,2017-03-02,2017-03-06,2348752,10361,36,2,5,5,12,9,98,SAT,0.0
6820,2017-03-02,2017-03-07,1801621,10020,36,2,6,5,57,9,98,SAT,0.0
6821,2017-03-02,2017-03-03,489136,8779,6,2,5,5,12,9,98,SAT,0.0
6822,2017-03-02,2017-03-10,1724629,791,27,2,5,5,12,9,98,SAT,0.0
6823,2017-03-02,2017-03-15,145969,9000,33,2,5,5,12,9,98,Not Rated,0.0
6824,2017-03-10,2017-03-22,1882190,10147,76,2,3,1,33,9,98,Not Rated,0.0
6825,2017-03-02,2017-03-03,1820616,1081,53,2,5,5,12,9,98,Not Rated,0.0
6826,2017-03-03,2017-03-03,693008,8507,34,2,5,5,57,9,98,SAT,0.0
6827,2017-03-03,2017-03-10,42474,10659,49,2,5,5,57,9,98,SAT,0.0
6828,2017-03-03,2017-03-23,2079542,9726,10,2,5,5,57,9,98,SAT,0.0
6829,2017-03-03,2017-03-08,1842086,11482,7,2,3,7,12,9,98,Not Rated,0.0
6830,2017-03-03,2017-03-03,889221,9858,66,2,2,1,40,9,98,Not Rated,0.0
6831,2017-03-06,2017-03-10,747751,2384,66,2,5,5,12,9,98,SAT,0.0
6832,2017-03-06,2017-03-07,23801,9893,39,2,5,5,57,9,98,SAT,0.0
6833,2017-03-01,2017-03-22,1788371,9001,13,2,5,5,40,9,98,SAT,0.0
6834,2017-03-01,2017-04-24,891806,8569,19,2,3,5,58,9,98,Not Rated,0.0
6835,2017-03-06,2017-04-11,640913,11263,4,2,3,5,45,9,98,SAT,0.0
6836,2017-03-06,2017-03-09,1727501,1516,75,2,5,7,12,9,98,Not Rated,0.0
6837,2017-03-07,2017-03-07,468007,12333,70,2,5,5,12,9,98,SAT,0.0
6838,2017-03-07,2017-04-13,193692,1692,77,2,3,5,42,9,98,Not Rated,0.0
6839,2017-03-01,2017-03-13,1919794,10326,21,2,3,5,12,9,98,SAT,0.0
6840,2017-03-09,2017-03-21,895866,10235,13,1,3,5,50,9,98,Not Rated,0.0
6841,2017-03-09,2017-03-14,2115154,11487,66,2,5,5,57,9,98,SAT,0.0
6842,2017-03-09,2017-03-14,118433,1097,53,2,5,5,57,9,98,Not Rated,0.0
6843,2017-03-09,2017-03-14,1819771,9393,56,2,5,5,57,9,98,SAT,0.0
6844,2017-03-10,2017-03-14,2163308,8367,28,2,5,5,57,9,98,SAT,0.0
6845,2017-03-10,2017-03-14,2222685,2380,67,2,5,5,57,9,98,SAT,0.0
6846,2017-03-10,2017-03-14,404931,11287,12,2,5,5,57,9,98,SAT,0.0
6847,2017-03-10,2017-03-14,854629,1702,6,2,5,5,57,9,98,SAT,0.0
6848,2017-03-10,2017-03-22,2382196,2648,28,2,5,5,57,9,98,SAT,0.0
6849,2017-03-07,2017-04-26,815719,8911,78,2,3,1,12,9,98,Not Rated,0.0
6850,2017-03-07,2017-03-14,2144485,12605,39,2,5,5,44,9,98,SAT,0.0
6851,2017-03-10,2017-03-23,372777,10982,78,2,99,7,12,9,98,Not Rated,0.0
6852,2017-03-13,2017-03-17,1787368,8885,69,2,6,5,12,9,98,SAT,0.0
6853,2017-03-13,2017-03-21,512620,9021,58,2,5,5,44,9,98,Not Rated,0.0
6854,2017-03-13,2017-03-23,1825478,12087,43,2,4,5,50,9,98,Not Rated,0.0
6855,2017-03-13,2017-03-22,735824,9085,9,2,3,1,40,9,98,Not Rated,0.0
6856,2017-03-13,2017-03-17,52375,11005,76,2,7,7,16,9,98,Not Rated,0.0
6857,2017-03-13,2017-03-14,78002,8985,39,2,5,5,40,9,98,SAT,0.0
6858,2017-03-08,2017-03-14,2511036,9001,38,2,3,5,40,9,98,Not Rated,0.0
6859,2017-03-14,2017-03-15,654769,10948,73,2,3,7,12,9,98,Not Rated,0.0
6860,2017-03-14,2017-04-20,307830,11482,65,2,5,5,10,9,98,Not Rated,0.0
6861,2017-03-17,2017-03-31,2306142,10917,17,2,4,5,50,9,98,Not Rated,0.0
6862,2017-03-01,2017-03-17,2009522,8858,57,2,5,5,7,9,98,Not Rated,0.0
6863,2017-03-17,2017-03-20,2084057,11714,22,2,5,5,57,9,98,SAT,0.0
6864,2017-03-17,2017-04-27,884922,868,63,2,3,5,12,9,98,SAT,0.0
6865,2017-03-17,2017-03-21,2324249,11479,32,2,5,5,57,9,98,SAT,0.0
6866,2017-03-17,2017-03-21,598465,10050,5,2,5,5,57,9,98,SAT,0.0
6867,2017-03-17,2017-03-21,2122065,194,67,2,5,5,57,9,98,SAT,0.0
6868,2017-03-17,2017-03-21,1871404,564,52,2,5,5,57,9,98,SAT,0.0
6869,2017-03-17,2017-03-21,600145,11275,25,2,5,5,57,9,98,SAT,0.0
6870,2017-03-17,2017-03-22,316801,9933,4,2,5,5,57,9,98,SAT,0.0
6871,2017-03-17,2017-03-22,2056007,974,1,2,5,5,57,9,98,SAT,0.0
6872,2017-03-17,2017-03-22,1864622,9419,11,2,5,5,57,9,98,SAT,0.0
6873,2017-03-17,2017-03-23,434099,11806,31,2,5,5,12,9,98,Not Rated,0.0
6874,2017-03-20,2017-03-22,20467,10127,51,2,5,5,57,9,98,SAT,0.0
6875,2017-03-20,2017-03-20,1828792,11275,69,2,5,5,57,9,98,SAT,0.0
6876,2017-03-20,2017-03-23,442639,9796,46,2,5,5,57,9,98,SAT,0.0
6877,2017-03-20,2017-03-22,2070061,8138,77,2,5,5,12,9,98,SAT,0.0
6878,2017-03-20,2017-03-23,2090396,10978,15,2,5,5,57,9,98,SAT,0.0
6879,2017-03-20,2017-03-23,1799479,9562,55,2,5,5,12,9,98,Not Rated,0.0
6880,2017-03-20,2017-03-22,824253,11121,15,2,5,5,12,9,98,Not Rated,0.0
6881,2017-03-21,2017-03-21,680059,11212,22,2,3,7,12,9,98,Not Rated,0.0
6882,2017-03-20,2017-03-29,380984,11263,26,2,3,5,33,9,98,Not Rated,0.0
6883,2017-03-21,2017-03-21,2366226,10324,30,2,3,7,12,9,98,Not Rated,0.0
6884,2017-03-21,2017-03-22,369124,8399,1,2,5,5,58,9,98,Not Rated,0.0
6885,2017-03-20,2017-05-17,1813766,2614,41,2,3,5,58,9,98,SAT,0.0
6886,2017-03-22,2017-03-23,2386240,9270,52,2,5,5,57,9,98,SAT,0.0
6887,2017-03-22,2017-03-23,396191,10565,25,2,5,5,57,9,98,SAT,0.0
6888,2017-03-22,2017-04-24,20924,1419,51,2,5,5,57,9,98,SAT,0.0
6889,2017-03-22,2017-04-03,1868814,2801,40,2,5,5,57,9,98,SAT,0.0
6890,2017-03-22,2017-03-23,408355,10324,17,2,5,5,57,9,98,SAT,0.0
6891,2017-03-22,2017-04-03,425696,1957,38,2,5,5,57,9,98,SAT,0.0
6892,2017-03-22,2017-03-23,2481384,2531,78,2,5,5,57,9,98,SAT,0.0
6893,2017-03-22,2017-03-23,2221828,11711,15,2,5,5,57,9,98,SAT,0.0
6894,2017-03-22,2017-03-23,559232,11154,28,2,5,5,57,9,98,SAT,0.0
6895,2017-03-22,2017-03-24,2386239,1255,62,2,5,5,57,9,98,SAT,0.0
6896,2017-03-22,2017-03-24,118023,1896,13,2,5,5,12,9,98,SAT,0.0
6897,2017-03-22,2017-03-27,60835,9853,55,2,5,5,57,9,98,SAT,0.0
6898,2017-03-22,2017-04-03,535899,12563,78,2,3,5,10,9,98,SAT,0.0
6899,2017-03-15,2017-03-23,556363,8991,46,2,3,5,7,9,98,SAT,0.0
6900,2017-03-22,2017-04-10,1722134,9892,67,2,3,5,50,9,98,Not Rated,0.0
6901,2017-03-23,2017-03-27,1848592,151,44,2,5,5,57,9,98,SAT,0.0
6902,2017-03-23,2017-03-27,1806634,11097,72,2,5,5,57,9,98,SAT,0.0
6903,2017-03-23,2017-03-27,2343710,11157,46,2,5,5,57,9,98,SAT,0.0
6904,2017-03-23,2017-03-27,2092503,2676,63,2,5,5,57,9,98,SAT,0.0
6905,2017-03-23,2017-04-13,21404,12352,8,2,4,5,12,9,98,SAT,0.0
6906,2017-02-10,2017-03-24,2218017,10186,35,2,99,7,999,9,98,Not Rated,0.0
6907,2017-03-23,2017-04-07,90079,11148,69,2,5,5,12,9,98,Not Rated,0.0
6908,2017-03-24,2017-03-27,1805436,7797,45,2,5,5,57,9,98,SAT,0.0
6909,2017-03-24,2017-03-24,2115227,9410,12,2,5,5,57,9,98,Not Rated,0.0
6910,2017-03-24,2017-04-04,567498,11621,27,2,5,5,12,9,98,Not Rated,0.0
6911,2017-03-24,2017-03-28,1675342,10794,18,2,5,5,57,9,98,SAT,0.0
6912,2017-03-24,2017-05-15,2069717,9601,47,2,5,5,12,9,98,Not Rated,0.0
6913,2017-03-24,2017-04-03,1865753,11132,5,2,5,5,57,9,98,SAT,0.0
6914,2017-03-24,2017-04-25,1707619,10676,73,2,3,5,18,9,98,SAT,0.0
6915,2017-03-24,2017-04-05,2222182,2659,60,2,3,5,33,9,98,Not Rated,0.0
6916,2017-03-24,2017-03-29,894162,9560,30,2,5,7,18,9,98,SAT,0.0
6917,2017-03-27,2017-03-31,395334,12044,66,2,5,5,10,9,98,Not Rated,0.0
6918,2017-03-27,2017-04-03,2084175,8917,38,2,5,5,57,9,98,SAT,0.0
6919,2017-03-24,2017-04-10,1875618,909,54,2,3,5,40,9,98,Not Rated,0.0
6920,2017-03-27,2017-04-10,408996,8569,5,2,5,5,45,9,98,SAT,0.0
6921,2017-03-27,2017-05-05,2443636,11711,49,2,5,5,10,9,98,SAT,0.0
6922,2017-03-27,2017-04-24,1911085,10861,69,2,5,5,50,9,98,SAT,0.0
6923,2017-03-27,2017-03-27,651693,11278,36,2,2,1,12,9,98,Not Rated,0.0
6924,2017-03-22,2017-04-03,777390,11825,13,2,3,7,12,9,98,Not Rated,0.0
6925,2017-03-27,2017-03-29,1674887,12510,32,2,3,5,40,9,98,Not Rated,0.0
6926,2017-03-28,2017-03-31,510186,9361,38,2,2,7,18,9,98,Not Rated,0.0
6927,2017-03-28,2017-04-03,2338331,9440,1,2,5,5,45,9,98,SAT,0.0
6928,2017-03-28,2017-03-30,760218,9892,49,2,5,5,57,9,98,SAT,0.0
6929,2017-03-28,2017-04-04,464304,11493,75,2,5,5,57,9,98,SAT,0.0
6930,2017-03-28,2017-03-29,305390,11974,24,2,5,5,12,9,98,SAT,0.0
6931,2017-03-28,2017-03-28,421810,12000,32,2,3,5,50,9,98,SAT,0.0
6932,2017-03-29,2017-03-30,60737,9361,4,2,5,5,57,9,98,SAT,0.0
6933,2017-03-29,2017-03-30,417864,7797,3,2,5,5,57,9,98,SAT,0.0
6934,2017-03-29,2017-03-30,1871386,10794,28,2,5,5,57,9,98,SAT,0.0
6935,2017-03-29,2017-03-30,706738,8066,54,2,5,5,15,9,98,SAT,0.0
6936,2017-03-29,2017-04-03,886990,10428,16,2,5,5,57,9,98,SAT,0.0
6937,2017-03-29,2017-03-30,1843743,10720,67,2,5,5,57,9,98,SAT,0.0
6938,2017-03-29,2017-04-03,1767704,8201,24,2,5,5,57,9,98,SAT,0.0
6939,2017-03-29,2017-04-03,1722873,11668,68,2,5,5,57,9,98,SAT,0.0
6940,2017-03-29,2017-04-03,45340,11713,65,2,5,5,57,9,98,SAT,0.0
6941,2017-03-29,2017-04-03,2312118,12754,61,2,5,5,57,9,98,SAT,0.0
6942,2017-03-29,2017-04-12,2110807,7797,31,2,3,5,50,9,98,Not Rated,0.0
6943,2017-03-30,2017-03-31,664046,12328,24,2,2,1,40,9,98,SAT,0.0
6944,2017-03-29,2017-05-11,1871403,581,49,2,3,5,45,9,98,SAT,0.0
6945,2017-03-17,2017-04-19,2107977,9260,20,2,7,5,1,9,98,Not Rated,0.0
6946,2017-03-29,2017-03-30,1836420,9204,43,2,7,5,12,9,98,Not Rated,0.0
6947,2017-03-30,2017-04-03,1897341,8919,24,2,5,5,57,9,98,SAT,0.0
6948,2017-03-30,2017-04-03,891414,11590,41,2,5,5,57,9,98,SAT,0.0
6949,2017-03-30,2017-04-03,2289129,10844,6,2,5,5,57,9,98,SAT,0.0
6950,2017-03-30,2017-04-04,1660622,8911,60,2,5,5,57,9,98,SAT,0.0
6951,2017-03-30,2017-04-04,101467,1201,72,2,5,5,57,9,98,SAT,0.0
6952,2017-03-30,2017-04-06,271898,11172,17,2,5,5,57,9,98,SAT,0.0
6953,2017-03-30,2017-03-31,628123,10553,58,2,3,1,7,9,98,Not Rated,0.0
6954,2017-03-30,2017-04-10,824356,11188,61,2,3,5,50,9,98,SAT,0.0
6955,2017-03-31,2017-04-04,658665,10550,78,2,5,5,57,9,98,SAT,0.0
6956,2017-03-31,2017-04-04,737320,8953,69,2,5,5,57,9,98,SAT,0.0
6957,2017-03-31,2017-03-31,1791239,10990,22,2,3,7,12,9,98,Not Rated,0.0
6958,2017-04-03,2017-04-04,2433474,9051,72,2,5,5,57,9,98,SAT,0.0
6959,2017-04-03,2017-04-04,2270548,820,46,2,5,5,57,9,98,SAT,0.0
6960,2017-04-03,2017-04-04,2348752,2531,18,2,5,5,57,9,98,SAT,0.0
6961,2017-04-03,2017-04-04,2359811,2208,6,2,5,5,57,9,98,SAT,0.0
6962,2017-04-03,2017-04-04,1881741,8432,24,2,5,5,57,9,98,SAT,0.0
6963,2017-04-03,2017-04-04,638140,518,37,2,5,5,57,9,98,SAT,0.0
6964,2017-04-03,2017-04-04,511926,813,61,2,5,5,57,9,98,Not Rated,0.0
6965,2017-03-31,2017-05-30,2117705,10127,10,2,3,7,13,9,98,Not Rated,0.0
6966,2017-03-29,2017-04-05,1908278,11133,14,2,3,5,16,9,98,Not Rated,0.0
6967,2017-04-04,2017-04-04,364413,11074,74,2,5,5,57,9,98,SAT,0.0
6968,2017-03-14,2017-04-03,133420,151,28,2,3,1,40,9,98,Not Rated,0.0
6969,2017-04-04,2017-04-11,1738765,839,44,2,5,5,57,9,98,SAT,0.0
6970,2017-04-03,2017-04-13,1869514,190,43,2,3,5,40,9,98,Not Rated,0.0
6971,2017-04-04,2017-04-12,1884827,1270,1,2,5,5,57,9,98,SAT,0.0
6972,2017-04-04,2017-04-05,1784785,2262,69,2,5,5,57,9,98,SAT,0.0
6973,2017-04-04,2017-04-05,2442200,1350,19,2,5,5,57,9,98,SAT,0.0
6974,2017-04-04,2017-04-05,2056682,10676,12,2,5,5,57,9,98,SAT,0.0
6975,2017-04-04,2017-04-05,511238,10601,45,2,5,5,57,9,98,Not Rated,0.0
6976,2017-04-04,2017-04-05,1803375,9610,23,2,5,5,57,9,98,SAT,0.0
6977,2017-04-04,2017-04-05,457204,9799,60,2,5,5,57,9,98,SAT,0.0
6978,2017-04-04,2017-04-05,683090,2659,38,2,5,5,57,9,98,SAT,0.0
6979,2017-03-29,2017-04-05,111834,11134,13,2,3,5,60,9,98,Not Rated,0.0
6980,2017-04-05,2017-05-16,363648,10883,77,2,3,5,50,9,98,SAT,0.0
6983,2017-03-29,2017-04-05,1893709,11213,49,2,3,5,60,9,98,Not Rated,0.0
6984,2017-03-22,2017-04-10,486118,10020,24,2,3,5,50,9,98,Not Rated,0.0
6985,2017-04-05,2017-04-10,775483,1229,48,2,5,5,57,9,98,SAT,0.0
6986,2017-04-05,2017-04-11,641170,9204,12,2,5,5,57,9,98,SAT,0.0
6987,2017-04-05,2017-04-11,206832,11188,62,2,5,5,57,9,98,SAT,0.0
6988,2017-04-05,2017-04-06,2443651,187,14,2,3,5,15,9,98,Not Rated,0.0
6989,2017-04-05,2017-04-13,2145808,11160,21,2,5,3,15,9,98,SAT,0.0
6990,2017-04-05,2017-04-24,2401063,12510,50,2,3,7,11,9,98,Not Rated,0.0
6991,2017-03-29,2017-04-06,99894,1702,17,2,3,5,12,9,98,Not Rated,0.0
6992,2017-04-06,2017-04-10,1897306,11173,33,2,5,5,57,9,98,SAT,0.0
6993,2017-04-06,2017-04-10,156392,9634,17,2,5,5,57,9,98,SAT,0.0
6994,2017-04-06,2017-04-10,584328,10430,77,2,5,5,12,9,98,SAT,0.0
6995,2017-04-06,2017-04-10,1809230,11230,74,2,5,5,57,9,98,SAT,0.0
6996,2017-04-06,2017-04-10,1914517,1200,20,2,5,5,57,9,98,SAT,0.0
6997,2017-04-06,2017-04-10,531308,1491,72,2,5,5,57,9,98,SAT,0.0
6998,2017-04-06,2017-04-10,460227,801,45,2,5,5,57,9,98,SAT,0.0
6999,2017-04-06,2017-04-11,1724685,1645,21,2,5,5,57,9,98,SAT,0.0
7000,2017-04-06,2017-04-11,36555,11000,10,2,5,5,57,9,98,SAT,0.0
7001,2017-04-06,2017-04-11,1797003,564,2,2,5,5,57,9,98,SAT,0.0
7002,2017-04-06,2017-04-06,430680,12250,25,2,5,5,57,9,98,SAT,0.0
7003,2017-04-06,2017-04-11,135823,10037,12,2,5,5,57,9,98,SAT,0.0
7004,2017-04-06,2017-04-06,271898,1275,34,2,5,5,57,9,98,SAT,0.0
7005,2017-04-06,2017-04-06,567498,10802,35,2,5,5,57,9,98,SAT,0.0
7006,2017-04-06,2017-04-12,450027,1419,19,2,5,5,57,9,98,SAT,0.0
7007,2017-04-07,2017-04-11,2142056,2569,77,2,5,5,57,9,98,SAT,0.0
7008,2017-04-07,2017-04-19,852591,8063,27,2,5,5,57,9,98,SAT,0.0
7009,2017-04-07,2017-04-12,819615,8197,55,2,5,5,57,9,98,SAT,0.0
7010,2017-04-07,2017-04-12,24051,10225,50,2,5,5,57,9,98,SAT,0.0
7011,2017-04-07,2017-04-13,477378,12087,38,2,3,1,12,9,98,Not Rated,0.0
7012,2017-04-07,2017-04-11,821112,12198,1,2,5,5,57,9,98,SAT,0.0
7013,2017-04-07,2017-04-11,1749312,7979,38,2,5,5,57,9,98,SAT,0.0
7014,2017-04-07,2017-04-12,1851556,10993,21,2,7,7,18,9,98,Not Rated,0.0
7015,2017-04-10,2017-04-11,1641022,564,74,2,6,5,57,9,98,SAT,0.0
7016,2017-04-10,2017-04-11,717418,2321,68,2,6,5,57,9,98,SAT,0.0
7017,2017-04-10,2017-04-12,2141553,12328,37,2,5,5,57,9,98,SAT,0.0
7018,2017-04-10,2017-04-11,623039,12414,70,2,5,5,57,9,98,SAT,0.0
7019,2017-04-10,2017-04-11,1900625,11188,50,2,5,5,57,9,98,SAT,0.0
7020,2017-04-10,2017-04-11,466467,2797,28,2,5,5,45,9,98,Not Rated,0.0
7021,2017-04-10,2017-04-11,1833481,12476,34,2,5,5,57,9,98,SAT,0.0
7022,2017-04-10,2017-04-11,416656,1876,1,2,5,5,57,9,98,SAT,0.0
7023,2017-04-10,2017-04-11,2106855,11153,47,2,5,5,57,9,98,Not Rated,0.0
7024,2017-04-10,2017-04-12,2054864,1962,61,2,5,5,57,9,98,SAT,0.0
7025,2017-04-10,2017-04-11,1745145,11001,41,2,5,1,40,9,98,Not Rated,0.0
7026,2017-04-11,2017-04-12,2309278,12065,73,2,5,5,57,9,98,SAT,0.0
7027,2017-04-11,2017-04-24,1797888,8066,38,2,4,5,18,9,98,SAT,0.0
7028,2017-04-11,2017-04-12,95369,811,33,2,6,5,57,9,98,SAT,0.0
7029,2017-04-11,2017-04-12,1874211,2500,72,2,5,5,57,9,98,SAT,0.0
7030,2017-04-11,2017-05-31,2438650,194,78,2,4,5,55,9,98,Not Rated,0.0
7031,2017-04-11,2017-04-12,208566,11960,66,2,5,5,57,9,98,Not Rated,0.0
7032,2017-04-12,2017-04-12,2056391,12181,1,2,5,5,57,9,98,SAT,0.0
7033,2017-04-12,2017-04-12,1873576,11122,45,2,5,5,57,9,98,SAT,0.0
7034,2017-04-12,2017-04-12,854753,1680,8,2,5,5,57,9,98,SAT,0.0
7035,2017-04-12,2017-04-12,1850480,11974,40,2,5,5,57,9,98,SAT,0.0
7036,2017-04-12,2017-04-21,1836941,11937,19,2,3,5,12,9,98,Not Rated,0.0
7037,2017-04-13,2017-04-13,2148124,10297,28,2,5,5,57,9,98,SAT,0.0
7038,2017-04-13,2017-04-13,101625,12003,38,2,5,5,57,9,98,SAT,0.0
7039,2017-04-13,2017-04-13,1762084,10550,30,2,5,5,57,9,98,SAT,0.0
7040,2017-04-13,2017-04-24,10101,10603,63,2,3,5,12,9,98,SAT,0.0
7041,2017-04-18,2017-05-04,2386845,9311,28,2,3,1,40,9,98,Not Rated,0.0
7042,2017-04-11,2017-04-18,1708551,1692,54,2,3,1,40,9,98,Not Rated,0.0
7043,2017-04-18,2017-04-18,568665,843,26,2,5,5,57,9,98,SAT,0.0
7044,2017-04-18,2017-04-18,1827261,9344,32,2,6,5,57,9,98,SAT,0.0
7045,2017-04-18,2017-04-19,2104237,11093,35,2,5,5,57,9,98,SAT,0.0
7046,2017-04-18,2017-05-08,2306566,9445,73,2,3,5,40,9,98,SAT,0.0
7047,2017-04-19,2017-05-05,224090,10646,30,2,3,5,12,9,98,Not Rated,0.0
7048,2017-04-19,2017-04-20,269196,2117,20,2,5,5,57,9,98,SAT,0.0
7049,2017-04-19,2017-04-20,1860651,11163,11,2,5,5,57,9,98,SAT,0.0
7050,2017-04-19,2017-05-08,1834154,12024,36,2,5,5,12,9,98,Not Rated,0.0
7051,2017-04-19,2017-04-27,1836396,11954,18,2,5,5,57,9,98,SAT,0.0
7052,2017-04-19,2017-04-19,2340814,11153,48,2,5,5,57,9,98,Not Rated,0.0
7053,2017-04-19,2017-05-04,483344,2103,49,2,5,1,12,9,98,Not Rated,0.0
7054,2017-04-19,2017-04-25,262986,9393,39,2,5,5,12,9,98,SAT,0.0
7055,2017-04-20,2017-05-18,2114833,1499,69,2,5,5,12,9,98,SAT,0.0
7056,2017-04-21,2017-04-21,891650,8367,61,2,5,5,57,9,98,SAT,0.0
7057,2017-04-21,2017-04-21,893042,1994,14,2,6,5,57,9,98,SAT,0.0
7058,2017-04-21,2017-04-24,849532,11087,8,2,6,5,57,9,98,SAT,0.0
7059,2017-04-24,2017-05-03,584367,11825,48,2,6,5,12,9,98,SAT,0.0
7060,2017-04-24,2017-04-25,743006,2502,10,2,5,5,12,9,98,SAT,0.0
7061,2017-04-24,2017-04-24,562606,1342,48,2,5,5,12,9,98,Not Rated,0.0
7062,2017-04-24,2017-04-28,1755416,1309,42,2,5,5,57,9,98,SAT,0.0
7063,2017-04-24,2017-04-28,1679951,10217,20,2,5,5,57,9,98,SAT,0.0
7064,2017-04-24,2017-04-27,740847,10067,46,2,5,5,50,9,98,Not Rated,0.0
7065,2017-04-25,2017-05-05,1878913,11114,20,2,5,5,57,9,98,SAT,0.0
7066,2017-04-26,2017-04-26,478568,1086,57,2,7,5,15,9,98,SAT,0.0
7067,2017-04-26,2017-06-13,1886686,9000,42,2,4,5,31,9,98,SAT,0.0
7068,2017-04-27,2017-05-02,4109,1328,21,2,5,5,45,9,98,Not Rated,0.0
7069,2017-04-28,2017-05-05,344864,175,70,2,2,1,40,9,98,Not Rated,0.0
7070,2017-04-28,2017-05-15,139238,2129,9,2,5,5,40,9,98,Not Rated,0.0
7071,2017-04-28,2017-05-09,2146754,10982,68,2,5,5,12,9,98,SAT,0.0
7072,2017-04-28,2017-05-24,2070503,9601,22,2,3,5,40,9,98,Not Rated,0.0
7073,2017-04-28,2017-05-09,124062,189,14,2,3,5,40,9,98,SAT,0.0
7074,2017-05-02,2017-05-04,1822732,8113,39,2,5,5,57,9,98,SAT,0.0
7075,2017-05-02,2017-05-04,2010172,865,17,2,5,5,57,9,98,SAT,0.0
7076,2017-05-02,2017-05-04,1947044,11474,76,2,5,5,57,9,98,SAT,0.0
7077,2017-05-02,2017-05-05,1819976,12769,15,2,5,5,57,9,98,SAT,0.0
7078,2017-05-03,2017-05-03,83936,2158,38,2,5,6,42,9,98,Not Rated,0.0
7079,2017-05-03,2017-05-04,1695199,11840,30,2,6,5,57,9,98,SAT,0.0
7080,2017-05-03,2017-05-03,2080256,9562,19,2,5,5,57,9,98,Not Rated,0.0
7081,2017-05-03,2017-05-17,2305197,11545,20,2,3,5,45,9,98,SAT,0.0
7082,2017-05-03,2017-05-04,2068073,12754,72,2,5,7,12,9,98,Not Rated,0.0
7083,2017-05-04,2017-05-24,412235,1692,35,2,3,5,50,9,98,Not Rated,0.0
7084,2017-05-04,2017-05-05,2198247,10172,18,2,5,5,57,9,98,SAT,0.0
7085,2017-05-05,2017-05-11,721103,11179,3,2,5,5,12,9,98,SAT,0.0
7086,2017-05-05,2017-05-08,1914475,11937,50,2,5,5,57,9,98,SAT,0.0
7087,2017-05-04,2017-06-08,2481875,11036,32,2,5,5,12,9,98,Not Rated,0.0
7088,2017-05-05,2017-05-08,2485031,12333,14,2,5,5,12,9,98,SAT,0.0
7089,2017-05-05,2017-05-08,40219,10071,65,2,5,5,57,9,98,SAT,0.0
7090,2017-05-08,2017-05-08,561527,10359,41,2,7,3,12,9,98,Not Rated,0.0
7091,2017-05-05,2017-06-02,324000,10108,18,2,3,5,33,9,98,Not Rated,0.0
7092,2017-05-08,2017-05-09,1709289,10991,47,2,5,5,57,9,98,SAT,0.0
7093,2017-05-08,2017-05-09,1854156,1630,14,2,5,5,57,9,98,SAT,0.0
7094,2017-05-05,2017-07-05,2324223,11669,57,2,5,5,9,9,98,Not Rated,0.0
7095,2017-05-08,2017-07-28,1823351,11119,74,2,5,5,33,9,98,Not Rated,0.0
7096,2017-05-02,2017-05-08,20309,11158,52,2,3,7,12,9,98,Not Rated,0.0
7097,2017-05-09,2017-05-11,1922068,11194,56,2,4,5,33,9,98,Not Rated,0.0
7098,2017-05-10,2017-05-10,358332,938,21,2,3,5,33,9,98,Not Rated,0.0
7099,2017-05-10,2017-05-10,1843743,2504,13,2,7,5,58,9,98,SAT,0.0
7100,2017-05-10,2017-05-15,5465,10601,61,2,5,5,57,9,98,SAT,0.0
7101,2017-05-09,2017-06-02,2037895,8953,15,2,3,5,12,9,98,Not Rated,0.0
7102,2017-05-10,2017-05-11,618293,2117,51,2,7,3,12,9,98,Not Rated,0.0
7103,2017-05-11,2017-05-15,2053494,10565,65,2,7,6,12,9,98,Not Rated,0.0
7104,2017-05-11,2017-05-17,304436,868,44,2,3,5,40,9,98,SAT,0.0
7105,2017-05-12,2017-05-12,2119411,12198,64,2,3,5,15,9,98,SAT,0.0
7106,2017-05-12,2017-05-18,2115205,11971,5,2,3,5,40,9,98,Not Rated,0.0
7107,2017-05-12,2017-05-17,229463,151,3,2,3,5,50,9,98,SAT,0.0
7108,2017-05-12,2017-06-22,1815114,9601,75,2,3,5,7,9,98,Not Rated,0.0
7109,2017-05-15,2017-05-15,1722874,10577,68,2,5,5,15,9,98,Not Rated,0.0
7110,2017-05-12,2017-05-15,2560254,7626,37,2,5,5,57,9,98,SAT,0.0
7111,2017-05-15,2017-06-19,1801156,1997,27,2,3,5,15,9,98,SAT,0.0
7112,2017-05-18,2017-05-19,1893273,9826,46,2,99,7,12,9,98,Not Rated,0.0
7113,2017-05-16,2017-05-18,2070578,11493,38,2,5,5,12,9,98,SAT,0.0
7114,2017-05-16,2017-07-13,771351,9051,22,2,4,5,33,9,98,Not Rated,0.0
7115,2017-05-16,2017-05-16,2110809,10802,16,2,5,5,57,9,98,SAT,0.0
7116,2017-05-16,2017-06-14,2170441,10992,36,2,5,5,15,9,98,Not Rated,0.0
7117,2017-05-16,2017-05-16,1848583,836,61,2,3,1,40,9,98,Not Rated,0.0
7118,2017-05-17,2017-08-25,246672,221,77,2,5,5,12,9,42,Not Rated,0.0
7119,2017-05-17,2017-05-17,336862,11822,50,2,5,5,57,9,98,SAT,0.0
7120,2017-05-17,2017-05-18,1863290,7973,62,2,5,5,57,9,98,SAT,0.0
7121,2017-05-17,2017-05-18,719283,11482,10,2,5,5,57,9,98,SAT,0.0
7122,2017-05-17,2017-05-18,69307,10379,19,2,5,5,10,9,98,SAT,0.0
7123,2017-05-18,2017-05-18,1791332,10553,18,2,5,5,57,9,98,SAT,0.0
7124,2017-05-17,2017-07-06,513876,11069,14,2,3,5,10,9,98,Not Rated,0.0
7126,2017-05-17,2017-05-19,1707253,11825,60,2,3,5,18,9,98,Not Rated,0.0
7127,2017-05-17,2017-05-22,437013,12048,12,2,4,5,18,9,98,SAT,0.0
7128,2017-05-18,2017-05-18,746798,9893,22,2,5,5,57,9,98,SAT,0.0
7130,2017-05-12,2017-06-22,3919,9796,1,2,3,5,7,9,98,Not Rated,0.0
7131,2017-05-17,2017-06-06,11748,10861,49,2,3,5,12,9,98,Not Rated,0.0
7132,2017-05-17,2017-05-26,1999865,9393,55,2,3,5,40,9,98,SAT,0.0
7133,2017-05-18,2017-05-23,2115668,1994,22,2,5,5,15,9,98,SAT,0.0
7134,2017-05-19,2017-07-11,840522,11937,6,2,3,5,12,9,98,SAT,0.0
7135,2017-05-19,2017-06-12,825797,10644,33,2,5,5,12,9,98,Not Rated,0.0
7136,2017-05-19,2017-05-30,2058624,10844,52,2,3,5,40,9,98,Not Rated,0.0
7137,2017-05-22,2017-05-23,399559,11781,52,2,5,5,57,9,98,SAT,0.0
7138,2017-05-22,2017-05-23,533503,11676,35,2,5,5,10,9,98,SAT,0.0
7139,2017-05-22,2017-05-30,1738302,581,74,2,5,5,12,9,98,SAT,0.0
7140,2017-05-23,2017-05-25,1919810,11131,34,2,5,5,12,9,98,SAT,0.0
7141,2017-05-24,2017-05-31,1874353,8197,54,2,5,5,61,9,98,Not Rated,0.0
7142,2017-05-25,2017-05-25,2306148,10644,52,2,3,1,40,9,98,Not Rated,0.0
7143,2017-05-25,2017-06-13,431769,11244,50,2,3,5,40,9,98,SAT,0.0
7144,2017-05-25,2017-05-31,2110766,9800,34,2,5,1,61,9,98,SAT,0.0
7145,2017-05-24,2017-06-12,486063,11005,51,2,3,5,10,9,98,Not Rated,0.0
7147,2017-05-24,2017-06-12,260010,820,9,2,3,5,50,9,98,Not Rated,0.0
7148,2017-05-24,2017-06-02,895323,10160,38,2,5,5,40,9,98,Not Rated,0.0
7149,2017-05-26,2017-05-31,2148215,8367,45,2,2,5,61,9,98,SAT,0.0
7150,2017-05-26,2017-06-06,2418261,11971,32,2,3,5,10,9,98,Not Rated,0.0
7151,2017-05-25,2017-06-13,1866819,2178,48,2,3,5,12,9,98,Not Rated,0.0
7152,2017-05-26,2017-06-09,2011061,10898,3,2,5,5,12,9,98,SAT,0.0
7153,2017-05-26,2017-05-29,511889,2468,3,2,3,5,12,9,98,Not Rated,0.0
7154,2017-05-26,2017-06-07,537510,11980,75,2,3,5,40,9,98,SAT,0.0
7155,2017-05-29,2017-05-30,2058655,8057,30,2,5,1,40,9,98,SAT,0.0
7156,2017-05-29,2017-05-31,1839006,10106,57,2,5,5,57,9,98,SAT,0.0
7157,2017-05-29,2017-05-30,438454,601,21,2,5,5,19,9,98,SAT,0.0
7158,2017-05-29,2017-07-26,2303357,9227,41,2,3,5,12,9,98,SAT,0.0
7159,2017-05-29,2017-05-30,746262,10991,8,2,6,5,61,9,98,SAT,0.0
7160,2017-05-26,2017-05-30,894345,9247,40,2,3,5,61,9,98,SAT,0.0
7161,2017-05-29,2017-05-30,792605,2235,22,2,5,5,61,9,98,SAT,0.0
7162,2017-05-29,2017-05-29,1856889,2559,53,2,5,5,61,9,98,SAT,0.0
7163,2017-05-29,2017-05-29,1828262,11182,31,2,5,5,61,9,98,Not Rated,0.0
7164,2017-05-29,2017-05-29,1816987,8544,50,2,5,5,61,9,98,SAT,0.0
7165,2017-05-30,2017-05-30,1767704,394,9,2,2,5,61,9,98,SAT,0.0
7166,2017-05-30,2017-05-30,1911083,10430,63,2,3,5,61,9,98,SAT,0.0
7167,2017-05-30,2017-05-31,76837,12399,32,2,5,5,61,9,98,SAT,0.0
7168,2017-05-30,2017-05-31,1870021,11119,58,2,5,5,61,9,98,Not Rated,0.0
7169,2017-05-30,2017-05-31,1806652,9405,51,2,5,5,61,9,98,Not Rated,0.0
7170,2017-05-30,2017-05-31,2464769,10676,64,2,5,5,61,9,98,Not Rated,0.0
7171,2017-05-30,2017-06-02,893361,12510,54,2,5,5,57,9,98,SAT,0.0
7172,2017-05-30,2017-06-02,429771,12192,16,2,5,5,57,9,98,SAT,0.0
7173,2017-05-30,2017-05-31,2115767,2206,49,2,5,5,61,9,98,Not Rated,0.0
7174,2017-05-30,2017-06-02,2362057,11004,8,2,3,5,15,9,98,SAT,0.0
7175,2017-05-30,2017-06-01,1753650,2656,30,2,3,5,61,9,98,SAT,0.0
7176,2017-05-30,2017-06-01,705329,10147,52,2,6,5,61,9,98,SAT,0.0
7177,2017-05-30,2017-05-31,1820291,10552,69,2,6,5,12,9,98,SAT,0.0
7178,2017-05-31,2017-06-01,794507,12174,58,2,5,5,61,9,98,SAT,0.0
7179,2017-05-31,2017-06-01,585733,10710,45,2,3,5,61,9,98,SAT,0.0
7180,2017-05-31,2017-06-02,124799,597,73,2,7,5,61,9,98,Not Rated,0.0
7181,2017-05-31,2017-06-02,2096717,11188,65,2,5,5,57,9,98,SAT,0.0
7182,2017-05-31,2017-06-02,2449534,9893,75,2,5,5,57,9,98,SAT,0.0
7183,2017-05-31,2017-06-02,147104,1630,76,2,6,5,57,9,98,SAT,0.0
7184,2017-05-31,2017-06-01,750456,8948,76,2,5,5,57,9,98,SAT,0.0
7185,2017-05-31,2017-06-28,394362,2659,27,2,6,5,12,9,98,SAT,0.0
7186,2017-05-31,2017-06-01,440706,10989,61,1,5,5,61,9,98,SAT,0.0
7187,2017-05-31,2017-06-02,1845948,10020,56,2,5,5,57,9,98,SAT,0.0
7188,2017-05-31,2017-06-09,33101,2178,25,2,5,5,61,9,98,SAT,0.0
7189,2017-05-31,2017-06-02,724676,10566,51,2,7,5,61,9,98,SAT,0.0
7190,2017-05-31,2017-06-02,1856621,1717,3,2,5,5,61,9,98,Not Rated,0.0
7191,2017-05-31,2017-06-02,1846525,9856,52,2,7,5,61,9,98,SAT,0.0
7192,2017-05-31,2017-06-08,406210,9918,47,2,5,5,61,9,98,Not Rated,0.0
7193,2017-05-30,2017-07-11,1706757,11148,52,2,3,5,40,9,98,SAT,0.0
7194,2017-06-01,2017-06-02,820041,12262,43,2,7,7,12,9,98,Not Rated,0.0
7195,2017-06-01,2017-07-05,338790,11154,48,2,3,5,33,9,98,Not Rated,0.0
7196,2017-06-01,2017-06-01,1888850,2158,32,2,5,5,57,9,98,Not Rated,0.0
7197,2017-06-01,2017-06-01,105976,10072,38,2,2,5,7,9,98,SAT,0.0
7198,2017-06-01,2017-06-02,1894776,12176,48,2,5,5,61,9,98,Not Rated,0.0
7199,2017-06-01,2017-06-02,1834548,811,7,2,5,5,57,9,98,SAT,0.0
7200,2017-06-01,2017-06-06,564544,8820,25,2,5,5,61,9,98,SAT,0.0
7201,2017-06-01,2017-06-02,1869548,10327,13,2,5,5,57,9,98,SAT,0.0
7202,2017-06-01,2017-06-06,157991,2378,51,2,5,5,61,9,98,SAT,0.0
7203,2017-06-01,2017-06-13,46769,9813,7,2,5,5,61,9,98,Not Rated,0.0
7204,2017-06-01,2017-06-02,151056,11840,21,2,5,5,57,9,98,SAT,0.0
7205,2017-06-01,2017-06-02,1865488,9983,54,2,5,5,11,9,98,Not Rated,0.0
7206,2017-06-01,2017-06-01,540071,1356,14,2,5,5,12,9,98,SAT,0.0
7207,2017-06-01,2017-06-07,384565,8399,29,2,5,5,58,9,98,Not Rated,0.0
7208,2017-06-01,2017-06-02,1807228,9204,8,2,5,5,57,9,98,SAT,0.0
7209,2017-06-01,2017-06-06,659192,1430,27,2,5,5,61,9,98,SAT,0.0
7210,2017-06-01,2017-06-06,2362054,9247,2,2,6,5,61,9,98,SAT,0.0
7211,2017-06-01,2017-06-02,1709711,12367,60,2,5,5,61,9,98,SAT,0.0
7212,2017-06-02,2017-06-09,1900894,11259,34,2,5,5,57,9,98,SAT,0.0
7213,2017-06-02,2017-06-09,2004406,9370,7,2,5,5,57,9,98,SAT,0.0
7214,2017-06-02,2017-06-02,575572,11178,61,2,2,5,56,9,98,SAT,0.0
7215,2017-06-01,2017-06-07,2084091,9968,62,2,5,5,57,9,98,Not Rated,0.0
7216,2017-06-02,2017-06-06,245340,645,55,2,5,5,61,9,98,Not Rated,0.0
7217,2017-06-02,2017-06-06,2401063,12367,34,2,5,5,61,9,98,Not Rated,0.0
7218,2017-06-02,2017-06-15,2224508,12346,38,2,5,5,12,9,98,SAT,0.0
7219,2017-06-02,2017-06-02,1679034,11030,48,2,2,5,7,9,98,SAT,0.0
7220,2017-06-02,2017-06-06,1842291,11552,40,2,6,5,61,9,98,Not Rated,0.0
7221,2017-06-02,2017-06-06,8439,11278,32,2,5,5,61,9,98,Not Rated,0.0
7222,2017-06-02,2017-06-06,358258,12125,50,2,5,5,61,9,98,Not Rated,0.0
7223,2017-06-02,2017-06-16,2129122,10112,12,2,3,5,50,9,98,Not Rated,0.0
7224,2017-06-02,2017-06-06,716048,8919,14,2,5,5,61,9,98,Not Rated,0.0
7225,2017-06-02,2017-06-06,1804989,7797,67,2,5,5,61,9,98,Not Rated,0.0
7226,2017-06-06,2017-06-07,1699454,11474,24,2,3,7,12,9,98,Not Rated,0.0
7227,2017-06-02,2017-06-02,2170459,2519,36,2,3,7,12,9,98,Not Rated,0.0
7228,2017-06-06,2017-06-09,1689958,11764,46,2,5,5,57,9,98,SAT,0.0
7229,2017-06-06,2017-06-06,2056682,10990,69,2,2,5,7,9,98,SAT,0.0
7230,2017-06-06,2017-06-13,417498,10693,51,2,3,5,7,9,98,SAT,0.0
7231,2017-06-06,2017-06-06,2475274,2262,29,2,3,5,40,9,98,SAT,0.0
7232,2017-06-06,2017-10-02,2104635,518,23,2,5,5,12,9,98,Not Rated,0.0
7233,2017-06-06,2017-06-16,302988,2569,56,2,5,5,7,9,98,Not Rated,0.0
7234,2017-06-06,2017-06-08,727990,12399,46,2,6,5,61,9,98,Not Rated,0.0
7235,2017-06-06,2017-06-09,450027,12034,33,2,5,5,57,9,98,SAT,0.0
7236,2017-06-06,2017-06-08,522860,801,61,2,5,5,61,9,98,SAT,0.0
7237,2017-06-06,2017-06-08,2007046,9311,51,2,5,5,61,9,98,SAT,0.0
7238,2017-06-06,2017-06-09,122536,11087,63,2,5,5,57,9,98,SAT,0.0
7239,2017-06-06,2017-06-08,1856889,12181,73,2,5,5,61,9,98,Not Rated,0.0
7240,2017-06-06,2017-06-08,1804354,9824,8,2,5,5,61,9,98,SAT,0.0
7241,2017-06-06,2017-06-07,61656,11123,29,2,5,5,57,9,98,SAT,0.0
7242,2017-06-07,2017-06-08,2066152,2309,68,2,6,5,61,9,98,SAT,0.0
7243,2017-06-07,2017-06-07,157154,10112,35,2,3,5,23,9,98,Not Rated,0.0
7244,2017-06-07,2017-06-08,1848828,11287,54,2,5,5,61,9,98,SAT,0.0
7245,2017-06-07,2017-06-08,444130,11051,29,2,5,5,61,9,98,Not Rated,0.0
7246,2017-06-07,2017-06-08,582299,2124,58,2,5,5,61,9,98,Not Rated,0.0
7247,2017-06-07,2017-06-08,1894329,10361,29,2,5,5,61,9,98,Not Rated,0.0
7248,2017-06-07,2017-06-08,1847324,9588,35,2,6,5,61,9,98,SAT,0.0
7249,2017-06-07,2017-06-08,1813088,12125,66,2,5,5,61,9,98,SAT,0.0
7250,2017-06-07,2017-06-09,557833,9853,40,2,6,5,57,9,98,SAT,0.0
7251,2017-06-07,2017-06-12,1823274,11175,66,2,6,5,61,9,98,Not Rated,0.0
7252,2017-06-07,2017-06-09,1864871,12250,78,2,5,5,61,9,98,Not Rated,0.0
7253,2017-06-07,2017-06-07,1856534,581,45,2,5,5,57,9,98,Not Rated,0.0
7254,2017-06-02,2017-06-07,2114154,2263,21,2,6,5,12,9,98,Not Rated,0.0
7255,2017-06-07,2017-06-09,2066680,10646,67,2,5,5,61,9,98,Not Rated,0.0
7256,2017-06-07,2017-06-07,1813492,1748,31,2,5,5,57,9,98,SAT,0.0
7257,2017-06-07,2017-06-12,1853147,10964,27,2,5,5,61,9,98,Not Rated,0.0
7258,2017-06-07,2017-06-08,2115279,8605,27,2,5,5,12,9,98,Not Rated,0.0
7259,2017-06-07,2017-06-28,208782,194,54,2,4,5,15,9,98,Not Rated,0.0
7260,2017-06-08,2017-06-14,212856,9359,66,2,5,5,50,9,98,Not Rated,0.0
7261,2017-06-08,2017-06-09,672018,11972,25,2,5,5,61,9,98,Not Rated,0.0
7262,2017-06-08,2017-06-09,1805465,8356,63,2,5,5,61,9,98,Not Rated,0.0
7263,2017-06-08,2017-06-08,2163845,9372,44,2,6,5,57,9,98,SAT,0.0
7264,2017-06-08,2017-06-13,34031,9085,64,2,5,5,12,9,98,SAT,0.0
7265,2017-06-08,2017-06-09,2420828,1253,67,2,6,5,61,9,98,Not Rated,0.0
7266,2017-06-08,2017-06-08,2004398,2378,5,2,5,5,57,9,98,SAT,0.0
7267,2017-06-07,2017-06-08,681927,868,36,2,7,5,61,9,98,Not Rated,0.0
7268,2017-06-08,2017-06-09,2291872,10055,31,2,5,5,61,9,98,Not Rated,0.0
7269,2017-06-08,2017-06-08,1842292,10107,43,2,7,5,61,9,98,SAT,0.0
7270,2017-06-08,2017-06-09,1894749,7654,71,2,6,5,61,9,98,Not Rated,0.0
7271,2017-06-08,2017-06-09,1983342,11173,25,2,5,5,57,9,98,SAT,0.0
7272,2017-06-08,2017-06-12,2491753,2460,65,2,5,5,61,9,98,Not Rated,0.0
7273,2017-06-08,2017-06-12,1906292,10720,38,2,6,5,61,9,98,Not Rated,0.0
7274,2017-06-08,2017-06-12,2142371,1491,54,2,6,5,61,9,98,Not Rated,0.0
7275,2017-06-07,2017-08-01,502506,194,33,2,5,5,40,9,13,SAT,0.0
7276,2017-06-09,2017-06-12,2432909,11781,28,2,5,5,61,9,98,Not Rated,0.0
7277,2017-06-09,2017-06-12,1888813,2230,56,2,5,5,57,9,98,SAT,0.0
7278,2017-06-09,2017-06-12,798439,10328,63,2,5,5,57,9,98,SAT,0.0
7279,2017-06-09,2017-06-12,1792156,1229,78,2,5,5,57,9,98,SAT,0.0
7280,2017-06-09,2017-07-05,1837950,9558,24,2,5,5,32,9,98,Not Rated,0.0
7281,2017-06-09,2017-06-12,285913,10676,7,2,5,5,61,9,98,Not Rated,0.0
7282,2017-06-09,2017-06-12,403072,2537,20,2,5,5,61,9,98,Not Rated,0.0
7283,2017-06-12,2017-06-16,608725,269,12,2,5,5,12,9,98,SAT,0.0
7284,2017-06-12,2017-06-12,568719,7973,33,2,5,5,57,9,98,SAT,0.0
7285,2017-06-12,2017-06-13,2166537,10152,16,2,5,5,61,9,98,Not Rated,0.0
7286,2017-06-12,2017-06-15,239551,10566,65,2,5,4,12,9,98,SAT,0.0
7287,2017-06-12,2017-06-13,511291,11276,2,2,5,5,61,9,98,Not Rated,0.0
7288,2017-06-12,2017-06-13,1804954,9799,32,2,5,5,57,9,98,SAT,0.0
7289,2017-06-12,2017-06-16,2006349,2648,55,2,5,5,57,9,98,SAT,0.0
7290,2017-06-12,2017-07-12,739340,8106,7,2,5,5,56,9,98,Not Rated,0.0
7291,2017-06-12,2017-06-14,129280,879,8,2,5,5,12,9,98,SAT,0.0
7292,2017-06-12,2017-06-16,1862747,12334,64,2,5,5,57,9,98,SAT,0.0
7293,2017-06-12,2017-06-12,381417,11272,65,2,2,5,12,9,98,SAT,0.0
7294,2017-06-12,2017-06-13,557253,1140,76,2,5,5,61,9,98,Not Rated,0.0
7295,2017-06-12,2017-06-16,234927,11788,73,2,5,5,57,9,98,SAT,0.0
7296,2017-06-12,2017-06-13,896708,9792,5,2,5,5,57,9,98,SAT,0.0
7297,2017-06-12,2017-06-13,431439,911,8,2,5,5,61,9,98,Not Rated,0.0
7298,2017-06-12,2017-06-16,375832,12198,33,2,5,5,61,9,98,SAT,0.0
7299,2017-06-12,2017-06-16,1853147,11273,1,2,5,5,57,9,98,SAT,0.0
7300,2017-06-12,2017-06-16,507012,2178,61,2,6,5,57,9,98,SAT,0.0
7301,2017-06-12,2017-06-13,2108377,10982,31,2,5,5,12,9,98,Not Rated,0.0
7302,2017-06-12,2017-06-16,1865781,10738,30,2,5,5,57,9,98,SAT,0.0
7303,2017-06-13,2017-07-12,507841,1645,66,2,5,5,57,9,98,Not Rated,0.0
7304,2017-06-13,2017-06-16,894097,8917,33,2,5,5,57,9,98,SAT,0.0
7305,2017-06-13,2017-06-16,1689478,2,17,2,5,5,57,9,98,SAT,0.0
7306,2017-06-13,2017-06-14,139931,2384,73,2,6,5,61,9,98,Not Rated,0.0
7307,2017-06-13,2017-06-15,643271,133,35,2,7,3,12,9,98,Not Rated,0.0
7308,2017-06-12,2017-06-21,2115173,11136,5,2,3,5,18,9,98,Not Rated,0.0
7309,2017-06-13,2017-06-14,2056364,10989,12,2,5,5,61,9,98,Not Rated,0.0
7310,2017-06-13,2017-06-16,40591,11050,64,2,5,5,57,9,98,Not Rated,0.0
7311,2017-06-13,2017-06-14,249915,11162,73,2,5,5,61,9,98,Not Rated,0.0
7312,2017-06-13,2017-06-16,1900265,11469,36,2,5,5,57,9,98,SAT,0.0
7313,2017-06-13,2017-06-16,1807853,11011,55,2,5,5,57,9,98,SAT,0.0
7314,2017-06-13,2017-06-15,1805466,9204,10,2,5,5,57,9,98,SAT,0.0
7315,2017-06-13,2017-06-14,2097232,8507,28,2,6,5,61,9,98,Not Rated,0.0
7316,2017-06-13,2017-06-14,1815523,10992,33,2,5,5,61,9,98,Not Rated,0.0
7317,2017-06-13,2017-06-16,402984,11123,22,2,6,5,57,9,98,SAT,0.0
7318,2017-06-13,2017-06-15,724344,1879,16,2,6,5,12,9,98,SAT,0.0
7319,2017-06-13,2017-06-16,2447715,2659,75,2,6,5,57,9,98,SAT,0.0
7320,2017-06-13,2017-06-13,2409507,9227,30,2,5,5,61,9,98,SAT,0.0
7321,2017-06-13,2017-06-15,2289052,11626,35,2,5,5,12,9,98,SAT,0.0
7322,2017-06-13,2017-06-16,2380580,8055,72,2,5,5,57,9,98,SAT,0.0
7323,2017-06-13,2017-07-03,133493,9601,36,2,5,5,50,9,98,Not Rated,0.0
7324,2017-06-14,2017-06-14,792071,10973,13,2,6,5,61,9,98,Not Rated,0.0
7325,2017-06-14,2017-06-15,2144783,473,35,2,5,5,57,9,98,SAT,0.0
7326,2017-06-14,2017-06-19,1863913,10967,6,2,5,5,57,9,98,SAT,0.0
7327,2017-06-14,2017-07-12,873723,8569,60,2,5,5,61,9,98,Not Rated,0.0
7328,2017-06-14,2017-06-15,2132001,8919,13,2,5,5,61,9,98,Not Rated,0.0
7329,2017-06-14,2017-06-15,2181075,12127,77,2,5,5,61,9,98,Not Rated,0.0
7330,2017-06-14,2017-06-16,1725252,1328,10,2,5,5,57,9,98,Not Rated,0.0
7331,2017-06-14,2017-06-15,894332,8797,64,2,5,5,61,9,98,Not Rated,0.0
7332,2017-06-14,2017-06-19,734360,11122,45,2,5,5,57,9,98,SAT,0.0
7333,2017-06-14,2017-06-19,2174037,269,19,2,5,5,57,9,98,SAT,0.0
7334,2017-06-14,2017-06-16,658430,11171,11,2,5,5,57,9,98,SAT,0.0
7335,2017-06-14,2017-06-15,2219137,11287,61,2,5,5,61,9,98,Not Rated,0.0
7336,2017-06-13,2017-09-26,1855615,11094,5,2,3,5,40,9,98,Not Rated,0.0
7337,2017-06-14,2017-06-15,655104,11004,8,2,5,5,61,9,98,Not Rated,0.0
7338,2017-06-14,2017-06-15,558102,11668,76,2,5,5,42,9,98,SAT,0.0
7339,2017-06-14,2017-06-15,1797152,9893,26,2,5,5,61,9,98,Not Rated,0.0
7340,2017-06-14,2017-06-16,885447,865,37,2,5,5,57,9,98,SAT,0.0
7341,2017-06-14,2017-06-15,2483316,10991,55,2,5,5,61,9,98,Not Rated,0.0
7342,2017-06-14,2017-06-19,1786931,11044,56,2,5,5,57,9,98,SAT,0.0
7343,2017-06-15,2017-06-16,349804,116,37,2,6,5,61,9,98,SAT,0.0
7344,2017-06-15,2017-06-16,1807974,9272,5,2,6,5,61,9,98,SAT,0.0
7345,2017-06-15,2017-06-19,20154,10359,19,2,5,5,57,9,98,SAT,0.0
7346,2017-06-15,2017-06-16,703973,8605,40,2,5,5,40,9,98,Not Rated,0.0
7347,2017-06-15,2017-06-16,1649490,11999,18,2,6,5,61,9,98,SAT,0.0
7348,2017-06-15,2017-07-12,2058621,12333,53,2,5,5,61,9,98,SAT,0.0
7349,2017-06-15,2017-06-16,262163,10883,69,2,5,5,61,9,98,SAT,0.0
7350,2017-06-15,2017-06-16,18187,125,24,2,6,5,61,9,98,SAT,0.0
7351,2017-06-15,2017-06-16,2016559,235,74,2,6,5,57,9,98,SAT,0.0
7352,2017-06-15,2017-06-16,800802,211,36,2,5,5,57,9,98,SAT,0.0
7353,2017-06-15,2017-06-19,386013,12692,8,2,5,5,57,9,98,SAT,0.0
7354,2017-06-15,2017-06-19,1711207,1291,20,2,5,5,57,9,98,SAT,0.0
7355,2017-06-15,2017-06-16,771998,11276,43,2,5,5,57,9,98,SAT,0.0
7356,2017-06-15,2017-06-15,799509,157,44,2,5,5,57,9,98,SAT,0.0
7357,2017-06-15,2017-06-16,2361251,238,16,2,5,5,61,9,98,SAT,0.0
7358,2017-06-15,2017-06-16,418336,542,1,2,5,5,61,9,98,SAT,0.0
7359,2017-06-15,2017-06-19,1846837,9628,26,2,5,5,57,9,98,SAT,0.0
7360,2017-06-15,2017-06-19,2116801,11474,23,2,5,5,61,9,98,SAT,0.0
7361,2017-06-11,2017-07-07,119887,9359,4,2,5,5,40,9,98,Not Rated,0.0
7362,2017-06-12,2017-07-04,1868514,12769,43,2,5,5,15,9,98,Not Rated,0.0
7363,2017-06-16,2017-06-19,81556,2175,54,2,5,5,61,9,98,SAT,0.0
7364,2017-06-16,2017-06-19,877169,1500,36,2,5,5,61,9,98,SAT,0.0
7365,2017-06-16,2017-06-19,655808,9440,8,2,5,5,61,9,98,SAT,0.0
7366,2017-06-16,2017-06-19,158776,11469,7,2,5,5,61,9,98,SAT,0.0
7367,2017-06-16,2017-06-29,1748367,8779,30,2,5,5,57,9,98,Not Rated,0.0
7368,2017-06-16,2017-06-19,502223,11157,69,2,5,5,61,9,98,SAT,0.0
7369,2017-06-16,2017-06-19,536401,9377,51,2,5,5,57,9,98,SAT,0.0
7370,2017-06-16,2017-06-19,837532,10659,16,2,5,5,61,9,98,SAT,0.0
7371,2017-06-16,2017-06-19,571158,11154,67,2,5,5,61,9,98,SAT,0.0
7372,2017-06-16,2017-07-03,2198214,940,20,2,5,5,57,9,98,SAT,0.0
7373,2017-06-16,2017-06-19,2084233,133,33,2,5,5,61,9,98,SAT,0.0
7374,2017-06-16,2017-06-19,847439,496,33,2,5,5,61,9,98,SAT,0.0
7375,2017-06-16,2017-06-19,1674594,12241,70,2,5,5,61,9,98,SAT,0.0
7376,2017-06-09,2017-08-31,2134522,394,21,2,3,5,18,9,42,Not Rated,0.0
7377,2017-06-19,2017-06-19,836631,10327,17,2,5,1,40,9,98,SAT,0.0
7378,2017-06-13,2017-06-19,797673,1140,65,2,5,5,12,9,98,SAT,0.0
7379,2017-06-19,2017-06-19,1761206,11071,43,2,5,5,57,9,98,SAT,0.0
7380,2017-06-19,2017-06-19,81872,11286,67,2,5,5,61,9,98,SAT,0.0
7381,2017-06-19,2017-06-21,406035,11114,1,2,5,5,61,9,98,Not Rated,0.0
7382,2017-06-19,2017-06-29,890891,9970,5,2,5,5,57,9,98,Not Rated,0.0
7383,2017-06-19,2017-06-21,831167,7671,20,2,6,5,61,9,98,SAT,0.0
7384,2017-06-19,2017-06-19,1762086,473,64,2,5,5,57,9,98,SAT,0.0
7385,2017-06-19,2017-06-19,1792215,12192,16,2,5,5,57,9,98,SAT,0.0
7386,2017-06-19,2017-06-19,2400546,9968,38,2,5,5,57,9,98,SAT,0.0
7387,2017-06-19,2017-06-21,617313,10147,14,2,5,5,61,9,98,Not Rated,0.0
7388,2017-06-19,2017-06-21,2115004,1645,50,2,5,5,15,9,98,SAT,0.0
7389,2017-06-19,2017-06-29,2256774,8605,10,2,5,5,57,9,98,Not Rated,0.0
7390,2017-06-19,2017-06-22,525538,2659,54,2,5,5,57,9,98,SAT,0.0
7391,2017-06-19,2017-06-21,1742815,11172,73,2,5,5,61,9,98,Not Rated,0.0
7392,2017-06-13,2017-07-05,198870,11086,48,2,5,5,1,9,98,SAT,0.0
7393,2017-06-19,2017-06-21,1889312,11277,64,2,5,5,61,9,98,Not Rated,0.0
7394,2017-06-19,2017-06-21,1807312,2537,10,2,5,5,61,9,98,Not Rated,0.0
7395,2017-06-19,2017-06-21,1848832,11031,32,2,5,5,61,9,98,Not Rated,0.0
7396,2017-06-19,2017-06-23,1827023,781,6,2,5,5,57,9,98,Not Rated,0.0
7397,2017-06-19,2017-06-21,1862401,10490,1,2,5,5,61,9,98,Not Rated,0.0
7398,2017-06-19,2017-07-21,647318,1350,10,2,5,5,61,9,98,Not Rated,0.0
7399,2017-06-19,2017-06-23,2170441,10983,75,2,5,5,57,9,98,Not Rated,0.0
7400,2017-06-20,2017-06-22,2126100,8201,4,2,5,5,15,9,98,Not Rated,0.0
7401,2017-06-20,2017-06-23,684096,1256,34,2,5,5,61,9,98,Not Rated,0.0
7402,2017-06-20,2017-06-23,793425,1106,5,2,5,5,61,9,98,Not Rated,0.0
7403,2017-06-20,2017-06-23,1904448,10105,60,2,5,5,57,9,98,SAT,0.0
7404,2017-06-16,2017-06-29,782566,10037,5,2,5,5,40,9,13,SAT,0.0
7405,2017-06-20,2017-06-29,2092502,8887,25,2,5,5,57,9,98,Not Rated,0.0
7406,2017-06-20,2017-06-23,36531,11223,64,2,5,5,61,9,98,SAT,0.0
7407,2017-06-20,2017-06-23,2135026,11711,37,2,5,5,61,9,98,SAT,0.0
7408,2017-06-20,2017-06-30,461760,9085,18,2,5,5,57,9,98,Not Rated,0.0
7409,2017-06-20,2017-06-22,2110034,10676,12,2,5,5,57,9,98,SAT,0.0
7410,2017-06-20,2017-06-22,1834621,11118,39,2,5,5,57,9,98,SAT,0.0
7411,2017-06-20,2017-07-17,577700,11840,8,2,5,5,31,9,98,SAT,0.0
7412,2017-06-20,2017-06-23,892868,2532,45,2,5,5,61,9,98,Not Rated,0.0
7413,2017-06-20,2017-06-23,2381700,11246,55,2,5,5,61,9,98,Not Rated,0.0
7414,2017-06-20,2017-06-26,228695,9856,29,2,5,5,57,9,98,SAT,0.0
7415,2017-06-12,2017-06-22,1866064,9918,14,2,3,5,40,9,98,Not Rated,0.0
7416,2017-06-20,2017-06-26,111215,745,46,2,7,5,61,9,98,Not Rated,0.0
7417,2017-06-12,2017-07-12,208992,2178,22,2,3,5,40,9,98,SAT,0.0
7418,2017-06-21,2017-07-04,405385,8197,5,2,5,5,61,9,98,SAT,0.0
7419,2017-06-21,2017-07-04,237027,9824,8,2,5,5,61,9,98,Not Rated,0.0
7420,2017-06-21,2017-10-04,2204509,8385,7,2,5,5,7,9,13,SAT,0.0
7421,2017-06-21,2017-06-26,687640,10130,20,2,5,5,57,9,98,SAT,0.0
7422,2017-06-21,2017-06-26,501185,2316,2,2,5,5,57,9,98,SAT,0.0
7423,2017-06-21,2017-06-21,2118390,9983,65,2,5,5,12,9,98,Not Rated,0.0
7424,2017-06-21,2017-06-22,470656,11552,21,2,5,5,15,9,98,Not Rated,0.0
7425,2017-06-21,2017-06-26,2226741,11213,64,2,5,5,12,9,98,SAT,0.0
7426,2017-06-21,2017-07-12,287078,9370,19,2,5,5,61,9,98,SAT,0.0
7427,2017-06-21,2017-06-26,1812089,839,57,2,5,5,61,9,98,Not Rated,0.0
7428,2017-06-21,2017-06-29,158157,8946,6,2,5,5,57,9,98,SAT,0.0
7429,2017-06-21,2017-06-26,896249,2532,78,2,5,5,57,9,98,SAT,0.0
7430,2017-06-21,2017-06-26,1642885,11999,13,2,5,5,57,9,98,SAT,0.0
7431,2017-06-21,2017-06-27,2004423,824,62,2,5,5,57,9,98,SAT,0.0
7432,2017-06-21,2017-06-27,369121,7950,55,2,5,5,12,9,98,SAT,0.0
7433,2017-06-21,2017-06-23,1805622,11265,74,2,3,1,12,9,98,Not Rated,0.0
7434,2017-06-22,2017-06-26,242717,9362,73,2,5,5,57,9,98,SAT,0.0
7435,2017-06-22,2017-06-29,431752,10235,69,2,5,5,12,9,98,Not Rated,0.0
7436,2017-06-22,2017-06-26,121588,507,42,2,5,5,61,9,98,Not Rated,0.0
7437,2017-06-22,2017-09-04,1754955,394,34,2,5,5,12,9,42,Not Rated,0.0
7438,2017-06-22,2017-06-26,1913784,2340,63,2,5,5,57,9,98,SAT,0.0
7439,2017-06-22,2017-06-26,200555,10659,39,2,5,5,57,9,98,Not Rated,0.0
7440,2017-06-22,2017-06-26,632553,9393,9,2,5,5,57,9,98,SAT,0.0
7441,2017-06-22,2017-06-26,650644,10693,46,2,5,5,57,9,98,Not Rated,0.0
7442,2017-06-22,2017-06-26,2387308,11676,71,2,5,5,61,9,98,Not Rated,0.0
7443,2017-06-22,2017-06-26,1554,9546,52,2,5,5,61,9,98,Not Rated,0.0
7444,2017-06-22,2017-06-23,466467,12048,40,2,5,5,57,9,98,SAT,0.0
7445,2017-06-22,2017-06-26,2254119,9796,1,2,5,5,61,9,98,Not Rated,0.0
7446,2017-06-22,2017-06-26,748903,12572,10,2,5,5,57,9,98,SAT,0.0
7447,2017-06-22,2017-06-26,721524,2502,77,2,5,5,61,9,98,Not Rated,0.0
7448,2017-06-22,2017-06-26,1802904,11011,74,2,5,5,61,9,98,Not Rated,0.0
7449,2017-06-22,2017-06-26,2069458,1092,68,2,6,5,61,9,98,Not Rated,0.0
7450,2017-06-22,2017-06-29,277317,11158,27,2,5,5,57,9,98,SAT,0.0
7453,2017-06-22,2017-06-27,173947,8120,8,2,3,1,12,9,98,Not Rated,0.0
7454,2017-06-22,2017-06-27,1894251,11959,41,2,3,1,12,9,98,Not Rated,0.0
7455,2017-06-23,2017-06-30,1896538,9361,47,2,5,5,57,9,98,Not Rated,0.0
7456,2017-06-23,2017-06-30,1798606,1645,71,2,5,5,57,9,98,Not Rated,0.0
7457,2017-06-23,2017-06-29,840522,11113,24,2,5,5,57,9,98,Not Rated,0.0
7458,2017-06-23,2017-06-26,2289945,507,33,2,5,5,57,9,98,SAT,0.0
7459,2017-06-23,2017-06-26,1868089,11171,45,2,6,5,61,9,98,Not Rated,0.0
7460,2017-06-23,2017-06-27,456316,12572,23,2,5,5,57,9,98,SAT,0.0
7461,2017-06-23,2017-06-27,323513,1092,37,2,5,5,61,9,98,SAT,0.0
7462,2017-06-23,2017-08-09,2361261,11932,9,2,5,5,61,9,98,Not Rated,0.0
7463,2017-06-22,2017-07-06,503203,10992,8,2,5,5,10,9,98,SAT,0.0
7464,2017-06-22,2017-07-14,2385319,9800,9,2,5,5,10,9,98,SAT,0.0
7465,2017-06-22,2017-07-06,2337075,8999,12,2,5,5,10,9,98,Not Rated,0.0
7466,2017-06-20,2017-07-10,2107610,211,4,2,5,5,44,9,98,SAT,0.0
7467,2017-06-23,2017-06-26,70602,960,57,2,5,5,57,9,98,SAT,0.0
7468,2017-06-23,2017-06-26,1644792,518,18,2,6,5,12,9,98,SAT,0.0
7469,2017-06-23,2017-06-27,2509287,2532,75,2,5,5,61,9,98,SAT,0.0
7470,2017-06-23,2017-06-30,133635,8197,28,2,5,5,57,9,98,SAT,0.0
7471,2017-06-23,2017-06-30,1649490,12352,62,2,5,5,57,9,98,SAT,0.0
7472,2017-06-23,2017-06-27,51511,133,24,2,5,5,61,9,98,SAT,0.0
7473,2017-06-23,2017-06-27,2303822,9559,20,2,5,5,61,9,98,Not Rated,0.0
7474,2017-06-23,2017-06-30,2039483,12034,6,2,5,5,57,9,98,SAT,0.0
7475,2017-06-19,2017-06-26,2164703,187,6,2,5,5,57,9,98,Not Rated,0.0
7476,2017-06-22,2017-06-26,579501,151,36,2,5,5,57,9,98,Not Rated,0.0
7477,2017-06-23,2017-06-26,2399453,7949,2,2,5,5,57,9,98,SAT,0.0
7478,2017-06-23,2017-06-26,1691457,11003,26,2,5,5,57,9,98,SAT,0.0
7479,2017-06-26,2017-06-29,1837346,8601,73,2,6,5,57,9,98,SAT,0.0
7480,2017-06-23,2017-08-01,1852567,11973,18,2,3,5,7,9,42,Not Rated,0.0
7481,2017-06-26,2017-06-27,467200,12229,75,2,5,5,57,9,98,SAT,0.0
7482,2017-06-23,2017-07-07,2037916,12399,3,2,4,5,50,9,98,Not Rated,0.0
7483,2017-06-26,2017-06-27,1911179,8507,39,2,6,5,61,9,98,Not Rated,0.0
7484,2017-06-26,2017-06-27,1852869,8882,60,2,5,5,61,9,98,SAT,0.0
7485,2017-06-26,2017-06-30,1675342,11474,75,2,5,5,57,9,98,Not Rated,0.0
7486,2017-06-26,2017-06-27,892651,8106,49,2,5,5,61,9,98,SAT,0.0
7487,2017-06-26,2017-06-28,1823413,282,18,2,5,5,57,9,98,SAT,0.0
7488,2017-06-26,2017-06-27,1844515,9021,20,2,5,5,61,9,98,Not Rated,0.0
7489,2017-06-26,2017-06-27,2477323,10050,51,2,5,5,57,9,98,SAT,0.0
7490,2017-06-26,2017-06-26,2113654,1548,17,2,6,5,57,9,98,SAT,0.0
7491,2017-06-22,2017-07-13,116323,11052,50,2,7,3,50,9,98,Not Rated,0.0
7492,2017-06-23,2017-06-29,2004827,10676,55,2,5,5,12,9,98,SAT,0.0
7493,2017-06-26,2017-06-27,1808612,11910,31,2,5,5,61,9,98,Not Rated,0.0
7494,2017-06-26,2017-06-28,810354,1994,68,2,5,5,57,9,98,SAT,0.0
7495,2017-06-26,2017-06-28,1745146,9370,28,2,5,5,57,9,98,SAT,0.0
7496,2017-06-26,2017-06-27,333495,2659,68,2,5,5,61,9,98,SAT,0.0
7497,2017-06-26,2017-06-27,406415,11171,25,2,5,5,61,9,98,SAT,0.0
7498,2017-06-26,2017-06-28,1707284,11136,15,2,5,5,57,9,98,SAT,0.0
7499,2017-06-26,2017-06-28,1881589,781,26,2,5,5,61,9,98,SAT,0.0
7500,2017-06-26,2017-06-28,812614,11942,28,2,5,5,57,9,98,SAT,0.0
7501,2017-06-26,2017-06-30,717199,1865,63,2,5,5,57,9,98,SAT,0.0
7502,2017-06-26,2017-06-28,1790289,8484,13,2,5,5,57,9,98,SAT,0.0
7503,2017-06-26,2017-06-27,402010,11626,33,2,5,5,61,9,98,SAT,0.0
7504,2017-06-26,2017-06-27,502506,9205,18,2,5,5,61,9,98,Not Rated,0.0
7505,2017-06-26,2017-06-28,368475,9933,2,2,5,5,57,9,98,SAT,0.0
7506,2017-06-26,2017-06-27,630695,10987,20,2,7,8,61,9,98,Not Rated,0.0
7507,2017-06-26,2017-07-21,1792090,12208,9,2,5,5,44,9,13,SAT,0.0
7508,2017-06-26,2017-06-29,1727501,9000,46,2,5,5,57,9,98,SAT,0.0
7509,2017-06-26,2017-06-29,891414,811,74,2,5,5,57,9,98,SAT,0.0
7510,2017-06-26,2017-06-30,859699,9610,52,2,6,5,57,9,98,SAT,0.0
7511,2017-06-26,2017-06-30,1828818,12027,40,2,6,5,57,9,98,SAT,0.0
7512,2017-06-26,2017-06-30,747246,11590,48,2,5,5,57,9,98,SAT,0.0
7513,2017-06-26,2017-06-28,152735,586,31,2,5,5,57,9,98,SAT,0.0
7514,2017-06-26,2017-06-30,662979,12367,2,2,5,5,57,9,98,SAT,0.0
7515,2017-06-26,2017-06-27,2256478,10992,54,2,5,5,61,9,98,Not Rated,0.0
7516,2017-06-26,2017-06-30,1876695,8484,55,2,5,5,57,9,98,Not Rated,0.0
7517,2017-06-26,2017-07-06,1833311,12345,36,2,5,5,57,9,98,SAT,0.0
7518,2017-06-21,2017-06-28,537786,11621,4,2,3,5,40,9,98,Not Rated,0.0
7519,2017-06-27,2017-07-05,1753738,11121,11,2,5,5,57,9,98,SAT,0.0
7520,2017-06-27,2017-06-30,2137439,300,76,2,5,5,57,9,98,SAT,0.0
7521,2017-06-27,2017-06-30,703018,12414,12,2,5,5,57,9,98,SAT,0.0
7522,2017-06-27,2017-06-28,1840077,11036,65,2,5,5,61,9,98,Not Rated,0.0
7523,2017-06-27,2017-07-24,110339,1645,42,2,3,5,45,9,13,SAT,0.0
7524,2017-06-27,2017-07-06,1857565,12250,70,2,5,5,57,9,98,Not Rated,0.0
7525,2017-06-27,2017-07-06,421010,269,22,2,5,5,57,9,98,SAT,0.0
7526,2017-06-27,2017-06-30,1810560,11213,76,2,5,5,57,9,98,SAT,0.0
7527,2017-06-27,2017-07-03,2116060,2504,62,2,5,5,57,9,98,SAT,0.0
7528,2017-06-27,2017-07-05,1656153,2601,27,2,5,5,57,9,98,SAT,0.0
7529,2017-06-27,2017-06-30,640161,839,46,2,5,5,57,9,98,Not Rated,0.0
7530,2017-06-27,2017-06-30,2106860,10443,23,2,5,5,61,9,98,Not Rated,0.0
7531,2017-06-27,2017-07-12,1846256,11973,21,2,5,5,61,9,98,Not Rated,0.0
7532,2017-06-27,2017-06-28,2038637,10152,56,2,5,5,61,9,98,Not Rated,0.0
7533,2017-06-27,2017-06-27,1807234,9022,13,2,5,5,61,9,98,Not Rated,0.0
7534,2017-06-27,2017-06-28,1884876,11960,48,2,5,5,61,9,98,Not Rated,0.0
7535,2017-06-27,2017-08-03,418336,8605,29,2,3,5,15,9,98,Not Rated,0.0
7536,2017-06-27,2017-06-28,2092503,10722,36,2,5,5,61,9,98,SAT,0.0
7537,2017-06-22,2017-06-27,1814942,10037,6,2,3,5,58,9,98,SAT,0.0
7538,2017-06-27,2017-07-06,1754636,9647,65,2,5,5,57,9,98,SAT,0.0
7539,2017-06-27,2017-08-08,781093,2460,19,2,5,5,15,9,42,Not Rated,0.0
7540,2017-06-27,2017-06-28,1796130,9588,52,2,5,5,61,9,98,Not Rated,0.0
7541,2017-06-27,2017-07-03,1943803,2322,18,2,5,5,57,9,98,SAT,0.0
7542,2017-06-27,2017-07-06,361382,12051,16,2,5,5,57,9,98,SAT,0.0
7543,2017-06-27,2017-06-28,837360,11175,63,2,5,5,61,9,98,Not Rated,0.0
7544,2017-06-27,2017-07-06,2224028,1748,13,2,5,5,57,9,98,SAT,0.0
7545,2017-06-29,2017-07-13,1854473,11113,44,2,3,7,12,9,98,Not Rated,0.0
7546,2017-06-27,2017-09-15,2122020,2671,4,2,4,5,15,9,13,Not Rated,0.0
7547,2017-06-27,2017-06-28,771998,49,78,2,5,5,61,9,98,Not Rated,0.0
7548,2017-06-28,2017-07-05,333842,507,46,2,5,5,57,9,98,SAT,0.0
7549,2017-06-28,2017-06-30,2016997,8853,30,2,5,5,57,9,98,Not Rated,0.0
7550,2017-06-28,2017-06-30,606154,10106,35,2,5,5,61,9,98,Not Rated,0.0
7551,2017-06-28,2017-07-04,42374,1748,30,2,5,5,61,9,98,Not Rated,0.0
7552,2017-06-28,2017-06-28,1852072,10127,75,2,5,5,12,9,98,SAT,0.0
7553,2017-06-28,2017-07-03,577167,190,6,2,5,5,57,9,98,SAT,0.0
7554,2017-06-28,2017-07-05,2389369,11711,31,2,5,5,57,9,98,SAT,0.0
7555,2017-06-28,2017-07-05,1880443,10116,62,2,5,5,57,9,98,SAT,0.0
7556,2017-06-28,2017-06-29,2105827,9622,19,2,5,5,61,9,98,Not Rated,0.0
7557,2017-06-28,2017-06-29,550385,11050,71,2,5,5,61,9,98,SAT,0.0
7558,2017-06-28,2017-06-30,1865488,11254,7,2,5,5,57,9,98,Not Rated,0.0
7559,2017-06-28,2017-06-30,1914544,12299,33,2,5,5,57,9,98,Not Rated,0.0
7560,2017-06-28,2017-07-03,698088,9610,35,2,5,5,57,9,98,SAT,0.0
7561,2017-06-28,2017-07-03,181433,529,18,2,5,5,57,9,98,SAT,0.0
7562,2017-06-28,2017-07-07,1660431,9853,42,2,5,5,57,9,98,NSA,0.0
7563,2017-06-28,2017-06-30,2157039,2613,6,2,5,5,57,9,98,SAT,0.0
7564,2017-06-28,2017-06-30,1761212,9856,57,2,5,5,57,9,98,SAT,0.0
7565,2017-06-28,2017-06-30,2417301,1875,67,2,5,5,57,9,98,SAT,0.0
7566,2017-06-28,2017-07-13,1858975,11134,29,2,5,5,57,9,98,SAT,0.0
7567,2017-06-28,2017-06-30,100948,842,52,2,5,5,57,9,98,SAT,0.0
7568,2017-06-28,2017-06-30,356193,11158,72,2,5,5,57,9,98,Not Rated,0.0
7569,2017-06-28,2017-07-17,2512242,12346,54,2,3,5,16,9,98,Not Rated,0.0
7570,2017-06-29,2017-07-05,253009,11059,73,2,5,5,57,9,98,Not Rated,0.0
7571,2017-06-29,2017-06-29,781572,991,1,2,5,5,61,9,98,Not Rated,0.0
7572,2017-06-29,2017-06-29,673246,2666,11,2,5,5,61,9,98,Not Rated,0.0
7573,2017-06-29,2017-06-30,334943,473,50,2,5,5,57,9,98,Not Rated,0.0
7574,2017-06-29,2017-06-30,2167397,12174,45,2,5,5,57,9,98,Not Rated,0.0
7575,2017-06-29,2017-07-05,1769676,9983,63,2,5,5,57,9,98,SAT,0.0
7576,2017-06-29,2017-07-05,1876142,11980,63,2,5,5,57,9,98,SAT,0.0
7577,2017-06-29,2017-07-05,2048387,11668,58,2,5,5,57,9,98,Not Rated,0.0
7578,2017-06-29,2017-06-29,96455,1079,22,2,5,5,57,9,98,Not Rated,0.0
7579,2017-06-29,2017-07-04,326191,10693,74,2,5,5,57,9,98,SAT,0.0
7580,2017-06-26,2017-07-17,2289944,11077,66,2,3,5,12,9,98,Not Rated,0.0
7581,2017-06-29,2017-07-03,422657,2316,41,2,5,5,61,9,98,Not Rated,0.0
7582,2017-06-29,2017-07-04,1890234,9856,37,2,5,5,57,9,98,SAT,0.0
7583,2017-06-29,2017-07-04,1812270,11286,77,2,5,5,57,9,98,SAT,0.0
7584,2017-06-29,2017-07-04,820437,2307,9,2,5,5,57,9,98,SAT,0.0
7585,2017-06-29,2017-07-26,1800166,11175,55,2,2,5,12,9,98,Not Rated,0.0
7586,2017-06-29,2017-06-29,894285,528,7,2,5,5,57,9,98,SAT,0.0
7587,2017-06-29,2017-06-30,126151,11133,74,2,5,5,61,9,98,Not Rated,0.0
7588,2017-06-29,2017-06-30,370128,11262,13,2,6,5,61,9,98,Not Rated,0.0
7589,2017-06-29,2017-07-05,157154,10105,5,2,5,5,57,9,98,SAT,0.0
7590,2017-06-29,2017-08-09,2071301,300,69,2,5,5,61,9,98,Not Rated,0.0
7591,2017-06-29,2017-07-05,1913446,10430,24,2,5,5,57,9,98,SAT,0.0
7592,2017-06-29,2017-07-05,326789,8970,6,2,5,5,57,9,98,SAT,0.0
7593,2017-06-27,2017-06-29,545368,12617,41,2,6,5,57,9,98,Not Rated,0.0
7594,2017-06-27,2017-06-29,238181,9715,5,2,5,5,57,9,98,Not Rated,0.0
7595,2017-06-29,2017-07-06,886248,940,22,2,6,5,57,9,98,SAT,0.0
7596,2017-06-29,2017-06-30,1793470,879,63,2,6,5,61,9,98,Not Rated,0.0
7597,2017-06-29,2017-07-05,2018516,1499,49,2,5,5,57,9,98,SAT,0.0
7598,2017-06-29,2017-06-29,1808017,11255,7,2,5,5,61,9,98,Not Rated,0.0
7599,2017-06-29,2017-06-30,499881,839,26,2,5,5,57,9,98,Not Rated,0.0
7600,2017-06-29,2017-07-04,1863637,8946,40,2,5,5,57,9,98,Not Rated,0.0
7601,2017-06-30,2017-07-05,280127,9796,13,2,5,5,57,9,98,SAT,0.0
7602,2017-06-30,2017-07-06,1884879,9370,57,2,5,5,57,9,98,SAT,0.0
7603,2017-06-30,2017-07-03,1811623,11904,72,2,5,5,61,9,98,Not Rated,0.0
7604,2017-06-29,2017-06-30,1896085,11134,29,2,5,5,57,9,98,Not Rated,0.0
7605,2017-06-30,2017-07-07,2272814,8569,77,2,5,5,57,9,98,Not Rated,0.0
7606,2017-06-30,2017-07-06,1898592,8356,35,2,5,5,57,9,98,SAT,0.0
7607,2017-06-30,2017-07-03,1766862,11004,43,2,6,5,61,9,98,Not Rated,0.0
7608,2017-06-30,2017-07-03,277972,10160,32,2,6,5,61,9,98,Not Rated,0.0
7609,2017-06-30,2017-07-03,480369,2206,17,2,5,5,61,9,98,Not Rated,0.0
7610,2017-06-30,2017-08-02,1732570,1085,70,2,5,5,61,9,98,Not Rated,0.0
7611,2017-07-03,2017-07-06,530646,8891,3,2,6,5,57,9,98,SAT,0.0
7612,2017-07-03,2017-07-06,2303337,11170,65,2,5,5,57,9,98,SAT,0.0
7613,2017-07-03,2017-07-03,429727,8887,51,2,5,5,61,9,98,Not Rated,0.0
7614,2017-07-03,2017-07-07,1864907,1866,62,2,7,5,57,9,98,SAT,0.0
7615,2017-06-29,2017-07-10,2058358,10073,76,2,5,5,12,9,98,Not Rated,0.0
7616,2017-07-03,2017-07-06,1743787,11479,29,2,5,5,57,9,98,SAT,0.0
7617,2017-06-27,2017-07-10,8030,9022,27,2,5,1,40,9,98,Not Rated,0.0
7618,2017-07-03,2017-07-03,2070964,11545,4,2,5,5,57,9,98,SAT,0.0
7619,2017-07-03,2017-07-07,287161,9715,40,2,5,5,57,9,98,SAT,0.0
7620,2017-07-03,2017-07-05,1812009,12617,5,2,5,5,61,9,98,Not Rated,0.0
7621,2017-06-29,2017-07-06,2164703,12198,41,2,5,5,57,9,98,SAT,0.0
7622,2017-06-29,2017-07-03,330261,507,78,2,3,5,40,9,98,Not Rated,0.0
7623,2017-06-27,2017-07-03,762915,11973,35,2,3,1,40,9,98,Not Rated,0.0
7624,2017-07-03,2017-07-07,616628,820,12,2,5,5,57,9,98,SAT,0.0
7625,2017-07-04,2017-07-12,1854975,12603,58,2,5,5,57,9,98,Not Rated,0.0
7626,2017-07-03,2017-07-05,734684,2482,2,2,5,5,57,9,98,Not Rated,0.0
7627,2017-07-03,2017-07-06,720234,486,32,2,5,5,12,9,98,Not Rated,0.0
7628,2017-07-04,2017-07-05,2011033,1956,26,2,6,5,61,9,98,Not Rated,0.0
7630,2017-07-04,2017-07-05,596545,10601,23,2,5,5,12,9,98,SAT,0.0
7631,2017-07-04,2017-07-05,1835474,11545,33,2,6,5,61,9,98,Not Rated,0.0
7632,2017-07-04,2017-07-04,677708,11932,31,2,3,5,40,9,98,SAT,0.0
7633,2017-07-04,2017-07-07,1999813,10361,12,2,5,5,57,9,98,SAT,0.0
7634,2017-07-04,2017-07-07,2046927,9000,61,2,5,5,57,9,98,SAT,0.0
7635,2017-07-03,2017-07-03,2443666,9610,31,2,3,1,12,9,98,Not Rated,0.0
7636,2017-07-04,2017-07-05,100054,1253,41,2,5,5,61,9,98,Not Rated,0.0
7637,2017-07-04,2017-07-07,1847388,10067,62,2,5,5,57,9,98,SAT,0.0
7638,2017-07-04,2017-07-13,714165,11188,2,2,5,5,57,9,98,SAT,0.0
7639,2017-07-04,2017-07-05,2116840,11621,37,2,5,5,61,9,98,Not Rated,0.0
7640,2017-07-04,2017-07-17,2340382,11259,8,2,5,5,57,9,98,SAT,0.0
7641,2017-07-04,2017-07-05,1817971,12345,72,2,5,5,61,9,98,Not Rated,0.0
7642,2017-07-04,2017-07-05,2018531,8970,22,2,5,5,61,9,98,Not Rated,0.0
7643,2017-07-04,2017-07-05,2413270,8356,1,2,5,5,61,9,98,Not Rated,0.0
7644,2017-07-04,2017-07-10,1908769,12299,66,2,5,5,57,9,98,Not Rated,0.0
7645,2017-07-04,2017-07-10,149896,9792,77,2,5,5,57,9,98,Not Rated,0.0
7646,2017-07-04,2017-07-10,141950,8999,42,2,3,5,12,9,98,SAT,0.0
7647,2017-07-05,2017-07-06,681927,10536,4,2,99,7,12,9,98,Not Rated,0.0
7648,2017-07-05,2017-07-06,351623,1846,29,2,5,5,61,9,98,Not Rated,0.0
7649,2017-07-05,2017-07-11,860538,1253,48,2,5,4,10,9,98,Not Rated,0.0
7650,2017-07-05,2017-07-06,694031,11621,19,2,2,1,15,9,98,Not Rated,0.0
7651,2017-07-05,2017-07-10,1853201,8055,34,2,5,5,57,9,98,Not Rated,0.0
7652,2017-07-05,2017-07-06,2400481,2128,3,2,5,5,61,9,98,Not Rated,0.0
7653,2017-07-05,2017-07-06,7448,8948,27,2,5,5,61,9,98,Not Rated,0.0
7654,2017-07-05,2017-07-05,2554557,11173,6,2,3,7,40,9,98,Not Rated,0.0
7655,2017-07-06,2017-08-24,2116479,11262,7,2,5,5,12,9,16,SAT,0.0
7656,2017-07-06,2017-08-03,367493,9799,71,2,3,5,56,9,42,Not Rated,0.0
7657,2017-07-06,2017-07-07,430680,11062,44,2,6,5,12,9,98,SAT,0.0
7658,2017-07-06,2017-07-07,105976,12334,16,2,6,5,57,9,98,SAT,0.0
7659,2017-07-06,2017-07-13,2204507,11074,45,2,6,5,57,9,98,SAT,0.0
7660,2017-07-06,2017-07-07,1854682,9662,1,2,6,5,12,9,98,SAT,0.0
7661,2017-07-07,2017-07-13,137311,824,55,2,5,5,12,9,98,SAT,0.0
7662,2017-07-07,2017-07-10,2059557,11796,48,2,5,5,61,9,98,Not Rated,0.0
7663,2017-07-07,2017-07-10,2359811,10130,2,2,5,5,61,9,98,Not Rated,0.0
7664,2017-07-07,2017-07-10,2115646,10820,70,2,5,5,61,9,98,Not Rated,0.0
7665,2017-07-07,2017-07-11,2096697,820,57,2,5,5,57,9,98,Not Rated,0.0
7666,2017-07-07,2017-07-10,1982387,11004,62,2,5,5,61,9,98,Not Rated,0.0
7667,2017-07-07,2017-07-10,1796655,11011,6,2,6,5,61,9,98,Not Rated,0.0
7668,2017-07-07,2017-07-10,1999765,1748,27,2,99,7,999,9,98,Not Rated,0.0
7669,2017-07-07,2017-07-10,25910,1239,63,2,3,1,40,9,98,Not Rated,0.0
7670,2017-07-07,2017-07-13,1890653,12414,41,2,3,5,15,9,98,SAT,0.0
7671,2017-07-10,2017-07-10,847896,8991,24,2,5,5,57,9,98,Not Rated,0.0
7672,2017-07-10,2017-07-11,550361,9824,36,2,5,5,61,9,98,Not Rated,0.0
7673,2017-07-10,2017-07-13,1765925,836,17,2,5,5,57,9,98,SAT,0.0
7674,2017-07-10,2017-07-13,403576,10016,15,2,5,5,57,9,98,SAT,0.0
7675,2017-07-10,2017-07-11,54341,8106,63,2,5,5,61,9,98,Not Rated,0.0
7676,2017-07-10,2017-07-11,1832376,9395,68,2,5,5,61,9,98,Not Rated,0.0
7677,2017-07-10,2017-07-11,495014,1997,54,2,5,5,57,9,98,SAT,0.0
7678,2017-07-10,2017-07-13,112893,11638,78,2,7,8,19,9,98,SAT,0.0
7679,2017-07-10,2017-07-11,2115004,11063,72,2,5,5,61,9,98,Not Rated,0.0
7680,2017-07-10,2017-07-11,441550,11123,17,2,5,5,57,9,98,Not Rated,0.0
7681,2017-07-10,2017-07-27,1709084,1275,60,2,5,5,6,9,98,Not Rated,0.0
7682,2017-07-11,2017-07-11,780683,12262,54,2,5,5,12,9,98,SAT,0.0
7683,2017-07-10,2017-07-11,1853899,2666,33,2,2,1,12,9,98,Not Rated,0.0
7684,2017-07-10,2017-08-08,1801906,9395,4,2,3,5,15,9,13,Not Rated,0.0
7685,2017-07-11,2017-07-11,598435,745,33,2,5,5,57,9,98,SAT,0.0
7686,2017-07-11,2017-07-13,1867453,1342,38,2,5,5,57,9,98,SAT,0.0
7687,2017-07-11,2017-07-11,163924,9923,65,2,5,5,57,9,98,Not Rated,0.0
7688,2017-07-11,2017-07-13,1858999,12328,53,2,5,5,57,9,98,SAT,0.0
7689,2017-07-11,2017-07-13,564949,8948,18,2,5,5,15,9,98,SAT,0.0
7690,2017-07-11,2017-07-13,406415,529,12,2,5,5,61,9,98,Not Rated,0.0
7691,2017-07-10,2017-07-19,794507,1702,70,2,5,7,12,9,98,Not Rated,0.0
7692,2017-07-11,2017-07-13,781568,1516,46,2,6,5,61,9,98,Not Rated,0.0
7693,2017-07-11,2017-07-12,698238,10659,29,2,6,5,57,9,98,SAT,0.0
7694,2017-07-11,2017-07-13,1806660,10948,30,2,5,5,57,9,98,SAT,0.0
7695,2017-07-11,2017-07-13,1873507,601,43,2,5,5,61,9,98,Not Rated,0.0
7696,2017-07-12,2017-07-12,647787,9998,67,2,5,5,57,9,98,Not Rated,0.0
7697,2017-07-12,2017-07-12,567930,11011,13,2,5,5,57,9,98,Not Rated,0.0
7698,2017-07-12,2017-07-21,2084064,9362,39,2,5,5,15,9,13,SAT,0.0
7699,2017-07-12,2017-07-27,313419,2500,71,2,3,5,33,9,98,Not Rated,0.0
7700,2017-07-11,2017-07-26,2035042,9311,73,2,3,5,10,9,98,SAT,0.0
7701,2017-07-10,2017-07-18,1887525,879,63,2,3,5,12,9,98,Not Rated,0.0
7702,2017-07-12,2017-07-13,611860,12299,24,2,5,5,61,9,98,Not Rated,0.0
7703,2017-07-12,2017-07-14,1804320,11066,47,2,5,5,57,9,98,SAT,0.0
7704,2017-07-12,2017-07-12,138130,528,53,2,5,5,12,9,98,SAT,0.0
7705,2017-07-12,2017-07-14,692052,8984,18,2,5,5,57,9,98,SAT,0.0
7706,2017-07-12,2017-07-14,557253,8053,19,2,5,5,61,9,98,Not Rated,0.0
7707,2017-07-12,2017-07-14,707494,8963,32,2,5,5,57,9,98,SAT,0.0
7708,2017-07-13,2017-07-13,2360740,12027,50,2,2,1,40,9,98,Not Rated,0.0
7709,2017-07-13,2017-07-13,726926,1499,31,2,6,5,12,9,98,SAT,0.0
7710,2017-07-13,2017-07-14,890000,345,60,2,5,5,61,9,98,Not Rated,0.0
7711,2017-07-13,2017-07-14,750454,8507,2,2,5,5,57,9,98,SAT,0.0
7712,2017-07-13,2017-07-14,1660622,2380,43,2,5,5,61,9,98,Not Rated,0.0
7713,2017-07-13,2017-07-14,384565,923,55,2,5,5,57,9,98,SAT,0.0
7714,2017-07-13,2017-07-19,2204848,10722,77,2,3,5,12,9,98,Not Rated,0.0
7715,2017-07-13,2017-07-14,896622,2378,12,2,5,5,57,9,98,SAT,0.0
7716,2017-07-13,2017-07-14,25862,11537,6,2,3,5,40,9,98,Not Rated,0.0
7717,2017-07-13,2017-07-14,781476,9715,55,2,5,5,57,9,98,SAT,0.0
7718,2017-07-13,2017-07-14,472502,11133,44,2,5,5,57,9,98,Not Rated,0.0
7719,2017-07-13,2017-07-14,2414539,12414,67,2,5,5,57,9,98,Not Rated,0.0
7720,2017-07-13,2017-07-14,792125,10861,66,2,5,5,57,9,98,SAT,0.0
7721,2017-07-12,2017-07-14,2220291,11932,5,2,99,7,999,9,98,Not Rated,0.0
7722,2017-07-13,2017-08-03,2185524,10646,69,2,3,5,40,9,42,Not Rated,0.0
7723,2017-07-14,2017-07-14,1636264,9662,9,2,7,5,61,9,98,Not Rated,0.0
7724,2017-07-14,2017-07-26,1790005,10998,55,2,5,5,15,9,13,SAT,0.0
7725,2017-07-10,2017-07-14,1742815,355,54,2,3,5,40,9,98,SAT,0.0
7726,2017-07-12,2017-07-14,2256012,1846,28,2,3,5,40,9,98,Not Rated,0.0
7727,2017-07-14,2017-07-19,70566,11287,52,2,5,7,12,9,98,Not Rated,0.0
7728,2017-07-17,2017-07-18,562322,11469,25,2,2,1,12,9,98,Not Rated,0.0
7729,2017-07-17,2017-07-19,1736651,1956,28,2,7,5,61,9,98,SAT,0.0
7730,2017-07-14,2017-08-02,1914597,11036,15,2,5,1,40,9,13,SAT,0.0
7731,2017-07-17,2017-07-21,717633,8605,5,2,3,5,15,9,13,SAT,0.0
7732,2017-07-17,2017-07-18,299993,1239,62,2,6,5,57,9,98,Not Rated,0.0
7733,2017-07-17,2017-07-18,1859625,11140,16,2,5,5,57,9,98,Not Rated,0.0
7734,2017-07-17,2017-07-18,773975,116,10,2,5,5,57,9,98,Not Rated,0.0
7735,2017-07-17,2017-07-18,1689946,10225,3,2,5,5,57,9,98,SAT,0.0
7736,2017-07-17,2017-07-20,2112418,11119,61,2,5,5,57,9,98,SAT,0.0
7737,2017-07-17,2017-07-17,831523,11157,66,2,5,5,57,9,98,SAT,0.0
7738,2017-07-17,2017-07-17,2053506,7950,56,2,5,5,57,9,98,SAT,0.0
7739,2017-07-17,2017-07-18,1818856,10107,2,2,2,1,58,9,98,Not Rated,0.0
7740,2017-07-19,2017-08-01,1901733,10360,56,2,3,7,12,9,42,Not Rated,0.0
7741,2017-07-18,2017-07-18,672681,10260,36,2,2,1,12,9,98,Not Rated,0.0
7742,2017-07-17,2017-07-18,1766862,11653,51,1,5,5,33,9,98,Not Rated,0.0
7743,2017-07-18,2017-07-19,134352,39,5,2,5,5,57,9,98,SAT,0.0
7744,2017-07-18,2017-07-20,1707912,11212,31,2,5,5,57,9,98,SAT,0.0
7745,2017-07-18,2017-07-19,2116361,1202,29,2,5,5,57,9,98,SAT,0.0
7746,2017-07-18,2017-07-21,1870964,781,30,2,5,5,57,9,16,SAT,0.0
7747,2017-07-18,2017-07-19,1918309,355,62,2,5,5,57,9,98,SAT,0.0
7748,2017-07-18,2017-07-25,593027,9559,50,2,5,5,57,9,16,SAT,0.0
7749,2017-07-18,2017-07-21,379119,2696,46,2,5,5,57,9,16,SAT,0.0
7750,2017-07-17,2017-07-21,2226741,9872,6,2,3,5,12,9,98,Not Rated,0.0
7751,2017-07-19,2017-07-31,1870392,11676,66,2,7,5,61,9,98,Not Rated,0.0
7752,2017-07-17,2017-09-08,2136275,9634,29,2,5,5,33,9,98,Not Rated,0.0
7753,2017-07-19,2017-07-21,1725854,8742,74,2,5,5,57,9,16,SAT,0.0
7754,2017-07-19,2017-07-21,2291415,11147,52,2,5,5,57,9,16,SAT,0.0
7755,2017-07-19,2017-07-21,2087957,10172,31,2,5,5,57,9,16,SAT,0.0
7756,2017-07-19,2017-07-21,444196,8367,69,2,6,5,57,9,16,SAT,0.0
7757,2017-07-19,2017-07-21,1722528,1512,9,2,5,5,57,9,16,SAT,0.0
7758,2017-07-19,2017-07-21,209716,9175,27,2,5,5,57,9,16,SAT,0.0
7759,2017-07-19,2017-07-24,238789,11788,2,2,5,5,57,9,16,SAT,0.0
7760,2017-07-17,2017-08-17,508191,9347,24,2,5,5,12,9,98,Not Rated,0.0
7761,2017-07-17,2017-07-31,2423962,8853,17,2,5,5,6,9,98,Not Rated,0.0
7762,2017-07-20,2017-07-24,664512,10069,10,2,5,5,57,9,16,SAT,0.0
7763,2017-07-20,2017-07-24,2127753,1465,55,2,5,5,57,9,16,SAT,0.0
7764,2017-07-20,2017-07-24,2117187,9175,36,2,5,5,57,9,16,SAT,0.0
7765,2017-07-20,2017-07-24,2034916,8120,33,2,5,5,57,9,16,SAT,0.0
7766,2017-07-20,2017-07-25,501598,12367,60,2,5,5,57,9,16,SAT,0.0
7767,2017-07-20,2017-07-25,641379,1106,19,2,5,5,57,9,98,SAT,0.0
7768,2017-07-20,2017-08-18,336331,2158,61,2,3,5,12,9,42,Not Rated,0.0
7769,2017-07-21,2017-07-25,340149,11188,76,2,5,5,57,9,98,SAT,0.0
7770,2017-07-21,2017-07-25,1752845,9813,70,2,5,5,57,9,98,SAT,0.0
7771,2017-07-21,2017-07-25,889904,781,61,2,5,5,57,9,98,SAT,0.0
7772,2017-07-21,2017-07-25,38209,1275,48,2,5,5,61,9,98,SAT,0.0
7773,2017-07-21,2017-07-25,142249,1270,25,2,5,5,57,9,98,SAT,0.0
7774,2017-07-21,2017-07-24,1822764,9923,34,2,5,5,61,9,98,SAT,0.0
7775,2017-07-21,2017-07-24,158888,940,51,2,5,5,57,9,98,Not Rated,0.0
7776,2017-07-21,2017-07-24,2070964,9893,63,2,5,5,12,9,98,SAT,0.0
7777,2017-07-21,2017-07-25,2270229,10016,50,2,7,5,57,9,98,SAT,0.0
7778,2017-07-21,2017-07-27,1711205,10428,15,2,3,1,18,9,13,SAT,0.0
7779,2017-07-24,2017-07-26,332347,8932,37,2,5,5,57,9,16,SAT,0.0
7780,2017-07-24,2017-07-28,891902,839,23,2,5,5,57,9,16,SAT,0.0
7781,2017-07-20,2017-08-02,1806548,9670,39,2,3,5,40,9,13,SAT,0.0
7782,2017-07-24,2017-08-18,60657,8367,63,2,5,5,12,9,42,Not Rated,0.0
7783,2017-07-24,2017-08-18,804061,1303,34,2,5,5,12,9,42,Not Rated,0.0
7784,2017-07-24,2017-07-26,1842505,11114,27,2,5,5,57,9,16,SAT,0.0
7785,2017-07-24,2017-07-26,1707181,11157,63,2,5,5,57,9,16,SAT,0.0
7786,2017-07-24,2017-07-26,169464,9395,63,2,5,5,57,9,16,SAT,0.0
7787,2017-07-24,2017-07-26,168591,10964,71,2,5,5,57,9,16,SAT,0.0
7788,2017-07-24,2017-07-27,777807,10618,50,2,5,5,57,9,16,SAT,0.0
7789,2017-07-24,2017-07-27,441376,8057,2,2,5,5,57,9,16,SAT,0.0
7790,2017-07-24,2017-07-27,775079,2613,10,2,5,5,57,9,16,SAT,0.0
7791,2017-07-25,2017-07-25,200555,11973,21,2,5,5,12,9,98,SAT,0.0
7792,2017-07-25,2017-07-25,2010172,9206,68,2,5,5,57,9,98,SAT,0.0
7793,2017-07-25,2017-07-26,50216,12250,50,2,5,5,12,9,16,Not Rated,0.0
7794,2017-07-24,2017-08-01,694001,2103,47,2,5,5,10,9,13,SAT,0.0
7795,2017-07-25,2017-07-27,655082,1875,77,2,5,5,57,9,16,SAT,0.0
7796,2017-07-25,2017-07-27,2422960,2482,37,2,5,5,57,9,16,SAT,0.0
7797,2017-07-25,2017-07-26,2386239,2519,67,2,5,5,57,9,98,SAT,0.0
7798,2017-07-25,2017-07-26,357680,911,1,2,5,5,57,9,98,SAT,0.0
7799,2017-07-25,2017-07-31,419240,10603,69,2,5,5,10,9,13,Not Rated,0.0
7800,2017-07-25,2017-07-27,1729540,12621,56,2,5,5,57,9,16,SAT,0.0
7801,2017-07-25,2017-07-27,2478688,8891,41,2,5,5,57,9,16,SAT,0.0
7802,2017-07-25,2017-07-27,564544,11479,5,2,5,5,57,9,16,SAT,0.0
7803,2017-07-25,2017-07-27,1748339,486,65,2,5,5,57,9,16,SAT,0.0
7804,2017-07-25,2017-07-27,2096717,2696,68,2,99,7,999,9,98,Not Rated,0.0
7805,2017-07-26,2017-07-27,892748,11118,29,2,5,5,57,9,16,SAT,0.0
7806,2017-07-26,2017-07-27,2338331,645,70,2,5,5,12,9,98,SAT,0.0
7807,2017-07-26,2017-09-13,1790690,8461,37,2,3,5,15,9,98,Not Rated,0.0
7808,2017-07-26,2017-08-01,2295074,12024,60,2,5,5,57,9,16,SAT,0.0
7809,2017-07-26,2017-07-27,2066680,10850,35,2,5,5,57,9,16,SAT,0.0
7810,2017-07-26,2017-07-27,350288,416,52,2,5,5,57,9,16,SAT,0.0
7811,2017-07-26,2017-08-03,676065,11093,29,2,3,7,7,9,13,Not Rated,0.0
7812,2017-07-26,2017-07-27,1744184,9892,44,2,2,1,40,9,98,Not Rated,0.0
7813,2017-07-26,2017-09-21,1707474,11063,64,2,3,5,55,9,13,Not Rated,0.0
7814,2017-07-24,2017-08-17,2105752,2555,40,1,3,5,33,9,42,Not Rated,0.0
7815,2017-07-27,2017-07-27,513876,9796,23,2,5,5,57,9,16,SAT,0.0
7816,2017-07-27,2017-07-27,480366,9803,61,2,5,5,57,9,16,SAT,0.0
7817,2017-07-27,2017-07-28,562606,9813,41,2,5,5,57,9,16,SAT,0.0
7818,2017-07-27,2017-07-28,247613,811,44,2,5,5,57,9,16,SAT,0.0
7819,2017-07-27,2017-07-28,2185589,2235,62,2,5,5,12,9,16,SAT,0.0
7820,2017-07-27,2017-07-28,215889,10106,40,2,5,5,57,9,16,Not Rated,0.0
7821,2017-07-27,2017-07-28,1748946,11122,64,2,5,5,57,9,16,SAT,0.0
7822,2017-07-27,2017-07-28,154645,2129,36,2,5,5,57,9,16,SAT,0.0
7823,2017-07-27,2017-08-25,282442,11213,6,2,5,5,12,9,42,Not Rated,0.0
7824,2017-07-27,2017-07-28,743006,1202,1,2,5,5,57,9,16,SAT,0.0
7825,2017-08-08,2017-08-17,189129,10973,42,2,99,7,12,9,42,Not Rated,0.0
7826,2017-07-28,2017-07-28,1798606,12044,72,2,5,5,12,9,98,Not Rated,0.0
7827,2017-07-28,2017-08-21,793961,671,4,2,5,5,12,9,42,Not Rated,0.0
7828,2017-07-28,2017-07-31,1709115,9000,29,2,5,5,57,9,16,SAT,0.0
7829,2017-07-28,2017-08-02,220828,1081,71,2,6,5,57,9,16,SAT,0.0
7830,2017-07-28,2017-07-31,875016,960,50,2,5,5,57,9,16,SAT,0.0
7831,2017-07-28,2017-07-31,631100,2559,48,2,5,5,12,9,16,SAT,0.0
7832,2017-07-28,2017-07-28,896886,11156,50,2,2,5,16,9,98,Not Rated,0.0
7833,2017-07-28,2017-07-28,615679,10490,32,2,5,5,61,9,16,SAT,0.0
7834,2017-07-28,2017-07-31,2066681,8432,38,2,5,5,57,9,16,SAT,0.0
7835,2017-07-28,2017-08-04,1708251,11213,26,2,3,5,16,9,42,Not Rated,0.0
7836,2017-07-28,2017-08-03,410646,12692,1,2,5,5,15,9,42,SAT,0.0
7837,2017-07-31,2017-08-17,851391,12133,2,2,5,5,12,9,42,Not Rated,0.0
7838,2017-07-31,2017-07-31,2066151,2478,63,2,5,5,12,9,16,SAT,0.0
7839,2017-07-31,2017-08-01,1868523,911,14,2,5,5,57,9,16,SAT,0.0
7840,2017-07-24,2017-08-10,797830,9370,27,2,5,5,50,9,42,Not Rated,0.0
7841,2017-07-31,2017-07-31,2199969,8797,52,2,5,5,57,9,16,SAT,0.0
7842,2017-07-31,2017-09-08,841833,12066,9,2,5,5,12,9,16,Not Rated,0.0
7843,2017-07-31,2017-08-17,2380705,11121,50,2,3,7,12,9,42,Not Rated,0.0
7844,2017-08-01,2017-08-02,1770509,645,76,2,5,5,57,9,16,SAT,0.0
7845,2017-08-01,2017-08-01,2114962,7654,75,2,5,5,61,9,16,SAT,0.0
7846,2017-08-01,2017-08-03,1834731,8779,1,2,5,5,12,9,16,SAT,0.0
7847,2017-08-01,2017-08-01,813012,11287,5,2,5,5,61,9,16,SAT,0.0
7848,2017-08-01,2017-08-02,375386,1097,54,2,5,5,57,9,16,SAT,0.0
7849,2017-08-01,2017-08-02,491135,10328,3,2,5,5,57,9,16,SAT,0.0
7850,2017-08-01,2017-08-02,2097232,355,18,2,5,5,57,9,16,SAT,0.0
7851,2017-08-02,2017-08-07,2358889,151,17,2,5,5,12,9,16,SAT,0.0
7852,2017-08-02,2017-08-02,781568,1253,3,2,99,7,999,9,98,Not Rated,0.0
7853,2017-08-02,2017-08-02,748508,11275,72,2,99,7,999,9,98,Not Rated,0.0
7854,2017-08-03,2017-08-07,872761,8882,11,2,5,5,18,9,42,SAT,0.0
7855,2017-08-08,2017-09-04,766584,8882,7,2,3,7,12,9,42,Not Rated,0.0
7856,2017-08-02,2017-08-02,1802904,11676,61,2,5,5,12,9,16,SAT,0.0
7857,2017-07-25,2017-08-14,1793070,133,65,2,3,5,50,9,42,Not Rated,0.0
7858,2017-08-02,2017-08-04,2055469,2263,25,2,5,5,50,9,42,Not Rated,0.0
7859,2017-08-02,2017-08-17,1893802,12262,5,2,3,5,7,9,16,SAT,0.0
7860,2017-08-02,2017-08-02,1708963,9647,52,2,5,5,57,9,16,SAT,0.0
7861,2017-08-02,2017-08-02,258665,211,78,2,5,5,12,9,16,SAT,0.0
7862,2017-07-25,2017-08-02,657960,11175,34,2,3,1,40,9,13,SAT,0.0
7863,2017-08-02,2017-08-02,2056069,11029,8,1,5,5,12,9,98,Not Rated,0.0
7864,2017-08-02,2017-08-02,1768982,10072,44,2,5,5,12,9,16,SAT,0.0
7865,2017-08-02,2017-08-02,1710835,9370,41,2,5,5,12,9,16,SAT,0.0
7866,2017-08-02,2017-08-04,2189023,9646,35,2,3,5,7,9,13,Not Rated,0.0
7867,2017-08-02,2017-08-03,92796,2614,35,2,5,5,61,9,16,SAT,0.0
7868,2017-07-31,2017-08-04,348364,2519,43,2,3,5,40,9,98,SAT,0.0
7869,2017-08-03,2017-08-08,2126521,187,52,2,5,5,12,9,16,SAT,0.0
7870,2017-08-03,2017-08-03,1679856,11764,75,2,5,5,12,9,16,SAT,0.0
7871,2017-07-24,2017-09-11,1815242,8984,32,2,3,5,40,9,13,SAT,0.0
7872,2017-08-03,2017-08-03,1904403,1875,43,2,5,5,57,9,16,SAT,0.0
7873,2017-08-03,2017-08-03,1827023,119,19,2,5,5,57,9,16,SAT,0.0
7874,2017-08-03,2017-08-04,123379,2613,63,2,5,5,12,9,16,SAT,0.0
7875,2017-08-04,2017-08-04,1854675,1229,34,2,5,5,57,9,16,SAT,0.0
7876,2017-08-04,2017-08-04,1755060,1997,4,2,5,5,12,9,16,SAT,0.0
7877,2017-08-04,2017-08-04,1728992,11182,25,2,5,5,12,9,16,SAT,0.0
7878,2017-08-04,2017-08-04,1869514,11031,4,2,5,5,57,9,16,SAT,0.0
7879,2017-08-04,2017-08-07,26825,12181,32,2,5,5,12,9,16,SAT,0.0
7880,2017-08-04,2017-08-04,24156,2690,11,2,5,5,12,9,16,SAT,0.0
7881,2017-08-04,2017-08-07,2058329,9410,19,2,3,5,40,9,42,Not Rated,0.0
7882,2017-08-07,2017-08-18,3919,8585,6,2,3,5,18,9,98,SAT,0.0
7883,2017-08-07,2017-08-07,2141548,11153,25,2,5,5,40,9,98,SAT,0.0
7884,2017-08-07,2017-08-07,570711,12605,58,2,5,5,61,9,16,SAT,0.0
7885,2017-08-07,2017-08-10,1842087,1678,56,2,5,5,12,9,16,SAT,0.0
7886,2017-08-07,2017-08-07,1968790,7626,75,2,5,5,12,9,16,SAT,0.0
7887,2017-08-04,2017-08-11,7619,8955,76,2,3,5,10,9,42,Not Rated,0.0
7888,2017-08-07,2017-08-07,2291873,9359,15,2,5,5,12,9,16,SAT,0.0
7889,2017-08-07,2017-08-30,2135086,9884,31,2,5,5,40,9,42,Not Rated,0.0
7890,2017-08-07,2017-08-07,2055677,12727,8,2,5,5,57,9,16,SAT,0.0
7891,2017-08-07,2017-08-17,2440243,2477,13,2,5,5,12,9,16,SAT,0.0
7892,2017-08-07,2017-08-07,7893,601,72,2,5,5,57,9,16,SAT,0.0
7893,2017-08-08,2017-08-08,2236042,11001,39,2,3,5,12,9,42,Not Rated,0.0
7894,2017-08-08,2017-08-29,270935,10055,15,2,7,7,12,9,42,Not Rated,0.0
7895,2017-08-07,2017-08-10,2072833,12003,77,2,3,5,999,9,42,Not Rated,0.0
7896,2017-08-07,2017-08-08,540680,11212,41,2,3,5,12,9,42,Not Rated,0.0
7897,2017-08-08,2017-08-24,63454,8385,62,1,5,5,12,9,16,SAT,0.0
7898,2017-08-08,2017-08-08,691590,2230,20,2,5,5,12,9,16,SAT,0.0
7899,2017-08-08,2017-08-08,2033761,1896,26,2,5,5,57,9,16,SAT,0.0
7900,2017-08-08,2017-08-08,1914182,1115,4,2,5,5,61,9,16,SAT,0.0
7901,2017-08-08,2017-08-16,1870392,10794,57,2,5,5,12,9,16,Not Rated,0.0
7902,2017-08-08,2017-08-08,561852,8461,10,2,5,5,12,9,16,SAT,0.0
7903,2017-08-08,2017-08-09,894502,8766,67,2,5,5,12,9,16,SAT,0.0
7904,2017-08-08,2017-08-28,1652531,11822,34,2,3,5,12,9,42,Not Rated,0.0
7905,2017-08-09,2017-08-10,734702,11133,4,2,5,5,57,9,16,SAT,0.0
7906,2017-08-09,2017-08-30,2122169,9715,1,2,3,5,12,9,42,Not Rated,0.0
7907,2017-08-09,2017-08-16,262163,9000,71,2,3,5,63,9,98,Not Rated,0.0
7908,2017-08-09,2017-08-10,1749783,8985,26,2,5,5,57,9,16,SAT,0.0
7909,2017-08-10,2017-08-10,857745,355,26,2,5,5,57,9,16,SAT,0.0
7910,2017-08-10,2017-08-10,593218,1092,34,2,5,5,57,9,16,SAT,0.0
7911,2017-08-10,2017-08-10,470138,10764,78,2,5,5,12,9,16,SAT,0.0
7912,2017-08-10,2017-08-24,517701,2482,10,2,5,5,12,9,13,SAT,0.0
7913,2017-08-10,2017-08-10,739340,8932,3,2,5,5,61,9,16,SAT,0.0
7914,2017-08-10,2017-08-14,817728,2659,31,2,3,7,12,9,98,Not Rated,0.0
7915,2017-08-10,2017-08-21,689064,2519,21,2,3,7,40,9,13,SAT,0.0
7916,2017-08-11,2017-08-30,2072814,2613,13,2,4,5,16,9,42,Not Rated,0.0
7917,2017-08-14,2017-08-14,505618,11910,49,2,5,5,57,9,16,SAT,0.0
7918,2017-08-14,2017-08-14,657088,133,52,2,6,5,12,9,16,SAT,0.0
7919,2017-08-14,2017-08-14,317637,10550,29,2,5,5,57,9,16,SAT,0.0
7920,2017-08-16,2017-08-16,2385319,10324,23,2,5,5,57,9,16,SAT,0.0
7921,2017-08-16,2017-08-16,817508,9634,14,2,5,5,57,9,16,SAT,0.0
7922,2017-08-16,2017-08-17,711405,10992,43,2,5,5,57,9,16,SAT,0.0
7923,2017-08-16,2017-09-12,2059536,8057,42,2,5,5,32,9,98,Not Rated,0.0
7924,2017-08-16,2017-10-05,25795,10749,49,2,3,5,12,9,98,Not Rated,0.0
7925,2017-08-18,2017-09-14,819615,11140,68,2,5,5,57,9,13,Not Rated,0.0
7926,2017-08-18,2017-10-10,232831,10739,51,2,3,5,12,9,98,Not Rated,0.0
7927,2017-08-18,2017-08-29,1732378,9559,73,2,5,5,15,9,13,SAT,0.0
7928,2017-08-18,2017-08-18,354970,9998,43,2,5,5,57,9,16,SAT,0.0
7929,2017-08-21,2017-09-06,503773,11220,7,2,3,5,33,9,42,Not Rated,0.0
7930,2017-08-21,2017-08-24,2219589,11036,13,2,99,7,40,9,13,Not Rated,0.0
7931,2017-08-17,2017-08-22,782049,8601,11,2,5,5,12,9,13,SAT,0.0
7932,2017-08-22,2017-08-23,2476830,8948,2,2,5,5,57,9,16,SAT,0.0
7933,2017-08-22,2017-08-31,2058713,11178,47,2,6,5,57,9,16,SAT,0.0
7934,2017-08-22,2017-08-23,888467,11960,7,2,6,5,57,9,16,SAT,0.0
7935,2017-08-22,2017-08-23,871391,49,10,2,6,5,12,9,16,Not Rated,0.0
7936,2017-08-22,2017-08-23,356484,10764,2,2,5,5,57,9,16,SAT,0.0
7937,2017-08-23,2017-08-23,1766862,2801,1,2,5,5,12,9,16,SAT,0.0
7938,2017-08-23,2017-08-24,1825527,10218,2,2,5,5,57,9,16,SAT,0.0
7939,2017-08-23,2017-08-23,2464710,10844,18,2,5,5,61,9,16,SAT,0.0
7940,2017-08-23,2017-08-24,1792734,11029,28,2,2,1,40,9,13,Not Rated,0.0
7941,2017-08-24,2017-08-24,896790,11244,30,2,6,5,57,9,16,SAT,0.0
7942,2017-08-24,2017-08-24,1894749,8955,75,2,5,5,57,9,16,SAT,0.0
7943,2017-08-24,2017-08-24,442391,10728,37,2,5,1,40,9,13,Not Rated,0.0
7944,2017-08-28,2017-08-30,888652,9824,54,2,3,7,12,9,42,Not Rated,0.0
7945,2017-08-24,2017-08-29,691423,1615,25,2,5,5,12,9,98,Not Rated,0.0
7946,2017-08-23,2017-08-29,2103912,1552,36,2,3,5,40,9,13,SAT,0.0
7947,2017-08-25,2017-08-25,8405,11537,18,2,5,5,57,9,16,SAT,0.0
7948,2017-08-25,2017-09-08,40251,9405,65,2,5,5,57,9,16,Not Rated,0.0
7949,2017-08-25,2017-08-25,211339,11122,6,2,5,5,57,9,16,SAT,0.0
7950,2017-08-25,2017-08-28,837905,1465,7,2,5,5,57,9,16,SAT,0.0
7951,2017-08-25,2017-08-28,2433474,1097,75,2,5,5,57,9,16,SAT,0.0
7952,2017-08-28,2017-09-21,386562,1352,9,2,3,5,12,9,42,Not Rated,0.0
7953,2017-08-28,2017-08-30,1802945,2307,4,2,3,5,40,9,13,SAT,0.0
7954,2017-08-29,2017-08-30,511479,8367,74,2,5,5,57,9,16,SAT,0.0
7955,2017-08-29,2017-08-30,2126521,2172,26,2,5,5,57,9,16,SAT,0.0
7956,2017-08-29,2017-09-01,1798606,11262,26,2,5,5,12,9,16,SAT,0.0
7957,2017-08-29,2017-08-30,1675246,9395,36,2,5,5,57,9,16,SAT,0.0
7958,2017-08-29,2017-08-30,1787907,10147,51,2,5,5,57,9,16,SAT,0.0
7959,2017-08-29,2017-09-19,173947,8932,46,2,3,5,50,9,42,Not Rated,0.0
7960,2017-08-29,2017-08-31,2033363,345,53,2,5,5,57,9,16,SAT,0.0
7961,2017-08-30,2017-08-31,1803246,11160,27,2,5,5,57,9,16,SAT,0.0
7962,2017-08-29,2017-09-19,792120,10550,36,2,7,7,40,9,42,Not Rated,0.0
7963,2017-08-30,2017-08-31,1710881,9958,3,2,5,5,57,9,16,SAT,0.0
7964,2017-08-30,2017-08-31,2216911,12120,1,2,5,5,57,9,16,SAT,0.0
7965,2017-08-30,2017-09-14,245039,11668,55,2,5,5,10,9,13,Not Rated,0.0
7966,2017-08-30,2017-08-31,560036,9856,50,2,5,5,57,9,16,SAT,0.0
7967,2017-08-30,2017-08-31,1853876,11255,72,2,3,5,40,9,13,SAT,0.0
7968,2017-08-31,2017-09-01,653170,12125,26,2,5,5,57,9,16,SAT,0.0
7969,2017-08-31,2017-09-01,1791334,11153,2,2,5,5,57,9,16,SAT,0.0
7970,2017-08-31,2017-09-01,222811,10820,9,2,5,5,57,9,16,SAT,0.0
7971,2017-08-25,2017-09-04,2202854,12116,41,2,2,1,40,9,13,SAT,0.0
7972,2017-08-31,2017-09-18,1855269,8432,50,2,5,5,57,9,98,Not Rated,0.0
7973,2017-08-31,2017-09-01,1795413,10623,70,2,5,5,57,9,16,SAT,0.0
7974,2017-08-31,2017-09-01,542231,11545,28,2,5,5,57,9,16,SAT,0.0
7975,2017-08-31,2017-09-01,275055,394,38,2,3,5,12,9,42,Not Rated,0.0
7976,2017-08-31,2017-09-01,246433,10426,70,2,5,5,57,9,16,SAT,0.0
7977,2017-08-31,2017-09-15,293709,10235,2,2,3,1,40,9,13,SAT,0.0
7978,2017-08-31,2017-09-20,130168,190,44,2,3,5,40,9,42,Not Rated,0.0
7979,2017-08-31,2017-09-21,1708691,10744,26,2,5,5,12,9,42,Not Rated,0.0
7980,2017-08-30,2017-09-05,2236940,1879,20,2,3,7,40,9,13,SAT,0.0
7981,2017-09-01,2017-09-01,206588,8662,34,2,5,5,57,9,16,SAT,0.0
7982,2017-09-01,2017-09-08,623703,11077,76,2,5,5,57,9,98,Not Rated,0.0
7983,2017-09-01,2017-09-06,1840645,1356,29,2,5,5,57,9,42,Not Rated,0.0
7984,2017-09-01,2017-09-06,325876,8585,53,2,5,5,57,9,98,Not Rated,0.0
7985,2017-09-04,2017-09-05,2055392,9210,73,2,7,5,15,9,13,Not Rated,0.0
7986,2017-09-04,2017-09-07,545061,12563,44,2,5,5,57,9,13,SAT,0.0
7987,2017-09-04,2017-09-06,2072755,7841,54,2,5,5,57,9,42,Not Rated,0.0
7988,2017-09-04,2017-09-29,1888823,11123,45,2,3,5,15,9,13,Not Rated,0.0
7989,2017-09-04,2017-09-05,158157,8949,55,2,2,1,40,9,13,Not Rated,0.0
7990,2017-09-04,2017-09-05,1948292,836,73,2,3,5,40,9,13,Not Rated,0.0
7991,2017-09-04,2017-09-08,1836607,10563,49,2,5,5,9,9,42,Not Rated,0.0
7992,2017-09-05,2017-09-05,1838375,922,74,2,5,5,12,9,13,Not Rated,0.0
7993,2017-09-04,2017-09-19,869537,11122,36,2,5,5,10,9,13,SAT,0.0
7995,2017-09-04,2017-09-19,1790004,2321,34,2,5,5,63,9,13,SAT,0.0
7996,2017-08-30,2017-09-05,2084547,11140,12,2,2,1,40,9,13,SAT,0.0
7997,2017-09-05,2017-09-19,1775241,2507,41,2,5,5,57,9,16,SAT,0.0
7998,2017-09-05,2017-09-14,1733798,11077,34,2,3,7,12,9,98,Not Rated,0.0
7999,2017-09-05,2017-09-18,114505,9001,43,2,5,5,57,9,98,Not Rated,0.0
8000,2017-09-06,2017-09-18,617185,8385,68,2,3,5,50,9,98,Not Rated,0.0
8001,2017-09-05,2017-10-11,1648212,2532,32,2,4,5,12,9,98,Not Rated,0.0
8002,2017-09-06,2017-09-19,2096685,10639,78,2,5,5,57,9,16,SAT,0.0
8003,2017-09-06,2017-09-19,214278,11052,45,2,5,5,57,9,16,SAT,0.0
8004,2017-09-06,2017-09-19,1770866,1097,78,2,5,5,45,9,13,SAT,0.0
8005,2017-09-06,2017-09-18,2122048,11493,56,2,6,5,57,9,98,Not Rated,0.0
8006,2017-09-06,2017-09-13,1823413,2637,19,2,5,5,57,9,98,Not Rated,0.0
8007,2017-09-06,2017-09-19,406470,11178,36,2,5,5,57,9,16,SAT,0.0
8008,2017-09-06,2017-09-19,253955,581,55,2,5,5,57,9,16,SAT,0.0
8009,2017-09-06,2017-09-07,2052667,7973,56,2,3,1,40,9,13,Not Rated,0.0
8010,2017-09-07,2017-09-19,325090,10917,3,1,5,5,44,9,13,SAT,0.0
8011,2017-09-07,2017-09-14,2130360,12475,76,2,5,5,50,9,42,Not Rated,0.0
8012,2017-09-07,2017-09-25,1738302,11840,60,2,5,5,12,9,16,Not Rated,0.0
8013,2017-09-07,2017-10-10,1784722,356,1,2,5,5,15,9,13,SAT,0.0
8014,2017-09-07,2017-09-08,316412,10147,11,2,3,5,12,9,98,Not Rated,0.0
8015,2017-09-07,2017-09-19,583107,865,9,2,5,5,57,9,16,SAT,0.0
8016,2017-09-07,2017-10-23,609282,1706,21,2,4,5,50,9,98,Not Rated,0.0
8018,2017-09-07,2017-09-07,771998,11973,2,2,5,3,12,9,13,Not Rated,0.0
8019,2017-09-07,2017-09-12,893230,1957,56,2,99,7,12,9,98,Not Rated,0.0
8020,2017-09-08,2017-09-22,389900,10744,53,2,5,5,42,9,13,Not Rated,0.0
8021,2017-09-08,2017-09-19,625005,10987,63,2,5,5,57,9,16,SAT,0.0
8022,2017-09-08,2017-09-19,1607773,2676,70,2,5,5,57,9,16,SAT,0.0
8023,2017-09-08,2017-09-19,132645,9824,3,2,5,5,57,9,16,SAT,0.0
8024,2017-09-08,2017-10-04,2502137,8965,22,2,5,5,15,9,13,SAT,0.0
8025,2017-09-08,2017-09-19,701078,10430,54,2,5,5,12,9,16,SAT,0.0
8026,2017-09-08,2017-09-19,545628,11798,28,2,5,5,57,9,16,SAT,0.0
8027,2017-09-09,2017-09-11,432240,598,27,2,7,3,12,9,98,Not Rated,0.0
8028,2017-09-11,2017-09-20,414724,868,27,2,5,5,57,9,16,SAT,0.0
8029,2017-09-11,2017-09-20,2399958,10948,52,2,5,5,57,9,16,SAT,0.0
8030,2017-09-11,2017-09-21,2309726,12027,10,2,5,5,57,9,16,SAT,0.0
8031,2017-09-11,2017-09-22,2344777,10187,16,2,5,5,57,9,16,SAT,0.0
8032,2017-09-11,2017-10-05,117211,11172,47,2,3,5,40,9,13,Not Rated,0.0
8033,2017-09-11,2017-09-21,1728091,11259,50,2,3,5,57,9,16,SAT,0.0
8034,2017-09-08,2017-09-22,359057,2230,22,2,5,5,12,9,98,Not Rated,0.0
8035,2017-09-12,2017-09-21,1912216,884,66,2,5,5,57,9,16,SAT,0.0
8036,2017-09-12,2017-09-21,777807,8991,53,2,5,5,57,9,16,SAT,0.0
8037,2017-09-12,2017-09-14,1789500,11910,60,2,5,5,57,9,13,Not Rated,0.0
8038,2017-09-12,2017-09-22,395716,11781,11,2,5,5,57,9,16,SAT,0.0
8039,2017-09-12,2017-09-22,1729076,11156,68,2,5,5,57,9,16,SAT,0.0
8040,2017-09-12,2017-09-22,2056710,8113,2,2,5,5,57,9,16,SAT,0.0
8041,2017-09-12,2017-09-22,694572,1879,62,2,5,5,57,9,16,SAT,0.0
8042,2017-09-12,2017-10-02,24600,12034,19,2,5,5,15,9,13,SAT,0.0
8043,2017-09-07,2017-09-13,2054502,2262,21,2,5,5,12,9,98,Not Rated,0.0
8044,2017-09-13,2017-09-22,85518,347,77,2,6,5,12,9,16,SAT,0.0
8045,2017-09-13,2017-09-21,1878987,11062,51,2,5,5,57,9,16,Not Rated,0.0
8046,2017-09-13,2017-09-27,2369440,10668,45,2,5,5,57,9,16,Not Rated,0.0
8047,2017-09-13,2017-09-27,340063,2482,45,2,5,5,57,9,16,Not Rated,0.0
8048,2017-09-13,2017-09-20,1836246,11916,22,2,5,5,57,9,16,SAT,0.0
8049,2017-09-13,2017-09-18,241445,192,25,2,3,5,40,9,13,SAT,0.0
8050,2017-09-13,2017-09-27,830009,8963,14,2,5,5,57,9,16,Not Rated,0.0
8051,2017-09-14,2017-09-15,2462267,9370,26,2,5,5,63,9,13,SAT,0.0
8052,2017-09-13,2017-09-18,2039105,9858,47,2,3,5,15,9,13,Not Rated,0.0
8053,2017-09-14,2017-09-25,17480,1499,61,2,5,5,61,9,16,SAT,0.0
8054,2017-09-14,2017-09-20,2157107,10802,62,2,5,5,57,9,16,SAT,0.0
8055,2017-09-14,2017-09-27,725469,133,63,2,5,5,57,9,16,Not Rated,0.0
8056,2017-09-14,2017-09-14,1751219,9856,38,2,5,5,61,9,13,Not Rated,0.0
8059,2017-09-14,2017-09-19,759775,791,35,2,5,5,57,9,98,Not Rated,0.0
8060,2017-09-12,2017-10-16,422592,238,77,2,3,5,12,9,98,Not Rated,0.0
8061,2017-09-14,2017-09-21,652076,11984,71,2,5,5,57,9,16,SAT,0.0
8062,2017-09-14,2017-09-27,213086,1266,39,2,5,5,57,9,16,Not Rated,0.0
8063,2017-09-14,2017-09-14,1808250,813,58,2,7,3,12,9,13,Not Rated,0.0
8064,2017-09-14,2017-10-06,222811,9001,25,2,3,5,12,9,98,Not Rated,0.0
8065,2017-09-15,2017-09-27,562798,189,32,2,5,5,57,9,16,Not Rated,0.0
8066,2017-09-15,2017-09-27,1790357,8963,46,2,6,5,57,9,16,Not Rated,0.0
8067,2017-09-15,2017-09-21,894362,9559,70,2,3,5,33,9,98,Not Rated,0.0
8068,2017-09-15,2017-09-27,2256477,8432,76,2,5,5,57,9,16,Not Rated,0.0
8069,2017-09-15,2017-09-27,1892707,2478,35,2,5,5,57,9,16,Not Rated,0.0
8070,2017-09-15,2017-09-27,1913455,11104,56,2,5,5,57,9,16,Not Rated,0.0
8071,2017-09-15,2017-09-27,1815509,2178,77,2,6,5,12,9,16,Not Rated,0.0
8072,2017-09-14,2017-10-23,1865817,224,32,2,3,5,50,9,98,Not Rated,0.0
8073,2017-09-15,2017-09-27,402525,10676,12,2,5,5,57,9,16,Not Rated,0.0
8074,2017-09-13,2017-09-18,710788,1962,64,2,5,5,7,9,98,Not Rated,0.0
8075,2017-09-15,2017-10-06,2411072,2307,29,2,5,5,57,9,16,Not Rated,0.0
8076,2017-09-15,2017-09-27,608346,1630,36,2,5,5,12,9,13,Not Rated,0.0
8077,2017-09-15,2017-09-15,896905,394,48,2,3,1,40,9,13,SAT,0.0
8078,2017-09-15,2017-09-27,708704,2559,67,2,3,5,57,9,16,Not Rated,0.0
8079,2017-09-18,2017-09-27,1877705,1462,15,2,5,5,57,9,16,Not Rated,0.0
8080,2017-09-18,2017-09-27,311136,1615,41,2,5,5,57,9,16,Not Rated,0.0
8081,2017-09-18,2017-09-27,90537,10659,12,2,5,5,57,9,16,Not Rated,0.0
8082,2017-09-18,2017-09-25,1831185,9893,21,2,5,5,12,9,98,Not Rated,0.0
8083,2017-09-18,2017-09-27,468637,11713,14,2,5,5,57,9,16,Not Rated,0.0
8084,2017-09-18,2017-09-27,2016518,940,14,2,5,5,57,9,16,Not Rated,0.0
8085,2017-09-18,2017-09-26,2006814,11213,53,2,5,5,12,9,16,SAT,0.0
8086,2017-09-13,2017-09-28,2116839,10576,45,2,5,5,40,9,13,SAT,0.0
8087,2017-09-18,2017-09-19,1788737,1999,62,2,5,5,57,9,16,SAT,0.0
8088,2017-09-18,2017-09-19,2411059,11796,65,2,3,7,12,9,42,Not Rated,0.0
8089,2017-09-18,2017-09-26,2157039,238,35,2,99,7,12,9,42,Not Rated,0.0
8090,2017-09-19,2017-09-27,1858489,8197,26,2,5,5,57,9,16,Not Rated,0.0
8091,2017-09-19,2017-10-23,2147337,10360,42,2,4,5,15,9,98,Not Rated,0.0
8092,2017-09-19,2017-09-27,2456077,49,64,2,5,5,57,9,16,Not Rated,0.0
8093,2017-09-19,2017-09-19,362449,10979,3,2,5,5,57,9,16,Not Rated,0.0
8094,2017-09-19,2017-09-27,61411,9601,14,2,5,5,57,9,16,Not Rated,0.0
8095,2017-09-19,2017-09-22,741004,11194,40,2,5,5,57,9,16,Not Rated,0.0
8096,2017-09-19,2017-09-21,173947,10326,51,2,5,5,12,9,16,Not Rated,0.0
8097,2017-09-19,2017-09-27,867029,12102,37,2,5,5,57,9,16,Not Rated,0.0
8098,2017-09-19,2017-09-27,2118405,1430,22,2,5,5,57,9,16,Not Rated,0.0
8099,2017-09-19,2017-11-16,599963,10379,21,2,4,5,50,9,13,SAT,0.0
8100,2017-09-19,2017-09-19,552916,11487,41,2,3,7,12,9,13,Not Rated,0.0
8101,2017-09-20,2017-09-28,350241,10218,58,2,5,5,57,9,16,SAT,0.0
8102,2017-09-20,2017-09-29,2403458,11278,76,2,5,5,57,9,16,Not Rated,0.0
8103,2017-09-20,2017-09-29,667375,11116,66,2,5,5,57,9,16,Not Rated,0.0
8104,2017-09-20,2017-09-29,728852,10693,7,2,5,5,57,9,16,Not Rated,0.0
8105,2017-09-20,2017-09-29,1759780,7671,40,2,6,5,57,9,16,Not Rated,0.0
8106,2017-09-20,2017-09-29,307755,12198,50,2,5,5,57,9,16,Not Rated,0.0
8107,2017-09-20,2017-09-29,292214,1748,11,2,5,5,57,9,16,Not Rated,0.0
8108,2017-09-20,2017-09-29,398198,9775,33,2,5,5,57,9,16,Not Rated,0.0
8109,2017-09-20,2017-09-29,1811811,11840,1,2,5,5,57,9,16,Not Rated,0.0
8110,2017-09-20,2017-09-29,1808610,11044,70,2,6,5,57,9,16,Not Rated,0.0
8111,2017-09-20,2017-09-28,362181,8911,39,2,5,5,57,9,16,Not Rated,0.0
8112,2017-09-20,2017-09-28,341845,11276,29,2,5,5,57,9,16,Not Rated,0.0
8113,2017-09-21,2017-09-21,1872899,11714,22,2,5,5,57,9,16,SAT,0.0
8114,2017-09-21,2017-09-28,1770843,12603,67,2,5,5,57,9,16,Not Rated,0.0
8115,2017-09-21,2017-09-21,2068692,12354,38,2,5,5,12,9,98,Not Rated,0.0
8116,2017-09-21,2017-09-27,2509887,8063,4,2,6,5,61,9,16,SAT,0.0
8117,2017-09-21,2017-09-28,445743,9440,51,2,5,5,57,9,16,Not Rated,0.0
8118,2017-09-21,2017-09-28,354890,7671,72,2,5,5,57,9,16,Not Rated,0.0
8119,2017-09-21,2017-09-29,1832874,2340,1,2,6,5,57,9,16,Not Rated,0.0
8120,2017-09-21,2017-09-29,1922728,7797,40,2,5,5,57,9,16,Not Rated,0.0
8121,2017-09-21,2017-10-09,1740855,187,30,2,5,5,10,9,98,Not Rated,0.0
8122,2017-09-18,2017-09-21,1864907,11005,46,2,5,5,12,9,98,Not Rated,0.0
8123,2017-09-18,2017-09-21,15646,2322,49,2,5,5,12,9,98,Not Rated,0.0
8124,2017-09-18,2017-09-21,271510,940,71,2,5,5,12,9,98,Not Rated,0.0
8125,2017-09-22,2017-09-29,355793,11140,51,2,5,5,57,9,16,Not Rated,0.0
8126,2017-09-22,2017-09-29,2011055,11638,50,2,5,5,57,9,16,Not Rated,0.0
8127,2017-09-22,2017-09-29,2362973,11004,12,2,5,5,57,9,16,Not Rated,0.0
8128,2017-09-22,2017-09-28,2178271,11278,50,2,5,5,57,9,16,Not Rated,0.0
8129,2017-09-22,2017-09-29,632799,12475,61,2,5,5,57,9,16,SAT,0.0
8130,2017-09-22,2017-09-29,461760,11798,35,2,5,5,57,9,16,SAT,0.0
8131,2017-09-22,2017-09-29,354911,10834,33,2,5,5,57,9,16,SAT,0.0
8132,2017-09-22,2017-10-09,1913446,1702,76,2,5,5,42,9,98,Not Rated,0.0
8133,2017-09-25,2017-09-29,1603926,994,49,2,5,5,57,9,16,SAT,0.0
8134,2017-09-25,2017-09-29,2072810,10883,55,2,6,5,57,9,16,SAT,0.0
8135,2017-09-25,2017-10-05,811862,1957,36,2,5,5,10,9,98,Not Rated,0.0
8136,2017-09-22,2017-09-26,547515,10130,52,2,3,5,12,9,98,Not Rated,0.0
8137,2017-09-25,2017-09-26,893556,1465,28,2,6,5,57,9,16,SAT,0.0
8138,2017-09-25,2017-09-29,888365,11212,22,2,5,5,57,9,16,SAT,0.0
8139,2017-09-25,2017-09-29,23061,11973,56,2,5,5,57,9,16,SAT,0.0
8140,2017-09-25,2017-09-29,450638,10030,12,2,5,5,57,9,16,SAT,0.0
8141,2017-09-25,2017-09-29,1793233,11059,26,2,5,5,57,9,16,SAT,0.0
8142,2017-09-25,2017-10-02,1756116,9311,28,2,5,5,57,9,16,SAT,0.0
8143,2017-09-25,2017-09-28,2018138,11768,58,2,5,5,57,9,16,Not Rated,0.0
8144,2017-09-25,2017-10-02,76921,1201,51,2,5,5,57,9,16,SAT,0.0
8145,2017-09-25,2017-10-02,64849,1956,29,2,5,5,57,9,16,SAT,0.0
8146,2017-09-25,2017-10-02,1863913,8569,64,2,5,5,57,9,16,SAT,0.0
8147,2017-09-25,2017-10-02,25795,12241,72,2,5,5,57,9,16,SAT,0.0
8148,2017-09-25,2017-10-02,1815537,11849,64,2,5,5,57,9,16,SAT,0.0
8149,2017-09-25,2017-10-02,1910810,11262,13,2,5,5,57,9,16,SAT,0.0
8150,2017-09-25,2017-10-02,1706757,11086,70,2,5,5,57,9,16,SAT,0.0
8151,2017-09-26,2017-10-04,2127789,190,45,2,5,5,57,9,16,Not Rated,0.0
8152,2017-09-26,2017-10-04,578913,9998,30,2,5,5,57,9,16,Not Rated,0.0
8153,2017-09-26,2017-10-04,420009,9901,78,2,5,5,57,9,16,Not Rated,0.0
8154,2017-09-26,2017-10-02,2111519,12754,5,2,5,5,57,9,16,SAT,0.0
8155,2017-09-26,2017-10-04,2223983,486,30,2,5,5,57,9,16,Not Rated,0.0
8156,2017-09-26,2017-10-04,355064,11027,22,2,5,5,57,9,16,Not Rated,0.0
8157,2017-09-26,2017-10-04,1885838,8949,52,2,5,5,57,9,16,Not Rated,0.0
8158,2017-09-26,2017-10-04,244026,12727,15,2,5,5,57,9,16,Not Rated,0.0
8159,2017-09-26,2017-10-04,2481875,8939,63,2,5,5,57,9,16,Not Rated,0.0
8160,2017-09-26,2017-10-04,1804320,10646,66,2,5,5,57,9,16,Not Rated,0.0
8161,2017-09-26,2017-10-06,2093076,9601,58,2,6,5,57,9,16,Not Rated,0.0
8162,2017-09-26,2017-10-04,2340382,11984,70,2,5,5,57,9,16,Not Rated,0.0
8163,2017-09-26,2017-10-04,480620,9601,3,2,6,5,57,9,16,Not Rated,0.0
8164,2017-09-26,2017-10-04,2149887,2613,26,2,5,5,57,9,16,Not Rated,0.0
8165,2017-09-26,2017-10-03,149169,9393,1,2,5,5,57,9,16,SAT,0.0
8166,2017-09-20,2017-09-26,189129,9634,18,2,5,5,40,9,98,NSA,0.0
8167,2017-09-25,2017-10-23,896150,1419,2,2,3,5,33,9,98,Not Rated,0.0
8168,2017-09-26,2017-11-10,865659,923,55,2,3,5,15,9,13,Not Rated,0.0
8169,2017-09-27,2017-10-06,2135025,12692,7,2,5,5,57,9,16,Not Rated,0.0
8170,2017-09-27,2017-10-04,1765925,10994,40,2,5,5,57,9,16,Not Rated,0.0
8171,2017-09-27,2017-10-04,1912159,9634,63,2,5,5,57,9,16,Not Rated,0.0
8172,2017-09-27,2017-10-04,2217282,11552,53,2,5,5,57,9,98,Not Rated,0.0
8173,2017-09-27,2017-10-18,2038725,10994,39,2,5,5,57,9,16,Not Rated,0.0
8174,2017-09-27,2017-10-04,2422876,11122,42,2,5,5,57,9,16,Not Rated,0.0
8175,2017-09-27,2017-10-04,353294,11113,7,2,5,5,57,9,16,Not Rated,0.0
8176,2017-09-27,2017-10-06,2054515,355,70,2,5,5,57,9,98,Not Rated,0.0
8177,2017-09-27,2017-10-09,2363569,8057,65,2,6,5,57,9,98,Not Rated,0.0
8178,2017-09-27,2017-10-06,611756,994,73,2,5,5,57,9,98,Not Rated,0.0
8179,2017-09-27,2017-10-09,2476388,11113,9,2,5,5,57,9,98,Not Rated,0.0
8180,2017-09-27,2017-10-09,302096,10430,40,2,5,5,57,9,98,Not Rated,0.0
8181,2017-09-27,2017-10-09,1915322,2531,10,2,5,5,57,9,98,Not Rated,0.0
8182,2017-09-27,2017-10-02,1847894,11254,60,2,5,5,57,9,16,SAT,0.0
8183,2017-09-27,2017-10-09,2289129,11493,51,2,5,5,57,9,98,Not Rated,0.0
8184,2017-09-27,2017-10-10,1806544,2569,77,2,5,5,57,9,98,Not Rated,0.0
8185,2017-09-27,2017-10-10,2084104,12299,54,2,5,5,57,9,98,Not Rated,0.0
8186,2017-09-28,2017-10-02,889207,12617,39,2,7,5,57,9,16,SAT,0.0
8187,2017-09-28,2017-10-09,2007877,11179,34,2,3,5,63,9,13,Not Rated,0.0
8188,2017-09-28,2017-10-13,1841060,10569,77,2,3,5,50,9,13,SAT,0.0
8189,2017-09-28,2017-10-10,442639,11469,76,2,5,5,57,9,98,Not Rated,0.0
8190,2017-09-28,2017-10-06,2103581,1515,7,2,5,5,57,9,16,Not Rated,0.0
8191,2017-09-28,2017-10-06,309489,10973,49,2,5,5,57,9,16,Not Rated,0.0
8192,2017-09-28,2017-10-06,365026,10379,60,2,5,5,61,9,16,Not Rated,0.0
8193,2017-09-28,2017-10-06,2154946,11275,62,2,5,5,57,9,16,Not Rated,0.0
8194,2017-09-28,2017-10-09,591592,9051,30,2,5,5,57,9,16,Not Rated,0.0
8195,2017-09-28,2017-10-13,1852091,11487,57,2,3,5,50,9,98,Not Rated,0.0
8196,2017-09-29,2017-10-06,409284,347,50,2,5,5,57,9,16,Not Rated,0.0
8197,2017-09-29,2017-10-06,689634,11083,61,2,6,5,57,9,16,Not Rated,0.0
8198,2017-09-29,2017-10-06,1781125,1846,62,2,5,5,57,9,16,Not Rated,0.0
8199,2017-09-29,2017-10-06,404702,8585,51,2,5,5,57,9,16,Not Rated,0.0
8200,2017-09-29,2017-10-18,2152374,8432,58,2,3,5,63,9,42,Not Rated,0.0
8201,2017-09-29,2017-10-06,1858088,10127,9,2,5,5,57,9,16,Not Rated,0.0
8202,2017-09-27,2017-10-20,1890702,1465,9,2,5,5,63,9,98,Not Rated,0.0
8203,2017-09-29,2017-10-06,1695199,12589,1,2,5,5,57,9,16,Not Rated,0.0
8204,2017-09-29,2017-10-06,2056687,394,4,2,5,5,57,9,16,Not Rated,0.0
8205,2017-09-29,2017-10-03,1860373,11099,33,2,5,5,57,9,16,SAT,0.0
8206,2017-09-29,2017-10-06,1860051,9021,57,2,5,5,57,9,16,SAT,0.0
8207,2017-09-29,2017-10-06,5465,11262,53,2,5,5,57,9,16,Not Rated,0.0
8208,2017-09-29,2017-10-06,1599281,2178,49,2,5,5,57,9,16,Not Rated,0.0
8209,2017-09-29,2017-10-06,725100,9816,4,2,5,5,57,9,16,Not Rated,0.0
8210,2017-10-02,2017-10-06,1875048,11182,78,2,5,5,57,9,16,SAT,0.0
8211,2017-10-02,2017-10-06,2178773,2107,58,2,5,5,57,9,16,Not Rated,0.0
8212,2017-10-02,2017-10-06,277972,1515,15,2,5,5,57,9,16,Not Rated,0.0
8213,2017-10-02,2017-10-06,1843249,238,34,2,5,5,57,9,16,Not Rated,0.0
8214,2017-10-02,2017-10-06,778854,1140,66,2,5,5,57,9,16,Not Rated,0.0
8215,2017-10-02,2017-10-06,1607048,11482,32,2,5,5,57,9,16,Not Rated,0.0
8216,2017-10-02,2017-10-19,1870084,9796,65,2,5,5,50,9,98,Not Rated,0.0
8217,2017-10-02,2017-10-06,565362,10569,70,2,5,5,57,9,16,Not Rated,0.0
8218,2017-10-02,2017-10-06,2009573,12034,54,2,5,5,57,9,16,Not Rated,0.0
8219,2017-10-02,2017-10-06,1885765,1291,36,2,5,5,57,9,16,Not Rated,0.0
8220,2017-10-02,2017-10-02,171420,10020,2,2,5,5,57,9,16,SAT,0.0
8221,2017-09-29,2017-10-13,186278,9647,37,2,3,5,12,9,98,Not Rated,0.0
8222,2017-10-02,2017-10-06,1884508,586,49,2,5,5,57,9,16,Not Rated,0.0
8223,2017-10-02,2017-10-16,152686,8946,62,2,5,5,15,9,13,SAT,0.0
8224,2017-09-29,2017-10-18,1878016,7640,74,2,3,5,12,9,42,SAT,0.0
8225,2017-10-02,2017-10-06,765613,1292,23,2,5,5,57,9,16,Not Rated,0.0
8226,2017-10-02,2017-10-06,1784829,11537,55,2,5,5,57,9,16,Not Rated,0.0
8227,2017-10-02,2017-10-06,1807984,994,16,2,5,5,57,9,16,Not Rated,0.0
8228,2017-09-22,2017-10-27,489918,7950,73,2,5,5,40,9,13,SAT,0.0
8229,2017-10-02,2017-10-06,1880430,9933,67,2,5,5,57,9,16,Not Rated,0.0
8230,2017-10-02,2017-10-06,5464,11223,54,2,5,5,57,9,16,Not Rated,0.0
8231,2017-10-02,2017-10-09,471037,2307,43,2,5,5,12,9,16,Not Rated,0.0
8232,2017-10-02,2017-10-09,1844043,2322,23,2,6,5,57,9,16,Not Rated,0.0
8233,2017-10-03,2017-10-09,2004426,9798,65,2,5,5,57,9,16,Not Rated,0.0
8234,2017-10-03,2017-10-06,518472,10186,68,2,5,5,57,9,16,NSA,0.0
8235,2017-10-03,2017-10-09,857914,9873,1,2,5,5,57,9,16,Not Rated,0.0
8236,2017-09-29,2017-10-19,836638,9933,22,2,5,5,63,9,42,Not Rated,0.0
8237,2017-10-03,2017-10-09,1829819,8887,1,2,5,5,57,9,16,Not Rated,0.0
8238,2017-10-03,2017-10-10,852979,8965,16,2,5,5,57,9,16,Not Rated,0.0
8239,2017-10-03,2017-10-09,2303485,11978,54,2,5,5,57,9,16,Not Rated,0.0
8240,2017-10-03,2017-10-10,231589,9601,30,2,5,5,57,9,16,Not Rated,0.0
8241,2017-10-03,2017-10-09,362537,10722,35,2,5,5,57,9,16,SAT,0.0
8242,2017-10-03,2017-10-19,321257,157,61,2,5,5,61,9,13,Not Rated,0.0
8243,2017-10-03,2017-10-10,2172883,194,35,2,5,5,57,9,16,Not Rated,0.0
8244,2017-10-03,2017-10-10,223769,11003,68,2,6,5,57,9,16,Not Rated,0.0
8245,2017-10-03,2017-10-09,2101887,1465,1,2,5,5,57,9,16,SAT,0.0
8246,2017-10-03,2017-10-13,1679826,9206,30,2,5,5,57,9,16,Not Rated,0.0
8247,2017-10-03,2017-10-10,348535,11134,77,2,5,5,57,9,16,Not Rated,0.0
8248,2017-10-03,2017-10-10,1831511,1465,35,2,5,5,57,9,16,Not Rated,0.0
8249,2017-10-03,2017-10-10,1674713,11118,77,2,5,5,57,9,16,Not Rated,0.0
8250,2017-10-03,2017-10-13,196083,11272,34,2,5,5,57,9,16,Not Rated,0.0
8251,2017-10-03,2017-10-13,2218714,10328,9,2,5,5,57,9,16,Not Rated,0.0
8252,2017-10-03,2017-10-25,17084,8116,35,2,6,5,15,9,13,SAT,0.0
8253,2017-10-03,2017-10-09,1890563,9958,8,2,5,5,57,9,16,SAT,0.0
8254,2017-10-03,2017-10-06,1748946,8662,8,2,5,5,57,9,16,SAT,0.0
8255,2017-10-03,2017-10-13,851391,197,34,2,5,5,57,9,16,Not Rated,0.0
8256,2017-10-03,2017-10-13,402984,300,72,2,5,5,57,9,16,Not Rated,0.0
8257,2017-10-03,2017-10-13,471084,9601,53,2,5,5,57,9,16,Not Rated,0.0
8258,2017-10-03,2017-10-17,28520,11798,51,2,6,5,57,9,16,Not Rated,0.0
8259,2017-10-11,2017-11-10,392342,11170,6,2,5,5,12,9,42,Not Rated,0.0
8260,2017-10-03,2017-10-18,1748930,10186,19,2,3,5,15,9,13,Not Rated,0.0
8261,2017-10-04,2017-10-13,1795165,1678,11,2,5,5,57,9,16,Not Rated,0.0
8262,2017-10-04,2017-10-13,425696,9923,17,2,5,5,57,9,16,Not Rated,0.0
8263,2017-10-04,2017-10-13,473792,1692,66,2,5,5,57,9,16,Not Rated,0.0
8264,2017-10-04,2017-10-13,1954786,9933,70,2,5,5,57,9,16,Not Rated,0.0
8265,2017-10-04,2017-10-13,139931,2559,51,2,5,5,57,9,16,Not Rated,0.0
8266,2017-10-04,2017-10-13,862854,11077,42,2,5,5,57,9,16,Not Rated,0.0
8267,2017-10-16,2017-11-01,1868112,11162,36,2,7,1,12,9,13,Not Rated,0.0
8268,2017-10-05,2017-10-18,587635,1255,32,2,5,5,57,9,13,Not Rated,0.0
8269,2017-10-05,2017-10-17,106809,9893,11,2,5,5,57,9,98,Not Rated,0.0
8270,2017-10-05,2017-10-18,19987,12176,18,2,5,5,57,9,13,Not Rated,0.0
8271,2017-10-05,2017-10-18,1829328,11114,21,2,5,5,57,9,13,Not Rated,0.0
8272,2017-10-05,2017-10-13,1890676,9247,55,2,5,5,57,9,16,SAT,0.0
8273,2017-10-05,2017-10-17,586701,12087,33,2,5,5,57,9,16,Not Rated,0.0
8274,2017-10-05,2017-10-18,2303323,11768,5,2,5,5,57,9,16,Not Rated,0.0
8275,2017-10-02,2017-10-24,285913,345,71,2,5,5,50,9,13,Not Rated,0.0
8276,2017-10-05,2017-10-16,1810214,581,44,2,5,5,57,9,16,Not Rated,0.0
8277,2017-10-05,2017-10-16,1888461,11158,58,2,5,5,57,9,16,Not Rated,0.0
8278,2017-10-05,2017-10-13,1914133,781,54,2,5,5,57,9,16,SAT,0.0
8279,2017-10-05,2017-10-16,1843703,9558,41,2,5,5,57,9,16,Not Rated,0.0
8280,2017-10-05,2017-10-16,856149,10016,31,2,5,5,57,9,16,Not Rated,0.0
8281,2017-10-05,2017-10-10,711190,11078,31,2,99,7,12,9,98,Not Rated,0.0
8282,2017-10-06,2017-11-02,1869558,11127,40,2,4,5,63,9,42,Not Rated,0.0
8283,2017-10-06,2017-10-13,1724685,11148,3,2,5,5,57,9,16,Not Rated,0.0
8284,2017-10-06,2017-10-12,2398051,11916,22,2,5,5,57,9,16,SAT,0.0
8285,2017-10-06,2017-10-13,1748307,10050,57,2,5,5,57,9,16,Not Rated,0.0
8286,2017-10-06,2017-10-13,163930,11173,60,2,5,5,57,9,16,Not Rated,0.0
8287,2017-10-06,2017-10-13,2122024,11163,56,2,5,5,57,9,16,Not Rated,0.0
8288,2017-10-06,2017-10-16,1867757,10973,16,2,5,5,57,9,16,Not Rated,0.0
8289,2017-10-06,2017-10-16,683567,12476,28,2,5,5,57,9,16,Not Rated,0.0
8290,2017-10-04,2017-11-22,2348070,10659,77,2,3,5,15,9,98,Not Rated,0.0
8291,2017-10-06,2017-10-17,1820057,8853,2,2,5,5,57,9,16,Not Rated,0.0
8292,2017-10-06,2017-10-17,1817374,11100,46,2,5,5,57,9,16,Not Rated,0.0
8293,2017-10-06,2017-10-13,665226,11978,43,2,5,5,57,9,16,Not Rated,0.0
8294,2017-10-06,2017-10-13,2389172,1085,49,2,5,5,57,9,16,Not Rated,0.0
8295,2017-10-06,2017-10-17,2117324,11151,53,2,5,5,57,9,16,Not Rated,0.0
8296,2017-10-06,2017-10-13,517701,11638,5,2,5,5,57,9,16,SAT,0.0
8297,2017-10-06,2017-10-17,896099,11959,78,2,5,5,57,9,16,Not Rated,0.0
8298,2017-10-06,2017-10-16,1736633,12769,74,2,5,5,57,9,16,SAT,0.0
8299,2017-10-06,2017-10-10,864569,11170,3,2,5,5,12,9,16,SAT,0.0
8300,2017-10-06,2017-10-13,2383948,496,36,2,5,5,57,9,16,Not Rated,0.0
8301,2017-10-09,2017-10-30,703250,9588,58,2,4,5,15,9,13,SAT,0.0
8302,2017-10-09,2017-10-16,416656,10235,8,2,5,5,57,9,98,Not Rated,0.0
8303,2017-10-09,2017-10-16,1893801,12038,43,2,5,5,57,9,98,Not Rated,0.0
8304,2017-10-09,2017-10-16,695007,2460,8,2,5,5,57,9,98,Not Rated,0.0
8305,2017-10-09,2017-10-18,1825665,11077,31,2,5,5,57,9,16,Not Rated,0.0
8306,2017-10-02,2017-10-02,672165,10031,49,2,5,5,40,9,13,Not Rated,0.0
8307,2017-10-09,2017-10-13,2016523,8359,60,2,5,5,57,9,16,Not Rated,0.0
8308,2017-10-09,2017-10-13,291579,2656,25,2,5,5,57,9,16,Not Rated,0.0
8309,2017-10-09,2017-10-13,1882163,9588,43,2,5,5,57,9,16,Not Rated,0.0
8310,2017-10-09,2017-10-16,2313420,938,4,2,5,5,57,9,98,Not Rated,0.0
8311,2017-10-02,2017-10-18,1801882,10883,17,2,5,5,40,9,13,SAT,0.0
8312,2017-10-09,2017-10-18,268031,2260,15,2,5,5,57,9,16,Not Rated,0.0
8313,2017-10-09,2017-10-18,2034379,11626,40,2,5,5,57,9,16,Not Rated,0.0
8314,2017-10-09,2017-10-18,2115161,11151,53,2,5,5,57,9,16,Not Rated,0.0
8315,2017-10-02,2017-10-27,1870977,2124,71,2,5,5,40,9,13,SAT,0.0
8316,2017-10-09,2017-10-13,895356,12133,44,2,5,5,57,9,16,Not Rated,0.0
8317,2017-10-09,2017-10-18,2268423,9601,23,2,5,5,57,9,16,Not Rated,0.0
8318,2017-10-09,2017-10-13,257856,7797,71,2,5,5,57,9,16,Not Rated,0.0
8319,2017-10-09,2017-10-18,95790,10160,63,2,5,5,57,9,16,Not Rated,0.0
8320,2017-10-09,2017-10-19,418028,2260,27,2,5,5,57,9,16,Not Rated,0.0
8321,2017-10-09,2017-10-16,1821955,9559,56,2,5,5,57,9,16,SAT,0.0
8322,2017-10-09,2017-10-19,1837327,1308,38,2,5,5,57,9,16,Not Rated,0.0
8323,2017-10-09,2017-10-18,25169,11590,54,2,5,5,57,9,16,Not Rated,0.0
8324,2017-10-09,2017-10-19,2520479,10116,1,2,5,5,57,9,16,Not Rated,0.0
8325,2017-10-09,2017-10-09,811526,884,77,2,5,5,57,9,16,SAT,0.0
8326,2017-10-09,2017-10-19,76004,1085,18,2,6,5,57,9,16,Not Rated,0.0
8327,2017-10-09,2017-10-19,1984553,10587,19,2,5,5,57,9,16,Not Rated,0.0
8328,2017-10-09,2017-10-19,342314,11132,27,2,5,5,57,9,16,Not Rated,0.0
8329,2017-10-09,2017-10-13,2182622,745,20,2,5,5,57,9,16,Not Rated,0.0
8330,2017-10-09,2017-10-20,2090006,7640,65,2,5,5,57,9,98,Not Rated,0.0
8331,2017-10-09,2017-10-13,2080345,12051,28,2,5,5,57,9,16,Not Rated,0.0
8332,2017-10-09,2017-11-07,2340833,1115,36,2,5,5,12,9,42,Not Rated,0.0
8334,2017-10-09,2017-10-19,2311137,10550,57,2,5,5,57,9,13,Not Rated,0.0
8335,2017-10-09,2017-10-13,2053503,10553,8,2,5,5,57,9,16,Not Rated,0.0
8336,2017-10-09,2017-10-20,2179675,1645,56,2,5,5,57,9,98,Not Rated,0.0
8337,2017-10-09,2017-10-20,36070,10235,10,2,5,5,57,9,98,Not Rated,0.0
8340,2017-10-09,2017-10-19,138399,9362,60,2,5,5,57,9,98,Not Rated,0.0
8341,2017-10-09,2017-10-20,1836576,2569,22,2,5,5,57,9,98,Not Rated,0.0
8342,2017-10-09,2017-10-20,2421903,187,51,2,6,5,57,9,98,Not Rated,0.0
8343,2017-10-09,2017-10-24,514922,11157,13,2,5,5,57,9,16,SAT,0.0
8344,2017-10-10,2017-10-19,435047,11086,26,2,5,5,57,9,13,Not Rated,0.0
8345,2017-10-10,2017-10-19,2109064,839,55,2,5,5,57,9,13,Not Rated,0.0
8346,2017-10-10,2017-10-16,1825438,1210,15,2,5,5,57,9,16,Not Rated,0.0
8347,2017-10-10,2017-10-18,1913065,10982,27,2,5,5,57,9,13,Not Rated,0.0
8348,2017-10-10,2017-10-19,1864883,1702,60,2,5,5,57,9,16,Not Rated,0.0
8349,2017-10-10,2017-10-19,2116881,12229,57,2,6,5,57,9,16,Not Rated,0.0
8350,2017-10-10,2017-10-19,1804954,12621,28,2,5,5,57,9,13,Not Rated,0.0
8351,2017-10-10,2017-10-17,147243,507,24,2,6,5,57,9,98,Not Rated,0.0
8352,2017-10-10,2017-10-16,623040,8106,53,2,5,5,57,9,16,Not Rated,0.0
8353,2017-10-10,2017-10-19,889308,820,65,2,5,5,57,9,98,Not Rated,0.0
8354,2017-10-10,2017-10-16,1825504,923,66,2,5,5,57,9,16,Not Rated,0.0
8355,2017-10-10,2017-10-16,2034927,11093,69,2,5,5,57,9,16,Not Rated,0.0
8356,2017-10-10,2017-10-19,2385688,11052,15,2,5,4,57,9,98,Not Rated,0.0
8357,2017-10-10,2017-10-18,729285,197,75,2,5,5,57,9,98,Not Rated,0.0
8358,2017-10-10,2017-10-18,1769279,10127,57,2,5,5,57,9,13,Not Rated,0.0
8359,2017-10-10,2017-10-19,465204,11122,42,2,5,5,57,9,13,Not Rated,0.0
8360,2017-10-10,2017-10-19,394988,820,26,2,6,5,57,9,16,Not Rated,0.0
8361,2017-10-10,2017-10-19,431752,9601,22,2,5,5,57,9,98,Not Rated,0.0
8362,2017-10-10,2017-10-16,1814311,207,52,2,5,5,57,9,16,Not Rated,0.0
8363,2017-10-10,2017-10-17,1707909,11194,21,2,5,5,57,9,16,Not Rated,0.0
8364,2017-10-09,2017-10-12,497011,11286,66,2,7,5,12,9,13,SAT,0.0
8365,2017-10-10,2017-10-19,1817639,11204,78,2,5,5,57,9,13,Not Rated,0.0
8366,2017-10-10,2017-10-16,16820,1956,9,2,5,5,57,9,16,Not Rated,0.0
8367,2017-10-10,2017-10-19,2034405,11204,37,2,5,5,57,9,13,Not Rated,0.0
8368,2017-10-10,2017-10-16,443735,9726,78,2,5,5,57,9,16,Not Rated,0.0
8369,2017-10-10,2017-10-18,1787353,8917,39,2,5,5,57,9,13,Not Rated,0.0
8370,2017-10-10,2017-10-19,2046928,7973,73,2,5,5,57,9,13,Not Rated,0.0
8371,2017-10-10,2017-10-10,1983007,10576,23,2,5,5,57,9,98,Not Rated,0.0
8372,2017-10-10,2017-10-19,1748929,8399,73,2,5,5,57,9,13,Not Rated,0.0
8373,2017-10-09,2017-10-12,241547,11255,60,2,5,5,10,9,98,Not Rated,0.0
8374,2017-10-10,2017-10-19,2154981,8891,21,2,6,5,57,9,98,Not Rated,0.0
8375,2017-10-10,2017-10-10,1653388,10900,11,2,6,5,57,9,98,Not Rated,0.0
8376,2017-10-10,2017-10-16,1837474,12334,78,2,5,5,57,9,16,Not Rated,0.0
8377,2017-10-10,2017-10-19,491135,8359,76,2,5,5,57,9,98,Not Rated,0.0
8378,2017-10-10,2017-10-20,848170,2378,47,2,5,5,57,9,98,Not Rated,0.0
8379,2017-10-10,2017-10-17,659082,11980,33,2,5,5,57,9,16,Not Rated,0.0
8380,2017-10-10,2017-10-16,2378643,11086,42,2,5,5,57,9,16,Not Rated,0.0
8381,2017-10-10,2017-10-17,2472267,8585,36,2,5,5,57,9,16,Not Rated,0.0
8382,2017-10-10,2017-10-17,710864,10601,5,2,5,5,57,9,16,Not Rated,0.0
8383,2017-10-10,2017-10-19,570483,858,44,2,5,5,57,9,98,Not Rated,0.0
8384,2017-10-10,2017-10-19,193488,2,63,2,5,5,57,9,13,Not Rated,0.0
8385,2017-10-10,2017-10-19,2110453,11182,62,2,5,5,57,9,98,Not Rated,0.0
8386,2017-10-10,2017-10-13,502519,10898,78,2,5,5,57,9,16,SAT,0.0
8387,2017-10-10,2017-10-19,891203,9813,25,2,5,5,57,9,13,Not Rated,0.0
8388,2017-10-10,2017-10-19,561858,10534,12,2,5,5,57,9,16,Not Rated,0.0
8389,2017-10-10,2017-10-19,827843,9001,12,2,5,5,57,9,98,Not Rated,0.0
8390,2017-10-10,2017-10-19,747628,12051,65,2,5,5,57,9,13,Not Rated,0.0
8391,2017-10-10,2017-10-19,2105827,10601,17,2,5,5,57,9,16,Not Rated,0.0
8392,2017-10-10,2017-10-19,217216,1106,42,2,5,5,57,9,98,Not Rated,0.0
8393,2017-10-10,2017-10-10,561822,10218,6,2,5,5,57,9,98,Not Rated,0.0
8394,2017-10-10,2017-10-19,77538,542,10,2,5,5,57,9,98,Not Rated,0.0
8395,2017-10-10,2017-10-19,666112,8885,29,2,5,5,57,9,98,Not Rated,0.0
8396,2017-10-10,2017-10-16,843945,11153,12,2,5,5,57,9,16,Not Rated,0.0
8397,2017-10-10,2017-10-16,329363,10172,18,2,5,5,57,9,16,Not Rated,0.0
8398,2017-10-10,2017-10-19,321392,12125,73,2,5,5,57,9,13,Not Rated,0.0
8399,2017-10-09,2017-10-27,18240,10728,38,2,3,5,32,9,98,Not Rated,0.0
8400,2017-10-11,2017-10-19,1810007,11099,35,2,2,5,57,9,16,Not Rated,0.0
8401,2017-10-11,2017-10-19,564853,12229,46,2,5,5,57,9,13,Not Rated,0.0
8402,2017-10-11,2017-10-19,148354,9799,25,2,5,5,57,9,13,Not Rated,0.0
8403,2017-10-11,2017-10-19,1822111,10850,12,2,5,5,57,9,13,Not Rated,0.0
8404,2017-10-11,2017-10-19,2289913,10644,23,2,5,5,57,9,13,Not Rated,0.0
8405,2017-10-10,2017-11-07,112705,1692,68,2,3,5,45,9,42,Not Rated,0.0
8406,2017-10-11,2017-10-19,1853899,9211,19,2,5,5,57,9,13,Not Rated,0.0
8407,2017-10-11,2017-10-19,712265,11461,21,2,5,5,57,9,98,Not Rated,0.0
8408,2017-10-11,2017-10-20,770957,8432,35,2,5,5,57,9,98,Not Rated,0.0
8409,2017-10-11,2017-10-20,2225311,10187,10,2,5,5,57,9,98,Not Rated,0.0
8410,2017-10-11,2017-10-19,1844282,8120,49,2,5,5,57,9,98,Not Rated,0.0
8411,2017-10-11,2017-10-19,2185873,10328,73,2,5,5,57,9,98,Not Rated,0.0
8412,2017-10-11,2017-11-21,1707189,10710,19,2,4,5,10,9,13,Not Rated,0.0
8414,2017-10-11,2017-11-21,1726417,190,49,2,4,5,62,9,13,Not Rated,0.0
8415,2017-10-05,2017-11-15,337892,1552,52,2,3,5,40,9,13,SAT,0.0
8416,2017-10-11,2017-10-19,1845086,9726,28,2,5,5,57,9,98,Not Rated,0.0
8417,2017-10-11,2017-10-19,1855924,9918,44,2,5,5,57,9,98,Not Rated,0.0
8418,2017-10-11,2017-10-17,192534,49,6,2,5,5,57,9,16,Not Rated,0.0
8419,2017-10-11,2017-10-19,1805466,9393,32,2,5,5,57,9,98,Not Rated,0.0
8420,2017-10-11,2017-10-19,501008,10072,17,2,5,5,57,9,98,Not Rated,0.0
8421,2017-10-11,2017-10-19,1644792,11213,3,2,5,5,57,9,98,Not Rated,0.0
8422,2017-10-11,2017-10-17,133493,1896,69,2,5,5,57,9,16,Not Rated,0.0
8423,2017-10-11,2017-10-27,1844045,1552,47,2,3,5,12,9,98,Not Rated,0.0
8424,2017-10-11,2017-10-19,709667,858,5,2,5,5,57,9,13,Not Rated,0.0
8425,2017-10-11,2017-10-19,1754554,9021,37,2,5,5,57,9,13,Not Rated,0.0
8426,2017-10-11,2017-10-19,21604,1342,70,2,5,5,57,9,98,Not Rated,0.0
8427,2017-10-11,2017-10-19,1886314,2178,60,2,5,5,57,9,13,Not Rated,0.0
8428,2017-10-11,2017-10-19,1852592,8201,14,2,5,5,57,9,98,Not Rated,0.0
8429,2017-10-11,2017-10-20,661085,2340,47,2,5,5,57,9,98,Not Rated,0.0
8430,2017-10-11,2017-10-19,1913084,10802,23,2,5,5,57,9,98,Not Rated,0.0
8431,2017-10-11,2017-10-19,807541,1085,38,2,5,5,57,9,98,Not Rated,0.0
8432,2017-10-11,2017-10-19,315862,9000,44,2,5,5,57,9,98,Not Rated,0.0
8433,2017-10-11,2017-10-19,1599340,1115,78,2,5,5,12,9,13,Not Rated,0.0
8434,2017-10-11,2017-10-27,1905653,1737,50,2,5,5,45,9,13,SAT,0.0
8435,2017-10-12,2017-10-19,767904,9559,5,2,5,5,57,9,98,Not Rated,0.0
8436,2017-10-12,2017-10-20,1815170,9800,16,2,5,5,57,9,98,Not Rated,0.0
8437,2017-10-12,2017-10-18,352955,12120,22,2,6,5,57,9,13,Not Rated,0.0
8438,2017-10-12,2017-12-12,1898851,843,31,2,3,5,12,9,13,Not Rated,0.0
8439,2017-10-12,2017-10-19,894936,11904,19,2,5,5,57,9,98,Not Rated,0.0
8440,2017-10-12,2017-10-19,802381,1737,45,2,5,5,57,9,98,Not Rated,0.0
8441,2017-10-12,2017-10-20,2119278,2676,46,2,5,5,57,9,98,Not Rated,0.0
8442,2017-10-12,2017-10-19,1847667,1516,34,2,5,5,57,9,98,Not Rated,0.0
8443,2017-10-12,2017-10-19,2358889,11077,33,2,5,5,57,9,98,Not Rated,0.0
8444,2017-10-12,2017-10-19,1679102,2690,32,2,5,5,57,9,98,Not Rated,0.0
8445,2017-10-12,2017-10-19,506371,12354,23,2,5,5,57,9,98,Not Rated,0.0
8446,2017-10-12,2017-10-19,1910032,125,3,2,5,5,57,9,98,Not Rated,0.0
8447,2017-10-12,2017-10-20,325090,2696,66,2,5,5,57,9,98,Not Rated,0.0
8448,2017-10-12,2017-10-19,1871848,858,56,2,5,5,57,9,98,Not Rated,0.0
8449,2017-10-11,2017-11-02,890517,10850,68,2,3,5,50,9,13,Not Rated,0.0
8450,2017-10-12,2017-10-19,2384857,8053,76,2,5,5,57,9,98,Not Rated,0.0
8451,2017-10-12,2017-10-18,584328,8201,20,2,5,5,57,9,13,Not Rated,0.0
8452,2017-10-12,2017-10-18,395222,2262,6,2,5,5,57,9,13,Not Rated,0.0
8453,2017-10-12,2017-10-20,896708,9021,18,2,5,5,57,9,98,Not Rated,0.0
8454,2017-10-12,2017-10-20,1808727,11960,70,2,5,5,57,9,98,Not Rated,0.0
8456,2017-10-12,2017-10-25,1731050,9853,57,2,5,5,57,9,98,Not Rated,0.0
8457,2017-10-12,2017-10-19,622967,12428,8,2,6,5,57,9,13,Not Rated,0.0
8458,2017-10-12,2017-10-20,2201919,2502,5,2,5,5,57,9,98,Not Rated,0.0
8459,2017-10-12,2017-10-19,392685,8585,2,2,5,5,57,9,98,Not Rated,0.0
8460,2017-10-13,2017-10-27,606444,10172,57,2,3,5,45,9,13,SAT,0.0
8461,2017-10-13,2017-10-20,1731111,839,17,2,5,5,57,9,98,Not Rated,0.0
8462,2017-10-13,2017-10-19,2150903,11148,46,2,5,5,57,9,16,SAT,0.0
8463,2017-10-13,2017-10-20,1857181,922,76,2,5,5,57,9,98,Not Rated,0.0
8464,2017-10-13,2017-10-19,2254171,11146,34,2,5,5,57,9,98,Not Rated,0.0
8465,2017-10-13,2017-10-19,1899263,9022,56,2,5,5,57,9,98,Not Rated,0.0
8466,2017-10-13,2017-10-19,543887,8385,42,2,5,5,57,9,98,Not Rated,0.0
8467,2017-10-13,2017-10-19,1886694,11268,75,2,5,5,57,9,16,SAT,0.0
8468,2017-10-13,2017-10-19,785782,8507,23,2,5,5,57,9,98,Not Rated,0.0
8469,2017-10-13,2017-10-18,1985333,865,1,2,5,5,57,9,13,Not Rated,0.0
8470,2017-10-13,2017-10-19,310824,2380,23,2,5,5,57,9,16,SAT,0.0
8471,2017-10-13,2017-10-19,867178,11590,9,2,5,5,57,9,98,Not Rated,0.0
8472,2017-10-13,2017-11-06,891838,2801,72,2,5,5,12,9,13,SAT,0.0
8473,2017-10-13,2017-10-20,321575,11558,8,2,5,5,57,9,98,Not Rated,0.0
8474,2017-10-13,2017-10-20,896790,811,27,2,5,5,57,9,98,Not Rated,0.0
8475,2017-10-13,2017-10-19,458053,9051,15,2,5,5,57,9,98,Not Rated,0.0
8476,2017-10-13,2017-10-25,2451410,598,10,2,5,5,57,9,98,Not Rated,0.0
8477,2017-10-13,2017-10-20,292625,9311,31,2,99,7,999,9,98,Not Rated,0.0
8478,2017-10-16,2017-10-19,188757,9227,7,2,5,5,57,9,98,Not Rated,0.0
8479,2017-10-16,2017-10-19,2293567,9000,35,2,5,5,57,9,98,Not Rated,0.0
8480,2017-10-16,2017-10-19,1675199,2648,18,2,5,5,57,9,98,Not Rated,0.0
8481,2017-10-16,2017-10-19,2367203,10710,53,2,5,5,57,9,98,Not Rated,0.0
8482,2017-10-16,2017-10-19,2115161,2158,49,2,5,5,57,9,98,Not Rated,0.0
8483,2017-10-16,2017-10-19,480620,9918,58,2,5,5,57,9,98,Not Rated,0.0
8484,2017-10-16,2017-10-19,32064,10948,53,2,5,5,57,9,98,Not Rated,0.0
8485,2017-10-16,2017-10-19,647410,884,35,2,5,5,57,9,98,Not Rated,0.0
8486,2017-10-16,2017-10-20,346577,11132,12,2,6,5,57,9,98,Not Rated,0.0
8487,2017-10-16,2017-10-18,580802,11122,78,2,5,5,57,9,98,Not Rated,0.0
8488,2017-10-16,2017-10-19,342247,12061,69,2,5,5,57,9,98,Not Rated,0.0
8489,2017-10-16,2017-10-20,477249,242,28,2,5,5,57,9,98,Not Rated,0.0
8490,2017-10-16,2017-10-20,1824421,10073,16,2,5,5,57,9,98,Not Rated,0.0
8491,2017-10-16,2017-10-20,1813507,1680,57,2,5,5,57,9,98,Not Rated,0.0
8492,2017-10-16,2017-12-08,888586,238,16,2,3,5,50,9,13,Not Rated,0.0
8493,2017-10-16,2017-10-20,2382639,9792,2,2,5,5,57,9,98,Not Rated,0.0
8494,2017-10-16,2017-10-19,2441274,39,42,2,5,5,57,9,98,Not Rated,0.0
8495,2017-10-16,2017-10-19,404853,12229,5,2,5,5,57,9,98,Not Rated,0.0
8496,2017-10-16,2017-10-19,2133073,12038,33,2,5,5,57,9,98,Not Rated,0.0
8497,2017-10-16,2017-10-19,594675,7979,78,2,5,5,57,9,16,SAT,0.0
8498,2017-10-16,2017-10-20,758227,11127,78,2,5,5,57,9,98,Not Rated,0.0
8499,2017-10-16,2017-10-20,2510524,2531,62,2,5,5,57,9,98,Not Rated,0.0
8500,2017-10-16,2017-10-19,1912182,9562,15,2,5,5,57,9,98,Not Rated,0.0
8501,2017-10-16,2017-10-19,263229,10850,8,2,5,5,57,9,98,Not Rated,0.0
8502,2017-10-16,2017-10-19,2009827,157,56,2,5,5,57,9,98,Not Rated,0.0
8503,2017-10-16,2017-10-20,881696,11669,62,2,5,5,57,9,98,Not Rated,0.0
8504,2017-10-16,2017-10-20,2033782,10536,73,2,5,5,57,9,98,Not Rated,0.0
8505,2017-10-16,2017-10-19,288820,7654,69,2,5,5,57,9,13,Not Rated,0.0
8506,2017-10-16,2017-10-27,1835738,486,47,2,5,5,15,9,13,Not Rated,0.0
8507,2017-10-16,2017-10-20,839867,242,52,2,5,5,57,9,98,Not Rated,0.0
8508,2017-10-16,2017-10-19,808812,11169,70,2,5,5,57,9,16,SAT,0.0
8509,2017-10-16,2017-10-19,2121350,586,32,2,5,5,57,9,98,Not Rated,0.0
8510,2017-10-16,2017-10-20,2237382,12328,2,2,5,5,57,9,98,Not Rated,0.0
8511,2017-10-16,2017-10-20,746262,12510,51,2,5,5,57,9,98,Not Rated,0.0
8512,2017-10-16,2017-10-20,665226,9560,38,2,5,5,57,9,98,Not Rated,0.0
8513,2017-10-16,2017-10-20,2378737,1999,22,2,5,5,57,9,98,Not Rated,0.0
8514,2017-10-16,2017-10-20,547741,11005,58,2,5,5,57,9,98,Not Rated,0.0
8515,2017-10-16,2017-10-20,1879873,1086,55,2,5,5,57,9,98,Not Rated,0.0
8516,2017-10-16,2017-10-20,840244,11052,66,2,5,5,57,9,98,Not Rated,0.0
8517,2017-10-16,2017-10-20,1857872,11094,69,2,5,5,57,9,98,Not Rated,0.0
8518,2017-10-16,2017-10-20,890966,2468,15,2,5,5,57,9,98,Not Rated,0.0
8519,2017-10-16,2017-10-20,854629,11764,75,2,5,5,57,9,98,Not Rated,0.0
8520,2017-10-16,2017-10-20,1886286,1256,52,2,5,5,57,9,98,Not Rated,0.0
8521,2017-10-16,2017-11-06,1853166,11193,71,2,3,5,33,9,98,Not Rated,0.0
8522,2017-10-17,2017-10-20,158888,119,63,2,5,5,57,9,98,Not Rated,0.0
8523,2017-10-17,2017-10-20,48967,8057,24,2,5,5,57,9,98,Not Rated,0.0
8524,2017-10-17,2017-10-20,2067096,2,26,2,5,5,57,9,98,Not Rated,0.0
8525,2017-10-17,2017-10-20,2471588,10676,10,2,5,5,57,9,98,Not Rated,0.0
8526,2017-10-17,2017-10-19,1740811,1342,66,2,5,5,57,9,98,Not Rated,0.0
8527,2017-10-17,2017-10-20,1824019,868,26,2,5,5,57,9,98,Not Rated,0.0
8528,2017-10-17,2017-10-20,796346,300,9,2,5,5,57,9,98,Not Rated,0.0
8529,2017-10-16,2017-11-07,737413,10834,32,2,3,5,40,9,42,Not Rated,0.0
8530,2017-10-17,2017-10-20,425843,10989,21,2,5,5,57,9,98,Not Rated,0.0
8531,2017-10-17,2017-10-27,706181,11039,34,2,5,5,15,9,13,SAT,0.0
8532,2017-10-18,2017-10-20,236613,1630,71,2,5,5,57,9,98,Not Rated,0.0
8533,2017-10-18,2017-10-20,1885479,9370,77,2,5,5,57,9,98,Not Rated,0.0
8534,2017-10-18,2017-10-20,2365659,9546,77,2,5,5,57,9,98,Not Rated,0.0
8535,2017-10-18,2017-10-20,71327,9873,18,2,5,5,57,9,98,Not Rated,0.0
8536,2017-10-18,2017-10-20,1814442,10720,73,2,5,5,57,9,98,Not Rated,0.0
8537,2017-10-18,2017-10-20,2158874,9816,73,2,6,5,57,9,98,Not Rated,0.0
8538,2017-10-18,2017-10-24,1906377,9361,22,2,5,5,12,9,16,Not Rated,0.0
8539,2017-10-18,2017-10-20,27500,8932,13,2,5,5,57,9,98,Not Rated,0.0
8540,2017-10-18,2017-10-20,2134558,11156,71,2,5,5,57,9,98,Not Rated,0.0
8541,2017-10-18,2017-10-20,1878518,11461,77,2,5,5,57,9,98,Not Rated,0.0
8542,2017-10-18,2017-10-20,1854445,11005,41,2,5,5,57,9,98,Not Rated,0.0
8543,2017-10-18,2017-10-20,685518,10187,34,2,5,5,57,9,98,Not Rated,0.0
8544,2017-10-18,2017-10-20,2101880,11268,22,2,5,5,57,9,98,Not Rated,0.0
8545,2017-10-18,2017-10-20,467200,9633,41,2,5,5,57,9,98,Not Rated,0.0
8546,2017-10-18,2017-10-20,248919,8484,11,2,5,5,57,9,98,Not Rated,0.0
8547,2017-10-18,2017-10-20,322437,12065,10,2,5,5,57,9,98,Not Rated,0.0
8548,2017-10-18,2017-10-20,332361,9610,71,2,5,5,57,9,98,Not Rated,0.0
8549,2017-10-18,2017-10-20,533106,11175,68,2,5,5,57,9,98,Not Rated,0.0
8550,2017-10-18,2017-10-20,510920,1097,61,2,5,5,57,9,98,Not Rated,0.0
8551,2017-10-18,2017-10-20,587635,7640,44,2,5,5,57,9,98,Not Rated,0.0
8552,2017-10-18,2017-10-20,685556,11980,63,2,5,5,57,9,98,Not Rated,0.0
8553,2017-10-18,2017-10-20,258653,12066,56,2,5,5,57,9,98,Not Rated,0.0
8554,2017-10-18,2017-10-18,1866064,211,61,2,5,5,57,9,13,SAT,0.0
8555,2017-10-18,2017-10-20,478568,2502,3,2,5,5,57,9,98,Not Rated,0.0
8556,2017-10-18,2017-10-20,101113,11277,20,2,5,5,57,9,98,Not Rated,0.0
8557,2017-10-18,2017-10-20,1844295,12262,5,2,5,5,57,9,98,Not Rated,0.0
8558,2017-10-18,2017-10-20,879614,11044,71,2,5,5,57,9,98,Not Rated,0.0
8559,2017-10-18,2017-10-20,421252,12192,44,2,5,5,57,9,98,Not Rated,0.0
8560,2017-10-18,2017-10-20,1851820,11051,13,2,5,5,57,9,16,Not Rated,0.0
8561,2017-10-18,2017-10-20,1635788,473,1,2,5,5,57,9,98,Not Rated,0.0
8562,2017-10-18,2017-10-19,357480,564,20,2,5,5,57,9,16,Not Rated,0.0
8563,2017-11-01,2017-11-03,1798361,791,14,2,3,1,40,9,13,SAT,0.0
8564,2017-10-19,2017-10-20,293333,11193,46,2,5,5,57,9,98,Not Rated,0.0
8565,2017-10-19,2017-10-20,1795180,1615,16,2,5,5,57,9,98,Not Rated,0.0
8566,2017-10-19,2017-10-20,1808942,1255,38,2,5,5,57,9,98,Not Rated,0.0
8567,2017-10-19,2017-10-20,1675010,10992,16,2,5,5,57,9,98,Not Rated,0.0
8568,2017-10-19,2017-10-20,161462,2230,45,2,5,5,57,9,16,Not Rated,0.0
8569,2017-10-19,2017-10-20,2305156,796,23,2,5,5,57,9,16,Not Rated,0.0
8570,2017-10-19,2017-10-20,412235,10130,22,2,5,5,57,9,98,Not Rated,0.0
8571,2017-10-19,2017-10-20,2038784,2322,74,2,5,5,57,9,98,Not Rated,0.0
8572,2017-10-19,2017-10-20,88422,11870,23,2,5,5,57,9,98,Not Rated,0.0
8573,2017-10-19,2017-10-20,1871005,11001,51,2,5,5,57,9,98,Not Rated,0.0
8574,2017-10-19,2017-10-20,447268,11265,78,2,5,5,57,9,98,Not Rated,0.0
8575,2017-10-19,2017-10-20,262969,10031,44,2,5,5,57,9,98,Not Rated,0.0
8576,2017-10-19,2017-10-20,315583,11213,20,2,5,5,57,9,98,Not Rated,0.0
8577,2017-10-18,2017-12-14,627543,11182,37,2,3,5,63,9,13,Not Rated,0.0
8578,2017-10-19,2017-10-20,2053536,8939,54,2,5,5,57,9,98,Not Rated,0.0
8579,2017-10-19,2017-10-20,693008,7654,21,2,5,5,57,9,98,Not Rated,0.0
8580,2017-10-19,2017-10-23,2157106,11118,78,2,5,5,57,9,16,SAT,0.0
8581,2017-10-19,2017-10-20,291999,11139,75,2,5,5,57,9,98,Not Rated,0.0
8582,2017-10-19,2017-10-20,893649,10325,23,2,5,5,57,9,98,Not Rated,0.0
8583,2017-10-19,2017-10-20,347134,2124,47,2,5,5,57,9,98,Not Rated,0.0
8584,2017-10-19,2017-10-20,403537,2128,70,2,5,5,57,9,98,Not Rated,0.0
8585,2017-10-19,2017-10-20,309013,11537,69,2,5,5,57,9,98,Not Rated,0.0
8586,2017-10-19,2017-10-20,2114170,12208,2,2,5,5,57,9,98,Not Rated,0.0
8587,2017-10-19,2017-10-20,50603,10127,14,2,5,5,57,9,98,Not Rated,0.0
8588,2017-10-18,2017-10-25,2068089,10722,12,2,3,5,50,9,98,Not Rated,0.0
8589,2017-10-20,2017-10-20,2417301,119,27,2,5,5,57,9,98,Not Rated,0.0
8590,2017-10-20,2017-10-20,1823413,11134,10,2,5,5,57,9,98,Not Rated,0.0
8591,2017-10-20,2017-10-23,506371,11156,42,2,5,5,57,9,16,Not Rated,0.0
8592,2017-10-20,2017-10-20,2070091,11036,18,2,5,5,57,9,98,Not Rated,0.0
8593,2017-10-20,2017-10-20,348930,12133,64,2,5,5,57,9,98,Not Rated,0.0
8594,2017-10-20,2017-10-20,1855909,10898,68,2,5,5,57,9,98,Not Rated,0.0
8595,2017-10-20,2017-10-20,876843,9803,23,2,5,5,57,9,16,SAT,0.0
8596,2017-10-20,2017-10-20,1635788,9206,31,2,5,5,57,9,98,Not Rated,0.0
8597,2017-10-20,2017-10-20,1887526,9206,23,2,5,5,57,9,98,Not Rated,0.0
8598,2017-10-20,2017-10-20,1814372,12133,49,2,5,5,57,9,98,Not Rated,0.0
8599,2017-10-20,2017-10-20,208450,10749,38,2,5,5,57,9,98,Not Rated,0.0
8600,2017-10-20,2017-10-20,707090,9798,42,2,5,5,57,9,98,Not Rated,0.0
8601,2017-10-20,2017-10-20,2069728,12367,78,2,5,5,57,9,98,Not Rated,0.0
8602,2017-10-20,2017-10-20,856028,49,39,2,5,5,57,9,98,Not Rated,0.0
8603,2017-10-20,2017-11-10,1747373,1097,22,2,5,5,57,9,98,Not Rated,0.0
8604,2017-10-20,2017-10-20,1793088,11263,17,2,5,5,57,9,98,SAT,0.0
8605,2017-10-20,2017-10-20,2116837,473,75,2,5,5,57,9,98,Not Rated,0.0
8606,2017-10-20,2017-10-20,1680426,9968,66,2,5,5,57,9,98,Not Rated,0.0
8607,2017-10-20,2017-10-23,2533338,12262,66,2,5,5,57,9,16,SAT,0.0
8608,2017-10-20,2017-10-23,864011,8507,6,2,5,5,57,9,16,SAT,0.0
8609,2017-10-20,2017-10-23,1898527,12727,11,2,5,5,57,9,16,SAT,0.0
8610,2017-10-20,2017-10-27,1882216,10326,27,2,5,5,12,9,13,Not Rated,0.0
8611,2017-10-20,2017-10-23,163924,10428,33,2,5,1,57,9,16,SAT,0.0
8612,2017-10-20,2017-10-20,524633,8953,24,2,5,5,57,9,16,SAT,0.0
8613,2017-10-20,2017-10-23,639711,12176,53,2,5,5,57,9,16,SAT,0.0
8614,2017-10-20,2017-10-20,2547792,2659,13,2,5,5,57,9,16,NSA,0.0
8615,2017-10-20,2017-10-23,649944,11668,66,2,5,5,57,9,16,SAT,0.0
8616,2017-10-20,2017-10-23,873791,10534,47,2,5,5,57,9,16,SAT,0.0
8617,2017-10-20,2017-10-23,530442,2384,30,2,5,5,57,9,16,SAT,0.0
8618,2017-10-20,2017-10-23,2460679,11051,35,2,5,5,57,9,16,SAT,0.0
8619,2017-10-20,2017-10-23,349804,7949,4,2,5,5,57,9,16,SAT,0.0
8620,2017-10-20,2017-10-23,1984553,8507,12,2,5,5,57,9,16,SAT,0.0
8621,2017-10-19,2017-10-27,2460679,7682,42,2,3,5,12,9,13,Not Rated,0.0
8622,2017-10-17,2017-12-06,2407312,1462,73,2,3,5,12,9,13,SAT,0.0
8623,2017-10-20,2017-10-23,57860,496,4,2,5,5,57,9,16,SAT,0.0
8624,2017-10-20,2017-10-23,40253,10534,76,2,5,5,57,9,16,SAT,0.0
8625,2017-10-20,2017-10-23,2366753,529,67,2,5,5,57,9,16,SAT,0.0
8626,2017-10-20,2017-10-23,224111,1202,1,2,5,5,57,9,16,SAT,0.0
8627,2017-10-23,2017-11-16,1896475,10710,5,2,5,5,9,9,42,Not Rated,0.0
8628,2017-10-23,2017-11-07,2056468,11097,39,2,3,5,10,9,42,Not Rated,0.0
8629,2017-10-23,2017-10-24,393687,151,62,2,5,5,57,9,16,SAT,0.0
8630,2017-10-23,2017-10-24,2163768,9051,65,2,5,5,57,9,16,SAT,0.0
8631,2017-10-23,2017-10-24,283161,2124,69,2,5,5,57,9,16,SAT,0.0
8632,2017-10-23,2017-10-24,1809017,10973,35,2,5,5,57,9,16,SAT,0.0
8633,2017-10-23,2017-10-24,115694,12003,6,2,5,5,57,9,16,SAT,0.0
8634,2017-10-23,2017-10-24,2084017,10326,67,2,5,5,57,9,16,SAT,0.0
8635,2017-10-23,2017-10-24,41250,2531,38,2,5,5,57,9,16,SAT,0.0
8636,2017-10-23,2017-10-24,228957,2666,66,2,5,5,57,9,16,SAT,0.0
8637,2017-10-24,2017-10-25,466848,11087,32,2,5,5,57,9,16,Not Rated,0.0
8638,2017-10-24,2017-10-25,792683,7835,36,2,5,5,57,9,16,Not Rated,0.0
8639,2017-10-23,2017-10-31,498925,10536,2,2,5,5,45,9,13,SAT,0.0
8640,2017-10-24,2017-10-25,2110055,2468,30,2,5,5,57,9,16,Not Rated,0.0
8641,2017-10-24,2017-10-25,40253,9816,44,2,5,5,57,9,16,Not Rated,0.0
8642,2017-10-24,2017-10-24,548220,1956,75,2,5,5,12,9,98,Not Rated,0.0
8643,2017-10-24,2017-10-25,258166,11942,69,2,5,5,57,9,16,Not Rated,0.0
8644,2017-10-24,2017-10-25,2307527,1695,77,2,5,5,57,9,16,Not Rated,0.0
8645,2017-10-17,2017-11-14,2107953,11113,44,2,5,5,63,9,13,SAT,0.0
8646,2017-10-20,2017-11-09,1923014,11461,63,2,3,5,12,9,42,Not Rated,0.0
8647,2017-10-17,2017-11-07,116345,11653,5,2,3,5,12,9,13,SAT,0.0
8648,2017-10-23,2017-10-25,444130,12428,48,2,3,1,40,9,13,Not Rated,0.0
8649,2017-10-24,2017-10-25,12656,12000,23,2,99,7,999,9,98,Not Rated,0.0
8650,2017-10-25,2017-10-27,1660641,12356,75,2,5,5,57,9,16,SAT,0.0
8651,2017-10-25,2017-10-27,885065,10426,70,2,5,5,57,9,16,SAT,0.0
8652,2017-10-25,2017-10-27,1785430,10737,34,2,5,5,57,9,16,SAT,0.0
8653,2017-10-25,2017-11-01,1891933,11220,12,2,5,5,58,9,16,SAT,0.0
8654,2017-10-25,2017-10-27,790948,12181,56,2,5,5,57,9,16,SAT,0.0
8655,2017-10-25,2017-10-27,2072833,12617,68,2,99,7,12,9,98,Not Rated,0.0
8656,2017-10-25,2017-11-14,857314,12354,2,2,4,5,10,9,42,Not Rated,0.0
8657,2017-10-26,2017-10-26,747628,11179,13,2,5,5,57,9,16,SAT,0.0
8658,2017-10-26,2017-11-02,2170441,9628,45,2,5,5,50,9,98,Not Rated,0.0
8659,2017-10-24,2017-10-26,458053,9796,61,2,5,5,12,9,98,Not Rated,0.0
8660,2017-10-25,2017-12-12,1914544,10297,3,2,5,5,63,9,13,Not Rated,0.0
8661,2017-10-26,2017-10-27,46815,8601,17,2,5,5,57,9,16,SAT,0.0
8662,2017-10-26,2017-10-27,701132,1866,38,2,5,5,57,9,16,SAT,0.0
8663,2017-10-26,2017-10-26,2141099,138,11,2,3,1,12,9,13,Not Rated,0.0
8664,2017-10-26,2017-10-27,2379705,2263,76,2,3,1,40,9,13,Not Rated,0.0
8665,2017-10-26,2017-10-27,381417,9546,43,2,3,1,40,9,13,Not Rated,0.0
8666,2017-10-26,2017-10-26,2037260,10106,19,2,3,5,40,9,13,Not Rated,0.0
8667,2017-10-27,2017-10-27,73411,10659,64,2,5,5,57,9,16,SAT,0.0
8668,2017-10-27,2017-10-27,638457,10225,26,2,5,5,57,9,16,SAT,0.0
8669,2017-10-27,2017-10-27,2108001,9410,43,2,5,5,57,9,16,SAT,0.0
8670,2017-10-27,2017-10-27,2089149,10016,20,2,5,5,57,9,16,SAT,0.0
8671,2017-10-27,2017-10-27,322251,10659,72,2,5,5,57,9,16,SAT,0.0
8672,2017-10-27,2017-11-03,1759731,221,67,2,5,5,18,9,98,Not Rated,0.0
8673,2017-10-30,2017-11-13,1878977,11146,61,2,3,5,7,9,42,Not Rated,0.0
8674,2017-10-30,2017-10-31,2157107,138,37,2,5,5,57,9,16,SAT,0.0
8675,2017-10-30,2017-10-31,533106,8359,71,2,5,5,57,9,16,SAT,0.0
8676,2017-10-30,2017-10-31,1798392,11768,13,2,3,1,40,9,13,Not Rated,0.0
8677,2017-11-01,2017-11-30,1904435,12087,13,2,4,5,12,9,42,Not Rated,0.0
8678,2017-11-01,2017-11-02,1847142,11217,45,2,5,5,57,9,16,SAT,0.0
8679,2017-11-01,2017-11-03,1836396,836,5,2,5,5,45,9,13,SAT,0.0
8680,2017-11-01,2017-11-02,1873945,11039,45,2,5,5,57,9,16,SAT,0.0
8681,2017-11-02,2017-11-21,2201844,9377,47,2,3,5,8,9,98,Not Rated,0.0
8682,2017-11-02,2017-11-17,2009827,10749,36,2,3,5,44,9,13,SAT,0.0
8683,2017-11-02,2017-11-02,1837942,11066,2,2,5,5,57,9,16,SAT,0.0
8684,2017-11-02,2017-11-02,2112141,11849,12,2,5,5,12,9,98,Not Rated,0.0
8685,2017-11-02,2017-11-02,439401,1275,55,2,5,5,57,9,16,SAT,0.0
8686,2017-11-02,2017-11-16,2058366,11074,70,2,3,5,19,9,13,SAT,0.0
8687,2017-11-01,2017-11-03,2199401,11127,60,2,3,5,40,9,13,Not Rated,0.0
8688,2017-11-03,2017-11-09,408118,12428,6,2,5,5,57,9,42,Not Rated,0.0
8689,2017-11-03,2017-11-06,2387404,11444,61,2,5,3,40,9,13,SAT,0.0
8690,2017-10-27,2017-11-06,859896,7682,39,2,5,3,40,9,13,SAT,0.0
8691,2017-11-07,2017-11-15,1881319,2531,54,2,5,5,19,9,13,SAT,0.0
8692,2017-11-07,2017-11-07,2476382,12027,13,2,5,5,23,9,98,Not Rated,0.0
8693,2017-11-07,2017-11-13,486456,10218,8,2,5,5,12,9,13,SAT,0.0
8694,2017-11-07,2017-11-13,2184402,911,1,2,5,5,7,9,13,SAT,0.0
8695,2017-11-07,2017-11-09,1820519,2129,5,2,5,5,57,9,16,SAT,0.0
8696,2017-11-07,2017-11-15,1807450,494,61,2,6,5,15,9,13,SAT,0.0
8697,2017-11-08,2017-11-10,1905672,1866,36,2,5,5,57,9,16,SAT,0.0
8698,2017-11-08,2017-11-09,1903986,10430,45,2,5,5,12,9,16,SAT,0.0
8699,2017-11-08,2017-11-09,710738,9559,43,2,5,5,57,9,16,SAT,0.0
8700,2017-11-08,2017-11-10,2116003,10710,64,2,5,5,57,9,16,SAT,0.0
8701,2017-11-08,2017-11-10,1893268,11031,72,2,5,5,57,9,16,SAT,0.0
8702,2017-11-08,2017-12-12,1871403,10426,50,2,5,5,57,9,98,Not Rated,0.0
8703,2017-11-08,2017-12-12,2489805,10964,22,2,5,5,57,9,98,Not Rated,0.0
8704,2017-11-06,2017-11-09,1861617,938,11,2,7,3,40,9,13,SAT,0.0
8705,2017-11-09,2017-12-01,650717,8399,63,2,5,5,10,9,42,SAT,0.0
8706,2017-11-06,2017-11-20,2378181,11087,62,2,6,5,15,9,13,Not Rated,0.0
8707,2017-11-13,2018-01-04,571158,1615,63,2,3,7,12,9,42,Not Rated,0.0
8708,2017-11-10,2017-11-10,2090393,1309,3,2,4,5,10,9,42,Not Rated,0.0
8709,2017-11-10,2017-11-28,78967,11461,76,2,3,5,12,9,42,Not Rated,0.0
8710,2017-11-10,2017-11-13,1803841,1229,73,2,5,5,12,9,42,Not Rated,0.0
8711,2017-11-10,2017-11-13,695009,11621,47,2,5,5,57,9,16,SAT,0.0
8712,2017-11-10,2017-11-20,64808,11545,10,2,5,5,10,9,98,Not Rated,0.0
8713,2017-11-13,2017-11-14,1689909,9357,29,2,5,5,57,9,16,SAT,0.0
8714,2017-11-14,2017-11-16,478568,9796,67,2,3,5,12,9,42,Not Rated,0.0
8715,2017-11-14,2017-11-16,1745145,10490,55,2,5,5,12,9,42,Not Rated,0.0
8716,2017-11-14,2017-11-16,592989,868,36,2,5,5,57,9,16,SAT,0.0
8717,2017-11-14,2017-11-16,1689523,11031,60,2,5,5,57,9,16,SAT,0.0
8718,2017-11-14,2017-11-16,228149,781,67,2,5,5,57,9,16,SAT,0.0
8719,2017-11-14,2017-11-16,1795180,9206,42,2,5,5,57,9,16,SAT,0.0
8720,2017-11-14,2017-11-16,1674322,2478,58,2,5,5,57,9,16,SAT,0.0
8721,2017-11-14,2017-11-15,490738,10659,56,2,3,5,12,9,42,Not Rated,0.0
8722,2017-11-15,2017-11-16,281207,10147,53,2,5,5,57,9,16,SAT,0.0
8723,2017-11-15,2017-11-16,2398071,1491,10,2,5,5,57,9,16,SAT,0.0
8724,2017-11-16,2017-11-16,355793,8946,4,2,3,5,12,9,42,Not Rated,0.0
8725,2017-11-16,2017-11-17,2144485,11796,77,2,5,5,57,9,16,SAT,0.0
8726,2017-11-16,2017-12-08,882201,10639,62,2,5,5,63,9,13,Not Rated,0.0
8727,2017-11-16,2017-11-17,1827023,9395,33,2,99,7,12,9,98,Not Rated,0.0
8728,2017-11-15,2017-11-24,1851573,9344,38,2,5,3,11,9,13,Not Rated,0.0
8729,2017-11-16,2017-12-21,502446,10235,66,2,3,5,15,9,13,SAT,0.0
8730,2017-11-16,2017-11-21,153853,9204,61,2,3,5,15,9,13,Not Rated,0.0
8731,2017-11-17,2017-12-27,2004402,11971,78,2,5,5,64,9,13,Not Rated,0.0
8732,2017-11-20,2017-11-22,750822,11119,37,2,5,5,18,9,98,Not Rated,0.0
8733,2017-11-07,2017-11-09,2204848,2696,3,2,6,5,7,9,13,Not Rated,0.0
8734,2017-11-21,2017-11-21,2201208,858,3,2,5,5,57,9,16,Not Rated,0.0
8735,2017-11-21,2017-11-21,109553,8797,71,2,5,5,57,9,16,SAT,0.0
8736,2017-11-21,2017-11-21,817508,2117,69,2,5,5,57,9,16,Not Rated,0.0
8737,2017-11-20,2018-01-09,811526,9311,52,2,3,5,7,9,13,Not Rated,0.0
8738,2017-11-21,2017-11-21,2163275,10623,63,2,5,5,12,9,16,SAT,0.0
8739,2017-11-21,2017-11-21,2402700,11062,65,2,5,5,61,9,16,SAT,0.0
8740,2017-11-21,2017-12-08,702605,9647,56,2,5,5,8,9,42,Not Rated,0.0
8741,2017-11-15,2017-12-18,2009811,12603,43,2,5,5,12,9,13,Not Rated,0.0
8742,2017-11-21,2017-11-23,892956,11487,20,2,4,5,50,9,13,Not Rated,0.0
8743,2017-11-22,2017-11-23,895968,940,37,2,5,5,57,9,16,SAT,0.0
8744,2017-11-15,2017-11-22,746262,9634,74,2,5,5,40,9,13,SAT,0.0
8745,2017-11-22,2017-11-23,618354,9204,48,2,5,5,12,9,98,Not Rated,0.0
8746,2017-11-22,2017-12-15,588949,11621,5,2,3,1,12,9,42,Not Rated,0.0
8747,2017-11-22,2017-12-15,2199981,10108,17,2,3,1,12,9,42,Not Rated,0.0
8748,2017-11-23,2017-11-23,1775868,8138,40,2,5,5,15,9,13,Not Rated,0.0
8749,2017-11-23,2018-01-05,1808989,11099,65,2,5,5,15,9,13,Not Rated,0.0
8750,2017-11-24,2017-12-27,418361,2482,2,2,3,7,8,9,42,Not Rated,0.0
8751,2017-11-24,2018-01-04,199186,73,76,2,5,5,62,9,98,Not Rated,0.0
8752,2017-11-24,2017-11-24,890179,8999,56,2,5,5,57,9,16,Not Rated,0.0
8753,2017-11-17,2017-12-07,1916677,12358,3,2,3,5,16,9,42,Not Rated,0.0
8754,2017-11-27,2017-12-15,797763,282,1,2,3,1,12,9,42,Not Rated,0.0
8755,2017-11-20,2017-12-08,1999765,9646,26,2,3,5,40,9,42,Not Rated,0.0
8756,2017-11-27,2017-12-11,2364031,11230,66,2,5,5,12,9,42,Not Rated,0.0
8757,2017-11-27,2017-12-13,2411049,1516,30,2,3,5,12,9,42,Not Rated,0.0
8758,2017-11-24,2018-01-05,2153790,9662,20,2,3,5,61,9,13,Not Rated,0.0
8759,2017-11-27,2017-12-14,382212,9000,1,2,3,7,12,9,42,SAT,0.0
8760,2017-11-28,2017-12-04,632997,12066,63,2,5,5,57,9,16,SAT,0.0
8761,2017-11-28,2018-01-01,490582,2659,56,2,5,5,57,9,16,Not Rated,0.0
8762,2017-11-28,2017-12-20,408034,11910,56,2,5,5,57,9,98,Not Rated,0.0
8763,2017-11-28,2017-12-01,104485,11114,32,2,5,5,57,9,16,Not Rated,0.0
8764,2017-11-28,2017-12-04,1748930,923,35,2,5,5,57,9,16,SAT,0.0
8765,2017-11-28,2018-01-23,856028,8106,34,2,3,5,12,9,13,SAT,0.0
8766,2017-11-28,2017-12-15,739849,11788,65,2,3,5,40,9,13,SAT,0.0
8767,2017-11-28,2017-12-12,1817374,8585,44,2,3,5,45,9,42,Not Rated,0.0
8768,2017-11-24,2017-12-14,2172446,10020,58,2,5,5,10,9,42,Not Rated,0.0
8769,2017-11-29,2018-01-12,1599675,2601,34,2,5,5,10,9,13,Not Rated,0.0
8770,2017-11-29,2017-11-30,194285,10850,33,2,5,5,12,9,13,SAT,0.0
8771,2017-11-30,2017-12-01,187783,12428,22,2,5,5,57,9,16,SAT,0.0
8772,2017-11-30,2017-12-01,2058064,12367,31,2,5,5,57,9,16,NSA,0.0
8773,2017-11-30,2017-12-01,2418773,10031,32,2,5,5,57,9,16,Not Rated,0.0
8774,2017-11-30,2017-12-04,392635,10834,76,2,5,5,57,9,16,SAT,0.0
8775,2017-11-30,2018-01-02,592254,8885,36,2,5,5,63,9,13,SAT,0.0
8776,2017-11-30,2017-12-01,2152341,9357,52,2,5,5,18,9,13,SAT,0.0
8777,2017-11-30,2017-12-01,2129480,12229,30,2,5,5,61,9,16,SAT,0.0
8778,2017-12-01,2018-01-23,691424,753,77,2,3,5,12,9,16,SAT,0.0
8779,2017-12-01,2017-12-19,1756169,10111,67,2,3,7,40,9,13,SAT,0.0
8780,2017-11-21,2018-01-04,558042,10260,36,2,3,5,15,9,13,Not Rated,0.0
8781,2017-11-21,2018-02-02,1759666,10107,34,2,3,5,45,9,13,Not Rated,0.0
8782,2017-12-01,2017-12-04,19960,10235,62,2,5,5,57,9,16,SAT,0.0
8783,2017-12-01,2018-02-02,1920012,9311,65,2,3,5,12,9,13,Not Rated,0.0
8784,2017-12-04,2018-01-02,499808,11263,51,2,3,5,50,9,42,Not Rated,0.0
8785,2017-12-04,2017-12-05,48694,11059,58,2,5,5,12,9,42,Not Rated,0.0
8786,2017-12-04,2017-12-18,1837474,9798,31,2,5,5,18,9,13,Not Rated,0.0
8787,2017-12-05,2017-12-20,2182588,8432,46,2,5,5,32,9,42,Not Rated,0.0
8788,2017-12-05,2018-01-09,2475770,8106,53,2,5,5,10,9,42,Not Rated,0.0
8789,2017-11-27,2017-11-27,1753723,2340,66,2,5,5,12,9,13,Not Rated,0.0
8790,2017-12-06,2018-02-06,272836,11182,63,2,5,5,12,9,42,Not Rated,0.0
8791,2017-12-06,2017-12-11,1804157,197,46,2,5,5,12,9,16,Not Rated,0.0
8792,2017-12-06,2017-12-08,1886253,2797,28,2,5,5,57,9,16,SAT,0.0
8793,2017-12-06,2017-12-06,512342,11194,10,2,5,5,57,9,16,SAT,0.0
8794,2017-12-06,2018-01-23,1736633,8853,26,2,5,5,12,9,13,Not Rated,0.0
8795,2017-12-05,2017-12-19,2444185,2128,7,2,5,5,10,9,42,Not Rated,0.0
8796,2017-12-06,2018-01-18,2472285,10217,72,2,5,5,6,9,13,Not Rated,0.0
8797,2017-12-07,2017-12-08,623630,7841,50,2,5,5,57,9,16,SAT,0.0
8798,2017-12-07,2017-12-08,2481332,8891,33,2,5,5,57,9,16,NSA,0.0
8799,2017-12-07,2017-12-28,2346294,11099,5,2,5,5,12,9,42,Not Rated,0.0
8800,2017-12-08,2018-01-22,571888,7797,31,2,7,5,15,9,42,Not Rated,0.0
8801,2017-11-22,2017-12-08,167586,10738,8,2,6,5,56,9,81,Not Rated,0.0
8802,2017-12-08,2017-12-08,2413321,1465,44,2,5,5,12,9,42,Not Rated,0.0
8803,2017-12-07,2017-12-12,855409,1879,34,2,3,7,12,9,98,Not Rated,0.0
8804,2017-12-07,2017-12-28,2106860,10426,17,2,3,5,40,9,98,SAT,0.0
8805,2017-12-08,2017-12-11,1856557,11626,8,2,5,5,40,9,42,Not Rated,0.0
8806,2017-12-11,2017-12-11,1862984,12563,35,2,3,5,40,9,42,Not Rated,0.0
8807,2017-12-08,2017-12-13,196092,8385,27,2,5,5,10,9,42,Not Rated,0.0
8808,2017-12-12,2017-12-15,1883926,8053,75,2,3,5,6,9,13,Not Rated,0.0
8809,2017-12-11,2018-01-04,1883926,10720,54,2,3,5,15,9,13,Not Rated,0.0
8810,2017-12-12,2017-12-15,2056391,8882,40,2,5,5,57,9,16,SAT,0.0
8811,2017-12-12,2017-12-15,437392,11114,69,2,5,5,57,9,16,SAT,0.0
8812,2017-12-12,2018-01-19,264731,1896,36,2,3,5,21,9,13,SAT,0.0
8813,2017-11-29,2018-01-25,734922,753,10,2,3,5,12,9,42,Not Rated,0.0
8814,2017-12-08,2018-01-08,845542,9021,44,2,5,5,12,9,42,Not Rated,0.0
8815,2017-12-13,2017-12-15,2107235,2307,70,2,5,5,57,9,16,SAT,0.0
8816,2017-12-13,2018-01-04,57866,9813,15,2,7,5,4,9,42,Not Rated,0.0
8817,2017-12-12,2018-01-22,1803422,11954,69,2,3,5,32,9,98,SAT,0.0
8818,2017-12-13,2018-01-12,517705,11621,60,2,5,5,12,9,42,Not Rated,0.0
8819,2017-12-14,2017-12-15,312813,2263,16,1,5,5,57,9,16,SAT,0.0
8820,2017-12-14,2017-12-18,2308800,12334,60,2,5,5,12,9,13,Not Rated,0.0
8821,2017-12-15,2017-12-15,1825527,2260,70,2,5,5,57,9,16,SAT,0.0
8822,2017-12-15,2018-01-30,185579,9247,66,2,5,5,12,9,42,Not Rated,0.0
8823,2017-12-15,2018-01-03,212856,8963,76,2,5,5,65,9,42,Not Rated,0.0
8824,2017-12-15,2018-01-03,35693,991,63,2,5,5,12,9,42,Not Rated,0.0
8825,2017-12-04,2017-12-18,2069138,11003,7,2,5,5,18,9,98,Not Rated,0.0
8826,2017-12-21,2018-01-03,892950,9803,40,2,5,1,12,9,98,Not Rated,0.0
8827,2017-12-19,2017-12-27,692214,2538,23,2,7,5,57,9,16,SAT,0.0
8828,2017-12-19,2017-12-19,791070,10050,1,2,7,5,15,9,13,SAT,0.0
8829,2017-12-19,2018-02-13,1806702,8197,16,2,3,5,42,9,13,SAT,0.0
8830,2017-12-13,2017-12-22,1858489,991,19,2,5,5,12,9,98,Not Rated,0.0
8831,2017-12-20,2017-12-20,694692,1500,13,2,7,5,15,9,13,Not Rated,0.0
8832,2017-12-20,2017-12-27,1907208,9858,38,2,5,1,40,9,13,SAT,0.0
8833,2017-12-20,2018-01-15,1898490,9370,55,2,5,5,29,9,13,Not Rated,0.0
8834,2017-12-20,2018-01-03,2270548,11132,10,2,5,5,12,9,42,Not Rated,0.0
8835,2018-01-02,2018-01-10,2016197,11121,45,2,3,7,12,9,42,Not Rated,0.0
8836,2017-12-20,2018-01-16,246371,1462,27,2,5,5,15,9,13,SAT,0.0
8837,2017-12-20,2018-01-12,2175464,7950,11,2,5,5,50,9,13,Not Rated,0.0
8838,2017-12-21,2018-01-08,2100588,8887,11,2,5,5,65,9,42,Not Rated,0.0
8839,2017-12-20,2017-12-21,308919,1085,71,2,5,5,12,9,13,Not Rated,0.0
8840,2017-12-21,2018-01-05,48694,8569,37,2,3,5,58,9,13,Not Rated,0.0
8841,2017-12-22,2018-01-30,741278,197,45,2,5,5,12,9,42,Not Rated,0.0
8842,2017-12-22,2018-01-31,135253,1499,45,2,5,5,12,9,42,Not Rated,0.0
8843,2017-12-27,2018-01-01,1886276,601,46,2,99,7,12,9,98,Not Rated,0.0
8844,2017-12-20,2017-12-27,1914550,10834,53,2,3,5,12,9,13,Not Rated,0.0
8845,2017-12-22,2018-01-02,225456,8996,34,2,5,4,15,9,13,SAT,0.0
8846,2018-01-02,2018-01-03,702441,1342,60,2,3,7,12,9,42,Not Rated,0.0
8847,2017-12-22,2018-01-16,1831185,12208,75,2,4,5,15,9,13,SAT,0.0
8848,2017-12-28,2018-01-09,2362054,7950,78,2,5,5,12,9,16,SAT,0.0
8849,2017-12-28,2018-01-09,2402595,11036,37,2,5,5,12,9,16,Not Rated,0.0
8850,2017-12-28,2018-01-08,1852579,11954,1,2,5,5,12,9,42,Not Rated,0.0
8851,2017-12-28,2018-01-03,575953,11097,34,2,5,5,12,9,98,Not Rated,0.0
8852,2017-12-28,2018-01-09,891510,2380,17,2,5,5,57,9,16,NSA,0.0
8853,2017-12-28,2018-01-25,500139,10324,4,2,5,5,65,9,16,SAT,0.0
8854,2017-12-28,2018-01-09,1851009,12038,61,2,5,5,12,9,16,SAT,0.0
8855,2017-12-28,2018-01-31,23762,10426,71,2,5,5,10,9,13,Not Rated,0.0
8856,2017-12-29,2018-02-05,750859,2614,63,2,5,5,12,9,42,Not Rated,0.0
8857,2017-12-29,2018-02-06,889849,10844,50,2,5,5,12,9,42,Not Rated,0.0
8858,2017-12-29,2018-01-09,814874,1999,14,2,5,5,12,9,16,Not Rated,0.0
8859,2017-12-27,2018-01-31,2254171,496,25,2,5,5,42,9,13,SAT,0.0
8860,2017-12-22,2018-02-12,812614,11252,70,2,3,5,15,9,13,SAT,0.0
8861,2017-12-19,2018-01-23,592820,11004,50,2,3,1,40,9,13,SAT,0.0
8862,2017-12-29,2018-01-17,646879,10566,53,2,5,5,15,9,13,Not Rated,0.0
8863,2018-01-02,2018-02-01,196092,11265,50,2,5,5,10,9,13,Not Rated,0.0
8864,2018-01-02,2018-01-26,842258,11100,52,2,5,5,32,9,13,Not Rated,0.0
8865,2018-01-02,2018-01-15,2425324,11713,23,2,6,5,59,9,42,Not Rated,0.0
8866,2018-01-02,2018-01-23,757751,9211,2,2,5,5,59,9,98,Not Rated,0.0
8867,2018-01-02,2018-01-03,2198234,8197,77,2,3,1,12,9,13,Not Rated,0.0
8868,2018-01-03,2018-02-14,583323,12356,72,2,5,5,15,9,13,SAT,0.0
8869,2018-01-03,2018-01-04,1863637,1645,5,2,7,5,15,9,42,Not Rated,0.0
8870,2018-01-03,2018-01-08,1780991,9858,32,2,9,7,12,9,98,Not Rated,0.0
8871,2018-01-03,2018-01-04,1901890,10106,72,2,2,1,40,9,13,Not Rated,0.0
8872,2018-01-04,2018-01-12,2413838,7626,68,2,6,5,15,9,42,Not Rated,0.0
8873,2018-01-02,2018-01-12,746337,9559,5,2,6,5,15,9,13,SAT,0.0
8874,2018-01-04,2018-02-22,1761682,10020,5,2,3,5,45,9,13,SAT,0.0
8876,2018-01-04,2018-02-22,2080345,10112,20,2,3,5,19,9,13,SAT,0.0
8877,2018-01-04,2018-01-11,2069458,12334,21,2,7,5,12,9,42,Not Rated,0.0
8878,2018-01-03,2018-02-12,2035371,11099,69,2,5,5,8,9,42,Not Rated,0.0
8879,2018-01-04,2018-01-04,1876081,11029,62,2,5,5,12,9,42,Not Rated,0.0
8880,2018-01-05,2018-01-22,797591,11974,63,2,5,5,65,9,16,SAT,0.0
8881,2018-01-05,2018-01-23,357946,1200,55,2,5,5,59,9,42,Not Rated,0.0
8882,2018-01-05,2018-01-15,1874634,10737,43,2,5,5,12,9,42,Not Rated,0.0
8883,2018-01-05,2018-01-23,518472,8885,2,2,5,5,59,9,42,Not Rated,0.0
8884,2018-01-05,2018-01-17,217424,843,45,2,5,5,59,9,98,Not Rated,0.0
8885,2018-01-05,2018-01-17,406415,11114,16,2,5,5,59,9,42,Not Rated,0.0
8886,2018-01-05,2018-01-17,889059,10111,68,2,5,5,59,9,98,Not Rated,0.0
8887,2018-01-05,2018-01-17,1920012,10152,78,2,5,5,59,9,98,Not Rated,0.0
8888,2018-01-05,2018-01-24,1814075,12256,15,2,5,5,59,9,16,SAT,0.0
8889,2018-01-05,2018-01-05,2345729,11255,1,2,7,5,11,9,98,Not Rated,0.0
8890,2018-01-05,2018-01-22,1875584,9662,65,2,5,5,57,9,16,SAT,0.0
8891,2018-01-05,2018-01-18,2009523,10576,17,2,5,5,12,9,13,SAT,0.0
8892,2018-01-05,2018-01-15,1690838,10073,35,2,9,7,12,9,42,Not Rated,0.0
8893,2018-01-08,2018-01-23,1865756,518,56,2,3,5,10,9,42,Not Rated,0.0
8894,2018-01-08,2018-01-26,892102,12399,37,2,5,5,12,9,13,SAT,0.0
8895,2018-01-08,2018-02-06,2112418,10720,11,2,5,5,12,9,42,Not Rated,0.0
8896,2018-01-08,2018-02-01,891985,9799,23,2,5,5,10,9,42,Not Rated,0.0
8897,2018-01-08,2018-01-12,896390,11154,46,2,5,5,65,9,42,Not Rated,0.0
8898,2018-01-08,2018-01-17,665656,9715,69,2,5,5,57,9,98,Not Rated,0.0
8899,2018-01-08,2018-02-09,1891132,1115,11,2,5,5,57,9,13,SAT,0.0
8900,2018-01-08,2018-01-23,1812856,10850,73,2,5,5,59,9,42,Not Rated,0.0
8901,2018-01-08,2018-01-17,34031,11059,8,2,5,5,59,9,42,Not Rated,0.0
8902,2018-01-04,2018-01-12,121236,974,31,2,9,7,12,9,98,Not Rated,0.0
8903,2018-01-05,2018-02-27,1916627,9893,54,2,5,5,11,9,42,SAT,0.0
8904,2018-01-09,2018-01-12,316378,11474,14,2,3,5,15,9,13,SAT,0.0
8905,2018-01-09,2018-01-17,1878064,9884,63,2,5,5,59,9,98,Not Rated,0.0
8906,2018-01-09,2018-01-10,509052,269,15,2,5,5,12,9,98,Not Rated,0.0
8907,2018-01-10,2018-03-02,1840849,11157,70,2,3,1,15,9,13,Not Rated,0.0
8908,2018-01-10,2018-01-10,624175,1308,13,2,5,5,65,9,13,SAT,0.0
8909,2018-01-10,2018-02-21,2414540,11163,30,2,5,5,12,9,42,Not Rated,0.0
8910,2018-01-10,2018-01-25,880257,9826,78,2,3,5,33,9,42,Not Rated,0.0
8911,2018-01-04,2018-01-15,761667,12000,4,2,5,5,12,9,42,Not Rated,0.0
8912,2018-01-11,2018-01-22,864438,8120,16,2,5,5,42,9,13,SAT,0.0
8913,2018-01-08,2018-02-07,2112148,12692,1,2,3,5,40,9,13,SAT,0.0
8914,2018-01-10,2018-01-19,636141,11151,13,2,5,5,16,9,42,Not Rated,0.0
8915,2018-01-12,2018-02-09,889615,2124,57,2,5,5,12,9,42,Not Rated,0.0
8916,2018-01-12,2018-01-17,746798,2263,71,2,5,5,59,9,98,Not Rated,0.0
8917,2018-01-12,2018-01-29,2087954,8601,69,2,5,5,12,9,16,SAT,0.0
8918,2018-01-11,2018-02-20,522482,12133,67,2,3,5,50,9,42,Not Rated,0.0
8919,2018-01-12,2018-01-25,570231,8999,74,2,5,5,65,9,16,SAT,0.0
8920,2018-01-15,2018-02-09,328419,10984,47,2,5,5,63,9,13,Not Rated,0.0
8921,2018-01-15,2018-02-13,2163756,11621,7,2,5,5,7,9,98,Not Rated,0.0
8922,2018-01-16,2018-02-16,198115,9970,51,2,5,5,12,9,42,Not Rated,0.0
8923,2018-01-16,2018-03-12,2385690,2117,43,2,5,5,15,9,13,Not Rated,0.0
8924,2018-01-16,2018-01-23,2114835,12034,75,2,5,5,59,9,16,Not Rated,0.0
8925,2018-01-16,2018-01-23,2146111,11140,51,2,5,5,59,9,42,Not Rated,0.0
8926,2018-01-16,2018-01-17,237281,11083,20,2,5,5,65,9,42,Not Rated,0.0
8927,2018-01-16,2018-01-19,334366,11069,4,2,9,7,12,9,98,Not Rated,0.0
8928,2018-01-23,2018-03-30,1898485,909,70,2,3,7,62,9,42,SAT,0.0
8929,2018-01-08,2018-02-22,134597,2340,73,2,3,5,40,9,13,SAT,0.0
8930,2018-01-17,2018-01-25,685742,11160,40,2,5,5,12,9,13,Not Rated,0.0
8931,2018-01-17,2018-03-08,735421,10990,32,2,4,5,50,9,42,Not Rated,0.0
8932,2018-01-11,2018-01-22,1841232,8507,54,2,5,5,12,9,42,Not Rated,0.0
8933,2018-01-17,2018-01-19,2366649,11479,5,2,5,5,65,9,16,SAT,0.0
8934,2018-01-17,2018-01-25,119610,10844,53,2,5,5,65,9,16,SAT,0.0
8935,2018-01-17,2018-01-23,670597,9729,31,2,5,5,59,9,16,Not Rated,0.0
8936,2018-01-17,2018-01-23,1851886,10720,35,2,5,5,59,9,16,Not Rated,0.0
8937,2018-01-17,2018-01-23,780683,839,73,2,5,5,59,9,16,Not Rated,0.0
8938,2018-01-17,2018-01-23,1754636,11162,77,2,5,5,57,9,16,Not Rated,0.0
8939,2017-12-06,2018-01-18,2009481,10850,75,2,5,5,62,9,13,Not Rated,0.0
8940,2018-01-17,2018-01-29,2415624,9370,47,2,3,5,12,9,42,Not Rated,0.0
8941,2018-01-18,2018-02-16,2134985,1115,15,2,5,5,12,9,42,Not Rated,0.0
8942,2018-01-18,2018-01-23,215370,9798,25,2,5,5,57,9,16,SAT,0.0
8943,2018-01-19,2018-02-14,591669,11132,73,2,3,5,45,9,42,Not Rated,0.0
8944,2018-01-19,2018-01-19,29442,10055,74,2,7,3,40,9,98,Not Rated,0.0
8945,2018-01-19,2018-01-19,294526,2235,42,2,7,3,40,9,98,Not Rated,0.0
8946,2018-01-19,2018-03-07,702441,2235,25,2,5,4,50,9,13,Not Rated,0.0
8947,2018-01-22,2018-01-26,1845086,11127,3,2,5,5,59,9,16,SAT,0.0
8948,2018-01-19,2018-01-25,2154216,11173,55,2,7,5,12,9,42,Not Rated,0.0
8949,2018-01-22,2018-01-24,2463182,11204,32,2,5,5,59,9,16,SAT,0.0
8950,2018-01-22,2018-01-25,1878136,10793,44,2,5,5,65,9,16,SAT,0.0
8951,2018-01-22,2018-01-25,316412,597,78,2,5,5,65,9,16,SAT,0.0
8952,2018-01-22,2018-01-25,2348805,2613,73,2,5,5,59,9,16,SAT,0.0
8953,2018-01-22,2018-02-26,707090,2208,53,2,5,5,57,9,16,SAT,0.0
8954,2018-01-22,2018-02-16,331524,11175,14,2,5,5,12,9,42,Not Rated,0.0
8955,2018-01-22,2018-01-25,756561,11099,7,2,5,5,59,9,16,SAT,0.0
8956,2018-01-22,2018-02-13,1948292,2262,11,2,5,5,57,9,16,SAT,0.0
8957,2018-01-22,2018-01-25,1847968,922,67,2,5,5,65,9,16,SAT,0.0
8958,2018-01-22,2018-01-25,575572,8932,40,2,5,5,59,9,16,SAT,0.0
8959,2018-01-22,2018-02-16,326429,2316,61,2,5,5,12,9,42,Not Rated,0.0
8960,2018-01-18,2018-03-14,392635,235,17,2,5,5,15,9,13,SAT,0.0
8961,2018-01-22,2018-01-29,684543,10802,25,2,5,5,64,9,42,Not Rated,0.0
8962,2018-01-22,2018-02-15,1747375,10050,16,2,3,5,50,9,42,Not Rated,0.0
8963,2018-01-22,2018-02-26,1888951,9958,56,2,3,5,50,9,42,Not Rated,0.0
8964,2018-01-22,2018-01-22,2069464,12027,45,2,3,5,40,9,98,Not Rated,0.0
8965,2018-01-22,2018-01-29,1917927,11163,74,2,5,5,57,9,16,SAT,0.0
8966,2018-02-06,2018-02-14,1880850,10116,35,2,3,1,40,9,13,SAT,0.0
8967,2018-01-22,2018-01-22,421010,1526,71,2,9,7,12,9,98,Not Rated,0.0
8968,2018-01-23,2018-01-24,1781703,9800,40,2,5,5,59,9,16,Not Rated,0.0
8969,2018-01-23,2018-01-23,363805,11265,72,2,7,5,12,9,42,Not Rated,0.0
8970,2018-01-23,2018-01-29,1983290,8053,38,2,5,5,64,9,42,Not Rated,0.0
8971,2018-01-23,2018-01-29,663376,11194,14,2,3,5,64,9,42,Not Rated,0.0
8972,2018-01-23,2018-01-25,1799479,2178,66,2,5,5,59,9,16,SAT,0.0
8973,2018-01-23,2018-01-31,370761,10603,64,2,5,5,57,9,16,Not Rated,0.0
8974,2018-01-23,2018-01-24,2054472,9797,30,2,5,5,61,9,16,SAT,0.0
8975,2018-01-23,2018-01-25,697786,10550,68,2,5,5,57,9,16,SAT,0.0
8980,2018-01-23,2018-01-31,847896,9022,64,2,5,5,57,9,16,SAT,0.0
8981,2018-01-24,2018-01-26,398601,11153,75,2,5,5,65,9,16,Not Rated,0.0
8982,2018-01-18,2018-02-14,661657,12345,5,2,5,5,15,9,13,SAT,0.0
8983,2018-01-19,2018-03-05,519922,486,65,2,5,5,10,9,13,Not Rated,0.0
8984,2018-01-24,2018-01-30,822194,1678,20,2,5,5,52,9,16,SAT,0.0
8985,2018-01-24,2018-01-30,680906,12621,73,2,5,5,52,9,16,SAT,0.0
8986,2018-01-25,2018-01-26,2084052,11217,40,2,5,5,59,9,16,SAT,0.0
8987,2018-01-25,2018-03-06,512910,11158,44,2,3,5,8,9,42,Not Rated,0.0
8988,2018-01-25,2018-01-26,533060,12133,74,2,5,5,64,9,42,Not Rated,0.0
8989,2018-01-19,2018-03-29,1695199,10563,36,2,5,1,12,9,13,Not Rated,0.0
8992,2018-01-25,2018-01-26,850191,11275,32,2,5,5,64,9,42,Not Rated,0.0
8993,2018-01-25,2018-01-31,865288,2124,55,2,7,5,40,9,42,SAT,0.0
8994,2018-01-25,2018-01-31,20175,1706,20,2,9,7,40,9,98,Not Rated,0.0
8995,2018-01-26,2018-01-26,1851571,507,36,2,5,5,57,9,16,SAT,0.0
8996,2018-01-26,2018-01-30,23821,12048,60,2,5,5,65,9,16,SAT,0.0
8997,2018-01-26,2018-01-30,1908294,8963,60,2,5,5,57,9,16,SAT,0.0
8998,2018-01-29,2018-01-29,253467,8055,5,2,5,5,12,9,16,SAT,0.0
8999,2018-01-29,2018-01-31,894014,10106,33,2,5,5,52,9,16,SAT,0.0
9000,2018-01-29,2018-01-30,870426,11942,78,2,5,5,65,9,16,SAT,0.0
9001,2018-01-29,2018-03-15,382765,12065,77,2,5,5,57,9,16,SAT,0.0
9002,2018-01-29,2018-01-30,2175473,238,68,2,5,5,12,9,16,SAT,0.0
9003,2018-01-29,2018-02-21,165910,11263,71,2,5,5,12,9,42,Not Rated,0.0
9004,2018-01-29,2018-01-31,101467,11849,17,2,5,5,59,9,16,SAT,0.0
9005,2018-01-29,2018-02-08,554190,1999,50,2,5,5,64,9,42,Not Rated,0.0
9006,2018-01-29,2018-02-02,237281,10071,13,2,5,5,12,9,42,Not Rated,0.0
9007,2018-01-29,2018-03-06,456537,9715,31,2,3,7,42,9,42,Not Rated,0.0
9008,2018-01-29,2018-01-30,891902,10883,55,2,5,5,57,9,16,SAT,0.0
9009,2018-01-29,2018-01-31,1899906,2158,35,2,5,5,59,9,16,SAT,0.0
9010,2018-01-29,2018-02-23,2216177,2801,13,2,5,5,12,9,42,Not Rated,0.0
9011,2018-01-29,2018-01-30,1770454,10984,35,2,5,5,61,9,16,SAT,0.0
9012,2018-01-29,2018-03-01,1787391,7640,55,2,5,5,15,9,42,Not Rated,0.0
9013,2018-01-29,2018-01-29,889165,157,20,2,7,3,40,9,13,Not Rated,0.0
9014,2018-01-29,2018-02-07,2314344,11004,44,2,3,1,40,9,13,Not Rated,0.0
9015,2018-01-30,2018-02-08,362537,10430,72,2,5,5,12,9,16,SAT,0.0
9016,2018-01-26,2018-03-14,2037270,10055,32,2,3,5,40,9,13,SAT,0.0
9017,2018-01-30,2018-01-30,1865746,1097,3,2,5,5,64,9,42,Not Rated,0.0
9018,2018-01-24,2018-03-09,1905184,1256,65,2,5,5,40,9,42,Not Rated,0.0
9019,2018-01-29,2018-02-23,1765567,9395,48,2,3,5,50,9,42,Not Rated,0.0
9020,2018-01-22,2018-02-21,1837849,9797,19,2,3,5,12,9,42,Not Rated,0.0
9021,2018-01-24,2018-01-31,1707345,235,5,2,5,5,12,9,16,NSA,0.0
9022,2018-01-31,2018-02-08,768992,9813,33,2,3,5,33,9,42,Not Rated,0.0
9023,2018-01-23,2018-01-31,1660092,12328,5,2,7,1,45,9,13,Not Rated,0.0
9024,2018-01-30,2018-02-06,856935,1309,30,2,5,5,15,9,13,SAT,0.0
9025,2018-01-31,2018-02-02,1745206,824,27,2,5,5,65,9,16,SAT,0.0
9026,2018-01-30,2018-02-02,758758,10225,46,2,5,5,15,9,13,Not Rated,0.0
9027,2018-01-30,2018-02-14,1781125,1440,51,2,5,5,64,9,42,Not Rated,0.0
9028,2018-01-31,2018-04-12,642892,9792,42,2,2,1,40,9,13,Not Rated,0.0
9029,2018-02-01,2018-02-01,2101894,10379,31,2,5,5,65,9,16,NSA,0.0
9030,2018-02-01,2018-02-01,2054499,8840,15,2,5,5,64,9,42,Not Rated,0.0
9031,2018-02-01,2018-02-02,1807974,11011,71,2,5,5,12,9,42,Not Rated,0.0
9032,2018-02-02,2018-02-05,1802990,9357,72,2,5,5,12,9,16,SAT,0.0
9033,2018-02-01,2018-02-02,358302,11558,9,2,5,5,64,9,42,Not Rated,0.0
9034,2018-02-02,2018-02-23,1854759,10430,63,2,5,5,12,9,13,Not Rated,0.0
9035,2018-02-09,2018-03-14,1800605,11122,8,2,7,3,15,9,13,Not Rated,0.0
9036,2018-02-02,2018-02-26,215367,11942,41,2,5,5,33,9,42,Not Rated,0.0
9037,2018-02-05,2018-02-05,886056,11474,1,2,5,5,59,9,16,SAT,0.0
9038,2018-02-05,2018-02-05,1821140,11273,14,2,5,5,59,9,16,SAT,0.0
9039,2018-02-05,2018-02-05,1868089,11160,4,2,5,5,59,9,16,SAT,0.0
9040,2018-02-05,2018-03-12,327840,820,54,2,5,5,61,9,42,Not Rated,0.0
9041,2018-02-05,2018-02-08,764384,9272,52,2,5,5,12,9,16,Not Rated,0.0
9042,2018-01-30,2018-02-05,1942804,12024,67,2,5,5,40,9,13,SAT,0.0
9043,2018-02-05,2018-02-09,1835738,10328,18,2,5,5,12,9,16,SAT,0.0
9045,2018-02-05,2018-02-22,847092,494,65,2,5,5,40,9,13,SAT,0.0
9046,2018-02-05,2018-02-09,1700673,11971,39,2,5,5,59,9,16,SAT,0.0
9047,2018-02-05,2018-02-09,2111847,2477,2,2,5,5,59,9,16,SAT,0.0
9048,2018-02-05,2018-02-14,478407,1462,7,2,5,5,12,9,16,SAT,0.0
9049,2018-02-05,2018-02-27,516380,10676,32,2,3,5,15,9,13,Not Rated,0.0
9050,2018-02-05,2018-02-06,661085,8113,43,2,5,5,12,9,13,Not Rated,0.0
9051,2018-02-05,2018-02-13,1844308,1292,55,2,3,5,50,9,42,Not Rated,0.0
9052,2018-02-02,2018-02-05,517344,8201,47,2,2,5,12,9,42,Not Rated,0.0
9053,2018-02-05,2018-02-06,384333,11133,21,2,5,5,12,9,42,Not Rated,0.0
9054,2018-02-05,2018-02-06,2079562,12034,70,2,5,5,12,9,42,Not Rated,0.0
9055,2018-02-02,2018-02-16,1806506,8385,13,2,3,5,64,9,42,Not Rated,0.0
9056,2018-02-06,2018-02-06,894370,138,13,2,3,5,65,9,16,SAT,0.0
9057,2018-02-06,2018-02-06,1875048,12246,12,2,5,5,65,9,16,SAT,0.0
9058,2018-02-06,2018-02-09,176587,10073,71,2,5,5,59,9,16,SAT,0.0
9059,2018-02-06,2018-02-23,1845973,192,35,2,5,5,12,9,42,Not Rated,0.0
9060,2018-02-05,2018-04-17,2510617,2103,44,2,3,5,42,9,13,Not Rated,0.0
9061,2018-02-06,2018-02-09,494718,11162,30,2,5,5,59,9,16,SAT,0.0
9062,2018-02-02,2018-03-14,658267,1292,8,2,5,5,40,9,13,Not Rated,0.0
9063,2018-02-06,2018-03-27,1700265,8953,31,1,3,5,40,9,13,SAT,0.0
9064,2018-01-29,2018-02-26,2141554,11150,33,2,3,5,15,9,13,SAT,0.0
9065,2018-02-08,2018-02-09,1698939,10552,78,2,5,5,12,9,16,SAT,0.0
9066,2018-02-08,2018-02-12,185337,11097,78,2,5,5,59,9,16,SAT,0.0
9067,2018-02-07,2018-03-16,2202914,11154,55,2,5,5,10,9,42,Not Rated,0.0
9068,2018-02-07,2018-03-22,2217330,9175,53,2,3,5,45,9,42,Not Rated,0.0
9069,2018-02-07,2018-02-14,2186288,8055,72,2,5,5,12,9,42,Not Rated,0.0
9070,2018-02-07,2018-02-08,1826470,10225,31,2,5,5,12,9,42,Not Rated,0.0
9071,2018-02-08,2018-02-09,684959,1440,26,2,5,5,57,9,16,SAT,0.0
9072,2018-01-25,2018-02-08,1892681,1517,40,2,3,5,58,9,13,Not Rated,0.0
9073,2018-01-30,2018-03-14,767022,12256,38,2,3,5,40,9,42,SAT,0.0
9074,2018-02-12,2018-02-13,1864903,1255,61,2,3,7,12,9,42,Not Rated,0.0
9075,2018-02-05,2018-02-16,2181354,11062,15,2,3,5,40,9,42,Not Rated,0.0
9076,2018-02-08,2018-02-09,198870,10187,25,2,3,5,40,9,42,Not Rated,0.0
9077,2018-02-07,2018-02-09,831680,12192,22,2,5,5,64,9,42,Not Rated,0.0
9078,2018-02-09,2018-02-09,842031,11263,78,2,3,1,12,9,98,Not Rated,0.0
9079,2018-02-12,2018-02-14,853271,11193,73,2,5,5,59,9,16,SAT,0.0
9080,2018-02-12,2018-02-15,1749781,2500,9,2,5,5,59,9,16,SAT,0.0
9081,2018-02-12,2018-02-14,531481,11039,7,2,5,5,12,9,42,Not Rated,0.0
9082,2018-02-09,2018-03-01,1817204,12617,23,2,5,5,10,9,42,Not Rated,0.0
9083,2018-02-12,2018-02-12,2226741,12176,15,2,7,3,12,9,98,Not Rated,0.0
9084,2018-02-12,2018-02-16,277443,10152,7,2,9,7,12,9,98,Not Rated,0.0
9085,2018-02-13,2018-03-23,1689946,2230,11,2,3,5,58,9,42,Not Rated,0.0
9086,2018-02-13,2018-03-14,195670,12034,36,2,5,5,12,9,16,SAT,0.0
9087,2018-02-13,2018-02-14,338790,11114,73,2,5,5,57,9,16,SAT,0.0
9088,2018-02-09,2018-02-28,1812491,9923,32,2,7,3,12,9,13,SAT,0.0
9089,2018-02-13,2018-02-15,2007877,978,56,2,5,5,57,9,16,SAT,0.0
9090,2018-02-13,2018-04-02,1653854,11287,22,2,3,5,10,9,42,Not Rated,0.0
9091,2018-02-12,2018-02-21,1814088,1962,7,2,5,5,64,9,42,Not Rated,0.0
9092,2018-02-08,2018-02-20,1836610,11093,29,2,9,7,12,9,98,Not Rated,0.0
9093,2018-02-13,2018-03-23,2069458,8853,65,2,3,1,42,9,13,Not Rated,0.0
9094,2018-02-14,2018-02-15,295832,2648,20,2,5,5,12,9,16,SAT,0.0
9095,2018-02-14,2018-02-15,1729539,2676,36,2,6,5,12,9,16,SAT,0.0
9096,2018-02-13,2018-02-14,897244,9361,48,2,5,5,64,9,42,Not Rated,0.0
9097,2018-02-14,2018-03-15,1896133,12176,22,2,3,5,45,9,42,Not Rated,0.0
9098,2018-02-15,2018-02-21,655514,221,44,2,5,5,12,9,42,Not Rated,0.0
9099,2018-02-13,2018-02-15,810375,10738,66,2,5,5,40,9,13,Not Rated,0.0
9100,2018-02-15,2018-02-16,1904791,9499,65,2,5,5,57,9,16,SAT,0.0
9101,2018-02-15,2018-02-16,1623945,10037,71,2,5,5,12,9,16,SAT,0.0
9102,2018-02-15,2018-02-16,1883866,11051,19,2,5,5,12,9,16,SAT,0.0
9103,2018-02-15,2018-02-16,1800346,8367,33,2,5,5,59,9,16,SAT,0.0
9104,2018-02-06,2018-02-15,1660678,11910,35,2,6,5,12,9,13,SAT,0.0
9105,2018-02-14,2018-02-28,1860651,820,8,2,3,5,40,9,13,SAT,0.0
9106,2018-01-08,2018-02-01,90039,9205,50,2,5,5,15,9,42,Not Rated,0.0
9107,2018-02-15,2018-02-22,236633,1499,35,2,5,5,64,9,42,Not Rated,0.0
9108,2018-02-14,2018-02-28,1802772,11173,68,2,3,5,40,9,13,SAT,0.0
9109,2018-02-16,2018-02-21,1795163,8996,46,2,5,5,65,9,16,SAT,0.0
9110,2018-02-16,2018-02-26,214593,781,13,2,3,5,63,9,13,Not Rated,0.0
9111,2018-02-16,2018-02-21,2383497,11132,7,2,5,5,57,9,16,SAT,0.0
9112,2018-02-16,2018-03-08,457579,940,50,2,5,5,12,9,16,SAT,0.0
9113,2018-02-16,2018-02-21,683567,1210,36,2,5,5,59,9,16,SAT,0.0
9114,2018-02-16,2018-02-21,2226826,9361,13,2,5,5,65,9,16,SAT,0.0
9115,2018-02-16,2018-02-21,671841,10235,42,2,5,5,59,9,16,SAT,0.0
9116,2018-02-16,2018-02-21,2084057,8996,14,2,5,5,12,9,16,SAT,0.0
9117,2018-02-20,2018-02-20,1814131,8197,30,2,9,7,12,9,98,Not Rated,0.0
9118,2018-02-20,2018-03-19,464277,528,14,2,3,5,12,9,16,Not Rated,0.0
9119,2018-02-20,2018-02-27,758934,1229,41,2,5,5,65,9,16,SAT,0.0
9120,2018-02-20,2018-02-23,80538,2065,36,2,5,5,57,9,16,SAT,0.0
9121,2018-02-20,2018-02-21,352098,2532,10,2,5,5,61,9,16,SAT,0.0
9122,2018-02-20,2018-02-21,323379,11487,29,2,5,5,59,9,16,SAT,0.0
9123,2018-02-21,2018-02-28,42428,9873,63,2,3,5,40,9,13,Not Rated,0.0
9124,2018-02-21,2018-04-02,289332,8605,16,2,5,5,10,9,13,Not Rated,0.0
9125,2018-02-21,2018-03-27,128307,11154,31,2,5,5,12,9,42,Not Rated,0.0
9126,2018-02-21,2018-04-11,351720,8917,22,2,3,5,9,9,42,Not Rated,0.0
9127,2018-02-16,2018-03-26,292210,11193,12,2,5,5,15,9,13,SAT,0.0
9128,2018-01-17,2018-03-09,1769676,2384,12,2,3,5,42,9,13,Not Rated,0.0
9129,2018-02-19,2018-02-22,2046927,10297,61,2,5,1,64,9,42,Not Rated,0.0
9130,2018-02-21,2018-04-18,622967,11078,55,2,3,5,62,9,13,Not Rated,0.0
9131,2018-02-22,2018-04-12,2305284,2316,37,2,3,7,12,9,42,Not Rated,0.0
9132,2018-02-22,2018-04-03,1881811,9247,52,2,4,5,12,9,42,Not Rated,0.0
9133,2018-02-21,2018-04-17,2131953,9393,2,2,3,5,42,9,13,Not Rated,0.0
9134,2018-02-23,2018-02-27,1829776,11071,73,2,5,5,59,9,16,SAT,0.0
9135,2018-02-23,2018-04-03,1813092,10324,17,2,5,5,15,9,13,Not Rated,0.0
9136,2018-02-23,2018-03-30,299352,11973,41,2,3,5,50,9,42,Not Rated,0.0
9137,2018-02-23,2018-04-04,1788974,11474,44,2,5,5,15,9,13,Not Rated,0.0
9138,2018-02-23,2018-03-21,2124812,8820,16,2,3,5,15,9,13,SAT,0.0
9139,2018-02-21,2018-03-16,369190,11147,73,2,3,5,45,9,42,Not Rated,0.0
9140,2018-02-26,2018-02-27,1919429,645,3,2,5,5,57,9,16,SAT,0.0
9141,2018-02-26,2018-02-27,2221733,9670,24,2,5,5,59,9,16,SAT,0.0
9142,2018-02-26,2018-02-27,890130,11714,32,2,5,5,57,9,16,SAT,0.0
9143,2018-02-26,2018-02-27,1890702,1491,21,2,2,1,40,9,98,Not Rated,0.0
9144,2018-02-26,2018-04-04,893566,843,28,2,5,5,10,9,42,Not Rated,0.0
9145,2018-02-13,2018-04-03,48742,11051,46,2,4,5,50,9,13,Not Rated,0.0
9146,2018-02-27,2018-02-27,1860057,12356,5,2,5,5,12,9,42,Not Rated,0.0
9147,2018-02-26,2018-02-27,1861617,10917,5,2,5,5,64,9,42,Not Rated,0.0
9148,2018-02-27,2018-02-28,2475803,189,5,2,5,5,57,9,16,SAT,0.0
9149,2018-02-27,2018-03-01,1749826,11063,40,2,5,5,59,9,16,SAT,0.0
9150,2018-02-26,2018-03-28,302296,1092,34,2,5,5,33,9,42,Not Rated,0.0
9151,2018-02-27,2018-03-07,1735760,2007,55,2,5,5,12,9,42,Not Rated,0.0
9152,2018-02-27,2018-03-07,2311137,9872,76,2,5,5,12,9,42,Not Rated,0.0
9153,2018-02-26,2018-04-13,852350,10973,32,2,4,5,50,9,42,Not Rated,0.0
9154,2018-02-28,2018-03-13,1657672,461,9,2,7,3,12,9,13,SAT,0.0
9155,2018-02-28,2018-03-01,1866065,601,68,2,5,5,57,9,16,SAT,0.0
9156,2018-02-28,2018-03-01,316921,10111,19,2,5,5,65,9,16,SAT,0.0
9157,2018-02-26,2018-03-15,30764,9958,49,2,5,5,12,9,13,Not Rated,0.0
9158,2018-02-28,2018-02-28,642018,10993,46,2,5,5,57,9,16,SAT,0.0
9159,2018-02-28,2018-03-02,1827352,836,21,2,5,5,59,9,16,SAT,0.0
9160,2018-02-28,2018-03-01,496553,8911,54,2,5,5,65,9,16,SAT,0.0
9161,2018-02-28,2018-03-01,457385,2671,41,2,7,5,10,9,42,Not Rated,0.0
9162,2018-02-27,2018-03-26,874633,9344,26,2,5,5,10,9,42,Not Rated,0.0
9163,2018-02-22,2018-04-19,567078,9211,73,2,5,5,10,9,42,Not Rated,0.0
9164,2018-02-28,2018-04-18,1659357,10983,29,2,3,5,42,9,13,Not Rated,0.0
9165,2018-02-28,2018-04-04,215481,8356,63,2,3,5,8,9,42,Not Rated,0.0
9167,2018-02-28,2018-04-04,533355,9958,69,2,3,5,15,9,42,Not Rated,0.0
9168,2018-02-28,2018-04-12,1871403,2504,38,2,3,5,50,9,42,Not Rated,0.0
9169,2018-02-27,2018-03-08,2100560,269,30,2,5,5,42,9,13,SAT,0.0
9170,2018-02-27,2018-04-17,1799473,356,72,2,3,5,45,9,13,Not Rated,0.0
9171,2018-03-01,2018-03-08,1788306,10668,27,2,3,5,58,9,16,SAT,0.0
9172,2018-03-01,2018-03-02,2154226,2569,70,2,5,5,12,9,16,SAT,0.0
9173,2018-03-01,2018-03-07,545654,12605,77,2,5,5,59,9,16,SAT,0.0
9174,2018-03-01,2018-03-07,1659540,9958,73,2,5,5,59,9,16,SAT,0.0
9175,2018-03-01,2018-03-07,769508,9968,11,2,5,5,59,9,16,SAT,0.0
9176,2018-03-01,2018-04-12,4599,11158,20,2,3,5,8,9,42,Not Rated,0.0
9177,2018-03-02,2018-03-07,819384,8840,70,2,5,5,59,9,16,SAT,0.0
9178,2018-03-02,2018-03-07,2106204,10998,38,2,5,5,59,9,16,SAT,0.0
9179,2018-03-02,2018-03-07,558042,11840,70,2,5,5,59,9,16,SAT,0.0
9180,2018-03-02,2018-03-07,1892346,796,78,2,5,5,59,9,16,SAT,0.0
9181,2018-03-05,2018-03-07,577143,10112,69,2,5,5,59,9,16,SAT,0.0
9182,2018-03-05,2018-03-09,645305,12181,7,2,5,5,59,9,16,SAT,0.0
9183,2018-03-05,2018-03-07,1899231,9175,51,2,5,5,12,9,16,SAT,0.0
9184,2018-03-05,2018-03-15,2158383,1515,21,2,5,5,57,9,16,SAT,0.0
9185,2018-03-05,2018-03-09,892388,9211,46,2,5,5,59,9,16,SAT,0.0
9186,2018-03-05,2018-03-07,166675,10998,46,2,5,5,65,9,16,Not Rated,0.0
9187,2018-03-05,2018-03-16,2175448,8530,30,2,5,5,65,9,16,SAT,0.0
9188,2018-03-02,2018-03-12,746947,745,43,2,5,5,15,9,13,Not Rated,0.0
9189,2018-03-05,2018-03-26,662957,9361,49,2,4,5,18,9,42,Not Rated,0.0
9190,2018-03-05,2018-03-26,1881319,1876,3,2,4,5,18,9,42,Not Rated,0.0
9192,2018-03-05,2018-03-26,1706215,10490,46,2,4,5,18,9,42,Not Rated,0.0
9193,2018-03-05,2018-04-13,536363,1270,45,2,4,5,50,9,42,Not Rated,0.0
9194,2018-03-05,2018-03-23,1893768,10998,70,2,3,5,15,9,13,SAT,0.0
9195,2018-03-06,2018-03-06,1784829,791,45,2,5,5,42,9,13,SAT,0.0
9196,2018-03-21,2018-04-02,246433,10964,27,2,3,7,64,9,42,Not Rated,0.0
9197,2018-03-06,2018-03-07,458051,11100,35,2,5,5,65,9,16,Not Rated,0.0
9198,2018-03-07,2018-03-07,1890563,8820,7,2,5,5,12,9,42,Not Rated,0.0
9199,2018-03-07,2018-04-16,411896,11182,62,2,5,5,32,9,42,Not Rated,0.0
9200,2018-03-02,2018-04-25,1751530,10967,37,2,5,5,63,9,13,Not Rated,0.0
9201,2018-03-05,2018-04-19,294346,11482,3,2,3,5,58,9,85,Not Rated,0.0
9204,2018-03-02,2018-03-08,1888890,49,53,2,5,5,4,9,42,Not Rated,0.0
9205,2018-03-02,2018-03-16,499881,1515,15,2,5,5,64,9,42,Not Rated,0.0
9206,2018-03-08,2018-03-09,1750178,116,76,2,5,5,59,9,16,SAT,0.0
9207,2018-03-08,2018-04-05,8405,9559,49,2,5,5,59,9,16,SAT,0.0
9208,2018-03-08,2018-04-11,2035047,11444,67,2,5,5,12,9,42,Not Rated,0.0
9209,2018-03-08,2018-03-09,626565,9797,2,2,5,5,59,9,16,SAT,0.0
9210,2018-03-07,2018-03-14,2056038,9622,58,2,5,5,12,9,42,Not Rated,0.0
9211,2018-03-08,2018-03-09,166640,12617,66,2,5,5,59,9,16,SAT,0.0
9212,2018-03-08,2018-03-09,437242,1866,71,2,5,5,59,9,16,SAT,0.0
9213,2018-03-07,2018-04-16,640913,9405,14,2,3,5,12,9,42,Not Rated,0.0
9214,2018-03-08,2018-03-15,285163,9901,44,2,3,5,15,9,13,Not Rated,0.0
9215,2018-03-09,2018-03-12,523119,8399,52,2,5,5,63,9,13,SAT,0.0
9216,2018-03-08,2018-03-13,744599,2335,62,2,5,5,10,9,13,Not Rated,0.0
9217,2018-03-09,2018-04-03,2532293,10360,48,2,6,5,12,9,16,Not Rated,0.0
9218,2018-03-09,2018-03-16,2206440,11136,19,2,5,5,12,9,16,SAT,0.0
9219,2018-03-09,2018-03-19,1901828,2178,78,2,5,5,59,9,16,Not Rated,0.0
9220,2018-03-08,2018-03-14,1920013,8955,77,2,5,4,12,9,42,Not Rated,0.0
9221,2018-03-09,2018-04-03,1846855,1085,56,2,5,5,32,9,42,Not Rated,0.0
9222,2018-03-09,2018-04-16,2034093,813,8,2,5,5,50,9,42,Not Rated,0.0
9223,2018-03-12,2018-03-26,2132575,157,13,2,3,5,10,9,42,Not Rated,0.0
9224,2018-03-12,2018-03-13,682883,9051,42,2,3,5,10,9,13,SAT,0.0
9225,2018-03-13,2018-03-16,361049,11139,14,2,5,5,61,9,16,Not Rated,0.0
9226,2018-03-13,2018-03-19,1831935,8385,52,2,5,5,59,9,16,Not Rated,0.0
9227,2018-03-13,2018-04-24,691102,12356,68,2,5,5,12,9,98,Not Rated,0.0
9228,2018-03-13,2018-03-26,316334,12605,30,2,5,5,58,9,16,SAT,0.0
9229,2018-03-12,2018-03-14,640412,10359,73,2,5,5,65,9,16,SAT,0.0
9230,2018-03-12,2018-03-14,1915295,11131,52,2,5,5,65,9,16,SAT,0.0
9231,2018-03-08,2018-03-14,1767741,11904,25,2,5,5,57,9,16,SAT,0.0
9232,2018-03-12,2018-03-22,152686,11003,78,2,3,5,10,9,42,Not Rated,0.0
9233,2018-03-12,2018-03-23,423436,2477,39,2,5,5,64,9,42,Not Rated,0.0
9234,2018-03-14,2018-04-23,694656,10978,11,2,5,5,57,9,85,Not Rated,0.0
9235,2018-03-14,2018-03-16,431752,11175,49,2,5,5,57,9,16,SAT,0.0
9236,2018-03-14,2018-04-04,2399549,10536,7,2,5,5,42,9,13,Not Rated,0.0
9237,2018-03-15,2018-03-19,227178,9726,33,2,5,5,40,9,13,SAT,0.0
9238,2018-03-15,2018-03-15,394362,1308,1,2,7,5,10,9,42,Not Rated,0.0
9239,2018-03-16,2018-03-21,646182,11272,33,2,5,5,65,9,16,SAT,0.0
9240,2018-03-16,2018-03-27,2379596,9347,64,2,5,5,59,9,16,SAT,0.0
9241,2018-03-13,2018-03-20,849338,11036,7,2,2,1,40,9,13,Not Rated,0.0
9242,2018-03-16,2018-03-19,1815535,1350,51,2,5,5,65,9,16,SAT,0.0
9243,2018-03-16,2018-03-16,466014,753,62,2,9,7,12,9,98,Not Rated,0.0
9244,2018-03-15,2018-03-22,86755,10345,5,2,7,5,32,9,42,Not Rated,0.0
9245,2018-03-16,2018-03-27,2525284,2500,55,2,5,5,40,9,42,SAT,0.0
9246,2018-03-19,2018-03-21,1845925,2178,78,2,5,5,65,9,16,SAT,0.0
9247,2018-03-16,2018-03-21,131476,2103,26,2,7,5,10,9,42,Not Rated,0.0
9248,2018-03-16,2018-04-16,2185610,2124,75,2,5,5,18,9,42,SAT,0.0
9249,2018-03-19,2018-05-04,1807956,10994,49,2,3,5,12,9,85,Not Rated,0.0
9250,2018-03-19,2018-03-26,1803149,11116,47,2,5,5,64,9,42,Not Rated,0.0
9251,2018-03-20,2018-05-03,715377,12358,51,2,5,5,57,9,98,Not Rated,0.0
9252,2018-03-19,2018-05-21,2459190,11175,64,2,3,5,11,9,42,Not Rated,0.0
9253,2018-03-21,2018-03-23,1862984,11005,63,2,6,5,12,9,16,SAT,0.0
9254,2018-03-20,2018-03-23,1787563,119,13,2,3,5,16,9,42,Not Rated,0.0
9255,2018-03-21,2018-03-27,2383060,9210,76,2,5,5,59,9,16,SAT,0.0
9256,2018-03-11,2018-04-04,2102213,11212,8,2,7,5,12,9,16,Not Rated,0.0
9257,2018-03-19,2018-03-21,881734,11747,43,2,5,5,65,9,16,Not Rated,0.0
9258,2018-03-20,2018-03-27,1809216,10050,20,2,5,5,59,9,16,SAT,0.0
9259,2018-03-21,2018-03-22,304605,11083,72,2,5,5,65,9,16,Not Rated,0.0
9260,2018-03-21,2018-03-27,1854153,9646,68,2,5,5,65,9,16,SAT,0.0
9261,2018-03-21,2018-03-21,97005,10710,50,2,9,7,12,9,98,Not Rated,0.0
9262,2018-03-22,2018-03-27,1914567,781,14,2,5,5,57,9,16,SAT,0.0
9263,2018-03-22,2018-03-23,60124,12229,66,2,5,5,59,9,16,SAT,0.0
9264,2018-03-22,2018-03-23,395388,11066,17,2,5,5,59,9,16,SAT,0.0
9265,2018-03-22,2018-03-27,322693,11937,36,2,5,5,57,9,16,SAT,0.0
9266,2018-02-09,2018-02-27,1814388,2158,22,2,3,5,40,9,85,SAT,0.0
9267,2018-03-22,2018-05-02,411880,9359,5,2,3,5,40,9,85,SAT,0.0
9268,2018-03-22,2018-05-08,1885795,10993,19,2,3,5,40,9,85,Not Rated,0.0
9269,2018-03-22,2018-03-23,1867171,12174,49,2,3,5,40,9,13,Not Rated,0.0
9270,2018-03-22,2018-04-18,2312071,8367,26,2,3,5,40,9,85,Not Rated,0.0
9271,2018-03-13,2018-04-12,1826580,911,43,2,3,5,40,9,98,Not Rated,0.0
9272,2018-03-14,2018-04-24,867923,10055,3,2,3,5,40,9,98,Not Rated,0.0
9273,2018-03-22,2018-05-07,2115279,11170,52,2,4,5,15,9,42,SAT,0.0
9274,2018-03-22,2018-03-26,1880866,9647,20,2,5,5,12,9,13,Not Rated,0.0
9275,2018-03-23,2018-03-29,1906711,645,69,2,5,5,12,9,16,Not Rated,0.0
9276,2018-03-23,2018-03-29,82693,11217,1,2,5,5,12,9,16,Not Rated,0.0
9277,2018-03-23,2018-03-29,804205,1873,9,2,6,5,12,9,16,Not Rated,0.0
9278,2018-03-23,2018-03-23,471619,1997,7,2,5,5,59,9,16,NSA,0.0
9279,2018-03-23,2018-03-27,2221460,12352,21,2,5,5,59,9,16,SAT,0.0
9280,2018-03-23,2018-03-29,1739796,11822,41,2,5,5,59,9,16,Not Rated,0.0
9281,2018-03-23,2018-03-23,294005,7626,53,2,5,5,12,9,42,Not Rated,0.0
9282,2018-03-23,2018-03-27,1847142,10990,10,2,5,5,65,9,16,SAT,0.0
9283,2018-03-26,2018-04-13,74989,2175,4,2,5,5,10,9,42,Not Rated,0.0
9284,2018-03-16,2018-03-26,604878,10722,56,2,5,5,57,9,13,SAT,0.0
9285,2018-03-26,2018-03-27,1871005,9206,70,2,5,5,65,9,16,SAT,0.0
9286,2018-03-26,2018-03-29,1833201,8385,39,2,5,5,59,9,16,Not Rated,0.0
9287,2018-03-26,2018-03-28,827837,10668,19,2,5,5,59,9,16,SAT,0.0
9288,2018-03-26,2018-04-05,893596,461,38,2,5,5,59,9,16,SAT,0.0
9289,2018-03-27,2018-04-04,1760229,8544,56,2,5,5,57,9,16,Not Rated,0.0
9290,2018-03-20,2018-04-18,625011,1097,57,2,3,5,40,9,13,Not Rated,0.0
9291,2018-03-27,2018-04-05,2309147,2477,40,2,5,5,59,9,16,SAT,0.0
9292,2018-03-27,2018-04-05,865288,11158,75,2,5,5,59,9,16,SAT,0.0
9293,2018-03-27,2018-05-14,530962,7626,57,2,3,5,11,9,42,Not Rated,0.0
9294,2018-03-27,2018-05-14,1724544,11244,64,2,3,5,11,9,42,Not Rated,0.0
9295,2018-03-29,2018-04-05,889059,884,22,2,5,5,59,9,16,SAT,0.0
9296,2018-03-29,2018-04-04,1908278,1115,73,2,5,5,61,9,16,Not Rated,0.0
9297,2018-03-29,2018-04-03,122348,9562,18,2,5,5,59,9,16,SAT,0.0
9298,2018-03-29,2018-04-03,429766,11268,24,2,5,5,59,9,16,SAT,0.0
9299,2018-03-29,2018-04-05,776306,11156,8,2,5,5,59,9,16,SAT,0.0
9300,2018-03-29,2018-04-05,288651,11150,64,2,5,5,59,9,16,SAT,0.0
9301,2018-03-30,2018-04-05,1710763,12358,66,2,5,5,59,9,16,SAT,0.0
9302,2018-03-27,2018-03-30,376552,8766,69,2,5,5,12,9,13,SAT,0.0
9303,2018-03-22,2018-04-24,1864900,1202,24,2,3,5,40,9,85,SAT,0.0
9304,2018-03-30,2018-04-03,2152313,542,50,2,3,5,40,9,13,SAT,0.0
9305,2018-03-30,2018-04-12,1835243,865,24,2,5,5,65,9,16,SAT,0.0
9306,2018-03-27,2018-03-30,33087,542,76,2,3,5,12,9,42,Not Rated,0.0
9307,2018-04-02,2018-04-02,2173178,1873,72,2,2,1,12,9,98,Not Rated,0.0
9308,2018-04-02,2018-04-12,734897,461,32,2,5,5,65,9,16,SAT,0.0
9309,2018-04-02,2018-04-04,141902,12356,31,2,3,5,12,9,16,SAT,0.0
9310,2018-04-02,2018-04-12,581847,11163,56,2,5,5,65,9,16,SAT,0.0
9311,2018-03-30,2018-05-10,1812912,601,61,2,3,1,15,9,98,Not Rated,0.0
9312,2018-04-02,2018-04-12,2219589,2671,52,2,5,5,65,9,16,SAT,0.0
9313,2018-04-02,2018-04-03,1854413,2504,22,2,6,5,52,9,16,SAT,0.0
9314,2018-04-02,2018-04-24,56048,11278,19,2,3,5,40,9,85,Not Rated,0.0
9315,2018-04-02,2018-04-05,100930,10601,73,2,5,5,52,9,16,SAT,0.0
9316,2018-04-02,2018-04-11,2119240,10359,28,2,5,5,59,9,16,SAT,0.0
9317,2018-04-02,2018-04-11,456514,12346,78,2,5,5,59,9,16,SAT,0.0
9318,2018-04-02,2018-04-11,799509,2124,78,2,5,5,59,9,16,SAT,0.0
9319,2018-04-02,2018-04-18,46815,12027,21,2,3,7,10,9,42,Not Rated,0.0
9320,2018-04-02,2018-04-03,2170968,12250,68,2,5,5,12,9,13,Not Rated,0.0
9321,2018-03-28,2018-04-19,1706485,10361,16,2,5,5,62,9,42,Not Rated,0.0
9322,2018-04-03,2018-05-08,1866878,2175,41,2,5,5,10,9,42,Not Rated,0.0
9323,2018-04-03,2018-04-23,31228,11916,34,2,5,5,12,9,42,Not Rated,0.0
9324,2018-04-03,2018-05-03,1818902,12345,26,2,5,5,61,9,16,Not Rated,0.0
9325,2018-04-03,2018-05-21,1700688,10225,18,2,5,5,12,9,98,Not Rated,0.0
9326,2018-04-03,2018-04-11,893649,1328,35,2,5,5,12,9,42,Not Rated,0.0
9327,2018-04-03,2018-04-24,1807984,7640,73,2,5,5,12,9,42,Not Rated,0.0
9328,2018-04-03,2018-04-11,754714,10991,22,2,5,5,57,9,16,SAT,0.0
9329,2018-03-29,2018-04-05,2398539,1866,24,2,2,1,40,9,13,SAT,0.0
9330,2018-04-03,2018-04-18,173054,1303,48,2,5,5,15,9,85,Not Rated,0.0
9331,2018-04-04,2018-04-11,101625,12621,41,2,5,5,59,9,16,SAT,0.0
9332,2018-04-04,2018-04-04,752253,11140,35,2,5,5,12,9,16,Not Rated,0.0
9333,2018-04-02,2018-04-12,279478,10107,9,2,5,5,11,9,85,Not Rated,0.0
9334,2018-04-12,2018-04-24,657960,119,43,2,5,5,10,9,98,Not Rated,0.0
9335,2018-04-03,2018-04-18,570516,11133,74,2,5,5,40,9,85,Not Rated,0.0
9336,2018-04-05,2018-04-11,2365118,10325,63,2,5,5,59,9,16,SAT,0.0
9337,2018-04-05,2018-04-05,2039042,11493,40,2,9,7,40,9,85,Not Rated,0.0
9338,2018-04-10,2018-04-11,864115,753,15,2,5,5,57,9,16,SAT,0.0
9339,2018-04-10,2018-04-11,2407310,8840,52,2,5,5,57,9,16,SAT,0.0
9340,2018-04-10,2018-04-11,375832,8887,72,2,5,5,12,9,16,SAT,0.0
9341,2018-04-10,2018-04-12,1724623,1706,48,2,5,5,12,9,16,SAT,0.0
9342,2018-04-11,2018-04-11,457204,8963,66,2,5,5,65,9,16,SAT,0.0
9343,2018-04-11,2018-04-12,2181044,9393,10,2,5,5,59,9,16,SAT,0.0
9344,2018-04-12,2018-04-16,1882557,11086,42,2,5,5,65,9,16,Not Rated,0.0
9345,2018-04-12,2018-05-07,414243,8399,77,2,5,5,65,9,16,SAT,0.0
9346,2018-04-12,2018-04-16,1819440,10073,27,2,5,5,65,9,16,Not Rated,0.0
9347,2018-04-12,2018-04-12,1860023,11136,9,2,5,5,57,9,16,SAT,0.0
9348,2018-04-13,2018-04-16,2084535,11029,32,2,5,5,65,9,16,Not Rated,0.0
9349,2018-04-16,2018-04-26,2057356,11469,14,2,5,5,12,9,42,Not Rated,0.0
9350,2018-04-17,2018-05-02,552032,11537,43,2,9,7,12,9,98,Not Rated,0.0
9351,2018-04-17,2018-04-25,1790375,11169,27,2,5,5,59,9,16,SAT,0.0
9352,2018-04-13,2018-04-27,2007980,2666,28,2,3,5,12,9,42,Not Rated,0.0
9353,2018-04-17,2018-05-07,731025,11163,42,2,5,5,9,9,42,Not Rated,0.0
9354,2018-04-17,2018-04-25,1826479,138,3,2,5,5,57,9,16,SAT,0.0
9355,2018-04-17,2018-04-24,1848564,911,35,2,5,5,57,9,16,SAT,0.0
9356,2018-04-17,2018-04-24,706554,7841,49,2,5,5,57,9,16,SAT,0.0
9357,2018-04-17,2018-04-25,612522,11254,14,2,5,5,59,9,16,SAT,0.0
9358,2018-04-17,2018-04-25,2498053,8840,2,2,5,5,59,9,16,SAT,0.0
9359,2018-04-17,2018-04-25,483815,10898,4,2,5,5,59,9,16,SAT,0.0
9360,2018-04-17,2018-04-25,1914854,282,34,2,5,5,57,9,16,SAT,0.0
9361,2018-04-17,2018-04-25,2176868,10984,19,2,5,5,59,9,16,SAT,0.0
9362,2018-04-12,2018-05-09,235335,10566,48,2,3,5,45,9,85,Not Rated,0.0
9363,2018-04-17,2018-04-25,893328,12769,11,2,5,5,59,9,16,SAT,0.0
9364,2018-04-17,2018-04-23,1810082,8055,64,2,5,5,57,9,16,SAT,0.0
9365,2018-04-17,2018-04-20,121508,12621,35,2,9,7,40,9,98,Not Rated,0.0
9366,2018-04-16,2018-05-21,2034405,221,19,2,3,5,40,9,85,Not Rated,0.0
9367,2018-04-17,2018-04-19,423638,994,60,2,5,5,12,9,85,Not Rated,0.0
9368,2018-04-17,2018-05-09,606205,7626,53,2,4,5,45,9,85,Not Rated,0.0
9369,2018-04-18,2018-04-19,720798,119,66,2,5,4,57,9,13,Not Rated,0.0
9370,2018-04-16,2018-04-30,2123293,11796,26,2,5,5,64,9,42,Not Rated,0.0
9371,2018-04-19,2018-05-22,485601,2538,71,2,3,5,50,9,42,Not Rated,0.0
9372,2018-04-20,2018-04-25,1839926,2262,15,2,5,5,65,9,16,Not Rated,0.0
9373,2018-04-20,2018-04-24,597204,12133,62,2,5,5,59,9,16,SAT,0.0
9374,2018-04-20,2018-04-25,887156,12192,26,2,5,5,12,9,16,SAT,0.0
9375,2018-04-20,2018-04-24,1806634,8985,47,2,5,5,59,9,16,SAT,0.0
9376,2018-04-20,2018-04-23,1800873,9206,22,2,9,7,40,9,85,Not Rated,0.0
9377,2018-04-13,2018-04-30,2036987,8948,22,2,3,5,40,9,85,Not Rated,0.0
9378,2018-04-20,2018-04-23,630695,10850,66,2,3,5,12,9,42,Not Rated,0.0
9379,2018-04-20,2018-05-22,407493,10883,27,2,3,5,12,9,42,Not Rated,0.0
9380,2018-04-23,2018-04-23,682825,10978,39,2,5,5,65,9,16,Not Rated,0.0
9381,2018-04-23,2018-05-07,2389173,10979,34,2,5,5,59,9,16,SAT,0.0
9382,2018-04-20,2018-06-05,1852582,2,7,2,5,5,12,9,85,Not Rated,0.0
9383,2018-04-19,2018-05-07,2079809,994,57,2,3,5,64,9,42,Not Rated,0.0
9385,2018-04-19,2018-05-02,1918896,9021,13,2,3,5,12,9,42,Not Rated,0.0
9386,2018-04-23,2018-04-24,327843,39,19,2,2,7,12,9,42,Not Rated,0.0
9387,2018-04-19,2018-05-07,58265,11980,51,2,5,5,15,9,98,SAT,0.0
9388,2018-04-23,2018-04-26,290390,909,28,2,3,5,50,9,42,Not Rated,640.0
9389,2018-04-10,2018-04-11,2071001,10644,42,2,5,5,12,9,42,Not Rated,0.0
9390,2018-04-24,2018-04-27,390469,1081,46,2,5,5,59,9,16,SAT,0.0
9391,2018-04-24,2018-04-27,1707189,11123,32,2,5,5,59,9,16,SAT,0.0
9392,2018-04-24,2018-04-27,356223,2559,74,2,5,5,59,9,16,SAT,0.0
9395,2018-04-13,2018-04-30,1726785,11077,43,2,3,5,64,9,85,Not Rated,0.0
9396,2018-04-24,2018-05-03,2165483,1865,43,2,5,5,61,9,16,SAT,0.0
9397,2018-03-22,2018-04-25,428277,10031,55,2,3,5,40,9,85,SAT,0.0
9398,2018-04-24,2018-04-26,2225294,11638,54,2,9,7,12,9,42,Not Rated,0.0
9399,2018-04-24,2018-04-25,2364629,9370,44,2,9,7,12,9,98,Not Rated,0.0
9400,2018-04-23,2018-05-14,2093063,529,70,2,5,5,62,9,85,Not Rated,0.0
9401,2018-04-25,2018-04-27,2379225,1200,67,2,5,5,12,9,16,Not Rated,0.0
9402,2018-04-25,2018-04-27,485302,1866,4,2,5,5,12,9,16,Not Rated,0.0
9403,2018-04-25,2018-05-10,1805611,11004,34,2,5,5,12,9,16,Not Rated,0.0
9404,2018-04-25,2018-04-27,748508,2235,63,2,5,5,59,9,16,SAT,0.0
9405,2018-04-25,2018-04-30,445874,11151,63,2,5,5,59,9,16,SAT,0.0
9406,2018-04-25,2018-04-30,2579714,10507,33,2,5,5,59,9,16,SAT,0.0
9407,2018-04-25,2018-05-02,2181074,11213,69,2,5,5,59,9,16,SAT,0.0
9408,2018-04-25,2018-05-03,2255527,1352,75,2,5,5,65,9,16,SAT,0.0
9409,2018-04-25,2018-05-08,714572,10550,9,2,5,5,57,9,16,SAT,0.0
9410,2018-04-25,2018-05-08,891336,8999,37,2,5,5,57,9,16,SAT,0.0
9411,2018-04-23,2018-04-26,354072,960,4,2,3,5,12,9,42,Not Rated,0.0
9412,2018-04-25,2018-04-26,888813,11173,58,2,5,5,12,9,16,SAT,0.0
9413,2018-04-23,2018-05-24,89805,12354,11,2,5,5,12,9,42,Not Rated,0.0
9414,2018-04-26,2018-05-02,2199400,10067,34,2,5,5,59,9,16,SAT,0.0
9415,2018-04-26,2018-05-02,1797133,2555,25,2,5,5,57,9,16,SAT,0.0
9416,2018-04-26,2018-05-02,465502,10737,65,2,5,5,57,9,16,SAT,0.0
9417,2018-04-26,2018-04-30,2409000,10536,40,2,5,5,57,9,16,SAT,0.0
9418,2018-04-26,2018-05-02,1795704,10991,57,2,5,5,59,9,16,SAT,0.0
9419,2018-04-26,2018-05-03,1700174,9800,31,2,5,5,61,9,16,SAT,0.0
9420,2018-04-26,2018-06-01,2184402,10948,67,2,3,5,23,9,42,Not Rated,0.0
9422,2018-04-26,2018-06-01,2065656,10067,64,2,3,5,23,9,42,Not Rated,0.0
9423,2018-04-30,2018-05-03,1907148,300,74,2,5,5,65,9,16,SAT,0.0
9424,2018-04-30,2018-05-03,332347,211,53,2,5,5,61,9,16,SAT,0.0
9425,2018-04-30,2018-05-03,1871466,11160,40,2,5,5,61,9,16,SAT,0.0
9426,2018-04-30,2018-05-02,840243,598,42,2,5,5,59,9,16,SAT,0.0
9427,2018-04-30,2018-05-03,351826,1516,69,2,5,5,61,9,16,SAT,0.0
9428,2018-04-30,2018-05-03,694530,11259,61,2,5,5,61,9,16,SAT,0.0
9429,2018-04-30,2018-05-03,2421903,11036,62,2,5,5,61,9,16,SAT,0.0
9430,2018-04-30,2018-05-02,583971,9726,24,2,5,5,12,9,16,SAT,0.0
9431,2018-04-30,2018-05-03,1871050,11132,1,2,5,5,59,9,16,SAT,0.0
9432,2018-04-30,2018-05-03,1811815,9175,27,2,5,5,59,9,16,SAT,0.0
9433,2018-04-30,2018-05-03,2438579,12246,37,2,5,5,59,9,16,SAT,0.0
9434,2018-04-30,2018-05-03,497444,9824,24,2,5,5,61,9,16,SAT,0.0
9435,2018-04-26,2018-04-30,332913,2690,6,2,5,5,18,9,81,Not Rated,0.0
9436,2018-04-30,2018-05-03,893467,10577,16,2,5,5,61,9,16,SAT,0.0
9437,2018-05-02,2018-05-03,2118405,10197,74,2,5,5,59,9,16,SAT,0.0
9438,2018-04-27,2018-05-10,805276,1516,78,2,5,5,16,9,42,Not Rated,0.0
9439,2018-04-30,2018-06-07,1726803,2178,1,2,3,5,40,9,85,Not Rated,0.0
9440,2018-05-02,2018-05-03,236075,2262,51,2,5,5,59,9,16,SAT,0.0
9446,2018-05-02,2018-05-03,2309249,2519,11,2,5,5,59,9,16,SAT,0.0
9447,2018-05-02,2018-05-07,735824,542,6,2,5,5,61,9,16,SAT,0.0
9448,2018-05-02,2018-05-03,560625,813,4,2,5,5,59,9,16,SAT,0.0
9449,2018-05-02,2018-05-07,301177,8116,1,2,5,5,61,9,16,SAT,0.0
9450,2018-05-02,2018-05-04,431811,8882,69,2,5,5,12,9,16,SAT,0.0
9451,2018-05-02,2018-05-07,1873944,2321,50,2,5,5,59,9,16,SAT,0.0
9452,2018-05-02,2018-05-07,149272,8970,12,2,5,5,61,9,16,SAT,0.0
9453,2018-05-02,2018-05-07,1859625,7835,38,2,5,5,59,9,16,SAT,0.0
9454,2018-05-02,2018-05-07,301059,10217,28,2,5,5,59,9,16,SAT,0.0
9455,2018-05-02,2018-05-07,1809626,10587,56,2,5,5,59,9,16,SAT,0.0
9456,2018-05-02,2018-05-04,1811494,11278,47,2,5,5,61,9,16,SAT,0.0
9457,2018-05-02,2018-05-07,1859983,10676,20,2,5,5,61,9,16,SAT,0.0
9458,2018-05-02,2018-06-04,1836402,9893,71,2,2,7,12,9,42,Not Rated,0.0
9459,2018-04-30,2018-05-03,2129478,1748,71,2,5,5,64,9,42,Not Rated,0.0
9460,2018-05-03,2018-05-04,1916008,11137,76,2,5,5,65,9,16,SAT,0.0
9461,2018-05-03,2018-05-03,1740856,12027,57,2,5,5,12,9,42,Not Rated,0.0
9462,2018-05-02,2018-05-08,698246,11074,76,2,5,5,12,9,42,Not Rated,0.0
9463,2018-05-03,2018-05-09,280869,12589,24,2,3,5,32,9,42,Not Rated,0.0
9464,2018-05-03,2018-06-11,21087,994,11,2,5,7,12,9,42,Not Rated,0.0
9465,2018-05-04,2018-05-07,2148443,1291,21,2,5,5,61,9,16,SAT,0.0
9466,2018-05-04,2018-05-07,367495,8917,37,2,5,5,59,9,16,SAT,0.0
9467,2018-05-04,2018-05-07,508294,9799,64,2,5,5,59,9,16,SAT,0.0
9468,2018-05-04,2018-05-07,148072,10659,65,2,5,5,61,9,16,SAT,0.0
9469,2018-05-04,2018-05-10,1870628,10646,65,2,5,5,57,9,16,SAT,0.0
9470,2018-05-04,2018-05-10,72610,2172,18,2,5,5,57,9,16,SAT,0.0
9471,2018-05-04,2018-05-07,139171,1873,39,2,5,5,59,9,16,SAT,0.0
9472,2018-05-03,2018-05-15,1906292,11107,9,2,5,5,11,9,42,Not Rated,0.0
9473,2018-05-03,2018-06-12,1807060,1516,13,2,5,5,11,9,42,SAT,0.0
9474,2018-05-04,2018-05-09,2114881,8113,62,2,5,5,61,9,16,SAT,0.0
9475,2018-05-04,2018-05-09,641369,11150,26,2,5,5,61,9,16,SAT,0.0
9476,2018-05-04,2018-05-07,198723,9210,33,2,5,5,57,9,16,SAT,0.0
9477,2018-05-04,2018-05-08,868620,10917,12,2,5,5,59,9,16,SAT,0.0
9478,2018-05-04,2018-05-07,2126100,9892,29,2,5,5,65,9,16,SAT,0.0
9479,2018-05-04,2018-05-08,2154216,10172,10,2,5,5,59,9,16,SAT,0.0
9480,2018-05-04,2018-05-08,2105482,9858,45,2,5,5,59,9,16,SAT,0.0
9481,2018-05-02,2018-05-21,320941,1695,25,2,5,5,10,9,42,Not Rated,0.0
9482,2018-05-03,2018-05-21,250782,1706,19,1,7,5,18,9,42,SAT,0.0
9483,2018-05-07,2018-05-09,390470,300,60,2,5,5,61,9,16,SAT,0.0
9484,2018-05-07,2018-05-09,2433474,8887,21,2,5,5,61,9,16,SAT,0.0
9485,2018-05-04,2018-07-18,2056364,10646,53,2,3,5,40,9,98,Not Rated,0.0
9486,2018-05-07,2018-05-07,456537,11217,7,2,5,5,52,9,16,Not Rated,0.0
9487,2018-05-07,2018-05-07,2381117,11747,49,2,5,5,12,9,16,SAT,0.0
9488,2018-05-07,2018-05-09,1865781,11806,50,2,5,5,61,9,16,SAT,0.0
9489,2018-05-07,2018-05-09,2226308,9205,67,2,5,5,61,9,16,SAT,0.0
9490,2018-05-07,2018-05-09,787917,9344,72,2,5,5,61,9,16,SAT,0.0
9491,2018-05-08,2018-05-09,251837,9856,26,2,5,5,61,9,16,SAT,0.0
9492,2018-05-04,2018-05-16,889727,9856,17,2,5,5,33,9,42,Not Rated,0.0
9493,2018-05-09,2018-05-09,200692,8855,28,2,5,5,61,9,16,Not Rated,0.0
9494,2018-05-09,2018-05-10,1866065,10623,78,2,5,5,57,9,16,Not Rated,0.0
9495,2018-05-08,2018-05-14,107924,11265,49,2,5,5,19,9,85,Not Rated,0.0
9496,2018-05-09,2018-05-09,1642885,12476,2,2,5,5,57,9,16,SAT,0.0
9497,2018-05-09,2018-05-09,2019145,2378,14,2,5,5,61,9,16,Not Rated,0.0
9498,2018-05-09,2018-05-09,1754944,11050,10,2,5,5,12,9,16,SAT,0.0
9499,2018-05-09,2018-05-10,7311,12605,50,2,5,5,59,9,16,SAT,0.0
9500,2018-05-09,2018-05-24,653947,11094,74,2,5,5,61,9,16,SAT,0.0
9501,2018-05-09,2018-05-10,783037,496,50,2,5,5,59,9,16,SAT,0.0
9502,2018-05-09,2018-05-18,1736598,1239,15,2,5,5,61,9,16,SAT,0.0
9503,2018-05-09,2018-05-10,2073467,12198,27,2,5,5,57,9,16,SAT,0.0
9504,2018-05-09,2018-05-24,2010984,10834,36,2,5,5,61,9,16,SAT,0.0
9505,2018-05-09,2018-05-24,1825808,11134,36,2,5,5,61,9,16,SAT,0.0
9507,2018-05-09,2018-05-11,761186,839,68,2,5,5,61,9,16,SAT,0.0
9508,2018-05-09,2018-05-24,2142772,839,16,2,5,5,61,9,16,SAT,0.0
9509,2018-05-09,2018-05-24,2481383,1079,36,2,5,5,61,9,16,SAT,0.0
9510,2018-05-09,2018-05-22,57866,9826,4,2,5,5,61,9,16,SAT,0.0
9511,2018-05-09,2018-06-06,487115,8742,54,2,5,5,15,9,98,Not Rated,0.0
9512,2018-05-10,2018-05-25,617833,10067,14,2,9,7,40,9,85,SAT,0.0
9513,2018-05-11,2018-05-11,2222685,1115,28,2,5,5,59,9,16,SAT,0.0
9514,2018-05-09,2018-05-17,2114903,10361,10,2,5,5,15,9,85,Not Rated,0.0
9515,2018-05-11,2018-05-14,392685,12414,26,2,5,5,61,9,16,SAT,0.0
9516,2018-05-10,2018-05-17,851127,9796,71,2,5,5,15,9,85,Not Rated,0.0
9517,2018-05-11,2018-05-24,2199981,10217,45,2,5,5,61,9,16,SAT,0.0
9518,2018-05-11,2018-05-24,229450,2103,43,2,5,5,61,9,16,SAT,0.0
9519,2018-05-11,2018-05-24,24127,2235,2,2,5,5,61,9,16,SAT,0.0
9520,2018-05-11,2018-05-24,890232,10850,11,2,5,5,61,9,16,SAT,0.0
9521,2018-05-11,2018-05-21,1816706,12087,10,2,5,5,61,9,16,SAT,0.0
9522,2018-05-11,2018-05-11,2182587,1517,29,2,5,5,59,9,16,SAT,0.0
9523,2018-05-11,2018-05-11,405385,12334,34,2,5,5,57,9,16,SAT,0.0
9524,2018-05-11,2018-05-11,893089,2519,39,2,5,5,57,9,16,SAT,0.0
9525,2018-05-11,2018-05-24,248647,11273,38,2,5,5,61,9,16,SAT,0.0
9526,2018-05-11,2018-05-24,8040,1097,15,2,5,5,61,9,16,SAT,0.0
9527,2018-05-11,2018-05-15,467688,7682,48,2,5,5,59,9,16,SAT,0.0
9528,2018-05-11,2018-05-14,1803148,1645,31,2,5,5,59,9,16,SAT,0.0
9529,2018-05-11,2018-05-25,725077,911,61,2,3,5,12,9,42,Not Rated,0.0
9530,2018-05-14,2018-05-24,1875079,10337,52,2,5,5,61,9,16,SAT,0.0
9531,2018-05-14,2018-06-08,181814,300,23,2,5,5,57,9,16,Not Rated,0.0
9532,2018-05-14,2018-05-14,888890,12066,16,2,5,5,57,9,16,SAT,0.0
9533,2018-05-14,2018-05-15,1912179,12358,12,2,5,5,59,9,16,SAT,0.0
9534,2018-05-14,2018-05-15,2111520,9206,37,2,5,5,59,9,16,SAT,0.0
9535,2018-05-14,2018-05-14,2497470,909,29,2,5,5,12,9,16,SAT,0.0
9536,2018-05-14,2018-05-24,2206440,2478,58,2,5,5,61,9,16,SAT,0.0
9537,2018-05-14,2018-05-24,75076,1873,31,2,5,5,61,9,16,SAT,0.0
9538,2018-05-14,2018-05-14,428125,9558,20,2,5,5,59,9,16,SAT,0.0
9539,2018-05-14,2018-05-15,896781,10577,55,2,5,5,59,9,16,SAT,0.0
9540,2018-05-14,2018-05-24,2457258,11162,3,2,5,5,61,9,16,SAT,0.0
9541,2018-05-14,2018-05-21,1683477,7654,70,2,5,5,57,9,16,SAT,0.0
9542,2018-05-14,2018-05-14,92594,836,77,2,5,5,65,9,16,SAT,0.0
9543,2018-05-14,2018-05-15,1808599,9272,11,2,5,5,65,9,16,SAT,0.0
9544,2018-05-14,2018-06-05,107152,8887,11,2,5,5,57,9,16,SAT,0.0
9545,2018-05-14,2018-05-24,594193,10328,52,2,5,5,61,9,16,SAT,0.0
9546,2018-05-14,2018-05-15,2199401,10550,46,2,5,5,57,9,16,SAT,0.0
9547,2018-05-14,2018-05-17,893649,2478,54,2,5,5,65,9,16,SAT,0.0
9548,2018-05-14,2018-05-15,620307,10446,36,2,5,5,65,9,16,SAT,0.0
9549,2018-05-14,2018-05-24,295406,175,68,2,5,5,61,9,16,SAT,0.0
9550,2018-05-14,2018-05-24,1918308,1202,60,2,5,5,61,9,16,SAT,0.0
9551,2018-05-14,2018-05-24,76921,1079,17,2,5,5,61,9,16,SAT,0.0
9552,2018-05-14,2018-05-24,1679923,12176,13,2,5,5,61,9,16,SAT,0.0
9553,2018-05-08,2018-06-07,324000,12027,26,2,3,5,40,9,98,Not Rated,0.0
9554,2018-05-11,2018-05-23,537763,10710,76,2,5,5,15,9,98,Not Rated,0.0
9555,2018-05-11,2018-05-15,195709,10428,78,2,5,5,10,9,42,Not Rated,0.0
9556,2018-05-15,2018-05-15,2059231,8946,66,2,5,5,59,9,16,SAT,0.0
9557,2018-05-15,2018-05-15,71813,8797,42,2,5,5,61,9,16,SAT,0.0
9558,2018-05-16,2018-05-24,830009,12345,70,2,5,5,61,9,16,SAT,0.0
9559,2018-05-16,2018-06-12,1725128,2103,69,2,5,5,12,9,16,SAT,0.0
9560,2018-05-16,2018-05-17,288358,8766,41,2,5,5,57,9,16,SAT,0.0
9561,2018-05-16,2018-05-17,870539,10668,55,2,5,5,61,9,16,SAT,0.0
9562,2018-05-16,2018-05-24,600700,12174,71,2,5,5,61,9,16,SAT,0.0
9563,2018-05-16,2018-05-24,2108996,10361,39,2,5,5,61,9,16,SAT,0.0
9564,2018-05-16,2018-05-16,1689494,10507,69,2,5,5,65,9,16,SAT,0.0
9565,2018-05-16,2018-05-24,1820335,1692,17,2,5,5,61,9,16,SAT,0.0
9566,2018-05-16,2018-05-17,452677,10037,76,2,5,5,57,9,16,SAT,0.0
9567,2018-05-16,2018-05-17,2384430,11276,64,2,5,5,59,9,16,SAT,0.0
9568,2018-05-16,2018-05-24,1914525,486,47,2,5,5,61,9,16,SAT,0.0
9569,2018-05-16,2018-05-24,618232,12356,16,2,5,5,61,9,16,SAT,0.0
9570,2018-05-16,2018-06-04,40809,473,53,2,4,5,50,9,42,Not Rated,0.0
9571,2018-05-16,2018-06-11,356353,1548,67,2,5,5,10,9,98,Not Rated,0.0
9572,2018-05-17,2018-05-17,1762084,12333,17,2,5,5,65,9,16,SAT,0.0
9573,2018-05-17,2018-05-24,2170496,2555,40,2,5,5,61,9,16,SAT,0.0
9574,2018-05-17,2018-05-24,1838189,10116,48,2,5,5,61,9,16,SAT,0.0
9575,2018-05-17,2018-05-17,891259,2384,55,2,5,5,57,9,16,SAT,0.0
9576,2018-05-17,2018-05-24,1708745,10186,72,2,5,5,61,9,16,SAT,0.0
9577,2018-05-17,2018-05-17,1920012,1517,63,2,5,5,12,9,16,Not Rated,0.0
9578,2018-05-17,2018-05-24,2400510,345,69,2,5,5,61,9,16,SAT,0.0
9579,2018-05-17,2018-05-24,2418261,9729,69,2,5,5,61,9,16,SAT,0.0
9580,2018-05-17,2018-05-18,1913042,9893,68,2,5,5,57,9,16,Not Rated,0.0
9581,2018-05-17,2018-05-21,2382629,10055,71,2,5,5,59,9,16,SAT,0.0
9582,2018-05-17,2018-05-21,2175879,1706,75,2,5,5,59,9,16,SAT,0.0
9583,2018-05-17,2018-05-18,2089970,11626,53,2,5,5,57,9,16,SAT,0.0
9584,2018-05-17,2018-05-30,1646600,11213,46,2,5,5,59,9,16,SAT,0.0
9585,2018-05-17,2018-05-25,211369,1956,43,2,5,5,61,9,16,SAT,0.0
9586,2018-05-17,2018-05-25,1862984,1702,63,2,6,5,61,9,16,SAT,0.0
9587,2018-05-18,2018-05-18,206833,192,9,2,5,5,61,9,16,SAT,0.0
9588,2018-05-18,2018-05-18,119887,9601,56,2,5,5,65,9,16,SAT,0.0
9589,2018-05-18,2018-05-18,1603926,10983,14,2,6,5,65,9,16,Not Rated,0.0
9590,2018-05-17,2018-06-04,1653388,10550,10,2,5,5,10,9,85,Not Rated,0.0
9591,2018-05-18,2018-05-18,190400,9918,62,2,5,5,57,9,16,SAT,0.0
9592,2018-05-17,2018-06-05,238054,8113,72,2,3,5,45,9,98,Not Rated,0.0
9593,2018-05-18,2018-05-18,1608189,12174,8,2,5,5,59,9,16,Not Rated,0.0
9594,2018-05-18,2018-05-21,468960,9628,3,2,5,5,59,9,16,SAT,0.0
9595,2018-05-18,2018-05-25,2114153,1748,22,2,5,5,61,9,16,SAT,0.0
9596,2018-05-18,2018-05-18,113042,8601,7,2,5,5,59,9,16,SAT,0.0
9597,2018-05-18,2018-05-25,414281,10710,72,2,5,5,61,9,16,SAT,0.0
9598,2018-05-18,2018-05-25,1856546,2309,62,2,5,5,61,9,16,SAT,0.0
9599,2018-05-18,2018-05-25,2382058,2380,43,2,5,5,61,9,16,SAT,0.0
9600,2018-05-18,2018-05-25,1907998,11059,66,2,5,5,61,9,16,SAT,0.0
9601,2018-05-18,2018-05-25,746130,8530,12,2,5,5,61,9,16,SAT,0.0
9602,2018-05-18,2018-05-25,1876081,2378,73,2,5,5,61,9,16,SAT,0.0
9603,2018-05-21,2018-05-24,1683408,11621,65,2,7,7,12,9,42,Not Rated,0.0
9604,2018-05-21,2018-05-25,892870,2103,13,2,5,5,61,9,16,SAT,0.0
9605,2018-05-18,2018-05-31,891851,125,8,2,5,5,42,9,85,Not Rated,0.0
9606,2018-05-21,2018-05-21,2421854,2124,48,2,5,5,65,9,16,Not Rated,0.0
9608,2018-05-18,2018-05-31,713418,1875,37,2,5,5,64,9,98,Not Rated,0.0
9609,2018-05-21,2018-05-31,228140,8742,32,2,5,5,61,9,16,NSA,0.0
9610,2018-05-21,2018-05-25,171985,11204,2,2,5,5,61,9,16,SAT,0.0
9611,2018-05-21,2018-05-21,1866584,9393,11,2,5,5,57,9,16,SAT,0.0
9616,2018-05-21,2018-05-25,1905599,11796,30,2,5,5,61,9,16,SAT,0.0
9617,2018-05-16,2018-06-04,1844315,175,39,2,5,5,19,9,98,Not Rated,0.0
9618,2018-05-21,2018-05-21,1840114,2129,37,2,5,5,65,9,16,Not Rated,0.0
9619,2018-05-21,2018-05-21,1867223,125,63,2,5,5,57,9,16,SAT,0.0
9620,2018-05-18,2018-07-12,2219589,2584,36,2,5,5,7,9,98,Not Rated,0.0
9621,2018-05-21,2018-06-13,2092583,10967,27,2,5,5,12,9,42,Not Rated,0.0
9622,2018-05-21,2018-06-08,462694,282,5,2,5,5,12,9,85,Not Rated,0.0
9623,2018-05-21,2018-05-25,2048384,11097,1,2,5,5,61,9,16,SAT,0.0
9624,2018-05-21,2018-05-22,501301,10187,25,2,5,5,59,9,16,SAT,0.0
9625,2018-05-21,2018-05-21,254068,9372,45,2,5,5,57,9,16,SAT,0.0
9626,2018-05-21,2018-05-29,1904041,8965,13,2,5,5,61,9,16,NSA,0.0
9627,2018-05-21,2018-05-25,739791,11062,42,2,5,5,61,9,16,SAT,0.0
9628,2018-05-21,2018-06-12,891839,791,31,2,5,5,19,9,98,Not Rated,0.0
9629,2018-05-21,2018-05-22,2237882,1695,38,2,5,5,59,9,16,SAT,0.0
9630,2018-05-21,2018-05-25,558042,11278,17,2,5,5,61,9,16,SAT,0.0
9631,2018-05-21,2018-05-22,328778,9901,16,2,5,5,65,9,16,Not Rated,0.0
9632,2018-05-21,2018-05-22,294346,1292,13,2,9,7,12,9,98,Not Rated,0.0
9633,2018-05-22,2018-05-25,48694,11213,20,2,5,5,61,9,16,SAT,0.0
9634,2018-05-22,2018-05-25,2058064,2482,5,2,5,5,61,9,16,SAT,0.0
9635,2018-05-22,2018-05-25,689151,10993,45,2,5,5,61,9,16,SAT,0.0
9636,2018-05-22,2018-05-22,1711206,11151,49,2,5,5,59,9,16,Not Rated,0.0
9637,2018-05-22,2018-05-25,589823,300,27,2,5,5,61,9,16,SAT,0.0
9638,2018-05-22,2018-05-22,23061,10983,42,2,5,5,59,9,16,SAT,0.0
9639,2018-05-22,2018-05-25,2216911,12061,12,2,5,5,61,9,16,SAT,0.0
9640,2018-05-22,2018-05-23,1633218,11133,12,2,5,5,59,9,16,SAT,0.0
9641,2018-05-22,2018-05-25,1843021,9419,21,2,5,5,61,9,16,SAT,0.0
9642,2018-05-23,2018-06-19,896967,1210,34,2,3,5,40,9,42,Not Rated,0.0
9643,2018-05-23,2018-05-23,403576,1086,48,2,5,5,59,9,16,Not Rated,0.0
9644,2018-05-23,2018-05-30,2096685,1748,34,2,5,5,59,9,16,SAT,0.0
9645,2018-05-23,2018-05-25,477200,978,41,2,5,5,61,9,16,SAT,0.0
9646,2018-05-23,2018-05-25,99757,10990,47,2,5,5,61,9,16,SAT,0.0
9647,2018-05-23,2018-05-24,1892694,11230,40,2,9,7,12,9,42,Not Rated,0.0
9648,2018-05-23,2018-06-13,2057006,11545,61,2,3,5,11,9,42,SAT,0.0
9649,2018-05-23,2018-06-13,2221460,11151,61,2,5,5,50,9,42,Not Rated,0.0
9650,2018-05-24,2018-05-30,896050,11083,29,2,5,5,59,9,16,SAT,0.0
9651,2018-05-24,2018-06-06,571927,12333,74,2,5,5,57,9,16,SAT,0.0
9652,2018-05-24,2018-05-30,2101843,10327,45,2,5,5,59,9,16,SAT,0.0
9653,2018-05-24,2018-05-30,2306566,9858,25,2,5,5,59,9,16,SAT,0.0
9654,2018-05-24,2018-05-25,643299,11087,10,2,5,5,57,9,16,SAT,0.0
9655,2018-05-24,2018-06-06,536087,12617,60,2,3,5,1,9,42,Not Rated,0.0
9656,2018-05-24,2018-06-19,1799479,11028,12,2,3,5,40,9,42,Not Rated,0.0
9657,2018-05-24,2018-05-29,2186608,2555,63,2,9,7,12,9,98,Not Rated,0.0
9658,2018-05-25,2018-06-21,192129,125,22,2,5,5,64,9,85,Not Rated,0.0
9659,2018-05-24,2018-07-05,458023,2468,64,2,5,5,40,9,98,Not Rated,0.0
9660,2018-05-29,2018-06-07,349943,49,57,2,5,5,10,9,98,Not Rated,0.0
9661,2018-05-29,2018-05-29,2420828,12003,11,2,5,5,59,9,16,SAT,0.0
9662,2018-05-29,2018-05-29,1817367,9405,28,2,5,5,61,9,16,SAT,0.0
9663,2018-05-29,2018-06-18,1892851,12246,45,2,3,5,32,9,85,Not Rated,0.0
9664,2018-05-29,2018-05-29,1900606,133,52,2,5,5,12,9,16,SAT,0.0
9665,2018-05-29,2018-05-29,630407,8063,58,2,5,5,57,9,16,SAT,0.0
9666,2018-05-29,2018-05-31,1868895,11077,31,2,5,5,59,9,16,SAT,0.0
9667,2018-05-29,2018-06-27,808539,2656,78,2,3,5,12,9,42,Not Rated,0.0
9668,2018-05-30,2018-06-22,361604,9873,4,2,5,5,19,9,98,Not Rated,0.0
9669,2018-05-30,2018-06-28,2066467,10892,2,2,3,5,11,9,42,Not Rated,0.0
9670,2018-05-29,2018-07-13,10610,11027,48,2,6,5,7,9,98,Not Rated,0.0
9671,2018-05-30,2018-05-31,620113,11870,37,2,5,5,57,9,16,SAT,0.0
9672,2018-05-30,2018-05-31,338728,8113,30,2,5,5,65,9,16,SAT,0.0
9673,2018-05-30,2018-05-31,7302,2478,75,2,5,5,57,9,16,SAT,0.0
9674,2018-05-31,2018-05-31,465851,1748,23,2,5,5,61,9,16,SAT,0.0
9675,2018-05-23,2018-06-08,895589,10379,24,2,5,5,12,9,98,Not Rated,0.0
9676,2018-05-25,2018-06-18,813012,116,50,2,6,5,8,9,85,Not Rated,0.0
9677,2018-05-31,2018-06-08,616628,10552,14,2,5,5,32,9,42,Not Rated,0.0
9678,2018-06-01,2018-06-05,873060,11178,67,2,3,5,64,9,98,Not Rated,0.0
9679,2018-05-25,2018-06-01,1905598,12024,14,2,5,5,12,9,98,Not Rated,0.0
9680,2018-06-01,2018-06-04,389543,9715,43,2,5,5,57,9,16,SAT,0.0
9681,2018-06-01,2018-06-05,891650,7640,9,2,5,5,59,9,16,SAT,0.0
9682,2018-06-01,2018-06-04,1901780,9610,28,2,5,5,65,9,16,SAT,0.0
9683,2018-06-01,2018-06-04,2110766,394,4,2,5,5,57,9,16,SAT,0.0
9684,2018-06-01,2018-06-04,236500,1548,5,2,5,5,57,9,16,SAT,0.0
9685,2018-06-01,2018-06-04,429221,2309,34,2,5,5,12,9,16,SAT,0.0
9686,2018-06-01,2018-06-04,338355,9588,4,2,5,5,57,9,16,SAT,0.0
9687,2018-06-01,2018-06-04,1914550,12127,16,2,5,5,65,9,16,SAT,0.0
9688,2018-05-29,2018-06-19,238559,1352,12,2,4,5,12,9,42,Not Rated,0.0
9689,2018-05-29,2018-06-29,620216,8113,63,2,3,5,12,9,42,Not Rated,0.0
9690,2018-05-29,2018-06-29,2068849,1997,25,2,3,5,12,9,42,Not Rated,0.0
9691,2018-06-04,2018-06-05,421980,10738,44,2,5,5,64,9,85,Not Rated,0.0
9692,2018-06-01,2018-06-06,1908229,820,64,2,5,5,12,9,42,Not Rated,0.0
9693,2018-06-04,2018-07-04,1854746,12048,60,2,3,5,12,9,42,Not Rated,0.0
9694,2018-06-04,2018-06-07,515657,11469,62,2,5,5,59,9,16,SAT,0.0
9695,2018-06-04,2018-06-06,1811815,2065,25,2,5,5,57,9,16,SAT,0.0
9696,2018-06-04,2018-06-06,1858489,9796,28,2,5,5,65,9,16,Not Rated,0.0
9697,2018-06-01,2018-06-13,2101079,10710,1,2,5,5,12,9,42,Not Rated,0.0
9698,2018-06-04,2018-07-04,313906,11063,56,2,5,5,12,9,42,Not Rated,0.0
9699,2018-06-04,2018-06-08,12341,11493,54,2,5,5,58,9,85,Not Rated,0.0
9700,2018-06-01,2018-06-26,891851,10979,68,2,3,5,10,9,98,Not Rated,0.0
9701,2018-06-05,2018-06-07,1873225,9560,62,2,5,5,59,9,16,SAT,0.0
9702,2018-06-04,2018-06-05,288358,2129,55,2,5,5,12,9,42,Not Rated,0.0
9703,2018-06-05,2018-06-07,1770124,12174,7,2,5,5,59,9,16,SAT,0.0
9704,2018-06-05,2018-06-06,1789500,1956,3,2,5,5,57,9,16,SAT,0.0
9705,2018-06-05,2018-06-06,872907,1702,48,2,5,5,57,9,16,SAT,0.0
9706,2018-06-05,2018-06-06,2528609,11747,36,2,5,5,12,9,16,Not Rated,0.0
9707,2018-06-05,2018-06-05,2366731,8601,24,2,9,7,40,9,98,SAT,0.0
9708,2018-06-05,2018-06-13,1823152,11123,10,2,3,5,40,9,98,Not Rated,0.0
9709,2018-05-22,2018-06-19,1892825,9362,21,2,3,5,40,9,98,Not Rated,0.0
9710,2018-06-06,2018-06-06,76087,2507,4,2,5,5,65,9,16,SAT,0.0
9711,2018-05-16,2018-06-06,771531,9601,22,2,5,5,40,9,98,Not Rated,0.0
9712,2018-06-06,2018-06-20,2294487,11059,21,2,5,5,12,9,16,SAT,0.0
9713,2018-06-06,2018-06-07,366358,11169,70,2,5,5,59,9,16,SAT,0.0
9714,2018-06-06,2018-06-07,1878989,11066,17,2,5,5,59,9,16,SAT,0.0
9715,2018-06-06,2018-06-06,1733888,7654,61,2,5,5,57,9,16,SAT,0.0
9716,2018-06-07,2018-06-11,566326,9901,75,2,9,7,12,9,98,Not Rated,0.0
9717,2018-06-06,2018-07-10,132268,2500,45,2,5,5,10,9,42,Not Rated,0.0
9718,2018-06-07,2018-06-26,1731098,8858,9,2,5,5,10,9,42,Not Rated,0.0
9719,2018-06-07,2018-06-21,2201518,978,39,2,5,5,63,9,85,Not Rated,0.0
9720,2018-06-07,2018-06-28,2166136,542,66,2,5,5,50,9,42,SAT,0.0
9721,2018-06-08,2018-06-11,502446,12769,77,2,5,5,59,9,16,SAT,0.0
9722,2018-06-08,2018-06-08,396186,10106,5,2,5,5,65,9,16,SAT,0.0
9723,2018-06-08,2018-06-11,896158,2321,38,2,3,5,12,9,16,SAT,0.0
9724,2018-06-08,2018-06-26,1888304,7671,54,2,5,5,8,9,98,Not Rated,0.0
9725,2018-06-07,2018-06-20,821688,9792,22,2,3,5,50,9,85,Not Rated,0.0
9726,2018-06-11,2018-06-12,2579714,9646,62,2,5,5,57,9,16,Not Rated,0.0
9727,2018-06-05,2018-07-06,859699,12754,45,2,5,5,12,9,42,Not Rated,0.0
9728,2018-06-11,2018-06-12,2448951,960,57,2,5,5,59,9,16,SAT,0.0
9729,2018-06-11,2018-06-12,1644928,10037,34,2,5,5,12,9,16,SAT,0.0
9730,2018-06-11,2018-06-12,890477,2532,65,2,5,5,65,9,16,SAT,0.0
9732,2018-06-11,2018-06-12,614129,865,27,2,5,5,65,9,16,SAT,0.0
9733,2018-06-05,2018-06-26,2181339,12038,8,2,5,5,44,9,42,SAT,0.0
9734,2018-06-08,2018-06-13,720572,8999,43,2,9,7,12,9,42,Not Rated,0.0
9735,2018-06-11,2018-06-11,372453,8742,5,2,5,5,58,9,85,Not Rated,0.0
9736,2018-06-11,2018-06-20,573353,12475,9,2,5,5,15,9,42,Not Rated,0.0
9738,2018-06-11,2018-06-20,1889312,9893,49,2,5,5,64,9,42,Not Rated,0.0
9739,2018-05-11,2018-06-12,2116361,9559,52,2,3,5,40,9,98,SAT,0.0
9740,2018-06-12,2018-07-17,129390,11273,55,2,9,5,6,9,42,Not Rated,0.0
9741,2018-06-13,2018-06-26,2052620,11099,23,2,5,5,12,9,16,SAT,0.0
9742,2018-06-13,2018-06-26,2493350,10490,71,2,5,5,12,9,16,SAT,0.0
9743,2018-06-13,2018-06-29,2180274,11999,54,2,5,5,61,9,16,NSA,0.0
9744,2018-06-13,2018-06-27,1825808,2124,35,2,5,5,59,9,16,Not Rated,0.0
9745,2018-06-13,2018-06-27,636658,10020,77,2,5,5,59,9,16,SAT,0.0
9746,2018-06-13,2018-06-27,143621,10324,34,2,5,5,12,9,16,SAT,0.0
9747,2018-06-13,2018-07-04,2463185,10507,42,2,3,5,64,9,42,Not Rated,0.0
9748,2018-06-13,2018-07-11,1857879,8932,58,2,5,5,10,9,42,Not Rated,0.0
9749,2018-06-13,2018-06-20,1649490,11768,60,2,9,7,12,9,42,Not Rated,0.0
9750,2018-06-12,2018-07-02,2137476,2128,22,2,3,5,64,9,42,Not Rated,0.0
9751,2018-06-13,2018-07-03,2174038,10964,53,2,5,5,16,9,98,Not Rated,0.0
9752,2018-06-14,2018-06-27,404825,12367,45,2,5,5,59,9,16,SAT,0.0
9753,2018-06-14,2018-06-14,782049,1256,64,2,5,5,64,9,42,Not Rated,0.0
9754,2018-06-13,2018-07-02,2305285,9633,57,2,5,5,9,9,85,Not Rated,0.0
9755,2018-06-14,2018-06-28,1829547,9628,60,2,5,5,59,9,16,SAT,0.0
9756,2018-06-14,2018-07-06,1707812,12000,21,2,3,5,42,9,85,Not Rated,0.0
9757,2018-06-14,2018-06-27,372105,11122,17,2,5,5,65,9,16,SAT,0.0
9758,2018-06-14,2018-06-28,1830672,10802,30,2,5,5,59,9,16,SAT,0.0
9759,2018-06-14,2018-06-28,1820057,12333,47,2,5,5,59,9,16,SAT,0.0
9760,2018-06-07,2018-06-15,1826479,2532,51,1,9,5,15,9,81,Not Rated,0.0
9761,2018-06-04,2018-06-28,2142371,2380,40,2,5,5,9,9,81,Not Rated,0.0
9762,2018-05-28,2018-06-18,1871466,1081,26,2,5,5,64,9,42,Not Rated,0.0
9763,2018-06-14,2018-07-02,359057,9247,32,2,5,5,10,9,98,Not Rated,0.0
9765,2018-06-14,2018-07-02,2172712,1201,36,2,5,5,58,9,98,Not Rated,0.0
9766,2018-06-14,2018-07-11,891851,2477,47,2,5,5,50,9,85,Not Rated,0.0
9767,2018-06-15,2018-06-22,59907,2117,61,2,5,5,65,9,42,Not Rated,0.0
9768,2018-06-15,2018-06-27,423638,1430,16,2,5,5,61,9,16,SAT,0.0
9769,2018-06-15,2018-06-27,2255543,10637,76,2,5,5,61,9,16,SAT,0.0
9770,2018-06-15,2018-06-28,365113,10225,58,2,5,5,59,9,16,SAT,0.0
9771,2018-06-14,2018-06-18,1854153,8461,56,2,5,5,12,9,42,Not Rated,0.0
9772,2018-06-15,2018-07-11,351654,416,41,2,5,5,9,9,42,Not Rated,0.0
9773,2018-06-18,2018-06-19,1876695,8113,66,2,5,5,64,9,42,Not Rated,0.0
9774,2018-06-08,2018-06-18,327087,11984,73,2,6,5,58,9,98,Not Rated,0.0
9775,2018-06-18,2018-06-19,135307,461,1,2,3,5,64,9,42,Not Rated,0.0
9776,2018-06-18,2018-07-03,467688,8917,29,2,5,5,57,9,16,SAT,0.0
9777,2018-06-18,2018-07-03,2430176,518,27,2,5,5,57,9,16,SAT,0.0
9778,2018-06-19,2018-06-27,397577,11272,34,2,5,5,12,9,16,SAT,0.0
9779,2018-06-19,2018-06-27,1825148,1292,47,2,5,5,65,9,16,SAT,0.0
9780,2018-06-19,2018-06-28,2034421,507,36,2,5,5,57,9,16,SAT,0.0
9781,2018-06-19,2018-06-27,2200278,12617,55,2,5,5,57,9,16,SAT,0.0
9782,2018-06-19,2018-06-27,2134985,791,53,2,5,5,65,9,16,SAT,0.0
9783,2018-06-19,2018-06-27,847092,10030,6,2,5,5,57,9,16,SAT,0.0
9784,2018-06-19,2018-06-27,236624,10738,49,2,5,5,57,9,16,SAT,0.0
9785,2018-06-19,2018-06-27,2389163,11937,58,2,5,5,12,9,16,SAT,0.0
9786,2018-06-18,2018-07-20,2115666,12476,23,2,3,5,11,9,42,Not Rated,0.0
9787,2018-06-20,2018-06-26,571888,1515,31,2,5,5,12,9,42,Not Rated,0.0
9788,2018-06-19,2018-06-21,692052,11173,41,2,9,5,10,9,42,Not Rated,0.0
9789,2018-06-19,2018-07-27,101113,10360,58,2,4,5,63,9,42,Not Rated,0.0
9790,2018-06-20,2018-06-27,1642885,1516,31,2,5,5,61,9,16,NSA,0.0
9791,2018-06-20,2018-06-26,2517852,8544,72,2,5,5,59,9,16,SAT,0.0
9792,2018-06-18,2018-07-09,1862422,8797,49,2,5,5,10,9,42,Not Rated,0.0
9793,2018-06-20,2018-06-20,2188921,1092,52,2,9,7,12,9,-1,Not Rated,0.0
9794,2018-06-21,2018-07-10,1811540,8840,22,2,5,5,10,9,42,Not Rated,0.0
9795,2018-06-21,2018-06-27,2108381,1350,54,2,5,5,12,9,16,SAT,0.0
9796,2018-06-21,2018-06-25,2066183,11230,29,2,5,5,61,9,16,SAT,0.0
9797,2018-06-21,2018-06-28,1910507,1866,35,2,5,5,59,9,16,SAT,0.0
9798,2018-06-21,2018-06-27,1825955,10197,9,2,5,5,65,9,16,SAT,0.0
9799,2018-06-22,2018-06-27,753698,10105,74,2,5,5,61,9,16,SAT,0.0
9800,2018-06-12,2018-06-26,1844554,11954,52,2,3,5,64,9,42,Not Rated,0.0
9801,2018-06-21,2018-06-22,322635,10737,55,2,5,5,64,9,-1,Not Rated,0.0
9802,2018-06-22,2018-06-26,2145808,11972,9,2,5,5,59,9,16,SAT,0.0
9803,2018-06-22,2018-06-29,852116,496,65,2,5,5,59,9,16,SAT,0.0
9804,2018-06-15,2018-07-02,552473,11796,44,2,3,5,64,9,42,Not Rated,0.0
9805,2018-06-22,2018-06-29,411168,10693,48,2,5,5,59,9,16,SAT,0.0
9806,2018-06-22,2018-06-27,384589,1085,67,2,5,5,61,9,16,SAT,0.0
9807,2018-06-13,2018-06-29,724777,11063,38,2,3,5,64,9,42,Not Rated,0.0
9808,2018-06-18,2018-07-02,280534,2117,17,2,3,5,64,9,42,Not Rated,0.0
9809,2018-06-21,2018-07-02,2144784,796,3,2,5,5,64,9,-1,Not Rated,0.0
9810,2018-06-22,2018-06-28,1858080,2103,63,2,5,5,57,9,16,SAT,0.0
9811,2018-06-22,2018-06-28,1825983,836,23,2,5,5,57,9,16,SAT,0.0
9812,2018-06-22,2018-06-28,1645958,1291,5,2,5,5,57,9,16,SAT,0.0
9813,2018-06-22,2018-06-28,1872559,10587,70,2,5,5,65,9,16,SAT,0.0
9814,2018-06-22,2018-06-26,2111891,1630,15,2,5,5,65,9,16,SAT,0.0
9815,2018-06-22,2018-06-29,891462,2230,29,2,5,5,59,9,16,SAT,0.0
9816,2018-06-22,2018-06-26,260738,12352,26,2,5,5,57,9,16,SAT,0.0
9817,2018-06-22,2018-07-13,1808250,528,69,2,3,5,12,9,42,Not Rated,0.0
9818,2018-06-22,2018-06-28,2385688,11188,8,2,5,5,65,9,16,SAT,0.0
9819,2018-06-25,2018-07-13,2411043,12066,26,2,5,5,12,9,42,Not Rated,0.0
9820,2018-06-22,2018-07-04,634215,1994,54,2,9,5,10,9,42,Not Rated,0.0
9821,2018-06-25,2018-07-05,177173,11825,21,2,5,5,63,9,42,Not Rated,0.0
9822,2018-06-25,2018-06-29,1753652,1115,56,2,5,5,59,9,16,SAT,0.0
9823,2018-06-25,2018-06-28,715981,11039,27,2,5,5,57,9,16,SAT,0.0
9824,2018-06-25,2018-06-28,27790,9892,20,2,5,5,65,9,16,SAT,0.0
9825,2018-06-25,2018-06-28,1830090,8385,8,2,5,5,57,9,16,SAT,0.0
9826,2018-06-25,2018-06-28,496066,960,2,2,5,5,57,9,16,SAT,0.0
9827,2018-06-25,2018-06-28,891717,10994,27,2,5,5,57,9,16,SAT,0.0
9828,2018-06-25,2018-06-28,594666,1573,55,2,5,5,61,9,16,NSA,0.0
9829,2018-06-25,2018-06-29,587635,11000,42,2,5,5,59,9,16,SAT,0.0
9830,2018-06-25,2018-06-28,2362075,1115,41,2,5,5,59,9,16,SAT,0.0
9831,2018-06-26,2018-06-28,897244,10569,48,2,6,5,57,9,16,SAT,0.0
9832,2018-06-25,2018-06-27,184363,11825,67,2,5,5,64,9,-1,Not Rated,0.0
9833,2018-06-26,2018-06-28,1836673,10861,44,2,5,5,57,9,16,SAT,0.0
9834,2018-06-25,2018-08-08,107152,9872,30,2,3,5,15,9,85,Not Rated,0.0
9835,2018-06-26,2018-06-29,78671,10793,37,2,5,5,59,9,16,SAT,0.0
9836,2018-06-26,2018-06-29,186412,10563,17,2,5,5,59,9,16,SAT,0.0
9837,2018-06-26,2018-06-29,2107988,10147,65,2,5,5,59,9,16,SAT,0.0
9838,2018-06-26,2018-06-28,111142,8113,56,2,5,5,65,9,16,SAT,0.0
9839,2018-06-26,2018-07-06,845451,8949,28,2,3,5,18,9,42,Not Rated,0.0
9840,2018-06-26,2018-07-02,8040,10031,9,2,9,7,12,9,-1,Not Rated,0.0
9841,2018-06-20,2018-06-28,243980,8946,61,2,5,5,64,9,-1,Not Rated,0.0
9842,2018-06-27,2018-06-27,806979,796,18,2,5,5,59,9,16,SAT,0.0
9843,2018-06-14,2018-07-02,224090,10127,4,2,3,5,64,9,-1,Not Rated,0.0
9844,2018-06-27,2018-06-29,2466953,238,58,2,5,5,59,9,16,SAT,0.0
9845,2018-06-27,2018-06-27,642020,781,7,2,5,5,57,9,16,SAT,0.0
9846,2018-06-27,2018-06-29,1795163,11148,74,2,5,5,57,9,16,SAT,0.0
9847,2018-06-27,2018-06-29,1706514,10426,15,2,5,5,61,9,16,SAT,0.0
9848,2018-06-27,2018-06-29,665656,11537,55,2,5,5,57,9,16,SAT,0.0
9849,2018-06-27,2018-06-29,2141554,8055,22,2,5,5,57,9,16,SAT,0.0
9850,2018-06-28,2018-06-29,714572,9000,29,2,5,5,57,9,16,SAT,0.0
9851,2018-06-28,2018-06-29,28138,10992,7,2,5,5,57,9,16,SAT,0.0
9852,2018-06-28,2018-06-29,885374,9799,53,2,5,5,59,9,16,SAT,0.0
9853,2018-06-28,2018-06-29,2178291,12087,48,2,5,5,65,9,16,SAT,0.0
9854,2018-06-28,2018-06-29,1690278,9634,64,2,5,5,59,9,16,SAT,0.0
9855,2018-06-28,2018-06-29,497311,8063,52,2,5,5,65,9,16,SAT,0.0
9856,2018-06-28,2018-06-29,54126,9799,32,2,5,5,61,9,16,SAT,0.0
9857,2018-06-28,2018-06-29,1795411,11113,18,2,5,5,59,9,16,SAT,0.0
9858,2018-06-28,2018-06-29,896997,11194,72,2,5,5,59,9,16,SAT,0.0
9859,2018-06-27,2018-07-13,1793830,1270,65,2,5,5,8,9,42,Not Rated,0.0
9860,2018-06-29,2018-06-29,1761186,8882,66,2,5,5,57,9,16,SAT,0.0
9861,2018-06-22,2018-06-29,2070109,125,40,2,5,5,64,9,-1,Not Rated,0.0
9862,2018-06-29,2018-06-29,1813249,2178,40,2,5,5,57,9,16,SAT,0.0
9863,2018-06-29,2018-06-29,2118111,11825,66,2,5,5,59,9,16,SAT,0.0
9864,2018-06-28,2018-07-16,2227720,10998,50,2,5,5,50,9,-1,Not Rated,0.0
9865,2018-06-29,2018-07-06,347277,1706,65,2,5,5,64,9,-1,Not Rated,0.0
9866,2018-07-02,2018-08-14,683730,355,55,2,3,5,40,9,85,Not Rated,0.0
9867,2018-07-02,2018-08-22,1735376,221,17,2,5,5,62,9,-1,Not Rated,0.0
9868,2018-06-28,2018-07-17,1706242,11245,70,2,5,5,10,9,85,Not Rated,0.0
9869,2018-06-27,2018-08-01,2188597,10360,19,2,3,5,15,9,85,Not Rated,0.0
9871,2018-06-22,2018-07-16,2186317,9562,16,2,5,5,63,9,-1,Not Rated,0.0
9872,2018-06-29,2018-08-02,2009828,9205,51,2,4,5,63,9,-1,Not Rated,0.0
9873,2018-06-25,2018-08-02,514720,1875,77,2,4,5,62,9,-1,SAT,0.0
9874,2018-07-03,2018-07-03,893132,868,68,2,5,5,65,9,16,SAT,0.0
9875,2018-07-03,2018-07-04,105976,10490,68,2,9,7,12,9,42,Not Rated,0.0
9876,2018-07-03,2018-07-16,218519,11193,30,2,5,5,32,9,42,Not Rated,0.0
9877,2018-07-04,2018-07-04,408355,10967,72,2,5,5,59,9,16,SAT,0.0
9878,2018-07-03,2018-07-18,130720,11169,5,2,5,5,15,9,42,Not Rated,0.0
9879,2018-07-03,2018-07-24,391130,2797,45,2,3,5,40,9,42,Not Rated,0.0
9880,2018-07-04,2018-07-05,223769,9370,44,2,5,5,59,9,16,SAT,0.0
9881,2018-07-04,2018-07-05,320301,10993,50,2,5,5,59,9,16,SAT,0.0
9882,2018-07-03,2018-08-16,1809196,12769,17,2,4,5,63,9,-1,Not Rated,0.0
9883,2018-06-25,2018-07-11,1879873,10072,22,2,3,5,8,9,85,Not Rated,0.0
9884,2018-07-04,2018-07-18,891510,11954,14,2,5,5,19,9,85,Not Rated,0.0
9885,2018-07-04,2018-08-21,1835750,10623,69,2,5,5,50,9,-1,Not Rated,0.0
9887,2018-07-03,2018-07-18,2011039,10948,44,2,5,5,15,9,42,Not Rated,0.0
9888,2018-07-04,2018-08-21,1733503,9998,27,2,5,5,8,9,85,Not Rated,0.0
9889,2018-07-05,2018-07-06,388752,10601,74,2,5,5,59,9,16,SAT,0.0
9890,2018-07-05,2018-07-05,251829,9824,76,2,5,5,65,9,16,SAT,0.0
9891,2018-07-05,2018-07-05,1710856,11028,26,2,5,5,58,9,16,SAT,0.0
9892,2018-07-05,2018-07-05,2360740,416,9,2,6,5,57,9,16,SAT,0.0
9893,2018-07-05,2018-07-17,422107,9410,51,2,5,5,63,9,42,Not Rated,0.0
9894,2018-07-05,2018-07-23,889834,11163,12,2,4,5,50,9,42,Not Rated,0.0
9895,2018-07-12,2018-08-10,1809604,10984,14,2,3,5,12,9,42,Not Rated,0.0
9896,2018-07-09,2018-07-16,1898592,11277,56,2,5,5,12,9,16,SAT,0.0
9897,2018-07-09,2018-07-09,119882,8891,49,2,9,7,12,9,42,Not Rated,0.0
9898,2018-07-09,2018-07-11,1793498,9395,75,2,9,7,12,9,-1,Not Rated,0.0
9899,2018-07-03,2018-07-13,1710155,207,60,2,3,5,8,9,85,Not Rated,0.0
9900,2018-07-09,2018-07-12,827837,671,19,2,5,5,7,9,85,Not Rated,0.0
9901,2018-07-11,2018-07-19,2272024,238,43,2,5,5,12,9,16,SAT,0.0
9902,2018-07-05,2018-07-10,882410,11262,76,2,5,5,12,9,42,Not Rated,0.0
9903,2018-07-09,2018-07-24,1855544,1865,52,2,3,5,64,9,42,Not Rated,0.0
9904,2018-07-11,2018-07-11,2175525,820,74,2,5,5,65,9,16,SAT,0.0
9905,2018-07-11,2018-07-17,2325295,11193,33,2,5,5,12,9,16,NSA,0.0
9906,2018-07-10,2018-08-14,586701,11052,57,2,5,5,50,9,85,Not Rated,0.0
9907,2018-07-09,2018-07-11,1878070,119,44,2,3,5,64,9,-1,Not Rated,0.0
9908,2018-07-12,2018-07-13,529114,11086,70,2,5,5,59,9,16,SAT,0.0
9909,2018-07-12,2018-07-13,1841053,11063,66,2,5,5,59,9,16,SAT,0.0
9910,2018-07-12,2018-07-12,70980,2263,76,2,9,7,12,9,42,Not Rated,0.0
9911,2018-07-12,2018-07-27,409000,9022,47,1,3,5,4,9,42,Not Rated,0.0
9912,2018-07-12,2018-08-03,2129508,11265,61,2,5,5,8,9,85,SAT,0.0
9913,2018-07-13,2018-07-13,2033025,9359,42,2,5,5,57,9,16,SAT,0.0
9914,2018-07-10,2018-08-14,2438551,2460,5,2,3,5,8,9,42,Not Rated,0.0
9915,2018-07-12,2018-07-17,1732456,518,76,2,9,5,15,9,42,Not Rated,0.0
9916,2018-07-13,2018-07-13,1855544,1275,78,2,5,5,59,9,16,SAT,0.0
9917,2018-07-13,2018-07-13,652097,2519,12,2,5,5,59,9,16,SAT,0.0
9918,2018-07-16,2018-07-16,2047021,8820,54,2,5,5,59,9,16,SAT,0.0
9919,2018-07-16,2018-07-16,2503622,9395,70,2,5,5,65,9,16,Not Rated,0.0
9920,2018-07-16,2018-07-17,2016935,11137,76,2,5,5,12,9,16,NSA,0.0
9921,2018-07-16,2018-07-17,1888850,2158,16,2,6,5,65,9,16,SAT,0.0
9922,2018-07-16,2018-07-16,1875584,12589,68,2,9,7,12,9,-1,Not Rated,0.0
9923,2018-07-05,2018-08-09,503369,11182,56,2,5,5,12,9,42,Not Rated,0.0
9924,2018-07-17,2018-07-17,637475,10676,58,2,5,5,59,9,16,SAT,0.0
9925,2018-07-16,2018-07-16,817402,11179,29,2,9,5,10,9,-1,Not Rated,0.0
9926,2018-07-17,2018-07-18,2289075,11132,5,2,5,5,59,9,16,SAT,0.0
9927,2018-07-17,2018-07-17,2218713,12262,23,2,5,5,65,9,16,SAT,0.0
9928,2018-07-12,2018-07-19,1689837,12692,64,2,5,5,15,9,85,Not Rated,0.0
9929,2018-07-17,2018-07-18,1811817,1115,3,2,6,5,59,9,16,SAT,0.0
9930,2018-07-05,2018-08-23,857745,2468,55,2,5,5,50,9,-1,Not Rated,0.0
9931,2018-07-17,2018-07-18,895552,8955,50,2,5,5,12,9,16,NSA,0.0
9932,2018-07-17,2018-07-18,2237382,9560,13,2,5,5,59,9,16,SAT,0.0
9933,2018-07-04,2018-07-24,551543,11268,3,2,5,5,64,9,42,Not Rated,0.0
9934,2018-06-27,2018-07-25,2056437,12133,69,2,3,5,64,9,-1,Not Rated,0.0
9935,2018-07-17,2018-07-18,826111,12333,68,2,5,5,59,9,16,SAT,0.0
9936,2018-07-17,2018-07-17,384589,8955,48,2,5,5,57,9,16,SAT,0.0
9937,2018-07-17,2018-07-17,893605,11036,52,2,5,5,57,9,16,SAT,0.0
9938,2018-07-13,2018-07-17,1724629,12399,20,2,5,5,64,9,-1,Not Rated,0.0
9939,2018-07-17,2018-07-17,1826709,1079,15,2,5,5,12,9,16,SAT,0.0
9940,2018-07-17,2018-07-18,1875080,645,35,2,5,5,59,9,16,SAT,0.0
9941,2018-07-17,2018-07-19,1942845,8991,74,2,5,5,57,9,16,SAT,0.0
9942,2018-07-17,2018-07-18,780453,9344,27,2,5,5,65,9,16,NSA,0.0
9943,2018-07-17,2018-07-17,40219,175,38,2,5,5,12,9,16,SAT,0.0
9944,2018-07-16,2018-07-16,1947186,11171,14,2,9,7,12,9,-1,Not Rated,0.0
9945,2018-07-17,2018-07-23,151092,11252,11,2,9,7,12,9,-1,Not Rated,0.0
9946,2018-07-17,2018-08-09,456736,10639,68,2,5,5,10,9,-1,Not Rated,0.0
9947,2018-07-09,2018-07-18,890071,1717,65,2,5,5,8,9,85,Not Rated,0.0
9948,2018-07-16,2018-07-27,2165651,11482,50,2,3,5,12,9,42,Not Rated,0.0
9949,2018-07-18,2018-07-18,1848246,187,41,2,5,5,61,9,16,SAT,0.0
9950,2018-07-18,2018-07-18,2091691,11127,42,2,5,5,59,9,16,NSA,0.0
9951,2018-07-18,2018-07-18,2105008,11031,31,2,5,5,65,9,16,SAT,0.0
9952,2018-07-17,2018-07-30,801544,8113,27,2,5,5,58,9,-1,Not Rated,0.0
9953,2018-07-17,2018-07-30,737413,1526,35,2,5,5,58,9,-1,Not Rated,0.0
9954,2018-07-17,2018-07-24,366358,10105,1,2,5,5,58,9,42,Not Rated,0.0
9955,2018-07-18,2018-07-19,1767363,10728,50,2,5,5,59,9,16,SAT,0.0
9956,2018-07-17,2018-07-24,484724,10566,1,2,5,5,58,9,42,Not Rated,0.0
9957,2018-07-18,2018-07-18,406415,10576,38,2,5,5,57,9,16,SAT,0.0
9958,2018-07-17,2018-07-24,2167216,9395,77,2,3,5,56,9,42,SAT,0.0
9959,2018-07-18,2018-07-18,112618,842,50,2,5,5,65,9,16,SAT,0.0
9960,2018-07-18,2018-07-18,116130,940,35,2,5,5,57,9,16,SAT,0.0
9961,2018-07-19,2018-07-20,32644,2175,6,2,9,7,40,9,-1,Not Rated,0.0
9962,2018-07-19,2018-07-19,2216575,12116,62,2,5,5,12,9,16,SAT,0.0
9963,2018-07-19,2018-07-19,2069756,11170,62,2,5,5,61,9,16,SAT,0.0
9964,2018-07-19,2018-07-19,1726383,11072,46,2,5,5,57,9,16,SAT,0.0
9965,2018-07-19,2018-08-14,1808017,1092,16,2,5,5,10,9,42,Not Rated,0.0
9966,2018-07-18,2018-08-17,1659767,2519,1,2,5,5,64,9,-1,Not Rated,0.0
9967,2018-07-19,2018-07-26,850750,12345,48,2,5,5,58,9,-1,Not Rated,0.0
9968,2018-07-20,2018-07-24,2303337,8885,67,2,5,5,57,9,16,SAT,0.0
9969,2018-07-19,2018-07-26,2135085,11179,34,2,5,5,58,9,-1,Not Rated,0.0
9970,2018-07-19,2018-07-26,695175,1552,37,2,5,5,58,9,-1,Not Rated,0.0
9971,2018-07-19,2018-08-16,2516040,10071,78,2,5,5,10,9,85,Not Rated,0.0
9972,2018-07-19,2018-07-26,40368,9000,54,2,3,5,58,9,-1,Not Rated,0.0
9973,2018-07-20,2018-08-31,1642881,1462,18,2,5,5,57,9,16,SAT,0.0
9974,2018-07-20,2018-07-23,360204,10710,32,2,5,5,59,9,16,SAT,0.0
9975,2018-07-23,2018-07-23,2055121,10055,39,2,9,7,12,9,-1,Not Rated,0.0
9976,2018-07-23,2018-07-23,44499,11545,35,2,5,5,12,9,16,NSA,0.0
9977,2018-07-23,2018-07-23,1691242,745,30,2,5,5,59,9,16,SAT,0.0
9978,2018-07-20,2018-08-03,592821,12044,75,2,5,5,10,9,85,Not Rated,0.0
9979,2018-07-20,2018-07-24,329776,1202,5,2,5,5,64,9,42,Not Rated,0.0
9980,2018-07-23,2018-07-23,65473,10430,31,2,5,5,65,9,16,SAT,0.0
9981,2018-07-17,2018-08-21,895148,12414,67,2,5,5,12,9,42,Not Rated,0.0
9982,2018-07-23,2018-07-23,1841410,12262,65,2,5,5,59,9,16,SAT,0.0
9983,2018-07-23,2018-07-23,1805640,1275,67,2,5,5,65,9,16,SAT,0.0
9984,2018-07-23,2018-07-23,1787030,9853,9,2,5,5,65,9,16,SAT,0.0
9985,2018-07-23,2018-07-27,1855924,7640,57,2,5,5,6,9,42,Not Rated,0.0
9986,2018-07-23,2018-08-02,2381652,8461,22,2,3,5,62,9,-1,Not Rated,0.0
9987,2018-07-23,2018-08-03,391828,12563,31,2,3,5,12,9,42,Not Rated,0.0
9988,2018-07-23,2018-07-30,743005,601,3,2,9,7,12,9,-1,Not Rated,0.0
9989,2018-07-24,2018-07-24,1820139,10659,44,2,5,5,57,9,16,SAT,0.0
9990,2018-07-24,2018-07-24,465851,9983,24,2,5,5,57,9,16,SAT,0.0
9991,2018-07-24,2018-08-24,584845,1737,2,2,3,5,58,9,-1,Not Rated,0.0
9992,2018-07-24,2018-07-24,1786064,781,21,2,5,5,57,9,16,SAT,0.0
9993,2018-07-24,2018-07-24,2107647,2263,62,2,5,5,57,9,16,SAT,0.0
9994,2018-07-24,2018-08-22,847118,598,9,2,9,5,6,9,42,Not Rated,0.0
9995,2018-07-24,2018-07-24,647837,10055,35,2,5,5,61,9,16,SAT,0.0
9996,2018-07-24,2018-07-25,2133031,7626,55,2,5,5,65,9,16,SAT,0.0
9997,2018-07-23,2018-07-27,2222080,10737,43,2,3,5,58,9,16,SAT,0.0
9998,2018-07-24,2018-07-24,817566,11107,62,2,9,7,12,9,42,Not Rated,0.0
9999,2018-07-24,2018-07-30,2454709,2537,55,2,5,5,58,9,42,Not Rated,0.0
10000,2018-07-23,2018-08-30,591669,2555,26,2,5,5,58,9,42,Not Rated,0.0
10001,2018-07-23,2018-08-22,1872181,10900,58,2,5,5,64,9,42,Not Rated,0.0
10002,2018-07-23,2018-08-17,368531,9796,22,2,3,5,64,9,-1,Not Rated,0.0
10003,2018-07-23,2018-07-27,1815808,10749,21,2,6,5,58,9,-1,Not Rated,0.0
10004,2018-07-25,2018-08-02,2140728,10720,62,2,5,5,50,9,42,Not Rated,0.0
10005,2018-07-26,2018-08-31,2109060,839,17,2,9,7,7,9,42,Not Rated,0.0
10006,2018-07-26,2018-08-21,593215,10359,46,2,9,5,10,9,-1,Not Rated,0.0
10007,2018-07-27,2018-07-27,2072814,2263,33,1,3,5,58,9,-1,Not Rated,0.0
10008,2018-07-30,2018-08-03,2066151,11059,19,2,5,5,65,9,16,SAT,0.0
10009,2018-07-24,2018-08-01,1814388,9377,24,2,5,5,40,9,-1,Not Rated,0.0
10010,2018-07-26,2018-08-01,1810326,8963,19,2,3,5,64,9,-1,Not Rated,0.0
10011,2018-07-30,2018-08-27,835580,2335,76,2,3,5,58,9,42,Not Rated,0.0
10012,2018-07-30,2018-08-30,1913830,10917,32,2,5,5,58,9,-1,Not Rated,0.0
10013,2018-07-30,2018-08-31,2066438,12051,50,2,5,5,8,9,85,SAT,0.0
10014,2018-07-31,2018-08-03,315258,1517,74,2,5,5,38,9,-1,Not Rated,0.0
10015,2018-08-01,2018-08-24,1728626,11545,3,2,3,5,50,9,42,Not Rated,0.0
10016,2018-08-01,2018-09-03,817138,2316,75,2,3,5,62,9,42,Not Rated,0.0
10017,2018-07-31,2018-08-21,315260,9670,8,2,3,5,12,9,42,Not Rated,0.0
10018,2018-08-01,2018-08-07,881696,12328,46,2,9,7,12,9,42,Not Rated,0.0
10019,2018-07-24,2018-08-23,2400486,10217,20,2,5,5,40,9,-1,SAT,0.0
10020,2018-07-24,2018-08-23,734922,11093,77,2,5,5,64,9,-1,Not Rated,0.0
10021,2018-08-02,2018-08-06,1863236,1462,10,2,9,7,40,9,-1,Not Rated,0.0
10022,2018-08-02,2018-08-10,2117628,12299,35,2,3,5,40,9,-1,Not Rated,0.0
10023,2018-08-02,2018-08-03,2206838,10067,15,2,5,5,12,9,42,Not Rated,0.0
10024,2018-08-03,2018-08-20,350288,12229,74,2,5,5,57,9,16,SAT,0.0
10025,2018-08-06,2018-08-17,1815379,11713,16,2,5,5,18,9,42,Not Rated,0.0
10026,2018-08-07,2018-08-07,733811,11254,46,2,3,5,12,9,16,SAT,0.0
10027,2018-08-07,2018-08-20,2032952,10983,72,2,3,5,40,9,42,Not Rated,0.0
10028,2018-08-08,2018-09-19,1828262,8359,52,2,5,5,12,9,42,Not Rated,0.0
10029,2018-08-08,2018-08-30,557918,11044,51,2,5,5,58,9,42,Not Rated,0.0
10030,2018-08-08,2018-08-14,895185,811,47,2,9,5,12,9,42,Not Rated,0.0
10031,2018-08-10,2018-08-16,737241,12003,72,2,9,7,12,9,-1,Not Rated,0.0
10032,2018-08-10,2018-08-27,844169,8855,54,2,3,5,8,9,42,Not Rated,0.0
10033,2018-08-10,2018-09-12,893417,11545,51,2,3,5,12,9,42,Not Rated,0.0
10034,2018-08-09,2018-08-27,842324,8953,46,2,3,5,12,9,-1,Not Rated,0.0
10035,2018-08-09,2018-08-17,477200,10900,22,2,5,5,58,9,42,Not Rated,0.0
10036,2018-08-09,2018-08-17,2256774,8887,70,2,5,5,58,9,42,Not Rated,0.0
10037,2018-08-14,2018-08-20,2136259,10443,36,2,5,5,59,9,16,SAT,0.0
10038,2018-08-16,2018-08-16,1851820,879,23,2,5,5,64,9,42,Not Rated,0.0
10039,2018-08-13,2018-08-17,718152,12563,4,2,5,5,40,9,42,Not Rated,0.0
10040,2018-08-16,2018-08-30,558102,9884,17,2,9,5,50,9,42,Not Rated,0.0
10041,2018-08-10,2018-08-20,2206827,11163,75,2,9,7,12,9,-1,Not Rated,0.0
10042,2018-08-16,2018-09-05,1750646,8963,49,2,5,5,10,9,42,Not Rated,0.0
10043,2018-08-17,2018-08-20,35330,820,64,2,6,5,59,9,16,SAT,0.0
10044,2018-08-16,2018-08-17,1875584,8855,67,2,5,5,58,9,42,Not Rated,0.0
10045,2018-08-17,2018-08-20,1874633,9983,33,2,6,5,61,9,16,SAT,0.0
10046,2018-08-17,2018-08-20,494220,10601,25,2,5,5,61,9,16,SAT,0.0
10047,2018-08-17,2018-08-20,2268955,224,56,2,5,5,59,9,16,SAT,0.0
10048,2018-08-17,2018-08-17,220373,11123,40,2,5,5,58,9,42,Not Rated,0.0
10049,2018-08-17,2018-08-24,677340,518,43,2,5,5,64,9,42,Not Rated,0.0
10050,2018-08-10,2018-09-06,85216,2172,68,2,5,5,12,9,16,SAT,0.0
10051,2018-08-20,2018-09-14,1842966,11156,40,2,5,5,62,9,42,Not Rated,0.0
10052,2018-08-17,2018-10-01,2158874,10071,2,2,5,5,12,9,42,Not Rated,0.0
10053,2018-08-20,2018-10-22,861093,8507,53,2,3,5,7,9,42,Not Rated,0.0
10054,2018-08-21,2018-08-21,1866306,1997,64,2,5,5,58,9,42,Not Rated,0.0
10055,2018-08-21,2018-08-21,401912,473,74,2,5,5,58,9,42,Not Rated,0.0
10056,2018-08-21,2018-08-22,74551,11796,10,2,5,5,59,9,16,SAT,0.0
10057,2018-08-21,2018-08-22,2106524,753,27,2,5,5,59,9,16,SAT,0.0
10058,2018-08-22,2018-08-22,323605,10639,9,2,3,5,64,9,42,Not Rated,0.0
10059,2018-08-22,2018-08-22,2416160,9204,36,2,5,5,58,9,42,Not Rated,0.0
10060,2018-08-22,2018-08-22,874264,11978,48,2,5,5,58,9,42,Not Rated,0.0
10061,2018-08-22,2018-08-28,1878050,11086,2,2,9,5,10,9,42,Not Rated,0.0
10062,2018-08-23,2018-08-23,1802566,11071,69,2,5,5,58,9,42,Not Rated,0.0
10063,2018-08-23,2018-08-23,2119380,598,3,2,5,5,58,9,42,Not Rated,0.0
10064,2018-08-24,2018-08-24,895552,10359,47,2,5,5,10,9,42,Not Rated,0.0
10065,2018-08-24,2018-08-24,1882109,12328,14,2,5,5,12,9,16,NSA,0.0
10066,2018-08-24,2018-08-24,1599281,1270,24,2,5,5,59,9,16,SAT,0.0
10067,2018-08-24,2018-08-24,1854735,10534,26,2,5,5,59,9,16,SAT,0.0
10068,2018-08-24,2018-08-24,2091306,12345,11,2,5,5,12,9,16,NSA,0.0
10069,2018-08-24,2018-08-24,1815114,843,37,2,5,5,40,9,42,Not Rated,0.0
10070,2018-08-24,2018-08-27,358546,1491,73,2,9,7,12,9,-1,Not Rated,0.0
10071,2018-08-27,2018-09-12,1878540,12299,10,2,5,5,58,9,42,Not Rated,0.0
10072,2018-08-27,2018-08-27,1803468,12133,2,2,5,5,58,9,42,Not Rated,0.0
10073,2018-08-27,2018-08-27,2379231,12051,28,2,5,5,58,9,42,Not Rated,0.0
10074,2018-08-27,2018-09-27,1710772,8996,2,2,9,7,12,9,-1,Not Rated,0.0
10075,2018-08-28,2018-08-30,1904403,11268,70,2,5,5,59,9,16,SAT,0.0
10076,2018-08-28,2018-08-31,1759780,345,67,2,5,5,59,9,16,SAT,0.0
10077,2018-08-28,2018-08-29,358302,8055,58,2,9,5,10,9,42,Not Rated,0.0
10078,2018-08-28,2018-08-29,2107977,300,26,2,5,5,65,9,16,SAT,0.0
10079,2018-08-28,2018-08-29,179514,10430,55,2,5,5,65,9,16,SAT,0.0
10080,2018-08-28,2018-08-29,2056103,282,34,2,5,5,59,9,-1,Not Rated,0.0
10081,2018-08-28,2018-08-30,2016082,189,11,2,5,5,52,9,16,SAT,0.0
10082,2018-08-28,2018-08-30,336028,1876,1,2,5,5,52,9,16,SAT,0.0
10083,2018-08-28,2018-10-03,37515,2340,34,2,3,5,12,9,85,Not Rated,0.0
10084,2018-08-28,2018-08-31,1803228,12262,22,2,5,5,58,9,42,Not Rated,0.0
10085,2018-08-28,2018-08-30,2182587,884,61,2,5,5,58,9,42,Not Rated,0.0
10086,2018-08-29,2018-08-29,1819501,2260,64,2,3,5,64,9,42,Not Rated,0.0
10087,2018-08-28,2018-08-29,850191,10637,5,2,5,5,32,9,42,SAT,0.0
10088,2018-08-29,2018-08-29,639086,10379,36,2,9,5,12,9,42,Not Rated,0.0
10089,2018-08-29,2018-09-03,158776,7626,19,2,5,5,10,9,42,Not Rated,0.0
10090,2018-08-29,2018-11-13,374658,11072,47,2,3,5,40,9,42,Not Rated,0.0
10091,2018-08-29,2018-09-03,1856546,10111,29,2,5,5,10,9,42,Not Rated,0.0
10092,2018-08-30,2018-08-31,2413841,9260,55,2,5,5,52,9,16,SAT,0.0
10093,2018-08-30,2018-08-31,467795,10359,15,2,5,5,52,9,16,SAT,0.0
10094,2018-08-30,2018-08-30,1841232,811,78,2,5,5,12,9,16,NSA,0.0
10095,2018-08-30,2018-08-31,1911104,10160,65,2,5,5,59,9,16,SAT,0.0
10096,2018-08-30,2018-08-30,1814338,394,55,2,6,5,12,9,16,SAT,0.0
10097,2018-08-30,2018-08-31,2411059,2007,26,2,5,5,59,9,16,NSA,0.0
10098,2018-08-30,2018-08-31,1923411,138,26,2,5,5,59,9,16,SAT,0.0
10099,2018-08-30,2018-08-31,1861151,11134,54,2,5,5,59,9,16,SAT,0.0
10100,2018-08-29,2018-09-07,472524,10738,55,2,3,5,42,9,85,Not Rated,0.0
10101,2018-08-31,2018-09-26,144231,645,62,2,6,5,58,9,42,Not Rated,0.0
10102,2018-08-31,2018-09-04,1905979,12066,70,2,5,5,12,9,16,SAT,0.0
10103,2018-09-03,2018-09-03,293740,2322,36,2,5,5,52,9,16,SAT,0.0
10104,2018-09-03,2018-09-20,2156561,190,24,2,5,5,10,9,42,Not Rated,0.0
10105,2018-08-31,2018-09-04,535047,1692,41,2,3,5,40,9,-1,Not Rated,0.0
10106,2018-08-31,2018-10-09,2358456,2208,26,2,3,5,7,9,85,Not Rated,0.0
10107,2018-08-31,2018-09-03,719283,11071,36,2,3,5,12,9,-1,Not Rated,0.0
10108,2018-09-03,2018-09-18,2256744,12246,46,2,5,5,44,9,-1,Not Rated,0.0
10109,2018-09-03,2018-09-10,525054,11171,11,2,9,7,12,9,-1,Not Rated,0.0
10110,2018-09-03,2018-09-07,2110781,2307,32,2,9,5,12,9,-1,Not Rated,0.0
10111,2018-09-04,2018-09-05,537510,10728,60,2,5,5,59,9,16,SAT,0.0
10112,2018-09-04,2018-09-05,1848827,8063,31,2,5,5,59,9,16,SAT,0.0
10113,2018-09-04,2018-09-04,2455114,12692,70,2,5,5,59,9,16,SAT,0.0
10114,2018-09-04,2018-09-05,411896,197,71,2,5,5,59,9,16,SAT,0.0
10115,2018-09-04,2018-09-10,2119405,11083,24,2,3,5,15,9,85,Not Rated,0.0
10116,2018-09-02,2018-09-06,238801,10948,74,2,5,5,12,9,-1,Not Rated,0.0
10117,2018-09-04,2018-09-21,241547,2128,75,2,5,5,18,9,81,Not Rated,0.0
10118,2018-09-06,2018-09-06,1767363,1865,66,2,3,5,58,9,16,SAT,0.0
10119,2018-09-07,2018-09-17,2145808,8201,25,2,5,5,12,9,-1,Not Rated,0.0
10120,2018-09-07,2018-09-07,362058,12027,49,2,5,5,59,9,16,SAT,0.0
10121,2018-09-07,2018-09-07,2107977,1645,74,2,5,5,59,9,16,SAT,0.0
10122,2018-09-05,2018-09-07,2124813,9546,75,2,3,5,12,9,-1,Not Rated,0.0
10123,2018-09-07,2018-09-07,1851580,9610,74,2,5,5,59,9,16,SAT,0.0
10124,2018-09-06,2018-09-28,2135448,11954,10,2,5,5,8,9,85,Not Rated,0.0
10125,2018-08-28,2018-09-13,2163917,1350,53,2,5,5,8,9,85,Not Rated,0.0
10126,2018-09-07,2018-09-11,1791854,1229,30,2,5,5,6,9,-1,Not Rated,0.0
10127,2018-09-07,2018-09-11,606468,11217,7,2,5,5,59,9,-1,Not Rated,0.0
10128,2018-09-07,2018-09-11,2420828,10973,53,2,5,5,59,9,-1,Not Rated,0.0
10129,2018-09-03,2018-10-17,1984552,12617,14,2,5,5,12,9,42,Not Rated,0.0
10130,2018-08-16,2018-09-13,1856621,2801,45,2,4,5,16,9,-1,Not Rated,0.0
10131,2018-09-06,2018-09-18,109553,12727,51,2,3,5,40,9,42,Not Rated,0.0
10132,2018-09-07,2018-09-10,2057053,9405,58,2,3,5,64,9,-1,Not Rated,0.0
10133,2018-09-03,2018-09-11,588500,10984,75,2,3,5,12,9,-1,Not Rated,0.0
10134,2018-09-10,2018-10-10,542446,1552,46,2,5,5,10,9,-1,Not Rated,0.0
10135,2018-09-11,2018-09-17,2305156,11134,66,2,5,5,10,9,81,Not Rated,0.0
10136,2018-09-10,2018-09-26,670597,9601,58,2,5,5,1,9,-1,Not Rated,0.0
10137,2018-09-10,2018-09-12,746262,11158,40,2,3,5,59,9,-1,Not Rated,0.0
10138,2018-09-11,2018-09-17,476296,10569,36,2,5,5,59,9,42,Not Rated,0.0
10139,2018-09-11,2018-09-20,1854433,11113,65,2,5,5,59,9,85,Not Rated,0.0
10140,2018-09-12,2018-10-08,1708946,11978,16,2,5,5,12,9,85,Not Rated,0.0
10141,2018-09-12,2018-09-20,2503732,10172,10,2,5,5,59,9,85,Not Rated,0.0
10142,2018-09-12,2018-09-20,343999,11029,75,2,5,5,59,9,85,Not Rated,0.0
10143,2018-09-12,2018-09-20,1979743,1962,52,2,5,5,59,9,85,Not Rated,0.0
10144,2018-09-11,2018-10-09,2088714,811,3,2,5,5,10,9,42,Not Rated,0.0
10145,2018-09-03,2018-09-18,1690215,125,65,2,5,5,44,9,85,Not Rated,0.0
10146,2018-09-13,2018-09-19,1802550,1678,37,2,5,5,58,9,42,Not Rated,0.0
10147,2018-09-12,2018-09-20,2389172,10326,32,2,5,5,58,9,-1,Not Rated,0.0
10148,2018-09-11,2018-10-12,287393,9729,12,2,5,5,58,9,-1,Not Rated,0.0
10154,2018-09-11,2018-10-01,228608,2321,56,2,5,5,12,9,42,Not Rated,0.0
10155,2018-09-12,2018-09-18,794508,9370,25,2,5,5,10,9,85,SAT,0.0
10156,2018-09-13,2018-09-20,2107632,11119,39,2,5,5,59,9,85,Not Rated,0.0
10157,2018-09-13,2018-09-20,1947035,11050,21,2,5,5,59,9,85,Not Rated,0.0
10158,2018-09-13,2018-09-24,1859670,2230,37,2,5,5,59,9,16,NSA,0.0
10159,2018-09-13,2018-09-20,1817271,1645,8,2,5,5,59,9,85,Not Rated,0.0
10160,2018-09-12,2018-10-10,1892334,211,33,2,3,5,10,9,42,Not Rated,0.0
10161,2018-09-13,2018-09-20,2059231,11069,78,2,5,5,59,9,85,Not Rated,0.0
10162,2018-09-13,2018-09-20,1878518,9958,3,2,5,5,59,9,85,Not Rated,0.0
10163,2018-09-13,2018-10-19,512218,211,34,2,3,5,32,9,81,Not Rated,0.0
10164,2018-11-13,2018-11-27,2066451,10563,46,2,3,5,12,9,42,Not Rated,0.0
10165,2018-09-13,2018-09-14,1899178,12299,13,2,5,5,12,9,-1,Not Rated,0.0
10166,2017-08-02,2017-08-17,1834542,9873,56,2,5,5,12,9,-1,Not Rated,0.0
10167,2018-09-12,2018-10-15,1821064,1202,75,2,3,7,7,9,-1,Not Rated,0.0
10168,2018-09-14,2018-09-24,1793304,1440,38,2,5,5,12,9,16,SAT,0.0
10169,2018-09-14,2018-09-24,389900,2307,32,2,5,5,65,9,16,SAT,0.0
10170,2018-09-14,2018-10-15,625509,73,37,2,3,5,12,9,42,Not Rated,0.0
10171,2018-09-14,2018-09-20,1854675,1356,34,2,5,5,59,9,85,Not Rated,0.0
10172,2018-09-13,2018-09-19,764384,11071,3,2,5,5,10,9,42,Not Rated,0.0
10173,2018-09-17,2018-09-20,202885,9872,78,2,5,5,59,9,85,Not Rated,0.0
10174,2018-09-14,2018-10-11,2067453,10130,26,2,3,5,15,9,85,Not Rated,0.0
10175,2018-09-17,2018-09-24,2034379,10197,25,2,5,5,12,9,16,SAT,0.0
10176,2018-09-14,2018-09-28,865713,820,21,2,6,5,12,9,85,Not Rated,0.0
10177,2018-09-17,2018-09-20,2384857,11044,68,2,5,5,59,9,85,Not Rated,0.0
10178,2018-09-12,2018-11-26,807541,2262,18,2,5,5,12,9,16,SAT,0.0
10179,2018-09-17,2018-10-15,1874718,12176,29,2,4,5,63,9,-1,Not Rated,0.0
10180,2018-09-18,2018-09-19,2114165,11212,17,2,9,7,12,9,-1,Not Rated,0.0
10181,2018-09-18,2018-09-20,893799,8855,2,2,6,5,58,9,-1,Not Rated,0.0
10182,2018-09-17,2018-09-27,2114809,11822,78,2,5,5,58,9,42,Not Rated,0.0
10183,2018-09-18,2018-09-24,1872559,2532,48,2,5,5,58,9,42,Not Rated,0.0
10184,2018-09-19,2018-09-20,199186,865,3,2,6,5,59,9,85,Not Rated,0.0
10185,2018-09-18,2018-09-24,606688,11621,5,2,3,5,58,9,42,Not Rated,0.0
10186,2018-09-18,2018-09-26,2206060,10883,49,2,3,5,58,9,85,Not Rated,0.0
10187,2018-09-19,2018-09-28,140752,858,50,2,5,5,59,9,16,SAT,0.0
10188,2018-09-19,2018-09-24,1807444,9347,31,2,5,5,59,9,16,SAT,0.0
10189,2018-09-13,2018-09-20,467995,11005,3,2,5,5,12,9,42,Not Rated,0.0
10190,2018-09-20,2018-09-26,214278,12563,67,2,5,5,65,9,16,SAT,0.0
10191,2018-09-20,2018-09-27,2070100,911,71,2,5,5,59,9,16,SAT,0.0
10192,2018-09-18,2018-10-15,1841059,11916,11,2,4,5,50,9,85,Not Rated,0.0
10193,2018-09-20,2018-09-27,851993,11259,37,2,5,5,59,9,16,SAT,0.0
10194,2018-09-20,2018-09-27,1886316,11093,61,2,5,5,59,9,16,SAT,0.0
10195,2018-09-20,2018-09-27,1821140,11157,44,2,3,5,64,9,85,Not Rated,0.0
10196,2018-09-20,2018-09-28,1772087,836,10,2,5,5,12,9,42,Not Rated,0.0
10197,2018-09-19,2018-09-24,92588,11668,64,2,3,5,64,9,85,Not Rated,0.0
10198,2018-09-14,2018-09-24,218859,8855,1,2,3,5,12,9,16,Not Rated,0.0
10199,2018-09-21,2018-09-24,3371,8965,28,2,6,5,58,9,85,Not Rated,0.0
10200,2018-09-21,2018-09-25,20123,8066,37,2,3,5,64,9,-1,Not Rated,0.0
10201,2018-09-24,2018-09-27,112516,11011,68,2,5,5,59,9,42,Not Rated,0.0
10202,2018-09-24,2018-09-27,333355,9798,71,2,5,5,59,9,16,SAT,0.0
10203,2018-09-24,2018-09-27,2103912,8544,66,2,6,5,12,9,16,SAT,0.0
10204,2018-09-24,2018-09-27,1919806,1516,64,2,5,5,59,9,16,SAT,0.0
10205,2018-09-24,2018-09-27,633690,9884,54,2,5,5,59,9,16,SAT,0.0
10206,2018-09-24,2018-09-27,230866,9893,3,2,5,5,59,9,16,SAT,0.0
10207,2018-09-21,2018-10-15,5191,781,64,2,3,5,8,9,85,Not Rated,0.0
10208,2018-09-24,2018-09-27,888870,8858,5,2,5,5,59,9,16,SAT,0.0
10209,2018-09-24,2018-09-28,2222103,8063,56,2,5,5,12,9,16,SAT,0.0
10210,2018-09-24,2018-09-27,1726417,2531,78,2,5,5,59,9,16,SAT,0.0
10211,2018-09-24,2018-09-27,720233,461,5,2,5,5,59,9,16,SAT,0.0
10212,2018-09-24,2018-09-25,2070061,11806,14,2,5,5,59,9,16,SAT,0.0
10213,2018-09-24,2018-09-25,1899958,1342,1,2,9,7,7,9,-1,Not Rated,0.0
10214,2018-09-24,2018-09-25,1797775,1695,32,2,5,5,58,9,-1,Not Rated,0.0
10215,2018-09-25,2018-09-25,2380705,10172,20,2,5,5,64,9,-1,Not Rated,0.0
10216,2018-09-25,2018-09-28,88990,11114,35,2,5,5,12,9,16,SAT,0.0
10217,2018-09-25,2018-09-27,547695,221,66,2,5,5,59,9,16,SAT,0.0
10218,2018-09-25,2018-10-22,1783409,8055,17,2,3,5,12,9,42,Not Rated,0.0
10219,2018-09-25,2018-09-27,893098,11172,17,2,5,5,59,9,16,SAT,0.0
10220,2018-09-25,2018-09-27,822262,10235,61,2,5,5,59,9,16,SAT,0.0
10221,2018-09-25,2018-09-27,1908294,11482,45,2,5,5,59,9,16,SAT,0.0
10222,2018-09-25,2018-09-27,1847651,9646,10,2,5,5,59,9,16,SAT,0.0
10223,2018-09-25,2018-09-27,2174743,10360,24,2,5,5,59,9,16,SAT,0.0
10224,2018-09-25,2018-09-27,404659,133,25,2,5,5,59,9,16,SAT,0.0
10225,2018-09-25,2018-09-26,776725,1875,58,2,5,5,65,9,16,SAT,0.0
10226,2018-09-25,2018-09-27,2363582,1086,34,2,5,5,59,9,16,SAT,0.0
10227,2018-09-25,2018-09-26,1776847,8461,13,2,9,7,16,9,-1,Not Rated,0.0
10228,2018-09-26,2018-09-28,2058713,7626,37,2,5,5,59,9,16,SAT,0.0
10229,2018-09-27,2018-09-27,122348,10993,23,2,5,5,59,9,42,Not Rated,0.0
10230,2018-09-27,2018-09-27,1878933,865,6,2,3,5,58,9,42,Not Rated,0.0
10231,2018-09-27,2018-09-28,477249,10105,54,2,5,5,59,9,16,SAT,0.0
10232,2018-09-27,2018-09-28,336028,1875,70,2,5,5,59,9,16,SAT,0.0
10233,2018-09-27,2018-09-28,99304,11086,20,2,5,5,59,9,16,NSA,0.0
10234,2018-09-27,2018-09-28,2117280,1875,60,2,5,5,59,9,16,SAT,0.0
10235,2018-09-27,2018-09-28,1866878,7626,15,2,5,5,59,9,16,SAT,0.0
10236,2018-09-26,2018-10-05,682535,1873,77,2,5,5,58,9,85,Not Rated,0.0
10237,2018-09-27,2018-09-28,333012,10978,40,2,5,5,59,9,16,SAT,0.0
10238,2018-09-27,2018-09-28,2055684,269,49,2,5,5,59,9,16,SAT,0.0
10239,2018-09-27,2018-09-27,589673,10601,67,2,5,5,12,9,16,SAT,0.0
10240,2018-09-27,2018-10-09,1674266,8919,37,2,3,5,58,9,42,Not Rated,0.0
10241,2018-09-28,2018-10-08,99304,8919,73,2,3,5,12,9,42,SAT,0.0
10242,2018-09-17,2018-10-02,762641,2559,74,2,9,5,10,9,42,Not Rated,0.0
10243,2018-10-01,2018-12-20,114849,978,34,2,3,5,15,9,81,Not Rated,0.0
10248,2018-10-01,2018-10-02,2292978,11107,27,2,3,5,12,9,81,Not Rated,0.0
10249,2018-10-01,2018-10-01,2034916,11669,50,2,3,5,58,9,42,Not Rated,0.0
10250,2018-10-01,2018-10-01,396721,9344,9,2,3,5,58,9,42,Not Rated,0.0
10252,2018-10-01,2018-10-01,2006138,2129,22,2,3,5,58,9,42,Not Rated,0.0
10253,2018-10-02,2018-10-02,1804940,1875,75,2,3,5,64,9,42,Not Rated,0.0
10254,2018-10-02,2018-10-03,1876220,10325,49,2,5,5,59,9,16,SAT,0.0
10255,2018-10-02,2018-10-03,154041,2666,77,2,5,5,12,9,16,NSA,0.0
10256,2018-10-02,2018-10-03,1675430,11825,35,2,5,5,59,9,16,SAT,0.0
10257,2018-10-02,2018-10-03,1802904,12510,33,2,5,5,12,9,16,SAT,0.0
10258,2018-10-02,2018-10-03,890055,11193,45,2,5,5,65,9,16,SAT,0.0
10259,2018-10-02,2018-10-03,2119375,8359,24,2,5,5,65,9,16,SAT,0.0
10260,2018-10-02,2018-10-03,505820,138,15,2,5,5,59,9,16,SAT,0.0
10261,2018-10-02,2018-10-02,356346,11099,23,2,5,5,58,9,42,Not Rated,0.0
10262,2018-10-02,2018-10-03,694656,10967,74,2,5,5,52,9,16,SAT,0.0
10263,2018-10-03,2018-10-05,880257,2117,44,2,3,5,64,9,85,Not Rated,0.0
10264,2018-10-02,2018-11-20,2433474,11027,52,2,3,5,66,9,42,Not Rated,0.0
10265,2018-10-03,2018-11-02,2116881,528,31,2,5,5,40,9,85,Not Rated,0.0
10266,2018-10-04,2018-10-23,2303316,8544,20,2,5,5,58,9,85,Not Rated,0.0
10267,2018-09-19,2018-10-05,2433496,10016,73,2,3,5,40,9,85,Not Rated,0.0
10268,2018-09-11,2018-10-08,1892825,8953,69,2,5,5,40,9,81,SAT,0.0
10269,2018-10-04,2018-10-05,2053213,8963,3,2,5,5,59,9,16,SAT,0.0
10270,2018-10-04,2018-10-05,2089948,10917,57,2,5,5,59,9,16,SAT,0.0
10271,2018-10-04,2018-10-05,888890,8917,45,2,5,5,59,9,16,SAT,0.0
10272,2018-10-04,2018-10-05,258484,9933,71,2,5,5,58,9,85,Not Rated,0.0
10273,2018-10-04,2018-10-16,836638,8530,24,2,3,5,12,9,85,Not Rated,0.0
10274,2018-10-03,2018-10-22,2016082,8053,9,2,3,5,10,9,42,Not Rated,0.0
10275,2018-10-05,2018-10-30,823156,10676,13,2,5,5,50,9,42,Not Rated,0.0
10276,2018-10-05,2018-10-24,139466,8984,25,2,6,5,64,9,85,Not Rated,0.0
10277,2018-10-04,2018-10-10,677168,10603,64,2,5,5,64,9,85,Not Rated,0.0
10278,2018-10-05,2018-10-08,1554,11116,51,2,5,5,12,9,16,Not Rated,0.0
10279,2018-10-05,2018-10-17,20077,11194,48,2,5,5,12,9,81,Not Rated,0.0
10280,2018-10-05,2018-10-29,1866292,10112,71,2,3,5,12,9,42,Not Rated,0.0
10281,2018-10-08,2018-10-22,1660678,2065,38,2,3,5,15,9,42,Not Rated,0.0
10282,2018-10-05,2018-10-18,2017294,10987,46,2,3,5,58,9,85,Not Rated,0.0
10283,2018-10-08,2018-10-10,497011,12065,11,2,5,5,58,9,85,Not Rated,0.0
10284,2018-10-09,2018-10-09,1750724,11150,47,2,5,5,12,9,16,NSA,0.0
10285,2018-10-09,2018-10-10,1707279,11747,64,2,5,5,59,9,16,SAT,0.0
10286,2018-10-09,2018-10-10,501739,11246,46,2,5,1,59,9,16,SAT,0.0
10287,2018-10-09,2018-10-09,1675538,11552,38,2,5,5,58,9,16,SAT,0.0
10288,2018-10-09,2018-10-10,129391,10720,58,2,5,5,59,9,16,SAT,0.0
10289,2018-10-09,2018-10-10,769691,10071,10,2,5,5,59,9,16,SAT,0.0
10290,2018-10-09,2018-10-19,1709876,9610,53,2,3,5,8,9,85,Not Rated,0.0
10291,2018-10-09,2018-10-10,528076,2504,35,2,5,5,59,9,16,SAT,0.0
10292,2018-10-08,2018-11-12,583971,9933,37,2,6,5,50,9,-1,Not Rated,0.0
10293,2018-10-09,2018-10-10,683077,496,24,2,5,5,52,9,16,SAT,0.0
10294,2018-10-09,2018-11-02,2389313,820,18,2,3,5,8,9,85,Not Rated,0.0
10295,2018-09-17,2018-11-29,439432,9559,52,2,5,5,64,9,42,Not Rated,0.0
10296,2018-10-10,2018-10-26,2038697,9856,35,2,3,5,58,9,85,Not Rated,0.0
10297,2018-10-01,2018-10-30,2472285,11148,55,2,5,5,10,9,85,Not Rated,0.0
10298,2018-10-10,2018-10-12,2093053,11268,28,2,9,7,12,9,-1,Not Rated,0.0
10299,2018-10-10,2018-10-12,884789,10430,49,2,9,7,12,9,-1,Not Rated,0.0
10300,2018-10-11,2018-10-17,2137040,10426,64,2,5,5,59,9,16,SAT,0.0
10301,2018-10-11,2018-10-12,1875076,2172,14,2,5,5,59,9,16,SAT,0.0
10302,2018-10-11,2018-10-12,109553,11116,37,2,5,5,59,9,16,SAT,0.0
10303,2018-10-11,2018-10-11,2383497,10948,70,2,9,7,12,9,85,Not Rated,0.0
10304,2018-10-11,2018-10-11,109496,9175,31,2,9,7,12,9,85,Not Rated,0.0
10305,2018-10-11,2018-10-12,537525,10067,45,2,3,5,58,9,42,Not Rated,0.0
10306,2018-10-04,2018-10-11,644808,12589,10,2,3,5,7,9,85,Not Rated,0.0
10307,2018-10-11,2018-10-26,1599555,12299,52,2,3,5,44,9,42,Not Rated,0.0
10308,2018-10-11,2018-11-02,1892783,9347,12,2,5,5,64,9,42,Not Rated,0.0
10309,2018-10-11,2018-11-14,2017615,528,26,2,5,5,50,9,42,Not Rated,0.0
10310,2018-10-12,2018-10-12,874633,2676,4,2,9,7,16,9,-1,Not Rated,0.0
10311,2018-10-15,2018-10-17,880257,9419,42,2,5,5,59,9,16,SAT,0.0
10312,2018-10-15,2018-10-17,336303,12605,68,2,5,5,59,9,16,SAT,0.0
10313,2018-10-15,2018-10-15,1983342,2500,31,2,5,5,12,9,16,NSA,0.0
10314,2018-10-15,2018-10-17,2120058,282,39,2,5,5,59,9,16,SAT,0.0
10315,2018-10-15,2018-10-17,524786,10973,40,2,5,5,59,9,16,SAT,0.0
10316,2018-10-15,2018-10-17,1855944,1499,11,2,5,5,59,9,16,SAT,0.0
10317,2018-10-15,2018-10-29,1807450,8955,24,2,5,5,59,9,16,SAT,0.0
10318,2018-10-12,2018-12-05,1791332,9211,70,2,5,5,40,9,85,Not Rated,0.0
10319,2018-10-15,2018-10-23,2111209,175,19,2,9,7,40,9,-1,Not Rated,0.0
10320,2018-10-16,2018-11-09,163928,528,41,2,5,5,44,9,42,Not Rated,0.0
10322,2018-10-16,2018-11-09,213576,9826,50,2,5,5,64,9,42,Not Rated,0.0
10323,2018-10-16,2018-10-16,193396,10739,41,2,5,5,12,9,16,SAT,0.0
10324,2018-10-16,2018-10-25,760794,11840,44,2,5,5,59,9,16,SAT,0.0
10325,2018-10-16,2018-10-17,842993,10618,6,2,5,5,59,9,16,SAT,0.0
10329,2018-10-16,2018-11-09,1675334,11278,52,2,5,5,44,9,42,Not Rated,0.0
10330,2018-10-16,2018-12-03,2159897,1430,60,2,4,5,50,9,42,Not Rated,0.0
10331,2018-10-16,2018-11-09,622988,11849,23,2,5,5,64,9,42,Not Rated,0.0
10332,2018-10-16,2018-11-09,2186383,8917,74,2,5,5,44,9,42,Not Rated,0.0
10333,2018-10-16,2018-11-09,896779,494,12,2,5,5,64,9,42,Not Rated,0.0
10334,2018-10-16,2018-11-09,2181044,1342,20,2,5,5,44,9,42,Not Rated,0.0
10335,2018-10-16,2018-11-12,1837067,564,15,2,3,5,50,9,42,Not Rated,0.0
10337,2018-10-16,2018-11-09,196083,581,32,2,5,5,64,9,42,Not Rated,0.0
10338,2018-10-16,2018-11-09,1848838,2478,46,2,5,5,44,9,42,Not Rated,0.0
10339,2018-10-16,2018-11-09,748903,8585,48,2,5,5,64,9,42,Not Rated,0.0
10340,2018-10-16,2018-11-02,835382,2502,18,2,3,5,12,9,42,Not Rated,0.0
10341,2018-10-16,2018-10-24,755945,11487,5,2,5,5,64,9,85,Not Rated,0.0
10342,2018-10-16,2018-10-26,355064,2065,44,2,3,5,18,9,85,Not Rated,0.0
10343,2018-09-04,2018-10-17,2385690,11154,18,2,3,5,58,9,85,Not Rated,0.0
10344,2018-10-17,2018-10-17,1743718,9562,13,2,5,5,64,9,85,Not Rated,0.0
10345,2018-10-16,2018-10-31,1862090,1516,18,2,3,5,7,9,42,Not Rated,0.0
10346,2018-10-17,2018-10-26,1804478,8201,27,2,5,5,10,9,42,Not Rated,0.0
10347,2018-10-16,2018-11-28,29815,10983,20,2,5,5,10,9,42,Not Rated,0.0
10348,2018-10-17,2018-10-18,1878074,11131,20,2,3,5,64,9,85,Not Rated,0.0
10349,2018-10-17,2018-11-09,768137,12328,57,2,5,5,44,9,42,Not Rated,0.0
10350,2018-10-17,2018-11-09,77801,9858,66,2,5,5,44,9,42,Not Rated,0.0
10351,2018-10-17,2018-11-09,411490,8201,4,2,5,5,64,9,42,Not Rated,0.0
10352,2018-10-17,2018-11-09,2004845,11116,21,2,5,5,64,9,42,Not Rated,0.0
10353,2018-10-18,2018-11-22,1795163,9901,60,2,5,5,10,9,85,Not Rated,0.0
10354,2018-10-18,2018-10-19,1821196,9499,56,2,5,5,59,9,16,SAT,0.0
10355,2018-10-18,2018-10-19,622326,11031,53,2,5,5,59,9,16,SAT,0.0
10356,2018-10-16,2018-10-25,354546,8953,62,2,5,4,12,9,42,Not Rated,0.0
10357,2018-10-18,2018-11-20,883702,10172,14,2,3,5,66,9,42,Not Rated,0.0
10358,2018-10-18,2018-10-24,20175,11157,62,2,5,5,64,9,42,Not Rated,0.0
10359,2018-10-19,2018-10-19,655082,9998,63,2,5,5,59,9,16,SAT,0.0
10360,2018-10-19,2018-10-22,1913877,11822,54,2,5,5,64,9,85,Not Rated,0.0
10361,2018-10-19,2018-10-29,101467,9799,69,2,9,7,40,9,-1,Not Rated,0.0
10362,2018-10-19,2018-10-29,807121,11039,50,2,9,7,40,9,-1,Not Rated,0.0
10363,2018-10-18,2018-11-20,2018819,10587,53,2,5,5,12,9,85,Not Rated,0.0
10364,2018-10-19,2018-10-26,1916245,10566,76,2,3,5,40,9,85,Not Rated,0.0
10365,2018-10-22,2018-11-09,438454,7979,42,2,5,5,44,9,42,Not Rated,0.0
10366,2018-10-22,2018-10-22,1814372,11262,42,2,5,5,59,9,16,NSA,0.0
10367,2018-10-22,2018-10-22,598190,11077,46,2,5,5,61,9,16,SAT,0.0
10368,2018-10-22,2018-12-04,195802,1706,50,2,5,5,25,9,85,Not Rated,0.0
10369,2018-10-22,2018-10-25,2019207,9395,44,2,5,5,12,9,42,Not Rated,0.0
10370,2018-10-22,2018-10-23,881873,940,45,2,9,7,16,9,85,Not Rated,0.0
10371,2018-10-22,2018-10-29,891002,11083,26,2,5,5,58,9,85,Not Rated,0.0
10372,2018-10-22,2018-10-23,2116839,8948,10,2,9,5,10,9,42,Not Rated,0.0
10373,2018-10-18,2018-11-16,19868,2676,24,2,3,5,7,9,85,Not Rated,0.0
10374,2018-10-23,2018-10-25,816167,1419,4,2,5,5,52,9,16,SAT,0.0
10375,2018-10-23,2018-10-25,2106915,11287,6,2,5,5,59,9,16,SAT,0.0
10376,2018-10-23,2018-10-30,217216,7654,54,2,5,5,59,9,16,SAT,0.0
10377,2018-10-23,2018-10-24,657871,11172,38,2,5,5,61,9,16,SAT,0.0
10378,2019-03-13,2019-04-08,1765152,8055,8,2,9,5,10,9,85,Not Rated,0.0
10379,2018-10-23,2018-10-24,775139,138,35,2,5,5,57,9,16,SAT,0.0
10380,2018-10-22,2018-11-20,2102526,791,21,2,3,5,64,9,85,Not Rated,0.0
10381,2018-10-23,2018-10-25,534828,10991,71,2,5,5,59,9,16,SAT,0.0
10382,2018-10-23,2018-10-25,1806702,11148,47,2,5,5,59,9,16,SAT,0.0
10383,2018-10-23,2018-10-25,2362973,10967,68,2,5,5,12,9,16,SAT,0.0
10384,2018-10-23,2018-10-29,600878,10379,33,2,3,5,64,9,85,Not Rated,0.0
10385,2018-10-22,2018-11-07,1843792,11083,33,2,5,5,38,9,42,Not Rated,0.0
10386,2018-10-24,2018-11-23,717633,11849,26,2,3,5,58,9,85,Not Rated,0.0
10387,2018-10-25,2018-10-25,298622,7654,9,2,5,5,58,9,85,Not Rated,0.0
10388,2018-10-22,2018-10-25,1659840,10297,51,2,5,5,12,9,16,Not Rated,0.0
10389,2018-10-22,2018-11-08,143621,10993,10,2,7,5,19,9,42,Not Rated,0.0
10390,2018-10-22,2018-11-12,795656,10991,25,2,3,5,12,9,42,Not Rated,0.0
10391,2018-10-23,2018-12-04,782049,10623,11,2,5,5,63,9,42,Not Rated,0.0
10392,2018-10-25,2018-11-08,2187465,12299,69,2,5,5,12,9,16,SAT,0.0
10393,2018-10-25,2018-10-29,1799478,9918,63,2,5,5,59,9,16,SAT,0.0
10394,2018-10-25,2018-10-25,2116801,11001,40,2,5,5,59,9,-1,Not Rated,0.0
10395,2018-10-24,2018-10-31,592254,2500,14,2,3,5,12,9,16,Not Rated,0.0
10396,2018-10-23,2018-11-02,1799498,978,17,2,5,5,12,9,85,Not Rated,0.0
10397,2018-10-25,2018-10-29,1839926,11052,50,2,5,5,12,9,42,Not Rated,0.0
10398,2018-10-25,2018-10-29,1847968,11036,50,2,5,5,59,9,16,SAT,0.0
10399,2018-10-25,2018-10-29,375386,11131,4,2,5,5,59,9,16,SAT,0.0
10400,2018-10-24,2018-11-15,666378,868,2,2,3,5,8,9,85,SAT,0.0
10401,2018-10-25,2018-10-30,695612,11182,15,2,5,5,58,9,85,Not Rated,0.0
10402,2018-10-24,2018-11-02,2107235,11246,32,2,3,5,58,9,42,Not Rated,0.0
10403,2018-10-25,2018-10-31,2347952,11107,60,2,3,5,12,9,42,Not Rated,0.0
10404,2018-10-25,2018-10-25,624175,12024,8,2,5,5,12,9,42,Not Rated,0.0
10405,2018-10-24,2018-10-30,2115154,11781,42,2,5,5,58,9,85,Not Rated,0.0
10406,2018-10-18,2018-11-05,530621,9272,65,2,9,1,66,9,42,Not Rated,0.0
10407,2018-10-24,2018-11-05,258166,12034,24,2,9,1,66,9,42,Not Rated,0.0
10408,2018-10-25,2018-12-05,1888441,12334,22,2,5,4,6,9,42,Not Rated,0.0
10409,2018-10-26,2018-11-01,190856,11029,63,2,5,5,10,9,42,Not Rated,0.0
10410,2018-10-24,2018-10-26,874633,11083,71,2,5,4,10,9,-1,Not Rated,0.0
10411,2018-10-19,2018-10-26,423436,11044,61,2,5,5,10,9,42,Not Rated,0.0
10412,2018-10-24,2018-11-23,2117212,10749,11,2,5,5,19,9,85,Not Rated,0.0
10413,2018-10-29,2018-10-30,1880443,10186,62,2,9,7,31,9,85,Not Rated,0.0
10414,2018-10-29,2018-11-26,1878066,11849,38,2,5,5,19,9,85,Not Rated,0.0
10415,2018-10-29,2018-11-28,531724,645,48,2,3,5,64,9,85,Not Rated,0.0
10416,2018-10-25,2018-10-31,775654,11265,3,2,4,5,12,9,42,Not Rated,0.0
10417,2018-10-30,2018-10-31,617833,8120,78,2,5,5,59,9,16,SAT,0.0
10418,2018-10-30,2018-10-31,1816763,8197,34,2,5,5,59,9,16,SAT,0.0
10419,2018-10-30,2018-10-30,1880891,1876,26,2,5,5,61,9,16,SAT,0.0
10420,2018-10-30,2018-10-30,2103202,1201,30,2,5,5,59,9,16,Not Rated,0.0
10421,2018-10-30,2018-10-31,2116035,1516,58,2,5,5,59,9,16,SAT,0.0
10422,2018-10-30,2018-10-31,1757534,820,3,2,5,5,59,9,16,SAT,0.0
10423,2018-10-30,2018-10-30,858916,2538,15,2,5,5,59,9,16,SAT,0.0
10424,2018-10-25,2018-11-19,737054,11107,11,2,3,5,12,9,42,Not Rated,0.0
10425,2018-10-29,2018-11-02,826604,12727,58,2,6,5,58,9,85,Not Rated,0.0
10426,2018-10-30,2018-11-02,1836293,11482,43,2,6,5,58,9,85,Not Rated,0.0
10427,2018-10-31,2018-12-11,194206,12346,29,2,5,5,42,9,85,Not Rated,0.0
10428,2018-11-01,2018-11-01,2067089,10160,45,2,5,5,12,9,16,SAT,0.0
10429,2018-10-31,2018-11-01,177504,11984,52,2,5,5,64,9,42,Not Rated,0.0
10430,2018-10-31,2018-11-26,2199096,11030,18,2,5,5,12,9,42,Not Rated,0.0
10431,2018-10-31,2018-11-15,1882106,12769,21,2,3,5,12,9,42,Not Rated,0.0
10432,2018-11-01,2018-11-02,2182622,8055,28,2,5,5,59,9,16,SAT,0.0
10433,2018-11-01,2018-11-02,409197,581,15,2,5,5,59,9,16,SAT,0.0
10434,2018-11-01,2018-11-02,1835487,73,28,2,5,5,59,9,16,SAT,0.0
10435,2018-11-01,2018-11-02,1707181,11146,6,2,5,5,52,9,16,SAT,0.0
10436,2018-11-01,2018-11-07,2066838,10992,54,2,5,5,57,9,16,SAT,0.0
10437,2018-10-24,2018-11-13,2069418,8919,14,2,5,5,10,9,85,SAT,0.0
10439,2018-10-31,2018-12-13,29964,10601,52,2,5,5,4,9,42,Not Rated,0.0
10440,2018-11-01,2018-11-01,2387404,11822,47,2,5,5,57,9,16,Not Rated,0.0
10441,2018-11-01,2018-11-02,2222080,11119,75,2,5,5,59,9,16,SAT,0.0
10442,2018-11-01,2018-11-06,712335,8055,8,2,5,5,66,9,42,Not Rated,0.0
10443,2018-11-01,2018-11-01,98296,11937,2,2,9,7,12,9,85,Not Rated,0.0
10444,2018-10-31,2018-11-22,301332,12346,30,2,3,5,12,9,42,Not Rated,0.0
10445,2018-10-30,2018-11-16,2066884,842,29,2,5,5,12,9,85,Not Rated,0.0
10446,2018-10-31,2018-11-23,1826580,11984,63,2,5,5,62,9,85,Not Rated,0.0
10447,2018-11-02,2018-11-23,1853665,10576,19,2,5,5,4,9,42,Not Rated,0.0
10448,2018-10-24,2018-11-05,596036,187,76,2,9,1,66,9,42,Not Rated,0.0
10449,2018-11-05,2018-11-27,1788421,11099,9,2,5,5,12,9,42,Not Rated,0.0
10450,2018-11-06,2018-11-12,2381652,11220,31,2,5,5,62,9,42,SAT,0.0
10451,2018-11-06,2018-11-08,300910,235,24,2,5,5,59,9,16,SAT,0.0
10452,2018-11-06,2018-11-08,1861075,10764,40,2,5,5,59,9,16,SAT,0.0
10453,2018-11-06,2018-11-06,486923,8120,38,2,5,5,65,9,16,SAT,0.0
10454,2018-11-06,2018-11-14,1885344,1956,37,2,5,5,58,9,42,Not Rated,0.0
10455,2018-11-06,2018-11-13,1890636,2637,54,2,5,5,10,9,42,Not Rated,0.0
10456,2018-11-06,2019-01-10,1815535,9918,49,2,9,7,12,9,42,Not Rated,0.0
10457,2018-11-07,2018-11-07,1863288,11162,38,2,5,5,12,9,16,SAT,0.0
10458,2018-11-07,2018-11-07,2410075,2335,48,2,3,5,7,9,-1,Not Rated,0.0
10459,2018-11-07,2018-11-20,1710538,12038,5,2,3,5,10,9,42,Not Rated,0.0
10460,2018-11-08,2018-11-08,2079868,10566,35,2,3,5,58,9,42,Not Rated,0.0
10461,2018-11-08,2018-11-08,1659622,9646,46,2,5,5,57,9,16,SAT,0.0
10462,2018-11-07,2018-11-09,885065,2507,1,2,3,5,64,9,42,Not Rated,0.0
10463,2018-11-08,2018-11-08,1838871,11904,8,2,5,5,65,9,16,SAT,0.0
10464,2018-11-08,2018-11-09,82301,9247,71,2,5,5,59,9,16,SAT,0.0
10465,2018-11-07,2018-11-12,635381,12003,53,2,5,5,64,9,42,Not Rated,0.0
10466,2018-11-07,2018-12-07,1911411,1309,37,2,5,5,64,9,42,Not Rated,0.0
10467,2018-11-08,2018-11-23,1813121,12024,55,2,4,5,12,9,42,Not Rated,0.0
10468,2018-11-08,2018-11-30,2052667,11714,33,2,5,5,10,9,85,Not Rated,0.0
10469,2018-11-09,2018-12-18,767904,11275,35,2,5,5,12,9,16,SAT,0.0
10470,2018-10-31,2018-11-14,2055469,601,47,2,3,5,58,9,42,Not Rated,0.0
10471,2018-11-09,2018-11-09,2343275,12048,28,2,9,7,57,9,85,Not Rated,0.0
10472,2018-11-12,2018-11-12,1708226,2206,47,2,3,5,12,9,85,Not Rated,0.0
10473,2018-11-13,2018-12-28,456765,1526,58,2,3,5,58,9,42,Not Rated,0.0
10474,2018-11-13,2018-11-28,1764589,11113,22,2,3,5,7,9,42,Not Rated,0.0
10475,2018-11-13,2018-11-13,315981,11151,57,2,5,5,59,9,16,SAT,0.0
10476,2018-11-12,2018-11-14,2103885,528,35,2,5,5,42,9,85,SAT,0.0
10477,2018-11-14,2018-11-15,1888823,11954,41,2,5,5,12,9,16,SAT,0.0
10478,2018-11-14,2018-11-15,2204563,1515,27,2,5,5,61,9,16,SAT,0.0
10479,2018-11-14,2018-11-15,1910809,11083,52,2,5,5,59,9,16,SAT,0.0
10480,2018-11-14,2018-11-15,419298,11119,43,2,5,5,59,9,16,SAT,0.0
10481,2018-11-14,2018-11-15,710647,9247,54,2,5,5,65,9,16,SAT,0.0
10482,2018-11-14,2018-11-15,2581366,745,41,2,5,5,59,9,16,SAT,0.0
10483,2018-11-14,2018-11-15,1904504,12621,17,2,5,5,12,9,16,SAT,0.0
10484,2018-11-14,2018-11-15,1872501,7949,64,2,3,5,64,9,85,Not Rated,0.0
10485,2018-11-13,2018-11-22,1905628,8138,40,2,3,5,58,9,42,Not Rated,0.0
10486,2018-11-14,2018-11-30,1773382,11171,55,2,5,5,42,9,85,Not Rated,0.0
10487,2018-11-12,2018-11-15,454570,9670,8,2,5,5,44,9,42,Not Rated,0.0
10488,2018-11-14,2018-12-10,155617,8949,9,2,3,5,58,9,42,Not Rated,0.0
10489,2018-11-14,2018-12-10,732844,10720,78,2,3,5,64,9,42,Not Rated,0.0
10490,2018-11-15,2018-11-15,1839926,9797,26,2,5,5,64,9,42,Not Rated,0.0
10491,2018-11-14,2018-11-22,571888,12334,25,2,3,5,58,9,42,Not Rated,0.0
10492,2018-11-15,2018-11-20,306354,11904,42,2,5,5,12,9,42,Not Rated,0.0
10493,2018-11-15,2018-11-16,1837346,11668,60,2,5,5,58,9,85,Not Rated,0.0
10494,2018-11-12,2018-11-23,1836059,151,7,2,3,5,66,9,42,Not Rated,0.0
10495,2018-11-12,2018-11-16,300681,7841,3,2,5,5,58,9,85,Not Rated,0.0
10496,2018-11-12,2018-11-16,643559,12605,48,2,5,5,58,9,85,Not Rated,0.0
10497,2018-11-05,2018-11-26,251837,11003,3,2,5,5,40,9,85,Not Rated,0.0
10498,2018-11-09,2018-11-13,782566,1200,74,2,3,5,40,9,85,Not Rated,0.0
10499,2018-11-19,2018-11-22,1731093,10326,58,2,5,5,57,9,16,SAT,0.0
10500,2018-11-19,2018-11-20,892885,10639,75,1,5,5,59,9,16,SAT,0.0
10501,2018-11-19,2018-11-20,133812,843,69,2,5,5,59,9,16,SAT,0.0
10502,2018-11-19,2018-11-19,1883562,11265,19,2,5,5,59,9,16,Not Rated,0.0
10503,2018-11-19,2018-11-19,674517,2128,52,2,5,5,59,9,16,Not Rated,0.0
10504,2018-11-19,2018-11-20,2289945,8569,77,2,5,5,59,9,16,SAT,0.0
10505,2018-11-16,2018-12-12,360497,10430,55,2,3,5,40,9,85,Not Rated,0.0
10506,2018-11-20,2018-12-04,120237,9410,20,2,5,5,64,9,42,Not Rated,0.0
10507,2018-11-20,2018-11-20,1732571,9901,26,2,5,5,58,9,16,SAT,0.0
10508,2018-11-20,2018-11-23,2362145,10998,9,2,5,5,58,9,85,Not Rated,0.0
10509,2018-11-21,2018-11-22,1825386,12358,9,2,6,5,12,9,16,SAT,0.0
10510,2018-11-16,2018-12-28,1613840,2322,64,2,5,5,9,9,42,Not Rated,0.0
10511,2018-11-20,2018-11-23,472524,7654,42,2,5,5,64,9,85,Not Rated,0.0
10512,2018-11-21,2018-11-23,323379,2460,5,2,5,5,12,9,16,SAT,0.0
10513,2018-11-21,2018-11-22,600558,2340,65,2,5,5,59,9,16,SAT,0.0
10514,2018-11-21,2018-11-27,2109067,11626,24,2,5,5,12,9,16,SAT,0.0
10515,2018-11-21,2018-11-22,377651,12066,36,2,5,5,12,9,16,SAT,0.0
10516,2018-11-21,2018-11-22,849023,11252,29,2,5,5,59,9,16,SAT,0.0
10517,2018-11-27,2018-12-14,718069,10992,77,2,5,5,40,9,85,Not Rated,0.0
10518,2018-11-21,2018-11-23,544346,10576,67,2,5,5,64,9,85,Not Rated,0.0
10519,2018-11-22,2018-11-22,650718,11094,2,2,5,5,59,9,16,SAT,0.0
10520,2018-11-22,2018-11-29,2470056,9858,22,2,5,5,12,9,16,SAT,0.0
10521,2018-11-22,2019-01-10,2398023,11482,51,2,3,5,11,9,42,Not Rated,0.0
10522,2018-11-20,2018-12-12,2108392,1997,62,2,3,5,40,9,85,Not Rated,0.0
10523,2018-11-22,2018-11-26,1888890,12399,46,2,5,5,12,9,16,SAT,0.0
10524,2018-11-22,2018-11-26,1884506,10152,64,2,5,5,12,9,16,SAT,0.0
10525,2018-11-22,2018-11-29,589687,9858,50,2,3,5,66,9,81,Not Rated,0.0
10526,2018-11-22,2019-01-09,1787076,1748,24,2,3,5,11,9,81,SAT,0.0
10527,2018-11-22,2018-11-23,1867202,529,63,2,5,5,58,9,85,Not Rated,0.0
10528,2018-11-23,2018-11-23,1886209,2206,6,2,5,5,64,9,85,Not Rated,0.0
10529,2018-11-23,2018-12-17,2104285,938,34,2,5,5,42,9,85,Not Rated,0.0
10530,2018-11-19,2018-11-26,1753742,8996,39,2,5,4,12,9,81,Not Rated,0.0
10531,2018-11-23,2018-11-26,384333,7835,60,2,5,5,58,9,85,Not Rated,0.0
10532,2018-11-22,2018-11-26,349838,11715,65,2,5,5,58,9,85,Not Rated,0.0
10533,2018-11-23,2018-11-28,2152313,11273,40,2,3,5,12,9,85,Not Rated,0.0
10534,2018-11-23,2018-12-19,893174,11059,38,2,5,5,12,9,42,Not Rated,0.0
10535,2018-11-26,2018-12-03,895118,2666,31,2,9,5,10,9,81,Not Rated,0.0
10536,2018-11-26,2018-11-26,759441,11796,28,2,5,5,61,9,16,Not Rated,0.0
10537,2018-11-26,2018-11-26,596388,11036,67,2,5,5,57,9,16,SAT,0.0
10538,2018-11-26,2018-12-05,603179,10991,72,2,3,5,11,9,81,Not Rated,15000.74
10539,2018-11-29,2018-12-19,2400466,1865,8,2,5,5,63,9,85,Not Rated,0.0
10540,2018-11-29,2019-01-11,303974,11768,42,2,5,5,50,9,85,Not Rated,0.0
10541,2018-11-29,2018-12-21,1755416,8766,52,2,3,5,8,9,85,SAT,0.0
10542,2018-11-29,2018-12-05,479552,11137,49,2,5,5,10,9,85,Not Rated,0.0
10543,2018-11-30,2018-12-06,817295,11039,51,2,5,5,59,9,16,SAT,0.0
10544,2018-11-30,2018-12-05,572064,2107,10,2,5,5,59,9,16,NSA,0.0
10545,2018-11-30,2018-12-24,2237794,11910,40,2,5,5,42,9,85,Not Rated,0.0
10546,2018-11-30,2018-12-06,2176898,11093,49,2,5,5,59,9,16,SAT,0.0
10547,2018-11-30,2018-12-06,519031,12181,24,2,5,5,52,9,16,SAT,0.0
10548,2018-11-30,2018-11-30,1721627,1706,27,2,9,7,12,9,85,Not Rated,0.0
10549,2018-11-30,2018-11-30,286653,10744,33,2,9,7,12,9,42,Not Rated,0.0
10550,2018-11-30,2018-12-27,2018865,836,25,2,5,5,63,9,85,Not Rated,0.0
10551,2018-11-30,2018-12-04,619905,1526,20,2,5,5,58,9,85,Not Rated,0.0
10552,2018-11-30,2019-01-04,1700521,507,63,2,5,5,12,9,85,Not Rated,0.0
10553,2018-12-03,2018-12-11,2516012,269,41,2,5,5,58,9,85,Not Rated,0.0
10554,2018-11-30,2018-12-04,2440285,8858,70,2,5,5,12,9,81,Not Rated,0.0
10555,2018-12-05,2018-12-27,1814371,2158,13,2,5,5,36,9,42,Not Rated,0.0
10556,2018-12-05,2018-12-06,389952,2519,34,2,5,5,59,9,16,SAT,0.0
10557,2018-12-05,2018-12-06,1657212,11220,60,2,5,5,57,9,16,SAT,0.0
10558,2018-12-05,2018-12-05,270853,12346,6,2,9,7,40,9,85,Not Rated,0.0
10559,2018-11-28,2018-12-05,1787368,10147,15,2,5,5,12,9,81,Not Rated,0.0
10560,2018-12-05,2018-12-07,757655,8461,71,2,3,5,64,9,85,Not Rated,0.0
10561,2018-12-05,2018-12-07,457,2537,73,2,5,5,64,9,85,Not Rated,0.0
10562,2018-12-05,2018-12-13,1809197,2584,5,2,5,5,8,9,85,Not Rated,0.0
10563,2018-12-06,2018-12-07,734360,11669,2,2,5,5,58,9,85,Not Rated,0.0
10564,2018-12-10,2018-12-18,1790400,8201,16,2,9,7,40,9,85,Not Rated,0.0
10565,2018-12-06,2019-01-16,2129101,2696,71,2,3,5,11,9,42,Not Rated,0.0
10566,2018-12-07,2018-12-10,2382058,133,60,2,3,5,58,9,42,Not Rated,0.0
10567,2018-12-10,2018-12-10,1830650,12102,24,2,5,5,58,9,42,Not Rated,0.0
10568,2018-12-05,2018-12-31,17480,8055,34,2,5,5,32,9,42,Not Rated,0.0
10569,2018-12-10,2018-12-11,262986,1875,16,2,3,5,12,9,85,Not Rated,0.0
10570,2018-12-07,2018-12-13,1863565,11104,14,2,3,5,7,9,42,Not Rated,0.0
10571,2018-12-11,2018-12-14,483815,11104,24,2,5,5,59,9,16,NSA,0.0
10572,2018-12-11,2018-12-12,139741,11066,69,2,5,5,57,9,16,NSA,0.0
10573,2018-12-11,2018-12-13,1707870,11139,57,2,5,5,12,9,16,SAT,0.0
10574,2018-12-11,2018-12-12,193547,2500,14,2,5,5,59,9,16,SAT,0.0
10575,2018-12-11,2018-12-12,1773476,11100,61,2,5,5,57,9,16,SAT,0.0
10576,2018-12-11,2018-12-28,1990366,9206,31,2,4,5,58,9,85,Not Rated,0.0
10577,2018-12-06,2018-12-11,1923726,12354,63,2,3,4,58,9,85,Not Rated,0.0
10578,2018-12-11,2018-12-13,1787672,974,32,2,5,5,12,9,16,SAT,0.0
10579,2018-12-11,2018-12-12,1905921,1526,4,2,5,5,59,9,16,SAT,0.0
10580,2018-12-11,2018-12-11,1836154,1275,72,2,5,5,57,9,16,SAT,0.0
10581,2018-12-10,2018-12-17,198018,345,30,2,3,5,64,9,85,Not Rated,0.0
10582,2018-12-11,2018-12-11,2454052,2380,39,2,6,5,59,9,16,SAT,0.0
10583,2018-12-11,2018-12-13,891621,10359,43,2,5,5,52,9,16,SAT,0.0
10584,2018-12-11,2018-12-12,2033422,1957,26,2,5,5,59,9,16,SAT,0.0
10585,2018-12-11,2018-12-12,2554558,10160,49,2,5,5,57,9,16,SAT,0.0
10586,2018-12-11,2018-12-12,891002,11781,42,2,5,5,59,9,16,SAT,0.0
10587,2018-12-11,2018-12-12,1886746,9227,26,2,5,5,59,9,16,SAT,0.0
10588,2018-12-11,2018-12-12,459342,1994,42,2,5,5,59,9,16,SAT,0.0
10589,2018-11-20,2018-12-12,495907,1465,50,2,5,5,40,9,85,Not Rated,0.0
10590,2018-12-12,2018-12-13,483811,11156,61,2,5,5,57,9,16,Not Rated,0.0
10591,2018-12-12,2018-12-12,91741,10187,77,2,5,5,65,9,16,SAT,0.0
10592,2018-12-12,2018-12-18,893467,1462,62,2,4,5,12,9,85,Not Rated,0.0
10593,2018-12-12,2018-12-14,302958,2103,41,2,5,5,58,9,85,Not Rated,0.0
10594,2018-12-11,2018-12-14,2415150,11171,41,2,5,5,58,9,85,Not Rated,0.0
10595,2018-12-13,2018-12-31,2111519,1706,64,2,5,5,10,9,85,Not Rated,0.0
10596,2018-12-12,2018-12-14,625011,7835,19,2,9,7,12,9,85,Not Rated,0.0
10597,2018-12-13,2018-12-21,119882,7835,43,2,5,4,12,9,42,Not Rated,0.0
10598,2018-12-14,2018-12-14,209716,11182,36,2,5,5,59,9,16,SAT,0.0
10599,2018-12-13,2019-01-03,188623,10428,16,2,5,5,10,9,85,Not Rated,0.0
10601,2018-12-13,2019-01-03,2430176,10820,66,2,5,5,63,9,85,Not Rated,0.0
10602,2018-12-14,2018-12-14,383206,1678,63,2,5,5,59,9,16,SAT,0.0
10603,2018-12-14,2018-12-14,1814088,12476,75,2,5,5,65,9,16,SAT,0.0
10604,2018-12-13,2019-01-07,290190,1081,19,2,4,5,50,9,42,Not Rated,0.0
10605,2018-12-13,2019-01-07,758110,125,23,2,4,5,50,9,42,Not Rated,0.0
10607,2018-12-13,2019-01-07,1792697,10130,65,2,4,5,50,9,42,Not Rated,0.0
10608,2018-12-12,2018-12-14,2314302,938,70,2,5,5,58,9,85,Not Rated,0.0
10609,2018-12-17,2019-01-17,2338654,7626,53,2,5,5,12,9,42,Not Rated,0.0
10610,2018-12-17,2018-12-21,1911410,11132,42,2,5,5,12,9,42,Not Rated,0.0
10611,2018-12-14,2018-12-18,676077,10587,56,2,3,5,64,9,85,Not Rated,0.0
10612,2018-12-17,2018-12-17,497163,11971,42,2,5,5,58,9,85,Not Rated,0.0
10613,2018-12-14,2019-01-16,826293,11545,75,2,3,5,58,9,42,Not Rated,0.0
10614,2018-12-17,2018-12-18,856149,10490,17,2,5,5,65,9,16,SAT,0.0
10615,2018-12-17,2018-12-28,537855,1266,29,2,3,5,12,9,42,Not Rated,0.0
10616,2018-12-14,2018-12-18,2037271,2175,64,1,2,5,40,9,42,Not Rated,3000.0
10617,2018-12-17,2018-12-19,107063,9372,56,2,3,5,12,9,42,Not Rated,0.0
10618,2018-12-18,2018-12-24,2438551,10297,41,2,3,5,58,9,42,Not Rated,0.0
10619,2018-12-18,2019-01-03,1699704,1092,77,2,5,5,19,9,85,Not Rated,0.0
10620,2018-12-18,2019-01-15,1861382,10152,51,2,5,5,12,9,42,Not Rated,0.0
10621,2018-12-19,2018-12-20,2107934,12034,28,2,5,5,58,9,42,Not Rated,0.0
10622,2018-12-20,2019-01-03,1613840,12192,24,2,5,5,10,9,42,Not Rated,0.0
10623,2018-12-20,2019-01-03,1814338,12475,65,2,5,5,12,9,42,Not Rated,0.0
10624,2018-12-20,2018-12-21,2058692,868,66,2,5,5,59,9,16,SAT,0.0
10625,2018-12-20,2018-12-20,829354,10359,75,2,3,5,58,9,42,Not Rated,0.0
10626,2018-12-20,2018-12-24,281669,9775,29,2,3,5,64,9,42,Not Rated,0.0
10627,2018-12-20,2018-12-21,2039169,7841,21,2,5,5,59,9,16,SAT,0.0
10628,2018-12-20,2018-12-21,141877,9610,64,2,5,5,65,9,16,SAT,0.0
10629,2018-12-20,2018-12-20,819295,753,32,2,5,5,59,9,16,NSA,0.0
10630,2018-12-20,2018-12-20,141424,8948,8,2,5,5,59,9,16,SAT,0.0
10631,2018-12-20,2018-12-21,896790,1499,2,2,5,5,59,9,16,SAT,0.0
10632,2018-12-20,2018-12-21,2052828,9247,77,2,5,5,59,9,16,SAT,0.0
10633,2018-12-20,2018-12-21,280976,9775,66,2,5,5,59,9,16,SAT,0.0
10634,2018-12-21,2018-12-21,870568,11050,18,2,5,5,59,9,16,NSA,0.0
10635,2018-12-24,2018-12-27,32644,10563,53,2,5,7,12,9,42,Not Rated,0.0
10636,2018-12-19,2019-01-16,896779,10490,12,2,3,7,21,9,85,Not Rated,0.0
10637,2018-12-21,2019-01-14,865332,1956,15,2,3,5,21,9,42,Not Rated,0.0
10638,2018-12-21,2018-12-21,1903677,9983,74,2,5,5,58,9,16,SAT,0.0
10639,2018-12-21,2018-12-24,1901890,12038,37,2,3,5,58,9,42,Not Rated,0.0
10640,2018-12-24,2018-12-24,1874353,12414,13,2,9,5,10,9,42,Not Rated,0.0
10641,2018-12-27,2019-01-07,2124882,8399,13,2,5,5,59,9,16,SAT,0.0
10642,2018-12-24,2019-01-04,775806,2500,18,2,3,5,64,9,85,Not Rated,0.0
10643,2018-12-28,2019-01-07,394988,9210,23,2,5,5,59,9,16,SAT,0.0
10644,2018-12-28,2019-01-07,712448,11139,74,2,5,5,59,9,16,SAT,0.0
10645,2018-12-28,2019-01-07,124062,10850,25,2,5,5,59,9,16,SAT,0.0
10646,2018-12-28,2018-12-28,1784829,12399,32,2,9,7,12,9,85,Not Rated,0.0
10647,2018-12-31,2019-01-25,1868481,10055,74,2,5,5,63,9,85,Not Rated,0.0
10648,2019-01-02,2019-01-02,220681,9803,51,2,5,5,58,9,42,Not Rated,0.0
10649,2019-01-02,2019-01-02,731212,9797,41,2,3,5,12,9,42,Not Rated,0.0
10650,2019-01-02,2019-01-21,494595,9853,3,2,3,5,66,9,42,SAT,90.0
10651,2019-01-02,2019-01-04,88099,10565,50,2,5,5,58,9,85,Not Rated,0.0
10652,2019-01-02,2019-01-04,111674,11713,12,2,5,5,58,9,85,Not Rated,0.0
10653,2019-01-04,2019-01-07,1923026,801,41,2,5,5,59,9,16,SAT,0.0
10654,2019-01-04,2019-01-14,1816199,10728,68,2,3,5,8,9,85,Not Rated,0.0
10655,2019-01-04,2019-01-07,1807853,12476,66,2,5,5,64,9,85,Not Rated,0.0
10656,2019-01-04,2019-01-07,1898871,11273,52,2,5,5,59,9,16,SAT,0.0
10657,2019-01-07,2019-01-07,2383948,12262,70,2,5,5,59,9,16,NSA,0.0
10658,2019-01-07,2019-01-07,1749250,1491,24,2,5,5,59,9,16,SAT,0.0
10659,2019-01-07,2019-01-08,1642881,10112,15,2,5,5,59,9,16,SAT,0.0
10660,2019-01-07,2019-01-08,588627,10637,64,2,5,5,59,9,16,SAT,0.0
10661,2019-01-07,2019-01-08,2102526,11175,9,2,5,5,59,9,16,SAT,0.0
10662,2019-01-07,2019-01-07,1642836,10360,73,2,5,5,59,9,16,NSA,0.0
10663,2019-01-07,2019-01-18,336003,1115,65,2,5,5,10,9,42,Not Rated,0.0
10664,2019-01-08,2019-01-10,2366649,1717,60,2,5,5,64,9,42,Not Rated,0.0
10665,2018-12-27,2019-01-17,91555,11071,1,2,5,5,64,9,85,Not Rated,0.0
10666,2019-01-09,2019-01-09,1769676,8063,21,2,5,5,59,9,16,NSA,0.0
10667,2019-01-09,2019-01-09,307755,12241,69,2,5,5,58,9,16,SAT,0.0
10668,2019-01-09,2019-01-09,1878050,11028,51,2,5,5,58,9,16,SAT,0.0
10669,2019-01-09,2019-02-01,2219169,11638,33,2,5,5,12,9,16,SAT,0.0
10670,2019-01-09,2019-01-10,2054444,1678,76,2,5,5,59,9,16,SAT,0.0
10671,2019-01-09,2019-01-21,112062,10106,18,2,4,5,50,9,85,Not Rated,0.0
10672,2019-01-09,2019-01-10,542944,2172,31,2,5,5,59,9,16,SAT,0.0
10673,2019-01-09,2019-01-11,1812892,138,78,2,5,5,59,9,16,SAT,0.0
10674,2019-01-09,2019-01-10,2107977,8066,7,2,6,5,59,9,16,SAT,0.0
10675,2019-01-09,2019-01-10,2115005,8138,44,2,5,5,57,9,16,SAT,0.0
10676,2019-01-08,2019-01-11,603246,12572,41,2,3,5,40,9,85,Not Rated,0.0
10677,2019-01-07,2019-01-16,891769,10197,33,2,6,5,40,9,85,Not Rated,0.0
10678,2019-01-09,2019-01-10,1860802,11156,51,2,5,5,12,9,85,Not Rated,0.0
10679,2019-01-09,2019-01-24,781635,12354,47,2,5,5,7,9,85,Not Rated,0.0
10680,2019-01-04,2019-01-15,2100560,9440,35,2,3,5,64,9,85,Not Rated,0.0
10681,2019-01-09,2019-01-10,1870085,12256,60,2,3,5,64,9,42,Not Rated,0.0
10682,2019-01-09,2019-01-11,1905979,11204,40,2,5,5,58,9,85,Not Rated,0.0
10683,2019-01-10,2019-01-10,303974,11487,49,2,9,5,12,9,42,Not Rated,0.0
10684,2019-01-08,2019-01-11,2463182,1516,71,2,5,7,66,9,42,SAT,1791.03
10685,2019-01-11,2019-01-11,502865,11493,11,2,5,5,66,9,42,SAT,0.0
10686,2019-01-11,2019-01-14,531308,10326,31,2,3,5,64,9,85,Not Rated,0.0
10688,2019-01-11,2019-01-14,490538,1086,17,2,3,5,64,9,85,Not Rated,0.0
10689,2019-01-10,2019-01-17,2242967,10749,51,2,3,5,40,9,85,Not Rated,0.0
10690,2019-01-14,2019-01-16,2368541,9410,45,2,5,5,58,9,42,Not Rated,0.0
10691,2019-01-14,2019-01-24,2096667,175,21,2,5,5,65,9,16,SAT,0.0
10692,2019-01-09,2019-01-15,1910417,9085,25,2,3,5,56,9,81,Not Rated,0.0
10693,2019-01-14,2019-01-15,116504,9893,34,2,9,5,10,9,42,Not Rated,0.0
10694,2019-01-14,2019-01-17,2186608,11107,14,2,3,5,12,9,85,Not Rated,0.0
10695,2019-01-14,2019-01-25,440729,10659,69,2,5,5,59,9,16,SAT,0.0
10696,2019-01-14,2019-01-23,289515,11131,38,2,5,5,59,9,16,SAT,0.0
10697,2019-01-14,2019-01-22,1599183,10218,13,2,5,5,61,9,16,SAT,0.0
10698,2019-01-14,2019-01-23,216580,974,39,2,5,5,12,9,16,SAT,0.0
10699,2019-01-10,2019-01-15,894024,12176,47,2,99,7,40,9,-1,Not Rated,0.0
10700,2019-01-10,2019-01-15,215889,11169,31,2,5,5,40,9,85,Not Rated,0.0
10701,2019-01-14,2019-01-29,1871462,11100,31,2,5,5,40,9,85,Not Rated,0.0
10702,2019-01-07,2019-01-15,717418,12087,17,2,5,5,64,9,42,Not Rated,0.0
10703,2019-01-15,2019-01-23,430628,10764,42,2,5,5,59,9,16,SAT,0.0
10704,2019-01-15,2019-02-07,1764250,11287,47,2,5,5,57,9,16,NSA,0.0
10705,2019-01-15,2019-01-23,1787038,1210,1,2,5,5,59,9,16,SAT,0.0
10706,2019-01-15,2019-01-25,854753,12066,76,2,5,5,59,9,16,SAT,0.0
10707,2019-01-15,2019-01-25,540969,10639,63,2,5,5,59,9,16,SAT,0.0
10708,2019-01-15,2019-01-29,2112884,1491,44,2,5,5,59,9,16,SAT,0.0
10709,2019-01-14,2019-01-23,1640559,10991,14,2,5,5,12,9,16,SAT,0.0
10710,2019-01-15,2019-01-29,785625,11230,41,2,3,5,12,9,85,Not Rated,0.0
10711,2019-01-16,2019-01-21,879866,12621,9,2,5,5,4,9,81,Not Rated,0.0
10712,2019-01-16,2019-01-17,800548,11204,72,2,9,5,32,9,42,Not Rated,0.0
10713,2019-01-17,2019-01-23,2147337,11444,46,2,5,5,7,9,16,SAT,0.0
10714,2019-01-17,2019-01-25,614285,11104,16,2,5,5,59,9,16,SAT,0.0
10715,2019-01-17,2019-01-22,1825964,994,49,2,5,5,59,9,16,NSA,0.0
10716,2019-01-17,2019-01-25,674238,9670,76,2,5,5,59,9,16,SAT,0.0
10717,2019-01-16,2019-01-29,2155842,10722,67,2,5,5,12,9,85,Not Rated,0.0
10718,2019-01-17,2019-01-23,200643,8984,35,2,5,5,65,9,16,SAT,0.0
10719,2019-01-18,2019-02-05,224090,12125,4,2,5,5,9,9,85,Not Rated,0.0
10720,2019-01-18,2019-01-24,1804780,11255,37,2,5,5,59,9,16,SAT,0.0
10721,2019-01-18,2019-01-29,580802,753,18,2,5,5,59,9,16,SAT,0.0
10722,2019-01-18,2019-01-23,1865781,960,62,2,5,5,57,9,16,SAT,0.0
10723,2019-01-18,2019-01-23,362181,197,70,2,5,5,57,9,16,SAT,0.0
10724,2019-01-18,2019-01-24,234926,8984,54,2,5,5,12,9,16,SAT,0.0
10725,2019-01-17,2019-01-23,1922781,9853,46,2,99,7,12,9,-1,Not Rated,0.0
10726,2019-01-21,2019-02-06,793754,12174,71,2,9,5,10,9,42,Not Rated,0.0
10727,2019-01-21,2019-02-06,2257726,10430,9,2,9,5,10,9,42,Not Rated,0.0
10728,2019-01-21,2019-01-21,873499,11071,44,2,5,5,40,9,42,Not Rated,0.0
10729,2019-01-15,2019-01-21,557833,8569,49,2,5,5,66,9,42,SAT,400.0
10730,2019-01-21,2019-02-12,1806626,9021,8,2,5,5,12,9,16,SAT,0.0
10731,2019-01-21,2019-02-13,696378,978,71,2,5,5,12,9,16,SAT,0.0
10732,2019-01-21,2019-01-29,838074,10116,24,2,5,5,59,9,16,SAT,0.0
10733,2019-01-21,2019-01-23,2115173,11100,21,2,99,7,12,9,-1,Not Rated,0.0
10734,2019-01-22,2019-01-22,1771314,11265,68,2,3,5,64,9,42,Not Rated,0.0
10735,2019-01-22,2019-01-22,1842289,11268,64,2,5,5,64,9,42,Not Rated,0.0
10736,2019-01-22,2019-01-23,495568,211,11,2,5,5,64,9,42,Not Rated,0.0
10737,2019-01-22,2019-01-29,896381,11255,30,2,5,5,59,9,16,SAT,0.0
10738,2019-01-22,2019-01-25,1832394,2537,68,2,3,5,59,9,16,SAT,0.0
10739,2019-01-22,2019-01-23,2084017,8932,1,2,5,5,12,9,16,Not Rated,0.0
10740,2019-01-22,2019-01-23,1886209,12003,25,2,5,5,12,9,16,Not Rated,0.0
10741,2019-01-22,2019-01-25,619300,923,64,2,5,5,57,9,16,SAT,0.0
10742,2019-01-22,2019-01-25,1838193,282,74,2,5,5,59,9,16,SAT,0.0
10743,2019-01-22,2019-01-29,1707364,12192,72,2,5,5,59,9,16,SAT,0.0
10744,2019-01-21,2019-02-01,1914568,10979,30,2,5,5,32,9,42,Not Rated,0.0
10745,2019-01-21,2019-02-05,329240,9311,37,2,5,5,15,9,42,Not Rated,0.0
10746,2019-01-22,2019-01-29,1660269,8066,49,2,5,5,58,9,42,Not Rated,0.0
10747,2019-01-22,2019-01-29,92646,12181,3,2,5,5,58,9,42,Not Rated,0.0
10748,2019-01-22,2019-01-30,338203,836,54,2,5,5,58,9,42,Not Rated,0.0
10749,2019-01-22,2019-01-25,327201,11031,69,2,5,5,10,9,81,Not Rated,0.0
10750,2019-01-23,2019-01-24,158888,10861,60,2,5,5,10,9,42,Not Rated,0.0
10751,2019-01-23,2019-01-24,2037631,12198,76,2,5,5,65,9,16,NSA,0.0
10752,2019-01-23,2019-01-24,1847388,11118,13,2,99,7,40,9,85,Not Rated,0.0
10753,2019-01-23,2019-01-24,1897678,8948,61,2,5,5,7,9,85,Not Rated,0.0
10754,2019-01-22,2019-02-08,853965,151,23,2,5,5,10,9,42,Not Rated,0.0
10755,2019-01-24,2019-01-29,1893319,12428,66,2,5,5,59,9,16,SAT,0.0
10756,2019-01-24,2019-01-29,232229,8766,26,2,5,5,59,9,16,SAT,0.0
10757,2019-01-24,2019-02-13,2066680,11942,15,2,5,5,7,9,42,Not Rated,0.0
10758,2019-01-24,2019-01-29,203515,9445,44,2,5,5,65,9,16,SAT,0.0
10759,2019-01-24,2019-01-29,541804,507,62,2,5,5,59,9,16,SAT,0.0
10760,2019-01-24,2019-01-25,206835,9853,44,2,5,5,64,9,42,Not Rated,0.0
10761,2019-01-24,2019-01-29,515742,12125,43,2,5,5,59,9,16,SAT,0.0
10762,2019-01-25,2019-01-29,2036328,192,43,2,5,5,59,9,16,SAT,0.0
10763,2019-01-25,2019-01-29,699060,9022,65,2,5,5,59,9,16,SAT,0.0
10764,2019-01-25,2019-01-25,1831294,9662,48,2,5,5,12,9,16,NSA,0.0
10765,2019-01-25,2019-01-29,1805252,2601,14,2,5,5,59,9,16,SAT,0.0
10766,2019-01-23,2019-01-25,537763,11286,51,2,5,5,64,9,42,Not Rated,0.0
10767,2019-01-25,2019-02-06,1910821,8858,73,2,5,5,57,9,16,SAT,0.0
10768,2019-01-25,2019-01-25,381570,1270,29,2,5,5,59,9,16,NSA,0.0
10769,2019-01-25,2019-01-25,2228071,11676,75,2,5,5,59,9,16,NSA,0.0
10770,2019-01-25,2019-01-31,1659393,858,35,2,5,5,12,9,16,SAT,0.0
10771,2019-01-25,2019-01-29,1850548,10031,29,2,5,5,59,9,16,SAT,0.0
10772,2019-01-24,2019-01-29,2448254,1706,67,2,5,5,64,9,85,Not Rated,0.0
10773,2019-01-22,2019-02-06,382747,8887,27,2,5,5,64,9,85,Not Rated,0.0
10774,2019-01-25,2019-01-25,2462267,9858,73,2,5,5,59,9,16,SAT,0.0
10775,2019-01-22,2019-02-06,1753650,8201,19,2,5,5,64,9,85,Not Rated,0.0
10776,2019-01-25,2019-01-29,896490,39,43,2,5,5,58,9,42,Not Rated,0.0
10777,2019-01-24,2019-01-31,1790629,12769,41,2,5,5,12,9,42,Not Rated,0.0
10778,2019-01-24,2019-01-28,1725252,11972,66,2,9,5,10,9,42,Not Rated,0.0
10779,2019-01-25,2019-01-28,342050,9357,29,2,5,5,64,9,42,Not Rated,0.0
10780,2019-01-25,2019-01-28,296782,9893,66,2,5,5,64,9,42,Not Rated,0.0
10781,2019-01-25,2019-01-25,409178,10892,70,2,99,7,7,9,85,Not Rated,0.0
10782,2019-01-24,2019-01-29,2422893,12334,27,2,5,5,64,9,85,Not Rated,0.0
10783,2019-01-25,2019-02-11,2420457,9799,26,2,5,5,8,9,85,Not Rated,0.0
10784,2019-01-25,2019-01-30,896028,2065,64,2,5,5,58,9,85,Not Rated,0.0
10785,2019-01-28,2019-01-28,336003,12051,55,2,5,5,59,9,16,NSA,0.0
10786,2019-01-29,2019-01-30,894266,9000,71,2,5,5,59,9,16,SAT,0.0
10787,2019-01-24,2019-02-05,1837474,9958,61,2,5,5,40,9,85,Not Rated,0.0
10788,2019-01-29,2019-02-04,550361,1419,22,2,9,5,12,9,42,Not Rated,0.0
10789,2019-01-29,2019-01-30,1821955,347,11,2,5,5,59,9,16,SAT,0.0
10790,2019-01-23,2019-02-13,2032929,8820,34,2,3,5,32,9,85,Not Rated,0.0
10791,2019-01-28,2019-01-30,2178726,11245,5,2,3,5,64,9,42,Not Rated,0.0
10792,2019-01-30,2019-02-01,305594,11030,3,2,5,5,59,9,16,SAT,0.0
10793,2019-01-30,2019-02-01,642014,9856,26,2,5,5,59,9,16,SAT,0.0
10794,2019-01-30,2019-02-01,2435703,1512,53,2,5,5,59,9,16,SAT,0.0
10795,2019-01-30,2019-02-15,1830399,2569,1,2,5,5,10,9,85,Not Rated,0.0
10796,2019-01-31,2019-02-01,526063,11004,28,2,5,5,59,9,16,SAT,0.0
10797,2019-01-23,2019-01-29,603183,12066,2,2,5,5,58,9,85,Not Rated,0.0
10798,2019-01-31,2019-02-01,585412,11621,67,2,5,5,59,9,16,SAT,0.0
10799,2019-01-31,2019-02-01,359773,8965,5,2,5,5,59,9,16,SAT,0.0
10800,2019-01-31,2019-03-01,795425,11114,64,2,3,5,32,9,42,Not Rated,0.0
10801,2019-01-31,2019-02-01,2058698,11136,9,2,5,5,59,9,16,SAT,0.0
10802,2019-01-31,2019-02-01,563774,10020,40,2,5,5,59,9,16,SAT,0.0
10803,2019-02-01,2019-02-01,2294488,11031,42,2,5,5,58,9,42,Not Rated,0.0
10804,2019-01-31,2019-02-19,366017,2206,17,2,5,5,19,9,85,Not Rated,0.0
10805,2019-02-01,2019-02-01,1724649,9729,52,2,3,5,58,9,42,Not Rated,0.0
10806,2019-02-01,2019-02-11,422081,11276,61,2,5,5,57,9,16,SAT,0.0
10807,2019-01-31,2019-02-06,371206,8985,19,2,99,7,40,9,-1,Not Rated,0.0
10808,2019-02-01,2019-02-01,1813813,238,74,2,99,7,7,9,-1,Not Rated,0.0
10809,2019-02-01,2019-02-14,24436,355,12,2,3,5,11,9,42,Not Rated,0.0
10810,2019-02-04,2019-02-05,1867793,8911,45,2,5,5,64,9,42,Not Rated,0.0
10811,2019-02-04,2019-02-11,289890,9813,25,2,5,5,40,9,85,Not Rated,0.0
10812,2019-02-04,2019-02-06,2065697,9204,34,2,9,5,12,9,42,Not Rated,0.0
10813,2019-02-04,2019-02-05,864425,11158,64,2,5,5,59,9,16,SAT,0.0
10814,2019-02-04,2019-02-05,1795163,671,37,2,5,5,59,9,16,SAT,0.0
10815,2019-02-04,2019-02-05,619307,9670,22,2,5,5,59,9,16,SAT,0.0
10816,2019-02-04,2019-02-26,179514,9440,73,2,5,5,11,9,42,Not Rated,0.0
10817,2019-02-04,2019-02-05,896922,1956,35,2,5,5,59,9,16,SAT,0.0
10818,2019-02-04,2019-02-05,187783,11031,30,2,5,5,59,9,16,SAT,0.0
10819,2019-02-04,2019-02-05,144491,11590,27,2,99,7,40,9,-1,Not Rated,0.0
10820,2019-01-31,2019-02-19,288820,11160,43,2,5,5,25,9,85,Not Rated,0.0
10821,2019-02-05,2019-02-12,1802712,1352,25,2,5,5,10,9,85,Not Rated,0.0
10822,2019-02-05,2019-02-06,480450,10534,64,2,5,5,59,9,16,SAT,0.0
10823,2019-02-05,2019-02-06,894441,11178,7,2,5,5,59,9,16,SAT,0.0
10824,2019-02-05,2019-02-06,1817639,11444,38,2,5,5,12,9,42,Not Rated,0.0
10825,2019-02-05,2019-02-06,757095,12334,31,2,5,5,64,9,85,Not Rated,0.0
10826,2019-02-05,2019-02-06,877169,11942,20,2,5,5,58,9,85,Not Rated,0.0
10827,2019-01-30,2019-02-22,667848,11027,10,2,3,5,12,9,42,Not Rated,0.0
10828,2019-02-06,2019-02-06,2111164,858,44,2,5,5,59,9,16,SAT,0.0
10829,2019-02-06,2019-02-06,801796,1079,57,2,5,5,57,9,16,SAT,0.0
10830,2019-02-06,2019-02-06,810375,994,57,2,5,5,59,9,16,SAT,0.0
10831,2019-02-06,2019-02-06,1803841,10565,28,2,5,5,59,9,16,SAT,0.0
10835,2019-02-06,2019-02-28,2203830,8057,1,2,3,5,66,9,42,Not Rated,0.0
10839,2019-02-06,2019-02-07,74800,11999,21,2,5,5,10,9,42,Not Rated,0.0
10840,2019-02-06,2019-02-11,587635,1573,67,2,5,5,64,9,85,Not Rated,0.0
10841,2019-02-06,2019-02-13,2059540,10235,14,2,5,5,58,9,85,Not Rated,0.0
10842,2019-02-06,2019-02-07,2104293,9884,33,2,3,5,57,9,16,SAT,0.0
10843,2019-02-06,2019-02-25,1888812,11286,54,2,5,5,10,9,85,Not Rated,0.0
10844,2019-02-01,2019-02-08,197760,597,58,2,3,5,64,9,85,Not Rated,0.0
10845,2019-02-05,2019-04-01,203482,2117,6,2,5,4,12,9,42,Not Rated,0.0
10846,2019-02-07,2019-02-07,347419,2129,8,2,5,5,64,9,85,Not Rated,0.0
10847,2019-02-07,2019-02-08,812504,11973,57,2,5,5,59,9,16,SAT,0.0
10848,2019-02-07,2019-02-07,537855,2613,51,2,5,5,12,9,16,SAT,0.0
10849,2019-02-07,2019-02-08,251479,2656,41,2,5,5,59,9,16,SAT,0.0
10850,2019-02-07,2019-02-08,1872559,8055,40,2,5,5,59,9,16,SAT,0.0
10852,2019-02-07,2019-02-11,513475,1999,41,2,5,5,57,9,16,SAT,0.0
10853,2019-02-07,2019-02-08,1843024,10850,34,2,5,5,59,9,16,SAT,0.0
10854,2019-02-07,2019-02-08,891533,486,76,2,5,5,59,9,16,SAT,0.0
10855,2019-02-07,2019-02-08,1707000,994,6,2,5,5,59,9,16,SAT,0.0
10856,2019-02-07,2019-02-08,1807822,347,29,2,5,5,59,9,16,SAT,0.0
10857,2019-02-07,2019-02-08,1788419,12102,40,2,3,5,59,9,16,SAT,0.0
10858,2019-02-07,2019-02-08,357678,11230,17,2,5,5,59,9,16,SAT,0.0
10859,2019-02-07,2019-02-08,455845,12250,15,2,5,5,59,9,16,SAT,0.0
10860,2019-02-07,2019-02-08,240398,9205,52,2,5,5,52,9,16,SAT,0.0
10861,2019-02-07,2019-02-08,491981,8569,77,2,5,5,59,9,16,SAT,0.0
10862,2019-02-07,2019-02-08,1839200,11127,1,2,5,5,59,9,16,SAT,0.0
10863,2019-02-07,2019-02-08,1731026,9826,36,2,5,5,59,9,16,SAT,0.0
10864,2019-02-07,2019-02-08,666483,2172,10,2,5,5,59,9,16,SAT,0.0
10865,2019-02-07,2019-03-22,891413,8953,3,2,4,5,12,9,85,Not Rated,0.0
10866,2019-02-07,2019-02-13,1834550,8965,65,2,5,5,10,9,85,Not Rated,0.0
10867,2019-02-01,2019-02-15,2225419,10618,21,2,3,5,44,9,42,Not Rated,0.0
10868,2019-02-01,2019-02-15,592431,1499,16,2,3,5,44,9,42,Not Rated,0.0
10869,2019-01-29,2019-02-08,781592,8605,47,2,3,5,58,9,42,Not Rated,0.0
10870,2019-02-08,2019-03-13,1835486,11153,77,2,3,5,12,9,42,Not Rated,0.0
10871,2019-02-05,2019-02-19,1919779,12334,37,2,3,5,15,9,42,Not Rated,0.0
10872,2019-02-08,2019-02-22,1708691,8569,65,2,6,5,7,9,85,Not Rated,0.0
10873,2019-02-08,2019-02-20,2058303,10637,17,2,6,5,16,9,85,Not Rated,0.0
10874,2019-02-11,2019-03-08,861093,8066,73,2,5,5,10,9,42,Not Rated,0.0
10875,2019-02-11,2019-02-12,1660097,9357,39,2,5,5,52,9,16,SAT,0.0
10876,2019-02-07,2019-02-25,386013,10172,27,2,3,5,10,9,85,Not Rated,0.0
10877,2019-02-11,2019-02-11,832772,2659,12,2,5,5,59,9,16,SAT,0.0
10878,2019-02-11,2019-02-13,2307889,2262,71,2,5,5,65,9,16,SAT,0.0
10879,2019-02-11,2019-02-15,395383,11487,42,2,5,5,12,9,16,SAT,0.0
10880,2019-02-11,2019-02-14,1846876,1517,55,2,5,5,59,9,16,SAT,0.0
10881,2019-02-11,2019-02-14,1758624,8544,67,2,5,5,59,9,16,SAT,0.0
10882,2019-02-11,2019-03-22,540801,2559,49,2,5,5,10,9,42,Not Rated,0.0
10883,2019-02-11,2019-02-27,669339,11116,8,2,5,5,10,9,42,Not Rated,0.0
10884,2019-02-12,2019-02-13,155031,11971,76,2,5,5,65,9,16,Not Rated,0.0
10885,2019-02-12,2019-02-14,2454709,8116,41,2,5,5,59,9,16,SAT,0.0
10886,2019-02-12,2019-02-22,152686,11960,43,2,5,5,12,9,16,SAT,0.0
10887,2019-02-12,2019-02-27,2033001,10443,61,2,3,5,11,9,42,Not Rated,0.0
10888,2019-02-12,2019-03-07,822199,10218,71,2,3,5,42,9,85,Not Rated,0.0
10889,2019-02-12,2019-02-18,367286,10989,6,2,5,5,64,9,85,Not Rated,0.0
10890,2019-02-13,2019-02-13,225377,207,3,2,5,5,58,9,85,Not Rated,0.0
10891,2019-02-13,2019-02-13,152377,911,18,2,5,5,58,9,85,Not Rated,0.0
10892,2019-02-14,2019-02-15,1825148,10892,6,2,5,5,59,9,16,SAT,0.0
10893,2019-02-14,2019-02-15,1802712,11980,16,2,5,5,59,9,16,SAT,0.0
10894,2019-02-14,2019-02-15,146389,8985,1,2,5,5,59,9,16,SAT,0.0
10895,2019-02-13,2019-02-19,2237882,12510,39,2,3,5,64,9,42,Not Rated,0.0
10896,2019-02-14,2019-02-19,205153,10426,73,2,3,5,12,9,42,Not Rated,0.0
10897,2019-02-14,2019-02-15,617160,10646,65,2,5,5,59,9,16,SAT,0.0
10898,2019-02-14,2019-02-15,1859379,10618,61,2,5,5,59,9,16,SAT,0.0
10899,2019-02-14,2019-02-15,19191,796,39,2,5,5,12,9,16,SAT,0.0
10900,2019-02-14,2019-02-18,779663,11676,25,2,5,5,59,9,16,SAT,0.0
10901,2019-02-14,2019-02-14,54341,12027,57,2,3,5,12,9,42,Not Rated,0.0
10902,2019-02-14,2019-02-18,2438551,10160,7,2,5,5,59,9,16,SAT,0.0
10903,2019-02-14,2019-02-18,2409507,9260,61,2,5,5,59,9,16,SAT,0.0
10904,2019-02-14,2019-02-18,316911,192,15,2,5,5,59,9,16,SAT,0.0
10905,2019-02-14,2019-02-18,206094,10107,32,2,5,5,59,9,16,SAT,0.0
10906,2019-02-14,2019-02-15,2400997,151,37,2,5,5,12,9,16,SAT,0.0
10907,2019-02-14,2019-02-15,1854155,9647,39,2,5,5,12,9,16,SAT,0.0
10908,2019-02-14,2019-02-14,663744,1275,39,2,5,5,52,9,16,Not Rated,0.0
10909,2019-02-14,2019-02-18,2389312,10553,21,2,5,5,59,9,16,SAT,0.0
10910,2019-02-14,2019-02-18,725875,9347,68,2,5,5,59,9,16,SAT,0.0
10911,2019-02-14,2019-02-15,1887609,11469,63,2,5,5,59,9,16,SAT,0.0
10912,2019-02-14,2019-02-15,1848791,2537,36,2,5,5,59,9,16,SAT,0.0
10913,2019-02-14,2019-02-15,2038601,12563,74,2,5,5,59,9,16,SAT,0.0
10914,2019-02-14,2019-02-15,1905964,1085,25,2,5,5,59,9,16,SAT,0.0
10915,2019-02-14,2019-02-15,519031,8432,18,2,5,5,59,9,16,SAT,0.0
10916,2019-02-14,2019-02-15,588627,7950,2,2,5,5,52,9,16,SAT,0.0
10917,2019-02-14,2019-02-15,723109,10379,1,2,5,5,59,9,16,SAT,0.0
10918,2019-02-14,2019-02-15,2066680,12003,16,2,99,7,12,9,-1,Not Rated,0.0
10919,2019-02-14,2019-02-15,2307489,1342,42,2,99,7,12,9,-1,Not Rated,0.0
10920,2019-02-15,2019-02-18,2106262,10982,36,2,99,7,12,9,85,Not Rated,0.0
10921,2019-02-11,2019-02-15,435818,2175,67,2,5,5,12,9,42,Not Rated,0.0
10922,2019-02-15,2019-02-18,57417,911,36,2,5,5,59,9,16,SAT,0.0
10923,2019-02-15,2019-02-18,422657,11050,54,2,5,5,65,9,16,SAT,0.0
10924,2019-02-15,2019-02-18,1699664,10601,35,2,5,5,57,9,16,SAT,0.0
10925,2019-02-15,2019-02-18,64849,12116,60,2,5,5,59,9,16,SAT,0.0
10926,2019-02-15,2019-02-18,817295,12589,18,2,5,5,7,9,42,Not Rated,0.0
10927,2019-02-15,2019-03-29,2102229,10948,10,2,5,5,12,9,42,Not Rated,0.0
10928,2019-02-18,2019-02-18,1793233,10982,18,2,3,5,12,9,42,Not Rated,0.0
10929,2019-02-18,2019-02-18,553822,10490,32,2,5,5,59,9,16,SAT,0.0
10930,2019-02-18,2019-02-18,1821599,10644,47,2,5,5,59,9,16,SAT,0.0
10931,2019-02-18,2019-02-18,1843499,12087,23,2,5,5,64,9,85,Not Rated,0.0
10932,2019-02-18,2019-02-18,190980,11768,2,2,6,5,58,9,85,Not Rated,0.0
10933,2019-02-18,2019-02-19,201020,1695,31,2,3,5,12,9,16,SAT,0.0
10934,2019-02-18,2019-02-19,550291,8742,64,2,5,5,59,9,16,SAT,0.0
10935,2019-02-18,2019-02-18,1797775,269,32,2,3,5,58,9,42,Not Rated,0.0
10936,2019-02-18,2019-02-18,2110469,10152,61,2,5,5,52,9,16,SAT,0.0
10937,2019-02-18,2019-02-19,889008,10601,17,2,5,5,59,9,16,SAT,0.0
10938,2019-02-18,2019-02-20,1788371,9873,35,2,5,5,59,9,16,SAT,0.0
10939,2019-02-18,2019-03-26,2179299,8461,34,2,5,5,12,9,42,Not Rated,0.0
10940,2019-02-18,2019-02-20,1786317,11104,6,2,5,5,65,9,16,SAT,0.0
10941,2019-02-18,2019-02-19,1707700,1086,28,2,5,5,59,9,16,SAT,0.0
10942,2019-02-18,2019-02-28,68939,10534,10,2,5,5,63,9,85,Not Rated,0.0
10943,2019-02-18,2019-03-28,2010966,12120,33,2,5,5,11,9,42,SAT,0.0
10944,2019-02-19,2019-03-08,644888,10186,32,2,9,5,12,9,42,Not Rated,0.0
10945,2019-02-19,2019-03-15,596388,2504,54,2,3,5,12,9,42,Not Rated,0.0
10946,2019-02-19,2019-02-28,1869548,1440,18,2,4,5,12,9,42,Not Rated,0.0
10947,2019-02-20,2019-02-22,2502145,9601,74,2,3,5,64,9,42,Not Rated,0.0
10948,2019-02-20,2019-03-07,644740,8932,46,2,3,5,45,9,42,Not Rated,0.0
10949,2019-02-20,2019-02-21,1792215,1419,14,2,5,5,12,9,42,Not Rated,0.0
10950,2019-02-20,2019-03-22,654430,12589,5,2,3,5,64,9,42,Not Rated,0.0
10951,2019-02-21,2019-02-22,8282,12034,73,2,5,5,59,9,16,SAT,0.0
10952,2019-02-21,2019-02-22,2033402,10345,33,2,5,5,59,9,16,SAT,0.0
10953,2019-02-21,2019-02-22,2380615,11796,48,2,5,5,59,9,16,SAT,0.0
10954,2019-02-21,2019-02-22,195004,1106,12,2,5,5,59,9,16,SAT,0.0
10955,2019-02-21,2019-02-22,354570,1706,48,2,5,5,59,9,16,SAT,0.0
10956,2019-02-21,2019-02-27,359426,1342,55,2,5,5,65,9,16,SAT,0.0
10957,2019-02-21,2019-02-22,748507,10900,75,2,5,5,59,9,16,SAT,0.0
10958,2019-02-21,2019-02-26,636141,11113,64,2,5,5,58,9,42,Not Rated,0.0
10959,2019-02-21,2019-02-22,581090,2659,68,2,5,5,59,9,16,SAT,0.0
10960,2019-02-21,2019-03-08,1850021,10325,34,2,5,5,19,9,85,Not Rated,0.0
10961,2019-02-21,2019-02-21,1839905,10037,42,2,5,5,18,9,42,Not Rated,0.0
10962,2019-02-19,2019-03-12,1820345,10892,78,2,5,5,64,9,85,Not Rated,0.0
10963,2019-02-21,2019-02-22,723928,11063,53,2,5,5,59,9,16,SAT,0.0
10964,2019-02-21,2019-02-21,2055677,8053,16,2,5,5,12,9,16,SAT,0.0
10965,2019-02-21,2019-02-22,753030,9247,69,2,5,5,59,9,16,SAT,0.0
10966,2019-02-21,2019-02-22,365116,11959,27,2,5,5,59,9,16,SAT,0.0
10967,2019-02-21,2019-02-22,1816200,11133,72,2,5,5,59,9,16,SAT,0.0
10968,2019-02-21,2019-02-22,1708691,10569,76,2,5,5,59,9,16,SAT,0.0
10969,2019-02-21,2019-02-22,312795,9377,31,2,5,5,59,9,16,SAT,0.0
10970,2019-02-21,2019-02-22,761257,7835,41,2,5,5,59,9,16,SAT,0.0
10971,2019-02-21,2019-02-22,1886316,9983,27,2,5,5,59,9,16,SAT,0.0
10972,2019-02-21,2019-02-21,550291,11245,77,2,99,7,12,9,-1,Not Rated,0.0
10973,2019-02-20,2019-02-26,2109067,11178,55,2,9,5,40,9,85,Not Rated,0.0
10974,2019-02-19,2019-03-04,1810007,11140,66,2,5,5,63,9,85,Not Rated,0.0
10975,2019-02-22,2019-02-26,775184,49,72,2,5,5,59,9,16,SAT,0.0
10976,2019-02-22,2019-02-25,1787563,9357,75,2,5,5,65,9,16,SAT,0.0
10977,2019-02-22,2019-02-26,683730,11999,72,2,5,5,59,9,16,SAT,0.0
10978,2019-02-22,2019-02-26,557833,2262,1,2,5,5,59,9,16,SAT,0.0
10979,2019-02-22,2019-02-26,157154,9798,21,2,5,5,59,9,16,SAT,0.0
10980,2019-02-22,2019-02-26,1792734,923,46,2,5,5,59,9,16,SAT,0.0
10981,2019-02-22,2019-02-26,747628,11039,23,2,5,5,59,9,16,SAT,0.0
10982,2019-02-22,2019-02-22,563774,11005,23,2,99,7,40,9,85,Not Rated,0.0
10983,2019-02-22,2019-02-26,24161,12358,35,2,99,7,12,9,-1,Not Rated,0.0
10984,2019-02-25,2019-02-25,320301,10802,17,2,6,5,12,9,85,Not Rated,0.0
10985,2019-02-22,2019-02-26,1862967,9419,13,2,5,5,40,9,85,Not Rated,0.0
10986,2019-02-25,2019-03-08,890071,12125,60,2,5,5,50,9,42,Not Rated,200.64
10987,2019-02-22,2019-02-28,1625608,11121,2,2,5,5,40,9,85,Not Rated,0.0
10988,2019-02-25,2019-02-26,75895,12024,58,2,5,5,59,9,16,SAT,0.0
10989,2019-02-25,2019-02-26,790497,10327,4,2,5,5,59,9,16,SAT,0.0
10990,2019-02-25,2019-02-26,889615,11263,74,2,5,5,59,9,16,SAT,0.0
10991,2019-02-25,2019-02-27,640671,10187,21,2,5,5,59,9,16,SAT,0.0
10992,2019-02-25,2019-02-27,544542,11140,73,2,5,5,59,9,16,SAT,0.0
10993,2019-02-25,2019-02-27,1866845,9893,3,2,5,5,59,9,16,SAT,0.0
10994,2019-02-25,2019-02-27,2089149,12262,46,2,5,5,59,9,16,SAT,0.0
10995,2019-02-25,2019-02-25,1869256,8066,53,2,99,7,56,9,-1,Not Rated,0.0
10996,2019-02-26,2019-02-27,2258143,601,60,2,5,5,59,9,16,SAT,0.0
10997,2019-02-26,2019-04-03,1848828,11140,36,2,4,5,18,9,42,Not Rated,0.0
10998,2019-02-26,2019-02-28,690277,11781,64,2,5,5,59,9,16,SAT,0.0
10999,2019-02-26,2019-02-27,211339,2309,66,2,5,5,59,9,16,SAT,0.0
11000,2019-02-26,2019-02-28,117785,1491,16,2,5,5,65,9,16,SAT,0.0
11001,2019-02-26,2019-02-26,894024,1440,58,2,3,5,12,9,42,Not Rated,0.0
11002,2019-02-26,2019-02-27,1799538,974,27,2,5,5,59,9,16,SAT,0.0
11003,2019-02-26,2019-02-26,1848791,10324,21,2,5,5,64,9,42,Not Rated,0.0
11004,2019-02-26,2019-02-27,2155317,10722,10,2,5,5,59,9,16,SAT,0.0
11005,2019-02-26,2019-02-27,1908278,11153,48,2,5,5,59,9,16,SAT,0.0
11006,2019-02-26,2019-02-27,1884352,9893,13,2,5,5,59,9,16,SAT,0.0
11007,2019-02-26,2019-03-08,1807474,10071,66,2,5,5,12,9,42,Not Rated,0.0
11008,2019-02-26,2019-02-27,555952,10327,40,2,5,5,59,9,16,SAT,0.0
11009,2019-02-27,2019-02-27,418028,7626,29,2,5,5,57,9,16,SAT,0.0
11010,2019-02-27,2019-02-27,1848246,9001,26,2,5,5,59,9,16,SAT,0.0
11011,2019-02-25,2019-03-13,64808,1706,17,2,5,5,10,9,85,Not Rated,0.0
11012,2019-02-27,2019-03-01,863214,11062,73,2,5,5,59,9,16,SAT,0.0
11013,2019-02-27,2019-03-14,1793304,11001,51,2,5,5,10,9,85,Not Rated,0.0
11014,2019-02-27,2019-03-01,652413,10794,4,2,5,5,59,9,16,SAT,0.0
11015,2019-02-27,2019-03-12,2511674,11036,50,2,3,5,63,9,85,Not Rated,0.0
11016,2019-02-27,2019-03-01,2109069,9311,18,2,5,5,59,9,16,SAT,0.0
11017,2019-02-27,2019-03-26,1855925,282,21,2,5,5,8,9,85,Not Rated,0.0
11018,2019-02-27,2019-03-01,544758,10152,75,2,5,5,59,9,16,SAT,0.0
11019,2019-02-27,2019-04-05,1862136,839,75,2,4,5,50,9,42,Not Rated,0.0
11020,2019-02-27,2019-03-01,1680317,10744,36,2,5,5,59,9,16,SAT,0.0
11021,2019-02-27,2019-03-01,2126855,1692,25,2,5,5,59,9,16,SAT,0.0
11022,2019-02-27,2019-04-16,893888,12229,60,2,3,5,66,9,42,Not Rated,0.0
11023,2019-02-27,2019-03-04,2382196,8882,66,2,5,5,12,9,42,Not Rated,0.0
11024,2019-02-27,2019-04-05,629377,8984,11,2,3,5,15,9,42,Not Rated,0.0
11025,2019-02-28,2019-03-05,1869232,9357,51,2,2,5,12,9,16,SAT,0.0
11026,2019-02-28,2019-03-01,813154,879,5,2,5,5,59,9,16,SAT,0.0
11027,2019-02-28,2019-03-01,338203,2671,27,2,5,5,59,9,16,SAT,0.0
11028,2019-02-28,2019-03-01,2151260,11160,47,2,5,5,59,9,16,SAT,0.0
11029,2019-02-28,2019-03-01,1881336,8113,33,2,5,5,59,9,16,SAT,0.0
11030,2019-02-28,2019-03-01,862855,11932,30,2,5,5,59,9,16,SAT,0.0
11031,2019-02-28,2019-03-01,174443,10067,54,2,5,5,59,9,16,SAT,0.0
11032,2019-02-28,2019-03-01,758267,7640,68,2,5,5,59,9,16,SAT,0.0
11033,2019-03-01,2019-03-04,1870942,10738,5,2,5,5,59,9,16,SAT,0.0
11034,2019-03-01,2019-03-04,614864,811,44,2,5,5,63,9,85,Not Rated,0.0
11035,2019-03-01,2019-03-04,489918,2690,17,2,5,5,59,9,16,SAT,0.0
11036,2019-03-01,2019-03-04,2052660,9775,31,2,5,5,59,9,16,SAT,0.0
11037,2019-03-01,2019-03-01,2476830,1517,27,2,5,5,12,9,16,Not Rated,0.0
11038,2019-03-01,2019-03-04,85155,10883,21,2,5,5,59,9,16,SAT,0.0
11039,2019-03-01,2019-03-04,840069,2,54,2,5,5,59,9,16,SAT,0.0
11040,2019-03-01,2019-03-01,747614,197,37,2,5,5,61,9,16,SAT,0.0
11041,2019-03-01,2019-03-04,357938,11066,66,2,5,5,59,9,16,SAT,0.0
11042,2019-03-01,2019-03-04,2439164,282,67,2,5,5,59,9,16,SAT,0.0
11043,2019-03-01,2019-03-04,793331,10106,66,2,5,5,59,9,16,SAT,0.0
11044,2019-03-01,2019-03-04,651693,1717,40,2,5,5,59,9,16,SAT,0.0
11045,2019-03-01,2019-03-04,2270521,564,42,2,5,5,59,9,16,SAT,0.0
11046,2019-03-01,2019-03-04,253955,12399,38,2,5,5,59,9,16,SAT,0.0
11047,2019-03-01,2019-03-27,2452456,10565,4,2,5,5,10,9,42,Not Rated,0.0
11048,2019-03-01,2019-03-04,2011055,11825,70,2,5,5,59,9,16,SAT,0.0
11049,2019-03-01,2019-03-04,409953,9357,55,2,5,5,59,9,16,SAT,0.0
11050,2019-03-04,2019-03-04,1875080,11163,29,2,5,5,65,9,16,SAT,0.0
11051,2019-03-04,2019-03-05,582299,10020,34,2,5,5,59,9,16,SAT,0.0
11052,2019-03-04,2019-03-05,2384857,10883,62,2,5,5,59,9,16,SAT,0.0
11053,2019-03-04,2019-03-05,1802357,10186,6,2,5,5,59,9,16,SAT,0.0
11054,2019-02-15,2019-03-01,36555,12754,33,2,7,5,10,9,81,Not Rated,0.0
11055,2019-03-04,2019-03-05,470037,192,10,2,5,5,59,9,16,SAT,0.0
11056,2019-03-04,2019-03-05,1871010,11213,35,2,5,5,59,9,16,SAT,0.0
11057,2019-03-04,2019-03-05,2306148,1491,14,2,5,5,65,9,16,SAT,0.0
11058,2019-03-04,2019-03-05,1708744,10990,4,2,5,5,59,9,16,SAT,0.0
11059,2019-03-04,2019-03-05,607381,10428,54,2,5,5,12,9,85,Not Rated,0.0
11060,2019-03-05,2019-03-05,139931,1115,51,2,5,5,64,9,85,Not Rated,0.0
11061,2019-03-05,2019-03-13,644888,11074,4,2,9,5,40,9,42,Not Rated,0.0
11062,2019-03-05,2019-03-06,206949,11077,18,2,5,5,12,9,42,Not Rated,0.0
11063,2019-03-05,2019-03-29,1803139,11278,2,2,5,5,50,9,42,Not Rated,0.0
11064,2019-03-05,2019-03-07,784973,10069,29,2,5,5,59,9,16,SAT,0.0
11065,2019-03-05,2019-03-05,225456,2263,7,2,5,5,12,9,42,Not Rated,0.0
11066,2019-03-05,2019-03-07,1892687,2648,66,2,5,5,59,9,16,SAT,0.0
11067,2019-03-05,2019-03-13,21087,12034,19,2,9,5,32,9,42,Not Rated,0.0
11068,2019-03-05,2019-03-07,824767,11066,56,2,5,5,59,9,16,SAT,0.0
11069,2019-03-05,2019-03-07,723928,11714,14,2,5,5,59,9,16,SAT,0.0
11070,2019-03-05,2019-03-07,469395,11275,22,2,5,5,59,9,16,SAT,0.0
11071,2019-03-05,2019-03-07,2184391,10325,4,2,5,5,59,9,16,SAT,0.0
11072,2019-03-05,2019-03-07,1947613,7973,19,2,5,5,59,9,16,SAT,0.0
11073,2019-03-05,2019-03-07,1722833,12352,10,2,5,5,59,9,16,SAT,0.0
11074,2019-03-05,2019-03-07,813012,11275,18,2,5,5,59,9,16,SAT,0.0
11075,2019-03-05,2019-03-07,1873945,11086,13,2,5,5,59,9,16,SAT,0.0
11076,2019-03-05,2019-03-07,1847698,8605,20,2,5,5,59,9,16,SAT,0.0
11077,2019-03-05,2019-03-07,480965,11172,18,2,5,5,59,9,16,SAT,0.0
11078,2019-03-05,2019-03-07,637475,529,60,2,5,5,59,9,16,SAT,0.0
11079,2019-03-05,2019-03-07,13825,8053,14,2,5,5,59,9,16,SAT,0.0
11080,2019-03-05,2019-03-07,2108990,12027,46,2,5,5,59,9,16,SAT,0.0
11081,2019-03-05,2019-03-07,1790375,12589,22,2,5,5,59,9,16,SAT,0.0
11082,2019-03-05,2019-04-09,2180235,9347,53,2,5,5,57,9,16,SAT,0.0
11083,2019-03-05,2019-03-26,2111496,2648,39,2,5,5,65,9,16,Not Rated,0.0
11088,2019-03-05,2019-03-06,2101493,12262,46,2,5,5,64,9,85,Not Rated,0.0
11089,2019-03-05,2019-03-06,623630,10359,44,2,5,5,64,9,85,Not Rated,0.0
11090,2019-03-06,2019-03-07,1984570,9958,8,2,5,5,59,9,16,SAT,0.0
11091,2019-03-06,2019-03-07,363858,671,50,2,5,5,59,9,16,SAT,0.0
11092,2019-03-06,2019-03-07,632553,8820,22,2,6,5,59,9,16,SAT,0.0
11093,2019-03-06,2019-03-07,1878133,8797,31,2,5,5,59,9,16,SAT,0.0
11094,2019-03-06,2019-03-07,607566,10147,17,2,5,5,59,9,16,SAT,0.0
11095,2019-03-06,2019-03-07,1844515,11840,60,2,5,5,59,9,16,SAT,0.0
11096,2019-03-06,2019-03-26,2163756,2507,63,2,5,5,65,9,16,SAT,0.0
11097,2019-03-06,2019-03-07,551114,9998,48,2,5,5,59,9,16,SAT,0.0
11098,2019-03-06,2019-03-26,2502145,11157,37,2,5,5,65,9,16,SAT,0.0
11099,2019-03-06,2019-03-06,1836610,10802,27,2,5,5,57,9,16,SAT,0.0
11100,2019-03-06,2019-03-06,2517852,8530,9,2,9,5,18,9,42,Not Rated,0.0
11101,2019-03-06,2019-03-26,2469696,1997,49,2,5,5,65,9,16,SAT,0.0
11102,2019-03-06,2019-03-20,2478688,11113,66,2,5,5,65,9,16,SAT,0.0
11103,2019-03-06,2019-03-07,1675115,2235,28,2,5,5,59,9,16,SAT,0.0
11104,2019-03-06,2019-03-07,307829,9970,1,2,5,5,59,9,16,SAT,0.0
11105,2019-03-06,2019-03-07,1843735,1266,32,2,5,5,59,9,16,SAT,0.0
11106,2019-03-06,2019-03-07,2341631,11136,30,2,5,5,59,9,16,SAT,0.0
11107,2019-03-06,2019-03-07,139466,581,30,2,5,5,59,9,16,SAT,0.0
11108,2019-03-06,2019-03-07,689536,1328,19,2,5,5,59,9,16,SAT,0.0
11109,2019-03-05,2019-04-16,1740829,138,76,2,3,5,40,9,85,Not Rated,0.0
11110,2019-02-22,2019-03-22,203482,10337,8,2,5,5,58,9,85,Not Rated,0.0
11111,2019-03-07,2019-03-08,895134,11638,17,2,5,5,59,9,16,SAT,0.0
11112,2019-03-07,2019-03-08,2079845,2801,3,2,5,5,59,9,16,SAT,0.0
11113,2019-03-07,2019-03-08,559324,2500,1,2,5,5,59,9,16,SAT,0.0
11114,2019-03-07,2019-03-07,1800296,10106,3,2,5,5,12,9,16,SAT,0.0
11115,2019-03-07,2019-03-08,211239,10565,46,2,5,5,59,9,16,SAT,0.0
11116,2019-03-07,2019-03-08,2388351,211,57,2,5,5,59,9,16,SAT,0.0
11117,2019-03-06,2019-04-08,74989,11960,58,2,5,5,50,9,85,Not Rated,0.0
11118,2019-03-07,2019-03-08,39142,12428,42,2,5,5,59,9,16,SAT,0.0
11119,2019-03-07,2019-03-08,2155731,11171,15,2,5,5,59,9,16,SAT,0.0
11120,2019-03-07,2019-03-07,1727501,10603,65,2,5,5,59,9,16,SAT,0.0
11121,2019-03-07,2019-03-15,2108001,11137,8,2,3,5,8,9,85,Not Rated,0.0
11122,2019-03-07,2019-03-08,717418,11139,72,2,5,5,59,9,16,SAT,0.0
11123,2019-03-07,2019-03-08,2080648,1615,75,2,5,5,59,9,16,SAT,0.0
11124,2019-03-07,2019-03-08,188598,938,4,2,5,5,59,9,16,SAT,0.0
11125,2019-03-07,2019-03-08,561259,11273,7,2,5,5,59,9,16,SAT,0.0
11126,2019-03-07,2019-03-08,2270547,9610,17,2,5,5,59,9,16,SAT,0.0
11127,2019-03-07,2019-03-08,1897270,12563,44,2,5,5,59,9,16,SAT,0.0
11128,2019-03-07,2019-03-08,1915223,8891,75,2,5,5,59,9,16,SAT,0.0
11129,2019-03-07,2019-03-12,693112,9797,33,2,9,5,6,9,42,Not Rated,0.0
11130,2019-03-07,2019-03-08,2018530,10107,24,2,5,5,59,9,16,SAT,0.0
11131,2019-03-07,2019-03-08,548986,10603,17,2,5,5,59,9,16,SAT,0.0
11132,2019-03-07,2019-03-08,216965,9775,40,2,5,5,59,9,16,SAT,0.0
11133,2019-03-07,2019-03-08,1823446,10563,36,2,5,5,59,9,16,SAT,0.0
11134,2019-03-07,2019-03-08,517356,8949,17,2,5,5,59,9,16,SAT,0.0
11135,2019-03-07,2019-03-14,435359,10720,48,2,3,5,66,9,42,Not Rated,0.0
11136,2019-03-07,2019-03-12,793961,8201,12,2,5,5,59,9,16,SAT,0.0
11137,2019-03-07,2019-03-08,1825981,11474,24,2,3,5,64,9,85,Not Rated,0.0
11138,2019-03-08,2019-03-08,2104973,2532,56,2,5,5,58,9,42,Not Rated,0.0
11139,2019-03-07,2019-03-07,2348070,11003,22,2,5,5,57,9,16,SAT,0.0
11140,2019-03-07,2019-03-12,61656,10328,69,2,5,5,59,9,16,SAT,0.0
11141,2019-03-07,2019-03-12,1657212,11840,15,2,5,5,59,9,16,SAT,0.0
11142,2019-03-07,2019-03-12,405867,11621,11,2,5,5,59,9,16,SAT,0.0
11143,2019-03-07,2019-03-08,495568,801,4,2,5,5,65,9,16,SAT,0.0
11144,2019-03-07,2019-03-12,472502,8887,62,2,5,5,59,9,16,SAT,0.0
11145,2019-03-07,2019-03-12,2092145,11474,12,2,5,5,59,9,16,SAT,0.0
11149,2019-03-07,2019-03-12,1779001,7654,35,2,5,5,59,9,16,SAT,0.0
11150,2019-03-07,2019-03-12,581701,11262,62,2,5,5,59,9,16,SAT,0.0
11151,2019-03-07,2019-03-12,66078,10644,58,2,5,5,59,9,16,SAT,0.0
11152,2019-03-07,2019-03-12,2175878,8367,70,2,5,5,59,9,16,SAT,0.0
11153,2019-03-07,2019-03-12,449497,9873,46,2,5,5,59,9,16,SAT,0.0
11154,2019-03-07,2019-03-12,2270526,11132,40,2,5,5,59,9,16,SAT,0.0
11155,2019-03-07,2019-03-12,872508,1352,28,2,5,5,59,9,16,SAT,0.0
11156,2019-03-07,2019-03-12,2379696,12621,74,2,5,5,59,9,16,SAT,0.0
11157,2019-03-07,2019-03-12,892794,2559,5,2,5,5,59,9,16,SAT,0.0
11158,2019-03-07,2019-03-12,403643,11220,44,2,5,5,59,9,16,SAT,0.0
11159,2019-03-07,2019-03-12,2206749,781,12,2,5,5,59,9,16,SAT,0.0
11160,2019-03-07,2019-03-12,2306563,1462,2,2,5,5,59,9,16,SAT,0.0
11161,2019-03-08,2019-03-26,1772344,10030,55,2,5,5,65,9,16,SAT,0.0
11162,2019-03-08,2019-03-12,174446,1692,12,2,5,5,59,9,16,SAT,0.0
11163,2019-03-08,2019-03-12,140803,8113,2,2,5,5,59,9,16,SAT,0.0
11164,2019-03-08,2019-03-12,641170,192,56,2,5,5,59,9,16,SAT,0.0
11165,2019-03-08,2019-03-12,232229,221,68,2,5,5,59,9,16,SAT,0.0
11166,2019-03-08,2019-03-12,1731051,8055,11,2,5,5,59,9,16,SAT,0.0
11167,2019-03-08,2019-03-12,1820518,11158,77,2,5,5,59,9,16,SAT,0.0
11168,2019-03-08,2019-03-22,560625,9205,29,2,5,5,57,9,16,Not Rated,0.0
11169,2019-03-08,2019-03-12,1864903,12246,48,2,5,5,59,9,16,SAT,0.0
11170,2019-03-08,2019-03-12,1884877,11156,2,2,5,5,59,9,16,SAT,0.0
11171,2019-03-08,2019-03-12,1797152,11031,5,2,5,5,59,9,16,SAT,0.0
11172,2019-03-08,2019-03-08,144102,2263,12,2,99,7,40,9,85,Not Rated,0.0
11173,2019-03-12,2019-04-08,1789719,1692,35,2,5,5,10,9,85,Not Rated,0.0
11174,2019-03-12,2019-03-28,1799867,10055,19,2,5,5,10,9,42,Not Rated,0.0
11175,2019-03-12,2019-03-19,1890653,10984,42,2,5,5,59,9,50,Not Rated,0.0
11176,2019-03-12,2019-04-18,1855576,1500,43,2,5,5,42,9,42,Not Rated,0.0
11177,2019-03-12,2019-03-19,2139886,2468,78,2,5,5,59,9,50,SAT,0.0
11178,2019-03-12,2019-03-18,1774722,11638,51,2,5,5,59,9,50,Not Rated,0.0
11179,2019-03-12,2019-03-18,602338,9175,31,2,5,5,59,9,50,SAT,0.0
11180,2019-03-12,2019-03-18,1857879,2648,74,2,5,5,59,9,16,SAT,0.0
11181,2019-03-12,2019-03-12,2188567,10900,14,2,5,5,59,9,16,SAT,0.0
11182,2019-03-12,2019-03-18,1818242,2477,25,2,5,5,59,9,50,Not Rated,0.0
11183,2019-03-12,2019-03-18,2389301,1702,1,2,5,5,59,9,50,SAT,0.0
11184,2019-03-12,2019-03-18,853273,865,39,2,5,5,59,9,50,SAT,0.0
11185,2019-03-12,2019-03-18,1851556,11154,39,2,5,5,59,9,50,SAT,0.0
11186,2019-03-12,2019-03-18,1709112,11100,40,2,5,5,59,9,50,SAT,0.0
11187,2019-03-12,2019-03-18,2443258,884,9,2,5,5,59,9,16,SAT,0.0
11188,2019-03-12,2019-03-18,858916,12065,29,2,5,5,59,9,16,SAT,0.0
11189,2019-03-12,2019-03-18,1892825,11276,52,2,5,5,59,9,16,SAT,0.0
11190,2019-03-12,2019-03-18,673385,10764,1,2,5,5,59,9,16,SAT,0.0
11191,2019-03-12,2019-03-18,1874229,11263,77,2,5,5,59,9,16,SAT,0.0
11192,2019-03-12,2019-03-18,2389194,416,78,2,5,5,59,9,16,SAT,0.0
11193,2019-03-12,2019-03-18,644740,10737,27,2,5,5,59,9,16,SAT,0.0
11194,2019-03-12,2019-03-19,461155,11104,43,2,5,5,59,9,-1,Not Rated,0.0
11195,2019-03-12,2019-03-19,476593,11638,71,2,5,5,59,9,-1,Not Rated,0.0
11196,2019-03-12,2019-03-26,2433477,10536,65,2,5,5,65,9,16,SAT,0.0
11197,2019-03-12,2019-03-19,1840078,9901,23,2,5,5,59,9,-1,Not Rated,0.0
11198,2019-03-12,2019-03-19,846056,207,51,2,5,5,59,9,-1,Not Rated,0.0
11199,2019-03-12,2019-03-19,874773,10982,71,2,5,5,59,9,-1,Not Rated,0.0
11200,2019-03-12,2019-03-18,507012,9998,11,2,5,5,59,9,-1,Not Rated,0.0
11201,2019-03-12,2019-03-18,845016,2178,55,2,5,5,59,9,-1,Not Rated,0.0
11202,2019-03-12,2019-03-18,1722561,12262,49,2,5,5,59,9,-1,Not Rated,0.0
11203,2019-03-12,2019-03-20,181433,8057,49,2,5,5,59,9,16,SAT,0.0
11204,2019-03-12,2019-03-20,2004426,11265,19,2,5,5,59,9,16,SAT,0.0
11205,2019-03-12,2019-03-18,2018885,1352,56,2,5,5,59,9,-1,Not Rated,0.0
11206,2019-03-12,2019-03-18,2457195,207,64,2,5,5,59,9,-1,Not Rated,0.0
11207,2019-03-12,2019-03-18,657127,9558,50,2,5,5,59,9,-1,Not Rated,0.0
11208,2019-03-12,2019-03-19,709301,10576,66,2,5,5,59,9,50,SAT,0.0
11209,2019-03-12,2019-03-19,567057,1515,26,2,5,5,59,9,50,SAT,0.0
11210,2019-03-12,2019-03-19,2236941,11822,8,2,5,5,59,9,50,Not Rated,0.0
11211,2019-03-12,2019-03-18,850141,11916,62,2,5,5,59,9,50,SAT,0.0
11212,2019-03-12,2019-03-19,1805251,8779,51,2,5,5,59,9,50,Not Rated,0.0
11213,2019-03-12,2019-03-19,566851,11086,29,2,5,5,59,9,50,SAT,0.0
11214,2019-03-12,2019-03-19,198018,2178,55,2,5,5,59,9,50,SAT,0.0
11215,2019-03-12,2019-03-19,1850263,9206,75,2,5,5,59,9,50,SAT,0.0
11216,2019-03-12,2019-03-19,2205986,12034,28,2,5,5,59,9,50,SAT,0.0
11217,2019-03-12,2019-03-19,1674713,9715,73,2,5,5,59,9,50,SAT,0.0
11218,2019-03-12,2019-03-19,357246,960,18,2,5,5,59,9,50,SAT,0.0
11219,2019-03-12,2019-03-19,1785771,11175,78,2,5,5,59,9,50,SAT,0.0
11220,2019-03-12,2019-03-12,107206,11071,53,2,99,7,40,9,-1,Not Rated,0.0
11221,2019-03-12,2019-03-12,2066113,1079,71,2,99,7,12,9,-1,Not Rated,0.0
11222,2019-03-13,2019-03-18,545061,2117,65,2,5,5,59,9,16,SAT,0.0
11223,2019-03-13,2019-03-18,704374,224,75,2,5,5,59,9,16,SAT,0.0
11224,2019-03-13,2019-03-18,1835492,10328,62,2,5,5,59,9,16,SAT,0.0
11225,2019-03-13,2019-03-18,802125,1256,62,2,5,5,59,9,16,SAT,0.0
11226,2019-03-13,2019-03-18,1877656,8996,62,2,5,5,59,9,16,SAT,0.0
11227,2019-03-13,2019-03-18,1855924,8885,41,2,5,5,59,9,16,SAT,0.0
11228,2019-03-13,2019-03-18,208450,1706,77,2,5,5,59,9,16,SAT,0.0
11229,2019-03-13,2019-03-18,66515,10217,61,2,5,5,59,9,16,SAT,0.0
11230,2019-03-13,2019-03-18,2525783,10106,24,2,5,5,59,9,16,SAT,0.0
11231,2019-03-13,2019-03-18,1641032,10676,54,2,5,5,59,9,16,SAT,0.0
11232,2019-03-13,2019-03-18,2071301,581,41,2,5,5,59,9,16,SAT,0.0
11233,2019-03-13,2019-03-18,1835487,125,11,2,5,5,59,9,16,SAT,0.0
11234,2019-03-13,2019-03-18,339749,10235,36,2,5,5,59,9,16,SAT,0.0
11235,2019-03-13,2019-03-18,661439,2537,63,2,5,5,59,9,16,SAT,0.0
11236,2019-03-13,2019-03-18,1690824,12048,66,2,5,5,59,9,16,SAT,0.0
11237,2019-03-13,2019-03-18,304865,10793,55,2,5,5,59,9,16,SAT,0.0
11238,2019-03-13,2019-03-20,409178,8057,39,2,5,5,59,9,16,SAT,0.0
11239,2019-03-13,2019-03-18,1920360,11179,46,2,5,5,59,9,16,SAT,0.0
11240,2019-03-13,2019-03-18,2100638,10552,65,2,5,5,59,9,16,SAT,0.0
11241,2019-03-13,2019-03-18,1797742,8766,62,2,5,5,59,9,16,SAT,0.0
11242,2019-03-13,2019-03-18,2163851,9958,30,2,5,5,59,9,16,SAT,0.0
11243,2019-03-13,2019-03-18,30379,8063,67,2,5,5,59,9,16,SAT,0.0
11244,2019-03-12,2019-04-08,712676,2172,46,2,5,5,18,9,85,Not Rated,0.0
11245,2019-03-13,2019-03-26,694001,1352,14,2,5,5,59,9,50,SAT,0.0
11246,2019-03-13,2019-03-18,2004826,8797,39,2,5,5,59,9,16,SAT,0.0
11247,2019-03-13,2019-03-18,55452,507,75,2,5,5,59,9,-1,Not Rated,0.0
11248,2019-03-13,2019-03-18,1832022,11825,19,2,5,5,59,9,-1,Not Rated,0.0
11249,2019-03-13,2019-03-18,2132001,11621,41,2,5,5,59,9,-1,Not Rated,0.0
11250,2019-03-13,2019-03-18,859896,645,53,2,5,5,59,9,-1,Not Rated,0.0
11251,2019-03-13,2019-03-18,1800354,10637,71,2,5,5,59,9,-1,Not Rated,0.0
11252,2019-03-13,2019-03-18,1808066,2260,11,2,5,5,59,9,-1,Not Rated,0.0
11253,2019-03-13,2019-03-18,727990,10603,72,2,5,5,59,9,-1,Not Rated,0.0
11254,2019-03-13,2019-03-18,63920,194,42,2,5,5,59,9,-1,Not Rated,0.0
11255,2019-03-13,2019-03-18,2019615,11244,38,2,5,5,59,9,-1,Not Rated,0.0
11256,2019-03-13,2019-03-18,474509,581,14,2,5,5,59,9,42,Not Rated,0.0
11257,2019-03-13,2019-03-18,2338303,11150,53,2,5,5,59,9,42,Not Rated,0.0
11258,2019-03-13,2019-03-18,87430,8953,71,2,5,5,59,9,42,Not Rated,0.0
11259,2019-03-13,2019-03-18,2006354,10553,61,2,5,5,59,9,42,Not Rated,0.0
11260,2019-03-13,2019-03-18,893174,8201,39,2,5,5,59,9,42,Not Rated,0.0
11261,2019-03-13,2019-03-14,2303357,2478,36,2,5,5,59,9,16,SAT,0.0
11262,2019-03-13,2019-03-18,562699,1085,47,2,5,5,59,9,16,SAT,0.0
11263,2019-03-13,2019-03-18,1846888,11133,61,2,5,5,59,9,42,Not Rated,0.0
11264,2019-03-13,2019-03-18,517356,2378,27,2,5,5,59,9,42,Not Rated,0.0
11265,2019-03-13,2019-03-18,895339,2128,44,2,5,5,59,9,42,Not Rated,0.0
11266,2019-03-13,2019-03-18,357591,839,42,2,5,5,59,9,42,Not Rated,0.0
11267,2019-03-13,2019-03-18,1892321,11461,34,2,5,5,59,9,42,Not Rated,0.0
11268,2019-03-06,2019-03-15,108276,9393,19,2,5,5,8,9,85,Not Rated,0.0
11269,2019-03-14,2019-03-18,619180,940,43,2,9,7,12,9,42,Not Rated,0.0
11270,2019-03-08,2019-04-04,525487,11147,68,2,5,5,42,9,85,Not Rated,0.0
11271,2019-03-14,2019-03-20,2206425,9588,63,2,5,5,59,9,16,SAT,0.0
11272,2019-03-14,2019-03-20,756749,1997,24,2,5,5,59,9,16,SAT,0.0
11273,2019-03-14,2019-03-20,2199401,2218,3,2,5,5,59,9,16,SAT,0.0
11274,2019-03-14,2019-03-15,2442200,10990,44,2,5,5,59,9,16,NSA,0.0
11275,2019-03-14,2019-03-20,896790,12754,40,2,5,5,59,9,16,SAT,0.0
11276,2019-03-14,2019-03-21,1984570,11163,1,2,5,5,59,9,50,SAT,0.0
11277,2019-03-14,2019-03-21,1916627,9562,60,2,5,5,59,9,50,SAT,0.0
11278,2019-03-14,2019-03-21,1854682,7671,16,2,5,5,59,9,50,SAT,0.0
11279,2019-03-14,2019-03-21,2421920,8970,35,2,5,5,59,9,50,SAT,0.0
11280,2019-03-14,2019-03-21,2118472,2659,74,2,5,5,59,9,50,SAT,0.0
11281,2019-03-14,2019-03-21,2381700,11942,75,2,5,5,59,9,50,SAT,0.0
11282,2019-03-14,2019-03-21,2088292,9419,71,2,5,5,59,9,50,SAT,0.0
11283,2019-03-14,2019-03-21,887135,11244,58,2,5,5,59,9,50,SAT,0.0
11284,2019-03-14,2019-03-21,2108990,9853,3,2,5,5,59,9,50,SAT,0.0
11285,2019-03-14,2019-03-21,115596,1737,69,2,5,5,59,9,50,SAT,0.0
11286,2019-03-14,2019-03-20,1842966,9968,53,2,5,5,59,9,16,SAT,0.0
11287,2019-03-14,2019-03-21,2164259,10898,77,2,5,5,59,9,50,SAT,0.0
11288,2019-03-14,2019-03-20,100339,8965,74,2,5,5,59,9,50,SAT,0.0
11289,2019-03-14,2019-03-20,222456,2676,54,2,5,5,59,9,50,SAT,0.0
11290,2019-03-14,2019-03-20,2008213,11212,72,2,5,5,59,9,50,SAT,0.0
11291,2019-03-14,2019-03-21,2325656,8984,44,2,5,5,59,9,16,SAT,0.0
11292,2019-03-14,2019-03-20,2116060,12354,50,2,5,5,59,9,50,SAT,0.0
11293,2019-03-14,2019-03-20,19191,11175,38,2,5,5,59,9,50,SAT,0.0
11294,2019-03-14,2019-03-21,608725,9370,8,2,5,5,59,9,50,SAT,0.0
11295,2019-03-14,2019-03-20,2114809,7949,42,2,5,5,59,9,50,SAT,0.0
11296,2019-03-14,2019-04-09,2114809,12087,28,2,3,5,10,9,42,Not Rated,0.0
11297,2019-03-14,2019-03-20,199557,8858,50,2,5,5,59,9,50,SAT,0.0
11298,2019-03-14,2019-03-26,177427,598,71,2,5,5,59,9,50,SAT,0.0
11299,2019-03-14,2019-03-20,1856237,11078,37,2,5,5,59,9,50,SAT,0.0
11300,2019-03-14,2019-03-20,402120,11175,55,2,5,5,59,9,50,SAT,0.0
11301,2019-03-14,2019-03-20,2292298,2504,33,2,5,5,59,9,-1,Not Rated,0.0
11302,2019-03-14,2019-04-10,390964,10991,33,2,5,5,18,9,85,Not Rated,0.0
11303,2019-03-14,2019-03-21,1874325,11172,52,2,5,5,59,9,16,SAT,0.0
11304,2019-03-14,2019-03-20,553148,11062,5,2,5,5,59,9,16,SAT,0.0
11305,2019-03-14,2019-03-21,867161,2128,57,2,5,5,59,9,16,Not Rated,0.0
11306,2019-03-14,2019-03-21,1895235,9856,52,2,5,5,59,9,16,SAT,0.0
11307,2019-03-14,2019-03-20,434340,9588,51,2,5,5,59,9,-1,Not Rated,0.0
11308,2019-03-14,2019-03-20,1805873,282,16,2,5,5,59,9,-1,Not Rated,0.0
11309,2019-03-14,2019-03-20,335874,192,22,2,5,5,59,9,-1,Not Rated,0.0
11310,2019-03-14,2019-03-20,2079801,8605,28,2,5,5,59,9,-1,Not Rated,0.0
11311,2019-03-14,2019-03-20,807044,7979,65,2,5,5,59,9,-1,Not Rated,0.0
11312,2019-03-14,2019-03-20,2167288,1500,17,2,5,5,59,9,-1,Not Rated,0.0
11313,2019-03-14,2019-03-21,2188935,1106,68,2,5,5,59,9,16,SAT,0.0
11314,2019-03-14,2019-03-20,2155262,10337,73,2,5,5,59,9,-1,Not Rated,0.0
11315,2019-03-14,2019-03-20,1793043,11083,35,2,5,5,59,9,-1,Not Rated,0.0
11316,2019-03-14,2019-03-20,1802775,12133,51,2,5,5,59,9,-1,Not Rated,0.0
11317,2019-03-14,2019-03-20,1739802,10569,74,2,5,5,59,9,-1,Not Rated,0.0
11318,2019-03-14,2019-03-20,320301,10898,62,2,5,5,59,9,-1,Not Rated,0.0
11319,2019-03-15,2019-03-18,1802993,11179,65,2,5,5,59,9,16,Not Rated,0.0
11320,2019-03-14,2019-04-10,698515,1079,69,2,5,5,63,9,85,Not Rated,0.0
11321,2019-03-15,2019-03-20,89805,10218,37,2,5,5,59,9,16,SAT,0.0
11322,2019-03-15,2019-04-16,844664,8963,68,2,5,5,38,9,42,Not Rated,0.0
11323,2019-03-15,2019-03-18,1810490,11668,62,2,5,5,59,9,16,Not Rated,0.0
11324,2019-03-15,2019-03-18,119606,11029,55,2,5,5,59,9,16,SAT,0.0
11325,2019-03-15,2019-04-12,2203794,9419,3,2,5,5,32,9,42,Not Rated,0.0
11326,2019-03-14,2019-04-18,206093,923,24,2,9,5,12,9,42,Not Rated,0.0
11327,2019-03-15,2019-03-20,2483316,1350,30,2,5,5,59,9,16,SAT,0.0
11328,2019-03-15,2019-03-20,2156296,9347,28,2,5,5,59,9,16,SAT,0.0
11332,2019-03-15,2019-03-20,1848833,11537,4,2,5,5,59,9,16,SAT,0.0
11336,2019-03-15,2019-03-20,844997,581,46,2,5,5,59,9,16,SAT,0.0
11337,2019-03-15,2019-03-29,1794698,10147,63,2,5,5,59,9,16,SAT,0.0
11338,2019-03-15,2019-03-20,1890190,8742,42,2,5,5,59,9,16,SAT,0.0
11339,2019-03-15,2019-03-20,1860024,9000,36,2,5,5,59,9,16,SAT,0.0
11340,2019-03-15,2019-03-20,54341,11107,56,2,5,5,59,9,16,SAT,0.0
11341,2019-03-15,2019-03-20,55199,9247,47,2,5,5,59,9,16,SAT,0.0
11342,2019-03-15,2019-03-20,2058313,11175,67,2,5,5,59,9,16,SAT,0.0
11343,2019-03-15,2019-03-20,636951,11479,41,2,5,5,59,9,16,SAT,0.0
11344,2019-03-15,2019-03-18,1855269,12367,56,2,5,5,57,9,16,SAT,0.0
11345,2019-03-15,2019-03-20,1837715,2178,16,2,5,5,59,9,16,SAT,0.0
11347,2019-03-15,2019-03-20,1818294,11030,35,2,5,5,59,9,16,SAT,0.0
11348,2019-03-15,2019-03-20,441945,1115,70,2,5,5,59,9,16,SAT,0.0
11349,2019-03-15,2019-03-20,524633,12241,40,2,5,5,59,9,16,SAT,0.0
11350,2019-03-15,2019-03-20,458053,9813,39,2,5,5,59,9,16,SAT,0.0
11351,2019-03-15,2019-03-20,2517833,11278,69,2,5,5,59,9,16,SAT,0.0
11352,2019-03-14,2019-04-04,2127851,1342,71,2,5,5,40,9,85,Not Rated,0.0
11353,2019-03-15,2019-04-03,295793,10739,62,2,9,5,12,9,42,Not Rated,0.0
11354,2019-03-15,2019-03-19,699526,10359,70,2,9,5,12,9,42,Not Rated,0.0
11355,2019-03-18,2019-03-26,1806068,11220,22,2,5,5,65,9,16,SAT,0.0
11356,2019-03-18,2019-04-10,889068,12299,19,2,5,5,36,9,85,Not Rated,0.0
11357,2019-03-18,2019-03-20,1796754,10892,31,2,5,5,59,9,16,SAT,0.0
11358,2019-03-18,2019-03-20,2006816,10112,35,2,5,5,59,9,16,SAT,0.0
11359,2019-03-18,2019-03-20,850134,11158,57,2,5,5,59,9,16,SAT,0.0
11360,2019-03-18,2019-04-02,2204507,9395,54,2,9,5,12,9,42,Not Rated,0.0
11361,2019-03-18,2019-03-20,1736633,11000,61,2,5,5,59,9,16,SAT,0.0
11362,2019-03-18,2019-03-20,296782,1356,30,2,5,5,59,9,16,SAT,0.0
11363,2019-03-18,2019-03-20,2110468,507,75,2,5,5,59,9,16,SAT,0.0
11364,2019-03-18,2019-03-20,587497,12065,19,2,5,5,59,9,16,SAT,0.0
11365,2019-03-18,2019-03-20,1869256,2208,61,2,5,5,59,9,16,SAT,0.0
11366,2019-03-18,2019-03-20,2422517,12334,57,2,5,5,59,9,16,SAT,0.0
11367,2019-03-18,2019-03-20,1836059,11669,9,2,5,5,59,9,16,SAT,0.0
11368,2019-03-18,2019-03-20,627199,235,32,2,5,5,59,9,16,SAT,0.0
11369,2019-03-18,2019-03-20,1892825,10443,49,2,5,5,59,9,16,SAT,0.0
11370,2019-03-18,2019-03-20,2102526,10998,26,2,5,5,59,9,16,SAT,0.0
11371,2019-03-18,2019-03-20,809483,8116,1,2,5,5,59,9,16,SAT,0.0
11372,2019-03-15,2019-03-15,384341,11954,65,2,99,7,12,9,-1,Not Rated,0.0
11373,2019-03-18,2019-03-19,2052809,10073,21,2,5,5,58,9,85,Not Rated,0.0
11374,2019-03-19,2019-03-22,2055425,10217,2,2,5,5,59,9,50,SAT,0.0
11375,2019-03-19,2019-03-22,497734,9662,38,2,5,5,59,9,50,SAT,0.0
11376,2019-03-19,2019-03-22,1882161,542,6,2,5,5,59,9,50,SAT,0.0
11377,2019-03-19,2019-03-22,647759,974,60,2,5,5,59,9,50,SAT,0.0
11378,2019-03-19,2019-03-22,323155,1440,5,2,6,5,59,9,50,SAT,0.0
11379,2019-03-19,2019-03-22,1819977,1266,3,2,5,5,59,9,50,SAT,0.0
11380,2019-03-19,2019-03-22,1806506,11104,57,2,5,5,59,9,50,SAT,0.0
11381,2019-03-19,2019-04-01,35693,9405,14,2,5,5,59,9,16,SAT,0.0
11382,2019-03-19,2019-03-19,690399,11114,68,2,5,5,59,9,16,Not Rated,0.0
11383,2019-03-19,2019-03-20,892552,9670,53,2,5,5,65,9,16,SAT,0.0
11384,2019-03-19,2019-04-01,14734,11077,58,2,5,5,59,9,16,SAT,0.0
11385,2019-03-19,2019-04-01,259697,8858,40,2,5,5,59,9,16,SAT,0.0
11386,2019-03-19,2019-04-01,404853,12102,78,2,5,5,59,9,16,SAT,0.0
11387,2019-03-19,2019-03-21,1842257,2230,14,2,5,5,59,9,50,SAT,0.0
11388,2019-03-19,2019-03-21,894496,868,76,2,5,5,59,9,50,SAT,0.0
11389,2019-03-19,2019-03-21,2341632,10994,2,2,5,5,59,9,50,SAT,0.0
11390,2019-03-19,2019-03-21,706884,2648,19,2,5,5,59,9,50,SAT,0.0
11391,2019-03-19,2019-03-21,1781703,12475,26,2,5,5,59,9,50,SAT,0.0
11392,2019-03-19,2019-03-21,2126104,1879,78,2,5,5,59,9,50,SAT,0.0
11393,2019-03-19,2019-03-21,1825698,12428,53,2,5,5,59,9,50,SAT,0.0
11394,2019-03-19,2019-03-21,2429650,12038,17,2,5,5,59,9,50,SAT,0.0
11395,2019-03-19,2019-03-21,12602,11213,53,2,5,5,59,9,50,SAT,0.0
11396,2019-03-19,2019-03-21,2069719,175,21,2,5,5,59,9,50,SAT,0.0
11397,2019-03-19,2019-03-21,251837,10601,2,2,5,5,59,9,50,Not Rated,0.0
11398,2019-03-19,2019-03-21,1878074,2559,77,2,5,5,59,9,50,SAT,0.0
11399,2019-03-19,2019-03-21,769552,2538,32,2,5,5,59,9,50,SAT,0.0
11400,2019-03-19,2019-03-21,453015,11074,30,2,5,5,59,9,50,SAT,0.0
11401,2019-03-19,2019-03-21,1725127,10883,4,2,5,5,59,9,50,SAT,0.0
11402,2019-03-19,2019-03-21,2128641,10982,77,2,5,5,59,9,50,SAT,0.0
11403,2019-03-19,2019-03-21,63318,9560,32,2,5,5,59,9,50,SAT,0.0
11404,2019-03-19,2019-03-21,272267,11213,53,2,5,5,59,9,50,SAT,0.0
11405,2019-03-19,2019-03-20,1739725,10426,47,2,5,5,64,9,85,Not Rated,0.0
11406,2019-03-20,2019-04-01,2237017,11188,24,2,5,5,65,9,16,SAT,0.0
11407,2019-03-20,2019-03-26,2155317,1292,57,2,5,5,59,9,50,SAT,0.0
11408,2019-03-20,2019-03-27,2009573,8530,3,2,5,5,65,9,16,SAT,0.0
11409,2019-03-20,2019-03-26,471348,12603,64,2,5,5,59,9,50,SAT,0.0
11410,2019-03-20,2019-03-26,338893,9361,9,2,5,5,59,9,50,SAT,0.0
11411,2019-03-20,2019-03-20,750859,10030,18,2,5,5,59,9,16,SAT,0.0
11412,2019-03-20,2019-03-26,2256014,11116,77,2,5,5,59,9,50,SAT,0.0
11413,2019-03-20,2019-03-26,263167,8955,70,2,5,5,59,9,50,SAT,0.0
11414,2019-03-20,2019-03-26,1855893,8766,27,2,5,5,59,9,50,SAT,0.0
11415,2019-03-20,2019-03-26,1791240,10337,32,2,5,5,59,9,50,SAT,0.0
11416,2019-03-20,2019-03-26,896886,119,3,2,5,5,59,9,50,SAT,0.0
11417,2019-03-20,2019-03-22,725615,8917,10,2,5,5,59,9,16,SAT,0.0
11418,2019-03-20,2019-03-26,1724499,11493,51,2,5,5,59,9,50,SAT,0.0
11419,2019-03-20,2019-03-22,1745206,10218,49,2,5,5,59,9,50,SAT,0.0
11420,2019-03-20,2019-03-26,494220,9634,19,2,5,5,59,9,50,SAT,0.0
11421,2019-03-20,2019-03-26,603850,11136,16,2,5,5,59,9,50,SAT,0.0
11422,2019-03-20,2019-03-26,491358,2321,48,2,5,5,59,9,50,SAT,0.0
11423,2019-03-20,2019-03-26,39142,11444,33,2,5,5,59,9,50,SAT,0.0
11424,2019-03-20,2019-03-26,146350,9800,3,2,5,5,59,9,50,SAT,0.0
11425,2019-03-20,2019-03-26,464832,10992,49,2,5,5,59,9,50,SAT,0.0
11426,2019-03-20,2019-03-22,1707365,2124,18,2,5,5,59,9,16,SAT,0.0
11427,2019-03-20,2019-03-26,636559,2172,14,2,5,5,59,9,50,SAT,0.0
11428,2019-03-20,2019-03-22,282442,2175,22,2,5,5,59,9,50,SAT,0.0
11429,2019-03-20,2019-03-22,823439,2007,45,2,5,5,59,9,50,SAT,0.0
11430,2019-03-20,2019-03-22,201605,8999,41,2,5,5,59,9,50,SAT,0.0
11431,2019-03-20,2019-03-22,827189,10260,3,2,5,5,59,9,50,SAT,0.0
11432,2019-03-20,2019-03-22,1758108,11840,51,2,5,5,59,9,50,SAT,0.0
11433,2019-03-20,2019-03-22,685556,473,69,2,5,5,59,9,50,SAT,0.0
11435,2019-03-20,2019-04-01,172146,10428,49,2,5,5,59,9,16,SAT,0.0
11436,2019-03-20,2019-03-22,752230,49,1,2,5,5,59,9,50,Not Rated,0.0
11437,2019-03-20,2019-03-22,323918,12346,14,2,5,5,59,9,50,SAT,0.0
11438,2019-03-20,2019-04-01,530621,10260,20,2,5,5,65,9,16,SAT,0.0
11439,2019-03-20,2019-03-28,612970,11849,69,2,5,5,59,9,50,SAT,0.0
11440,2019-03-20,2019-03-28,2520428,12246,29,2,5,5,59,9,50,SAT,0.0
11441,2019-03-20,2019-03-28,1847920,10327,5,2,5,5,59,9,50,SAT,0.0
11442,2019-03-20,2019-03-28,2242967,865,71,2,5,5,59,9,50,SAT,0.0
11443,2019-03-20,2019-03-28,154673,9813,23,2,5,5,59,9,50,SAT,0.0
11444,2019-03-20,2019-03-28,1863913,9803,25,2,5,5,59,9,50,SAT,0.0
11445,2019-03-20,2019-03-28,2163275,12024,62,2,5,5,59,9,50,SAT,0.0
11446,2019-03-20,2019-03-29,1818851,8399,14,2,5,5,59,9,50,SAT,0.0
11447,2019-03-20,2019-03-28,213086,11937,26,2,5,5,59,9,50,SAT,0.0
11448,2019-03-20,2019-03-28,1807234,11276,68,2,5,5,59,9,50,SAT,0.0
11449,2019-03-20,2019-03-28,864011,9826,34,2,5,5,59,9,50,SAT,0.0
11450,2019-03-20,2019-04-03,796346,10744,52,2,5,5,59,9,16,SAT,0.0
11451,2019-03-20,2019-03-22,1890576,10744,62,2,5,5,59,9,16,SAT,0.0
11452,2019-03-20,2019-03-22,71327,10552,73,2,5,5,59,9,16,SAT,0.0
11453,2019-03-20,2019-04-01,863214,12428,19,2,5,5,59,9,16,SAT,0.0
11454,2019-03-20,2019-04-03,1856557,529,37,2,5,5,59,9,16,SAT,0.0
11455,2019-03-20,2019-04-03,690127,10659,78,2,5,5,59,9,16,SAT,0.0
11456,2019-03-20,2019-04-03,214593,9270,63,2,5,5,59,9,16,SAT,0.0
11457,2019-03-20,2019-03-28,1857873,10637,36,2,5,5,59,9,16,SAT,0.0
11458,2019-03-20,2019-03-28,2158442,7950,49,2,5,5,59,9,16,SAT,0.0
11459,2019-03-20,2019-03-28,321336,10587,24,2,5,5,59,9,16,SAT,0.0
11460,2019-03-20,2019-03-28,1788908,2235,54,2,5,5,59,9,16,SAT,0.0
11461,2019-03-20,2019-03-28,2184402,9853,33,2,5,5,59,9,16,SAT,0.0
11462,2019-03-20,2019-03-28,1812856,12399,77,2,5,5,59,9,16,SAT,0.0
11463,2019-03-20,2019-03-28,100054,10490,63,2,5,5,59,9,16,SAT,0.0
11464,2019-03-20,2019-03-28,11817,1896,60,2,5,5,59,9,16,SAT,0.0
11465,2019-03-20,2019-03-28,847172,7835,67,2,5,5,59,9,16,SAT,0.0
11466,2019-03-20,2019-03-28,1888810,9247,12,2,5,5,65,9,16,SAT,0.0
11467,2019-03-20,2019-03-28,2135024,9001,17,2,5,5,59,9,16,SAT,0.0
11468,2019-03-20,2019-03-28,458795,9633,7,2,5,5,59,9,16,SAT,0.0
11469,2019-03-20,2019-03-28,2223084,836,37,2,5,5,59,9,16,SAT,0.0
11470,2019-03-20,2019-03-28,48967,836,61,2,5,5,59,9,16,SAT,0.0
11471,2019-03-20,2019-03-28,2114098,1645,11,2,5,5,59,9,16,SAT,0.0
11472,2019-03-20,2019-03-28,2125261,10186,14,2,5,5,59,9,16,SAT,0.0
11473,2019-03-20,2019-03-28,1709001,10998,64,2,5,5,59,9,16,SAT,0.0
11474,2019-03-20,2019-03-28,2272312,796,6,2,5,5,59,9,16,SAT,0.0
11475,2019-03-20,2019-03-28,589275,11265,39,2,5,5,59,9,16,SAT,0.0
11476,2019-03-20,2019-03-28,620353,11276,46,2,5,5,59,9,16,SAT,0.0
11477,2019-03-20,2019-03-28,272262,884,25,2,5,5,59,9,16,SAT,0.0
11478,2019-03-20,2019-03-28,1707284,11272,45,2,5,5,59,9,16,SAT,0.0
11479,2019-03-20,2019-03-28,1768982,9628,19,2,5,5,59,9,16,SAT,0.0
11480,2019-03-20,2019-03-28,2079541,10225,64,2,5,5,59,9,16,SAT,0.0
11481,2019-03-20,2019-03-28,66515,2321,47,2,5,5,59,9,16,SAT,0.0
11482,2019-03-20,2019-03-28,1914548,1865,14,2,5,5,59,9,16,SAT,0.0
11483,2019-03-20,2019-03-28,420971,11796,23,2,5,5,59,9,-1,Not Rated,0.0
11484,2019-03-20,2019-03-28,2257349,12174,28,2,5,5,59,9,-1,Not Rated,0.0
11485,2019-03-20,2019-03-28,1868481,9546,10,2,5,5,59,9,-1,Not Rated,0.0
11486,2019-03-20,2019-03-28,176295,2519,28,2,5,5,59,9,-1,Not Rated,0.0
11487,2019-03-20,2019-04-18,1789721,1097,58,2,5,5,59,9,16,SAT,0.0
11488,2019-03-20,2019-03-28,172074,2172,19,2,5,5,59,9,-1,Not Rated,0.0
11489,2019-03-20,2019-03-28,2092583,9260,75,2,5,5,59,9,-1,Not Rated,0.0
11490,2019-03-20,2019-03-28,259697,7841,56,2,5,5,59,9,-1,Not Rated,0.0
11491,2019-03-20,2019-03-28,608725,11263,28,2,5,5,59,9,-1,Not Rated,0.0
11492,2019-03-20,2019-03-28,1724612,11972,43,2,5,5,59,9,-1,Not Rated,0.0
11493,2019-03-20,2019-03-28,2017256,119,67,2,5,5,59,9,-1,Not Rated,0.0
11494,2019-03-21,2019-03-28,1885882,11676,60,2,5,5,59,9,-1,Not Rated,0.0
11495,2019-03-21,2019-03-28,894097,1717,16,2,5,5,59,9,-1,Not Rated,0.0
11496,2019-03-21,2019-03-28,879177,11223,29,2,5,5,59,9,-1,Not Rated,0.0
11497,2019-03-21,2019-03-22,58265,11078,50,2,5,5,59,9,16,SAT,0.0
11498,2019-03-21,2019-04-18,377330,8530,70,2,5,5,63,9,85,Not Rated,0.0
11499,2019-03-21,2019-03-28,1848250,12133,49,2,5,5,59,9,-1,Not Rated,0.0
11500,2019-03-21,2019-04-02,719412,2468,73,2,5,5,59,9,16,SAT,0.0
11501,2019-03-21,2019-04-02,172037,2500,56,2,5,5,59,9,16,SAT,0.0
11502,2019-03-21,2019-04-02,2109413,9558,52,2,5,5,59,9,16,SAT,0.0
11504,2019-03-21,2019-04-18,894368,12174,39,2,5,5,10,9,85,Not Rated,0.0
11505,2019-03-21,2019-04-02,2016525,1680,74,2,5,5,59,9,16,SAT,0.0
11506,2019-03-21,2019-04-02,1707546,224,75,2,5,5,59,9,16,SAT,0.0
11507,2019-03-21,2019-04-02,2019504,601,27,2,5,5,59,9,16,SAT,0.0
11508,2019-03-21,2019-04-01,464610,9260,49,2,5,5,59,9,16,SAT,0.0
11509,2019-03-21,2019-04-01,93540,11175,26,2,5,5,59,9,16,SAT,0.0
11510,2019-03-21,2019-04-01,610553,858,55,2,5,5,59,9,16,SAT,0.0
11511,2019-03-21,2019-04-01,2112825,9633,48,2,5,5,59,9,16,SAT,0.0
11512,2019-03-21,2019-04-03,2223184,2172,37,2,5,5,59,9,16,SAT,0.0
11513,2019-03-21,2019-03-21,1741347,10260,3,2,5,5,59,9,16,Not Rated,0.0
11514,2019-03-21,2019-03-21,857049,11537,15,2,5,5,59,9,16,SAT,0.0
11515,2019-03-21,2019-04-01,2384433,2482,52,2,5,5,59,9,16,SAT,0.0
11516,2019-03-21,2019-04-01,773979,9562,7,2,5,5,57,9,16,SAT,0.0
11517,2019-03-21,2019-04-01,2523271,116,15,2,5,5,59,9,16,SAT,0.0
11518,2019-03-21,2019-03-27,1857873,11980,3,2,5,5,59,9,16,SAT,0.0
11519,2019-03-21,2019-04-01,1793575,10668,31,2,5,5,59,9,16,SAT,0.0
11520,2019-03-21,2019-04-01,2058621,10820,25,2,5,5,59,9,16,SAT,0.0
11521,2019-03-21,2019-04-01,478644,11083,41,2,5,5,59,9,16,SAT,0.0
11522,2019-03-21,2019-04-01,1875584,10994,12,2,5,5,59,9,16,SAT,0.0
11523,2019-03-21,2019-03-29,894549,9892,73,2,5,5,59,9,16,SAT,0.0
11524,2019-03-21,2019-04-01,746274,1962,24,2,5,5,59,9,16,SAT,0.0
11525,2019-03-21,2019-04-01,2429714,1430,78,2,5,5,59,9,16,SAT,0.0
11526,2019-03-21,2019-04-01,834194,10536,57,2,5,5,59,9,16,SAT,0.0
11527,2019-03-21,2019-04-01,2037934,10187,35,2,5,5,59,9,16,SAT,0.0
11528,2019-03-21,2019-04-01,531308,11980,10,2,5,5,59,9,16,SAT,0.0
11529,2019-03-21,2019-04-02,110,11001,50,2,5,5,59,9,50,SAT,0.0
11530,2019-03-21,2019-04-02,1707000,645,53,2,5,5,59,9,50,SAT,0.0
11531,2019-03-21,2019-04-02,537205,11849,11,2,5,5,59,9,50,SAT,0.0
11532,2019-03-21,2019-04-02,2093120,8840,61,2,5,5,59,9,50,SAT,0.0
11533,2019-03-21,2019-04-02,1787239,2637,64,2,5,5,59,9,50,SAT,0.0
11535,2019-03-21,2019-04-02,591592,10359,7,2,5,5,59,9,50,SAT,0.0
11536,2019-03-21,2019-04-02,1920053,9272,37,2,5,5,59,9,50,SAT,0.0
11537,2019-03-21,2019-04-02,131481,9622,29,2,5,5,59,9,50,SAT,0.0
11538,2019-03-21,2019-04-02,7302,11036,35,2,5,5,59,9,50,SAT,0.0
11539,2019-03-21,2019-03-27,2054515,11479,10,2,5,5,59,9,16,SAT,0.0
11540,2019-03-21,2019-04-02,12656,11272,58,2,5,5,59,9,50,SAT,0.0
11541,2019-03-21,2019-03-22,575832,12727,47,2,5,5,59,9,16,SAT,0.0
11542,2019-03-21,2019-04-02,1853436,884,64,2,5,5,59,9,50,SAT,0.0
11543,2019-03-21,2019-04-01,153055,10071,10,2,5,5,59,9,16,SAT,0.0
11544,2019-03-22,2019-04-01,1854153,11220,66,2,5,5,65,9,16,SAT,0.0
11545,2019-03-22,2019-03-22,245896,7979,34,2,3,5,58,9,42,Not Rated,0.0
11546,2019-03-22,2019-04-01,15646,11971,25,2,5,5,59,9,16,SAT,0.0
11547,2019-03-22,2019-03-29,2032988,2676,66,2,5,5,59,9,16,SAT,0.0
11548,2019-03-21,2019-03-28,1770866,9799,15,2,9,5,10,9,42,Not Rated,0.0
11549,2019-03-22,2019-04-01,1852642,11265,5,2,5,5,59,9,16,SAT,0.0
11550,2019-03-22,2019-04-01,46457,11137,55,2,5,5,59,9,16,SAT,0.0
11551,2019-03-22,2019-04-01,70575,1717,11,2,5,5,59,9,16,SAT,0.0
11552,2019-03-22,2019-04-01,342314,2801,9,2,5,5,59,9,16,SAT,0.0
11553,2019-03-22,2019-04-01,2438543,11031,7,2,5,5,59,9,16,SAT,0.0
11554,2019-03-22,2019-04-01,2115726,745,35,2,5,5,59,9,16,SAT,0.0
11555,2019-03-22,2019-04-01,883702,12198,55,2,5,5,59,9,16,SAT,0.0
11556,2019-03-22,2019-04-01,891839,542,24,2,5,5,59,9,16,SAT,0.0
11557,2019-03-22,2019-04-01,2006814,2656,3,2,5,5,59,9,16,SAT,0.0
11558,2019-03-22,2019-04-01,1878117,11063,25,2,5,5,59,9,16,SAT,0.0
11559,2019-03-22,2019-03-27,896873,12066,18,2,5,5,59,9,16,SAT,0.0
11560,2019-03-22,2019-03-27,2115157,12328,45,2,5,5,59,9,16,SAT,0.0
11561,2019-03-22,2019-04-01,681362,2666,76,2,5,5,59,9,16,SAT,0.0
11562,2019-03-22,2019-04-01,2400997,11268,29,2,5,5,59,9,16,SAT,0.0
11563,2019-03-22,2019-04-01,45757,507,49,2,5,5,59,9,16,SAT,0.0
11564,2019-03-22,2019-04-01,1690017,11039,73,2,5,5,59,9,16,SAT,0.0
11565,2019-03-22,2019-03-22,2059565,2637,43,2,5,5,59,9,16,SAT,0.0
11566,2019-03-22,2019-04-01,1816200,10111,3,2,5,5,59,9,16,SAT,0.0
11567,2019-03-22,2019-04-01,441579,11119,56,2,5,5,59,9,16,SAT,0.0
11568,2019-03-22,2019-03-29,2038724,2613,57,2,5,5,59,9,16,SAT,0.0
11569,2019-03-22,2019-04-01,1756112,1309,12,2,5,5,59,9,16,SAT,0.0
11570,2019-03-21,2019-04-22,2097234,8055,37,2,3,5,11,9,42,Not Rated,0.0
11571,2019-03-22,2019-03-28,1743784,9706,78,2,5,5,59,9,16,SAT,0.0
11572,2019-03-22,2019-04-01,300681,461,26,2,5,5,59,9,16,SAT,0.0
11573,2019-03-22,2019-04-01,2132380,11179,25,2,5,5,59,9,16,SAT,0.0
11574,2019-03-22,2019-04-01,2362054,10601,24,2,5,5,59,9,16,SAT,0.0
11575,2019-03-22,2019-04-01,192684,8057,56,2,5,5,59,9,16,SAT,0.0
11576,2019-03-22,2019-04-01,2458130,1465,60,2,5,5,59,9,16,SAT,0.0
11577,2019-03-22,2019-04-01,107666,1695,42,2,5,5,59,9,16,SAT,0.0
11578,2019-03-22,2019-04-01,1740850,2260,34,2,5,5,59,9,16,SAT,0.0
11579,2019-03-22,2019-04-01,500666,2648,19,2,5,5,59,9,16,SAT,0.0
11580,2019-03-22,2019-04-01,118013,8970,58,2,5,5,59,9,16,SAT,0.0
11581,2019-03-22,2019-03-22,882201,1548,10,2,5,5,59,9,16,Not Rated,0.0
11582,2019-03-22,2019-03-27,2034995,2502,15,2,5,5,59,9,16,SAT,0.0
11583,2019-03-26,2019-04-01,863408,11158,46,2,5,5,59,9,16,SAT,0.0
11584,2019-03-26,2019-03-28,2175525,11087,4,2,5,5,65,9,16,SAT,0.0
11585,2019-03-26,2019-03-29,2464768,9270,37,2,3,5,59,9,16,SAT,0.0
11586,2019-03-26,2019-03-26,433495,12769,61,2,99,7,12,9,-1,Not Rated,0.0
11587,2019-03-27,2019-04-25,423001,9884,23,2,3,5,12,9,42,Not Rated,0.0
11588,2019-03-27,2019-03-29,1825478,1256,67,2,5,5,12,9,16,SAT,0.0
11589,2019-03-27,2019-04-03,2174799,10722,35,2,5,5,59,9,16,SAT,0.0
11590,2019-03-27,2019-04-11,1679971,12334,64,2,4,5,64,9,42,Not Rated,0.0
11591,2019-03-27,2019-04-03,1820317,11039,37,2,5,5,59,9,16,SAT,0.0
11592,2019-03-27,2019-04-03,2307477,2468,53,2,5,5,59,9,16,SAT,0.0
11593,2019-03-18,2019-03-27,1815535,9410,13,2,9,5,12,9,42,Not Rated,0.0
11594,2019-03-27,2019-04-03,1822558,8138,26,2,5,5,59,9,16,SAT,0.0
11595,2019-03-27,2019-04-03,1893386,9634,11,2,5,5,59,9,16,SAT,0.0
11596,2019-03-27,2019-04-03,823390,10430,22,2,5,5,59,9,16,SAT,0.0
11597,2019-03-27,2019-04-03,2491681,11182,70,2,5,5,59,9,16,SAT,0.0
11598,2019-03-27,2019-04-03,566327,1748,67,2,5,5,59,9,16,SAT,0.0
11599,2019-03-27,2019-03-29,1706955,10197,61,2,5,5,59,9,16,SAT,0.0
11600,2019-03-27,2019-04-03,2440285,12044,76,2,5,5,59,9,16,SAT,0.0
11601,2019-03-27,2019-04-03,2058652,10217,19,2,5,5,59,9,16,SAT,0.0
11602,2019-03-27,2019-04-03,1761120,242,63,2,5,5,59,9,16,SAT,0.0
11603,2019-03-27,2019-03-29,2130884,9893,17,2,5,5,57,9,16,SAT,0.0
11604,2019-03-27,2019-04-02,1883562,10106,9,2,5,5,59,9,16,SAT,0.0
11605,2019-03-27,2019-04-02,781568,7973,52,2,5,5,59,9,16,SAT,0.0
11606,2019-03-27,2019-04-02,1866634,11118,9,2,5,5,59,9,16,SAT,0.0
11607,2019-03-27,2019-04-02,19191,11004,51,2,5,5,59,9,16,SAT,0.0
11608,2019-03-27,2019-04-02,2107222,11245,72,2,5,5,59,9,16,SAT,0.0
11609,2019-03-27,2019-04-02,1827297,2696,14,2,5,5,59,9,16,SAT,0.0
11610,2019-03-27,2019-03-29,761257,1309,14,2,5,5,59,9,16,SAT,0.0
11611,2019-03-27,2019-04-03,2443258,10834,2,2,5,5,59,9,16,SAT,0.0
11612,2019-03-27,2019-04-02,17480,12127,31,2,5,5,59,9,16,SAT,0.0
11613,2019-03-27,2019-04-02,283840,1229,16,2,5,5,59,9,16,SAT,0.0
11614,2019-03-27,2019-04-02,144491,1499,73,2,5,5,59,9,16,SAT,0.0
11615,2019-03-27,2019-04-02,1732401,11558,42,2,5,5,59,9,16,SAT,0.0
11616,2019-03-27,2019-04-02,2054444,10964,55,2,5,5,59,9,16,SAT,0.0
11617,2019-03-27,2019-04-02,1903677,10071,69,2,5,5,59,9,16,SAT,0.0
11618,2019-03-27,2019-04-02,1810481,11072,23,2,5,5,59,9,16,SAT,0.0
11619,2019-03-27,2019-04-02,335431,813,44,2,5,5,59,9,16,SAT,0.0
11620,2019-03-27,2019-04-02,1659103,8949,48,2,5,5,59,9,16,SAT,0.0
11621,2019-03-27,2019-04-02,332913,11287,37,2,5,5,59,9,16,SAT,0.0
11622,2019-03-27,2019-04-02,257903,1115,58,2,5,5,59,9,16,SAT,0.0
11623,2019-03-27,2019-04-02,1642836,11212,50,2,5,5,59,9,16,SAT,0.0
11624,2019-03-27,2019-04-02,156392,1526,22,2,5,5,59,9,16,SAT,0.0
11625,2019-03-27,2019-04-02,2403427,10106,9,2,5,5,59,9,16,SAT,0.0
11626,2019-03-27,2019-04-02,475373,11150,24,2,5,5,59,9,16,SAT,0.0
11627,2019-03-27,2019-04-02,2017294,12066,67,2,5,5,59,9,16,SAT,0.0
11628,2019-03-27,2019-04-02,1753604,909,18,2,5,5,59,9,16,SAT,0.0
11629,2019-03-29,2019-04-30,2037929,1515,52,2,3,7,66,9,42,Not Rated,0.0
11630,2019-03-28,2019-04-01,729285,11000,45,2,5,5,58,9,16,SAT,0.0
11631,2019-03-28,2019-04-02,2079542,9311,32,2,5,5,59,9,16,SAT,0.0
11632,2019-03-28,2019-04-02,703610,11747,55,2,5,5,59,9,16,SAT,0.0
11633,2019-03-28,2019-04-02,2006362,10552,5,2,5,5,59,9,16,SAT,0.0
11634,2019-03-28,2019-04-02,833052,11713,16,2,5,5,59,9,16,SAT,0.0
11635,2019-03-26,2019-04-19,2413841,12208,34,2,4,5,40,9,85,Not Rated,0.0
11636,2019-03-28,2019-04-02,514783,10693,10,2,5,5,59,9,16,SAT,0.0
11637,2019-03-28,2019-04-02,501739,11163,46,2,5,5,59,9,16,SAT,0.0
11638,2019-03-28,2019-04-02,1846251,8055,39,2,5,5,59,9,16,SAT,0.0
11639,2019-03-28,2019-03-28,1674908,11972,7,2,5,5,12,9,81,Not Rated,0.0
11640,2019-03-28,2019-04-02,533503,9884,66,2,5,5,64,9,85,Not Rated,0.0
11641,2019-03-28,2019-03-28,1910130,7979,61,2,5,5,59,9,50,SAT,0.0
11642,2019-03-28,2019-03-29,2106520,11087,25,2,5,5,59,9,16,SAT,0.0
11643,2019-03-28,2019-03-28,291509,12044,67,2,5,5,59,9,50,SAT,0.0
11644,2019-03-28,2019-03-28,2309249,1896,13,2,5,5,59,9,50,SAT,0.0
11645,2019-03-28,2019-03-28,297607,10069,14,2,5,5,59,9,16,SAT,0.0
11646,2019-03-28,2019-03-28,1845925,11118,16,2,5,5,59,9,50,SAT,0.0
11647,2019-03-28,2019-03-28,2415079,1328,12,2,5,5,59,9,16,SAT,0.0
11648,2019-03-28,2019-03-28,2181044,9884,51,2,5,5,59,9,50,SAT,0.0
11649,2019-03-28,2019-03-28,291916,12399,55,2,5,5,59,9,50,SAT,0.0
11650,2019-03-28,2019-03-28,568720,10601,61,2,5,5,59,9,16,SAT,0.0
11651,2019-03-28,2019-03-28,887187,9272,13,2,5,5,59,9,16,SAT,0.0
11652,2019-03-28,2019-03-28,1805850,1999,50,2,5,5,59,9,50,SAT,0.0
11653,2019-03-28,2019-03-29,2399549,11461,1,2,5,5,59,9,16,SAT,0.0
11654,2019-03-28,2019-03-29,738177,2690,32,2,5,5,59,9,50,SAT,0.0
11655,2019-03-28,2019-03-28,1906302,1085,69,2,5,5,59,9,16,SAT,0.0
11656,2019-03-28,2019-03-28,587736,11157,71,2,5,5,59,9,16,SAT,0.0
11657,2019-03-28,2019-03-28,649944,11147,16,2,5,5,59,9,16,SAT,0.0
11658,2019-03-28,2019-03-28,221521,8965,5,2,5,5,59,9,16,SAT,0.0
11659,2019-03-28,2019-03-28,656651,1352,35,2,5,5,59,9,16,SAT,0.0
11660,2019-03-28,2019-03-28,811862,10983,64,2,5,5,59,9,16,SAT,0.0
11661,2019-03-28,2019-03-28,1816761,12065,64,2,5,5,59,9,16,SAT,0.0
11662,2019-03-28,2019-03-28,1839926,9628,36,2,5,5,59,9,16,SAT,0.0
11663,2019-03-28,2019-03-28,2066149,11980,62,2,5,5,59,9,16,SAT,0.0
11664,2019-03-28,2019-03-28,2313939,1106,39,2,5,5,59,9,16,SAT,0.0
11665,2019-03-28,2019-03-28,662434,11252,78,2,5,5,59,9,16,SAT,0.0
11666,2019-03-28,2019-03-28,1900625,187,37,2,5,5,59,9,16,SAT,0.0
11667,2019-03-28,2019-03-28,2455113,2262,25,2,5,5,59,9,16,SAT,0.0
11668,2019-03-28,2019-04-02,600878,8953,32,2,5,5,59,9,16,SAT,0.0
11669,2019-03-28,2019-04-02,2115005,9970,76,2,5,5,59,9,16,SAT,0.0
11670,2019-03-28,2019-04-02,1830399,1328,60,2,5,5,59,9,16,SAT,0.0
11672,2019-03-28,2019-04-02,388875,12605,13,2,5,5,59,9,16,SAT,0.0
11673,2019-03-28,2019-03-28,577205,994,5,2,5,5,59,9,16,Not Rated,0.0
11674,2019-03-28,2019-04-02,639862,11715,55,2,5,5,59,9,16,SAT,0.0
11675,2019-03-28,2019-03-28,386585,9813,50,2,5,5,59,9,16,NSA,0.0
11676,2019-03-28,2019-04-02,2135805,11482,29,2,5,5,59,9,16,SAT,0.0
11677,2019-03-28,2019-03-28,757666,11638,6,2,5,5,59,9,16,SAT,0.0
11678,2019-03-28,2019-03-28,2129523,11714,76,2,5,5,59,9,16,SAT,0.0
11679,2019-03-29,2019-03-29,628106,9558,22,2,5,5,59,9,50,SAT,0.0
11680,2019-03-29,2019-03-29,839258,2538,45,2,5,5,59,9,50,SAT,0.0
11681,2019-03-29,2019-04-02,468853,10446,33,2,5,5,59,9,16,SAT,0.0
11682,2019-03-29,2019-03-29,196092,1645,29,2,5,5,59,9,50,SAT,0.0
11683,2019-03-29,2019-03-29,1782375,12051,2,2,5,5,59,9,50,SAT,0.0
11684,2019-03-29,2019-03-29,460624,9797,58,2,5,5,59,9,-1,SAT,0.0
11685,2019-03-29,2019-03-29,891449,11626,73,2,5,5,59,9,50,SAT,0.0
11686,2019-03-29,2019-03-29,1887600,811,75,2,5,5,59,9,50,SAT,0.0
11687,2019-03-29,2019-03-29,38209,8939,6,2,5,5,59,9,50,SAT,0.0
11688,2019-03-27,2019-04-24,96979,1865,26,2,5,5,40,9,85,SAT,0.0
11689,2019-03-29,2019-04-02,1830709,12727,8,2,5,5,59,9,16,SAT,0.0
11690,2019-03-29,2019-04-02,1807228,11140,67,2,5,5,59,9,16,SAT,0.0
11691,2019-03-29,2019-04-02,1699234,1702,31,2,5,5,59,9,16,SAT,0.0
11692,2019-03-05,2019-04-03,1756030,11954,45,2,5,4,10,9,85,Not Rated,0.0
11693,2019-03-28,2019-04-05,1770532,1526,5,2,5,5,58,9,85,Not Rated,0.0
11694,2019-03-29,2019-04-16,2114152,11044,18,2,5,5,58,9,85,Not Rated,0.0
11695,2019-03-28,2019-04-03,2164703,11796,63,2,5,5,12,9,42,Not Rated,0.0
11696,2019-03-29,2019-04-01,282983,192,4,2,5,5,12,9,42,Not Rated,0.0
11697,2019-04-01,2019-04-19,2017295,2117,67,2,5,5,50,9,42,Not Rated,0.0
11698,2019-04-01,2019-04-03,805594,8853,37,2,5,5,59,9,16,SAT,0.0
11699,2019-03-29,2019-04-05,2018821,8855,30,2,5,5,64,9,85,Not Rated,0.0
11700,2019-04-01,2019-04-02,151056,824,41,2,5,5,59,9,16,NSA,0.0
11701,2019-04-16,2019-04-25,750506,10359,77,2,5,5,12,9,42,Not Rated,0.0
11702,2019-03-29,2019-04-19,1818448,8662,55,2,6,5,8,9,85,Not Rated,0.0
11703,2019-04-02,2019-04-03,792964,9715,13,2,5,5,59,9,16,SAT,0.0
11704,2019-04-02,2019-04-03,1948487,10744,4,2,5,5,59,9,16,SAT,0.0
11705,2019-04-02,2019-04-03,2312118,9601,9,2,5,5,59,9,16,SAT,0.0
11706,2019-04-02,2019-04-03,511333,10197,33,2,5,5,59,9,16,SAT,0.0
11707,2019-04-02,2019-04-02,1879501,461,73,2,5,5,59,9,16,SAT,0.0
11708,2019-04-01,2019-04-01,694001,2690,20,2,99,7,12,9,-1,Not Rated,0.0
11709,2019-04-02,2019-04-04,2116878,10430,13,2,5,5,59,9,50,SAT,0.0
11710,2019-04-02,2019-04-04,1895706,10898,37,2,5,5,59,9,50,SAT,0.0
11711,2019-04-02,2019-04-04,2106207,7979,35,2,5,5,59,9,50,SAT,0.0
11712,2019-04-02,2019-04-05,1740840,11461,76,2,5,5,59,9,16,SAT,0.0
11715,2019-04-02,2019-04-04,2092213,11230,40,2,5,5,59,9,50,SAT,0.0
11716,2019-04-02,2019-04-04,1706514,1202,21,2,5,5,59,9,50,SAT,0.0
11717,2019-04-02,2019-04-04,1870720,9792,63,2,5,5,59,9,50,SAT,0.0
11718,2019-04-02,2019-04-04,1851306,1352,77,2,5,5,59,9,50,SAT,0.0
11719,2019-04-02,2019-04-04,1827045,1866,42,2,5,5,59,9,50,SAT,0.0
11720,2019-04-02,2019-04-04,2093076,10550,18,2,5,5,59,9,50,SAT,0.0
11721,2019-04-02,2019-04-04,2114072,12174,3,2,5,5,59,9,50,SAT,0.0
11722,2019-04-02,2019-04-04,107152,1873,15,2,5,5,59,9,50,SAT,0.0
11723,2019-04-02,2019-04-04,225888,8766,31,2,5,5,59,9,16,SAT,0.0
11724,2019-04-02,2019-04-04,1857185,9204,37,2,5,5,59,9,50,SAT,0.0
11725,2019-04-02,2019-04-04,1884387,11714,7,2,5,5,59,9,50,SAT,0.0
11726,2019-04-02,2019-04-04,1790883,1879,70,2,5,5,59,9,50,SAT,0.0
11727,2019-04-03,2019-04-04,1689936,11223,78,2,5,5,59,9,50,SAT,0.0
11728,2019-04-03,2019-04-04,2257763,11714,64,2,5,5,59,9,50,Not Rated,0.0
11729,2019-04-03,2019-04-04,2165482,12127,69,2,5,5,59,9,50,Not Rated,0.0
11730,2019-04-03,2019-04-04,887457,9205,28,2,5,5,59,9,50,SAT,0.0
11731,2019-04-03,2019-04-04,2170496,2614,25,2,5,5,59,9,16,SAT,0.0
11732,2019-04-03,2019-04-03,2166482,9856,71,2,5,5,57,9,16,SAT,0.0
11733,2019-04-02,2019-04-11,2096717,1275,56,2,5,5,64,9,85,Not Rated,0.0
11734,2019-04-02,2019-04-03,775146,8919,54,2,3,5,64,9,-1,Not Rated,0.0
11735,2019-04-02,2019-04-03,30764,1645,69,2,3,5,64,9,-1,Not Rated,0.0
11736,2019-04-03,2019-04-04,2256768,2206,56,2,5,5,57,9,16,SAT,0.0
11737,2019-04-03,2019-05-08,1901887,9610,78,2,5,5,10,9,42,Not Rated,0.0
11738,2019-04-03,2019-04-12,2119711,12475,71,2,5,5,59,9,16,SAT,0.0
11739,2019-04-03,2019-04-10,512616,12087,41,2,5,5,10,9,42,Not Rated,0.0
11740,2019-04-03,2019-04-03,890166,865,24,2,5,5,59,9,16,Not Rated,0.0
11741,2019-04-03,2019-04-05,1863579,597,76,2,5,5,59,9,16,SAT,0.0
11742,2019-04-03,2019-04-03,1883845,8605,13,2,5,5,59,9,16,SAT,0.0
11743,2019-04-03,2019-04-04,2203831,11974,35,2,5,5,59,9,16,SAT,0.0
11744,2019-04-03,2019-04-04,262163,2321,47,2,5,5,59,9,16,SAT,0.0
11745,2019-04-03,2019-04-04,18786,879,78,2,5,5,59,9,16,SAT,0.0
11746,2019-04-03,2019-04-04,2388324,10106,38,2,5,5,59,9,16,SAT,0.0
11747,2019-04-03,2019-04-04,1887980,2263,36,2,5,5,59,9,16,SAT,0.0
11748,2019-04-03,2019-04-04,582583,175,64,2,5,5,59,9,16,SAT,0.0
11749,2019-04-03,2019-04-04,2439164,9362,70,2,5,5,59,9,16,SAT,0.0
11750,2019-04-03,2019-04-04,2180361,8359,40,2,5,5,59,9,16,SAT,0.0
11751,2019-04-03,2019-04-04,1825155,12116,38,2,5,5,59,9,16,SAT,0.0
11752,2019-04-03,2019-04-04,1876732,9227,56,2,5,5,58,9,85,Not Rated,0.0
11753,2019-04-03,2019-04-04,1844043,9205,44,2,5,5,59,9,16,SAT,0.0
11754,2019-04-03,2019-04-04,823432,11156,45,2,5,5,59,9,16,SAT,0.0
11755,2019-04-03,2019-04-04,1982297,345,24,2,5,5,59,9,16,SAT,0.0
11756,2019-04-03,2019-04-04,894163,125,36,2,5,5,59,9,16,SAT,0.0
11757,2019-04-03,2019-04-04,36411,235,71,2,5,5,59,9,16,SAT,0.0
11758,2019-04-03,2019-04-04,1787907,8053,3,2,5,5,59,9,16,SAT,0.0
11759,2019-04-03,2019-04-05,2034356,1200,51,2,5,5,59,9,16,SAT,0.0
11760,2019-04-03,2019-04-04,489376,12034,37,2,5,5,59,9,16,SAT,0.0
11761,2019-04-03,2019-04-05,847092,10426,75,2,5,5,59,9,16,SAT,0.0
11762,2019-04-03,2019-04-05,813154,9628,69,2,5,5,59,9,16,SAT,0.0
11763,2019-04-03,2019-04-05,632799,11276,32,2,5,5,59,9,16,SAT,0.0
11764,2019-04-03,2019-04-05,1872559,11959,52,2,5,5,59,9,16,SAT,0.0
11765,2019-04-03,2019-04-05,356223,12510,21,2,5,5,59,9,16,SAT,0.0
11766,2019-04-03,2019-04-05,191707,12027,40,2,5,5,59,9,16,SAT,0.0
11767,2019-04-03,2019-04-05,1914147,8919,10,2,5,5,59,9,16,SAT,0.0
11768,2019-04-03,2019-04-05,421980,9998,73,2,5,5,59,9,16,SAT,0.0
11769,2019-04-03,2019-04-05,864114,10430,41,2,5,5,59,9,16,SAT,0.0
11770,2019-04-03,2019-04-05,322693,9377,68,2,5,5,59,9,16,SAT,0.0
11771,2019-04-03,2019-04-05,527144,11482,65,2,5,5,59,9,16,SAT,0.0
11772,2019-04-03,2019-04-05,2089147,10127,58,2,5,5,59,9,16,SAT,0.0
11773,2019-04-04,2019-04-05,775079,11005,41,2,5,5,59,9,16,SAT,0.0
11774,2019-04-04,2019-04-05,273763,11937,57,2,5,5,59,9,16,SAT,0.0
11775,2019-04-04,2019-04-04,135253,879,77,2,5,5,59,9,16,SAT,0.0
11776,2019-04-04,2019-04-05,892280,11286,21,2,5,5,59,9,16,SAT,0.0
11777,2019-04-04,2019-04-05,1814110,10566,15,2,5,5,59,9,16,SAT,0.0
11778,2019-04-04,2019-04-05,728728,11114,23,2,5,5,59,9,16,SAT,0.0
11779,2019-04-04,2019-04-05,2303337,11537,65,2,5,5,59,9,16,SAT,0.0
11780,2019-04-04,2019-04-05,693525,12198,32,2,5,5,59,9,16,SAT,0.0
11781,2019-04-04,2019-04-05,1870942,11268,6,2,5,5,59,9,16,SAT,0.0
11782,2019-04-04,2019-04-05,214278,11059,1,2,5,5,59,9,16,SAT,0.0
11783,2019-04-04,2019-04-05,2432453,11107,63,2,5,5,59,9,16,SAT,0.0
11784,2019-04-04,2019-04-05,1910016,10073,27,2,5,5,59,9,16,SAT,0.0
11785,2019-04-04,2019-04-05,388548,9372,74,2,5,5,59,9,16,SAT,0.0
11786,2019-04-04,2019-04-05,2036679,2555,52,2,5,5,59,9,16,SAT,0.0
11787,2019-04-04,2019-04-05,1831233,8779,30,2,5,5,59,9,16,SAT,0.0
11788,2019-04-04,2019-04-04,2168556,11545,18,2,5,5,58,9,16,SAT,0.0
11789,2019-04-04,2019-04-04,1872594,11230,51,2,5,5,58,9,16,SAT,0.0
11790,2019-04-04,2019-04-04,1866303,12102,54,2,5,5,59,9,16,SAT,0.0
11791,2019-04-04,2019-04-05,2311118,940,6,2,5,5,59,9,16,SAT,0.0
11792,2019-04-04,2019-04-05,409178,2384,10,2,5,5,59,9,16,SAT,0.0
11793,2019-04-03,2019-04-03,548531,2482,27,2,5,5,12,9,42,Not Rated,0.0
11794,2019-04-04,2019-04-08,1857873,8970,60,2,5,5,59,9,16,SAT,0.0
11795,2019-04-04,2019-04-08,177173,2260,52,2,5,5,59,9,16,SAT,0.0
11796,2019-04-04,2019-04-08,1896475,9796,15,2,5,5,59,9,16,SAT,0.0
11797,2019-04-04,2019-04-09,174457,12087,63,2,5,5,59,9,16,SAT,0.0
11798,2019-04-04,2019-04-08,658398,8985,47,2,5,5,59,9,16,SAT,0.0
11799,2019-04-01,2019-04-11,236613,11954,60,2,3,5,12,9,42,Not Rated,0.0
11800,2019-04-04,2019-04-08,2119205,8197,17,2,5,5,59,9,16,SAT,0.0
11801,2019-04-04,2019-04-05,535538,9797,6,2,5,5,59,9,16,SAT,0.0
11802,2019-04-04,2019-04-08,562855,781,9,2,5,5,59,9,16,SAT,0.0
11803,2019-04-04,2019-04-08,2489807,12476,43,2,5,5,59,9,16,SAT,0.0
11804,2019-04-04,2019-04-08,556363,11286,15,2,5,5,59,9,16,SAT,0.0
11805,2019-04-02,2019-04-09,228149,11173,31,2,3,5,66,9,42,Not Rated,0.0
11806,2019-04-03,2019-04-05,1913446,10987,49,2,5,5,58,9,85,Not Rated,0.0
11807,2019-04-04,2019-04-04,2114831,2206,62,2,5,5,59,9,16,Not Rated,0.0
11808,2019-04-04,2019-04-08,307717,11822,29,2,5,5,59,9,16,SAT,0.0
11809,2019-04-04,2019-04-08,808812,11148,26,2,5,5,59,9,16,SAT,0.0
11810,2019-04-04,2019-04-05,804061,12181,42,2,5,5,12,9,16,NSA,0.0
11811,2019-04-04,2019-04-04,1707000,8605,9,2,5,5,59,9,16,SAT,0.0
11812,2019-04-04,2019-04-08,1803400,9918,36,2,5,5,59,9,16,SAT,0.0
11813,2019-04-04,2019-04-08,248261,10979,12,2,5,5,59,9,16,SAT,0.0
11814,2019-04-04,2019-04-08,844391,2637,10,2,5,5,59,9,16,SAT,0.0
11815,2019-04-04,2019-04-08,456537,1680,41,2,5,5,59,9,16,SAT,0.0
11816,2019-04-04,2019-04-08,719412,9272,1,2,5,5,59,9,16,SAT,0.0
11817,2019-04-04,2019-04-08,520818,10892,35,2,5,5,59,9,16,SAT,0.0
11818,2019-04-04,2019-04-05,2103235,2322,47,2,5,5,59,9,16,SAT,0.0
11819,2019-04-04,2019-04-08,1898526,10987,12,2,5,5,59,9,16,SAT,0.0
11820,2019-04-04,2019-04-08,2109732,2656,14,2,5,5,59,9,16,SAT,0.0
11821,2019-04-04,2019-04-05,63454,1702,8,2,5,5,59,9,16,SAT,0.0
11822,2019-04-04,2019-04-08,197119,8985,39,2,5,5,59,9,16,SAT,0.0
11823,2019-04-03,2019-05-15,1679951,2801,22,2,5,5,13,9,85,Not Rated,0.0
11824,2019-04-02,2019-05-09,428342,8120,51,2,5,5,44,9,85,Not Rated,0.0
11825,2019-04-03,2019-05-02,447268,10722,24,2,3,5,7,9,85,Not Rated,0.0
11826,2019-04-05,2019-05-07,2173260,9370,13,2,3,5,58,9,42,Not Rated,0.0
11827,2019-04-05,2019-05-02,444130,10644,48,2,3,5,18,9,42,Not Rated,0.0
11828,2019-04-08,2019-04-09,2176966,11122,69,2,5,5,59,9,16,SAT,0.0
11829,2019-04-08,2019-04-09,2106964,911,8,2,5,5,59,9,16,SAT,0.0
11830,2019-04-08,2019-04-09,542889,645,50,2,5,5,59,9,16,SAT,0.0
11831,2019-04-08,2019-04-09,1832996,8116,65,2,5,5,59,9,16,SAT,0.0
11832,2019-04-08,2019-04-09,585733,1491,38,2,5,5,59,9,16,SAT,0.0
11833,2019-04-08,2019-04-09,30477,133,69,2,5,5,59,9,16,SAT,0.0
11834,2019-04-08,2019-04-09,2202147,9370,62,2,5,5,59,9,16,SAT,0.0
11835,2019-04-08,2019-04-09,897255,11653,18,2,5,5,59,9,16,SAT,0.0
11836,2019-04-08,2019-04-09,1881747,11153,1,2,5,5,59,9,16,SAT,0.0
11837,2019-04-08,2019-04-12,263167,9546,27,2,5,5,59,9,16,SAT,0.0
11838,2019-04-04,2019-04-30,1897678,10030,39,2,5,5,10,9,42,Not Rated,0.0
11839,2019-04-01,2019-04-16,2058624,11590,71,2,3,5,64,9,42,Not Rated,0.0
11840,2019-04-05,2019-04-17,1803148,10566,65,2,5,5,58,9,85,Not Rated,0.0
11841,2019-04-08,2019-05-03,395383,1896,53,2,3,5,12,9,42,Not Rated,0.0
11842,2019-04-08,2019-04-09,1893273,9853,30,2,5,5,59,9,16,SAT,0.0
11843,2019-04-08,2019-04-09,894369,2532,68,2,5,5,59,9,16,SAT,0.0
11844,2019-04-08,2019-04-09,2200033,10127,30,2,5,5,59,9,16,SAT,0.0
11845,2019-04-08,2019-04-10,1748339,11265,69,2,5,5,59,9,16,SAT,0.0
11846,2019-04-05,2019-04-10,38203,1512,40,2,5,5,19,9,85,Not Rated,0.0
11847,2019-04-08,2019-04-10,2176898,10623,53,2,5,5,59,9,16,SAT,0.0
11848,2019-04-08,2019-04-10,2382133,8356,48,2,5,5,59,9,16,SAT,0.0
11849,2019-04-08,2019-04-11,1835795,12352,29,2,5,5,59,9,16,SAT,0.0
11850,2019-04-08,2019-04-10,420903,2666,44,2,5,5,59,9,16,SAT,0.0
11851,2019-04-08,2019-04-10,228140,8885,10,2,5,5,59,9,16,SAT,0.0
11852,2019-04-08,2019-04-10,478568,9370,56,2,5,5,59,9,16,SAT,0.0
11853,2019-04-08,2019-04-11,603246,11676,1,2,5,5,59,9,16,SAT,0.0
11854,2019-04-08,2019-04-11,2308800,10446,9,2,5,5,59,9,16,SAT,0.0
11855,2019-04-08,2019-04-10,2441741,11134,23,2,5,5,59,9,16,SAT,0.0
11856,2019-04-08,2019-04-09,1863288,11131,78,2,5,5,58,9,16,SAT,0.0
11857,2019-04-08,2019-04-11,99745,12414,10,2,5,5,59,9,16,SAT,0.0
11858,2019-04-08,2019-04-18,1898198,1229,18,2,5,5,12,9,85,Not Rated,0.0
11859,2019-04-05,2019-04-23,1943803,10337,63,2,5,5,58,9,85,Not Rated,0.0
11860,2019-04-09,2019-04-11,217216,356,11,2,5,5,59,9,16,SAT,0.0
11861,2019-04-08,2019-05-06,1898951,11796,74,2,5,5,12,9,85,Not Rated,0.0
11862,2019-04-05,2019-04-22,133060,2468,23,2,5,4,12,9,85,Not Rated,0.0
11863,2019-04-09,2019-04-11,2105007,10917,26,2,5,5,64,9,85,Not Rated,0.0
11864,2019-04-09,2019-04-18,2200277,11011,51,2,5,5,58,9,85,Not Rated,0.0
11865,2019-04-10,2019-04-12,893132,194,18,2,5,5,59,9,16,SAT,0.0
11866,2019-04-10,2019-04-10,1869247,11223,5,2,5,5,59,9,16,SAT,0.0
11867,2019-04-10,2019-04-12,1913810,9247,31,2,5,5,59,9,16,SAT,0.0
11868,2019-04-10,2019-04-12,78459,207,48,2,5,5,59,9,16,SAT,0.0
11869,2019-04-10,2019-04-11,1887564,9729,14,2,5,5,59,9,16,SAT,0.0
11870,2019-04-10,2019-04-12,468637,745,2,2,5,5,59,9,16,SAT,0.0
11871,2019-04-10,2019-04-11,891336,1115,27,2,5,5,59,9,16,SAT,0.0
11872,2019-04-10,2019-04-11,372105,8855,40,2,5,5,59,9,16,SAT,0.0
11873,2019-04-10,2019-04-11,1914475,10186,42,2,5,5,59,9,16,SAT,0.0
11874,2019-04-10,2019-04-10,2502137,2637,76,2,5,5,59,9,16,SAT,0.0
11875,2019-04-10,2019-04-12,2111880,1086,48,2,5,5,59,9,16,SAT,0.0
11876,2019-04-10,2019-04-11,450027,8432,44,2,5,5,59,9,16,SAT,0.0
11878,2019-04-10,2019-04-11,454288,842,4,2,5,5,59,9,16,SAT,0.0
11879,2019-04-10,2019-04-11,104661,10360,65,2,5,5,59,9,16,SAT,0.0
11880,2019-04-10,2019-04-12,1725128,197,24,2,5,5,59,9,16,SAT,0.0
11881,2019-04-10,2019-04-23,2313871,10172,7,2,5,5,59,9,16,SAT,0.0
11882,2019-04-10,2019-04-12,213115,865,78,2,5,5,59,9,16,SAT,0.0
11883,2019-04-10,2019-04-12,1790005,11971,53,2,5,5,59,9,16,SAT,0.0
11884,2019-04-10,2019-04-11,2034093,9670,68,2,5,5,59,9,16,SAT,0.0
11885,2019-04-09,2019-04-16,2424775,9210,20,2,9,5,12,9,42,Not Rated,0.0
11886,2019-04-10,2019-04-12,2037259,2262,15,2,5,5,59,9,16,SAT,0.0
11887,2019-04-10,2019-04-10,761964,8885,16,2,5,5,59,9,16,SAT,0.0
11888,2019-04-10,2019-04-11,2256478,1239,13,2,5,5,59,9,16,SAT,0.0
11889,2019-04-10,2019-04-12,21404,10892,2,2,5,5,59,9,16,SAT,0.0
11890,2019-04-10,2019-04-12,1740856,11277,7,2,5,5,59,9,16,SAT,0.0
11891,2019-04-10,2019-04-12,2107670,11113,11,2,5,5,59,9,16,SAT,0.0
11892,2019-04-10,2019-04-11,1903608,416,58,2,5,5,59,9,16,SAT,0.0
11893,2019-04-10,2019-04-12,511106,8385,28,2,5,5,59,9,16,SAT,0.0
11894,2019-04-10,2019-04-12,81556,842,10,2,5,5,59,9,16,SAT,0.0
11895,2019-04-10,2019-04-12,2125569,12127,15,2,5,5,59,9,16,SAT,0.0
11896,2019-04-10,2019-04-12,534439,356,26,2,5,5,59,9,16,SAT,0.0
11897,2019-04-10,2019-04-12,234953,9634,50,2,5,5,59,9,16,SAT,0.0
11898,2019-04-10,2019-04-12,787917,10324,33,2,5,5,59,9,16,SAT,0.0
11899,2019-04-10,2019-04-12,569098,9884,6,2,5,5,59,9,16,SAT,0.0
11900,2019-04-10,2019-04-12,2106524,11051,45,2,5,5,59,9,16,SAT,0.0
11901,2019-04-10,2019-04-12,338350,10738,33,2,5,5,59,9,16,SAT,0.0
11902,2019-04-10,2019-04-12,357591,10900,51,2,5,5,59,9,16,SAT,0.0
11903,2019-04-10,2019-04-12,812252,11134,66,2,5,5,59,9,16,SAT,0.0
11904,2019-04-10,2019-04-12,665669,10644,11,2,5,5,59,9,16,SAT,0.0
11905,2019-04-10,2019-04-11,693008,2007,29,2,5,5,64,9,85,Not Rated,0.0
11906,2019-04-10,2019-04-23,2116844,2601,14,2,5,5,58,9,42,Not Rated,0.0
11907,2019-04-11,2019-04-19,2118040,73,37,2,5,5,64,9,42,Not Rated,0.0
11910,2019-04-10,2019-04-18,1862747,2158,70,2,5,5,64,9,42,Not Rated,0.0
11911,2019-04-09,2019-05-16,868641,2477,33,2,3,5,63,9,42,Not Rated,0.0
11912,2019-04-11,2019-04-11,893649,1512,33,2,5,5,61,9,16,SAT,0.0
11913,2019-04-10,2019-05-10,1854156,1999,56,2,5,5,50,9,85,Not Rated,0.0
11914,2019-04-12,2019-04-19,1835474,8891,33,2,5,5,42,9,85,Not Rated,0.0
11915,2019-04-12,2019-04-12,1886695,2478,24,2,5,5,59,9,16,SAT,0.0
11916,2019-03-26,2019-04-18,869206,12000,45,2,5,4,40,9,85,SAT,0.0
11917,2019-04-12,2019-04-12,1785807,2,10,2,5,5,59,9,16,SAT,0.0
11918,2019-04-12,2019-04-12,2052809,9998,69,2,5,5,59,9,16,SAT,0.0
11919,2019-04-12,2019-05-03,2386242,1270,15,2,5,5,15,9,85,Not Rated,0.0
11920,2019-04-12,2019-04-12,2017317,9796,33,2,5,5,59,9,16,SAT,0.0
11921,2019-04-12,2019-04-12,1799303,9901,31,2,5,5,59,9,16,SAT,0.0
11922,2019-04-12,2019-04-15,2126854,10892,72,2,5,5,59,9,16,SAT,0.0
11923,2019-04-12,2019-04-15,1819772,542,52,2,5,5,59,9,16,SAT,0.0
11924,2019-04-12,2019-04-30,891422,8797,37,2,5,5,59,9,16,SAT,0.0
11925,2019-04-12,2019-04-15,2146111,9001,2,2,5,5,59,9,16,SAT,0.0
11927,2019-04-12,2019-04-15,369121,11100,77,2,5,5,59,9,16,SAT,0.0
11928,2019-04-12,2019-04-15,516389,10639,75,2,5,5,59,9,16,SAT,0.0
11929,2019-04-12,2019-04-15,82301,9792,33,2,5,5,59,9,16,SAT,0.0
11930,2019-04-12,2019-04-15,2104297,11971,78,2,5,5,59,9,16,SAT,0.0
11931,2019-04-12,2019-04-15,884922,1462,65,2,5,5,59,9,16,SAT,0.0
11932,2019-04-12,2019-04-15,623257,9646,26,2,5,5,59,9,16,SAT,0.0
11933,2019-04-12,2019-04-15,1802357,1440,57,2,5,5,59,9,16,SAT,0.0
11934,2019-04-12,2019-04-15,688557,11029,77,2,5,5,59,9,16,SAT,0.0
11935,2019-04-12,2019-04-15,2018138,11052,24,2,5,5,59,9,16,SAT,0.0
11936,2019-04-12,2019-04-15,2465655,1680,67,2,5,5,57,9,16,SAT,0.0
11937,2019-04-12,2019-04-15,1985329,10728,44,2,5,5,59,9,16,SAT,0.0
11938,2019-04-12,2019-04-15,820127,11118,47,2,5,5,59,9,16,SAT,0.0
11939,2019-04-12,2019-04-15,2417302,2797,27,2,5,5,59,9,16,SAT,0.0
11940,2019-04-12,2019-04-15,1650840,2172,23,2,5,5,59,9,16,SAT,0.0
11941,2019-04-08,2019-04-17,596294,138,69,2,5,5,12,9,81,Not Rated,0.0
11942,2019-04-12,2019-04-15,2454052,8939,4,2,5,5,59,9,16,SAT,0.0
11943,2019-04-12,2019-04-15,2485793,12127,17,2,5,5,59,9,16,SAT,0.0
11944,2019-04-12,2019-04-15,890732,11788,29,2,5,5,59,9,16,SAT,0.0
11945,2019-04-12,2019-04-15,1763084,10550,65,2,5,5,59,9,16,SAT,0.0
11946,2019-04-12,2019-05-06,56524,9901,67,2,5,5,64,9,85,Not Rated,0.0
11947,2019-04-12,2019-04-15,1948213,12027,6,2,5,5,59,9,16,SAT,0.0
11948,2019-04-12,2019-04-15,1870968,1085,15,2,5,5,59,9,16,SAT,0.0
11949,2019-04-12,2019-04-24,847071,796,34,2,5,5,61,9,16,SAT,0.0
11950,2019-04-12,2019-04-15,2111483,1328,3,2,5,5,65,9,16,SAT,0.0
11951,2019-04-12,2019-04-15,354970,12181,55,2,5,5,59,9,16,SAT,0.0
11952,2019-04-12,2019-04-15,220294,12621,74,2,5,5,59,9,16,SAT,0.0
11953,2019-04-12,2019-04-16,1765007,11268,36,2,5,4,12,9,81,Not Rated,0.0
11954,2019-04-12,2019-04-25,1862748,12754,30,2,5,5,50,9,85,Not Rated,800.0
11955,2019-04-11,2019-04-16,665226,10967,44,2,5,5,64,9,85,Not Rated,0.0
11956,2019-04-12,2019-05-14,2166432,2263,66,2,5,5,58,9,85,Not Rated,0.0
11957,2019-03-29,2019-04-30,1814075,12354,43,2,3,5,13,9,42,Not Rated,0.0
11958,2019-04-15,2019-04-15,1698913,9001,5,2,5,5,59,9,16,SAT,0.0
11959,2019-04-15,2019-05-20,251151,1256,3,2,5,5,50,9,85,Not Rated,0.0
11961,2019-04-15,2019-05-20,35330,10676,27,2,5,5,10,9,85,Not Rated,0.0
11962,2019-04-15,2019-04-15,30379,2309,47,2,5,5,59,9,16,SAT,0.0
11963,2019-04-15,2019-04-15,274099,1548,29,2,5,5,59,9,16,SAT,0.0
11964,2019-04-15,2019-04-15,2198215,12346,69,2,5,5,59,9,16,SAT,0.0
11965,2019-04-15,2019-04-16,2218760,11246,50,2,5,5,59,9,16,SAT,0.0
11966,2019-04-15,2019-04-15,2067695,2555,35,2,5,5,59,9,16,SAT,0.0
11967,2019-04-15,2019-04-16,1733856,7654,74,2,5,5,12,9,16,SAT,0.0
11968,2019-04-15,2019-04-16,1810475,12352,10,2,5,5,59,9,16,SAT,0.0
11969,2019-04-15,2019-04-16,845525,10793,22,2,5,5,59,9,16,SAT,0.0
11970,2019-04-15,2019-04-16,2018504,11276,54,2,5,5,59,9,16,SAT,0.0
11971,2019-04-15,2019-04-16,802587,8662,76,2,5,5,59,9,16,SAT,0.0
11972,2019-04-15,2019-04-16,2179675,8882,76,2,5,5,59,9,16,SAT,0.0
11973,2019-04-15,2019-04-16,5465,11638,14,2,5,5,59,9,16,SAT,0.0
11974,2019-04-15,2019-04-17,2111546,8359,72,2,5,5,59,9,16,SAT,0.0
11975,2019-04-15,2019-04-16,38209,11030,65,2,5,5,59,9,16,SAT,0.0
11976,2019-04-15,2019-04-19,2070942,820,10,2,5,5,59,9,42,Not Rated,0.0
11977,2019-04-15,2019-04-16,378005,11193,64,2,5,5,59,9,16,SAT,0.0
11978,2019-04-15,2019-04-24,1904452,911,78,2,5,5,61,9,16,SAT,0.0
11979,2019-04-15,2019-04-16,579501,10116,70,2,5,5,59,9,16,SAT,0.0
11980,2019-04-15,2019-04-16,874342,11074,22,2,5,5,59,9,16,SAT,0.0
11981,2019-04-15,2019-04-16,553822,9872,51,2,5,5,57,9,16,SAT,0.0
11982,2019-04-15,2019-04-16,2108381,11537,65,2,5,5,59,9,16,SAT,0.0
11983,2019-04-15,2019-04-16,193547,922,46,2,5,5,59,9,16,SAT,0.0
11984,2019-04-16,2019-04-16,2313037,9559,69,2,5,5,59,9,16,SAT,0.0
11985,2019-04-16,2019-04-16,619180,12345,71,2,5,5,59,9,16,SAT,0.0
11986,2019-04-15,2019-05-23,750052,12192,9,2,3,5,11,9,42,Not Rated,0.0
11987,2019-04-16,2019-04-19,2110807,9856,64,2,5,5,64,9,85,Not Rated,0.0
11988,2019-04-16,2019-04-19,2115662,2206,14,2,3,5,64,9,85,Not Rated,0.0
11989,2019-04-16,2019-04-17,502438,2601,33,2,5,5,59,9,16,SAT,0.0
11990,2019-04-16,2019-04-17,1917927,7797,48,2,5,5,59,9,16,SAT,0.0
11991,2019-04-16,2019-04-17,727069,10328,30,2,5,5,57,9,16,SAT,0.0
11992,2019-04-16,2019-04-17,1805465,11676,34,2,5,5,59,9,16,SAT,0.0
11993,2019-04-16,2019-04-19,884056,11444,73,2,5,5,59,9,16,SAT,0.0
11994,2019-04-16,2019-04-17,502105,7835,37,2,5,5,59,9,16,SAT,0.0
11995,2019-04-16,2019-04-17,2184361,1115,76,2,5,5,59,9,16,SAT,0.0
11996,2019-04-16,2019-04-17,369124,1645,39,2,5,5,59,9,16,SAT,0.0
11997,2019-04-16,2019-04-17,652635,347,37,2,5,5,59,9,16,SAT,0.0
11998,2019-04-16,2019-04-17,2124813,12603,66,2,5,5,12,9,16,SAT,0.0
11999,2019-04-08,2019-04-12,1674373,8484,10,2,9,5,66,9,42,Not Rated,0.0
12000,2019-04-16,2019-04-17,654430,8919,42,2,5,5,59,9,16,SAT,0.0
12001,2019-04-16,2019-04-17,748862,12116,10,2,5,5,59,9,16,SAT,0.0
12002,2019-04-16,2019-04-17,1680454,843,64,2,5,5,59,9,16,SAT,0.0
12003,2019-04-16,2019-04-17,1750187,8797,47,2,5,5,59,9,16,SAT,0.0
12004,2019-04-16,2019-04-17,1843046,9893,5,2,5,5,59,9,16,SAT,0.0
12005,2019-04-16,2019-04-17,612771,11262,74,2,5,5,59,9,16,SAT,0.0
12006,2019-04-16,2019-04-17,589469,11711,45,2,5,5,59,9,16,SAT,0.0
12007,2019-04-16,2019-04-17,1827023,300,78,2,5,5,59,9,16,SAT,0.0
12008,2019-04-16,2019-04-17,380905,8367,12,2,5,5,59,9,16,SAT,0.0
12009,2019-04-16,2019-04-17,1742816,10067,11,2,5,5,59,9,16,SAT,0.0
12010,2019-04-16,2019-04-17,659466,1085,58,2,5,5,59,9,16,SAT,0.0
12011,2019-04-16,2019-04-17,1816542,10563,37,2,5,5,59,9,16,SAT,0.0
12012,2019-04-16,2019-04-17,396253,7797,6,2,5,5,59,9,16,SAT,0.0
12013,2019-04-16,2019-04-17,2129101,282,46,2,5,5,59,9,16,SAT,0.0
12014,2019-04-02,2019-04-11,897255,1200,3,2,5,4,66,9,85,SAT,0.0
12015,2019-04-17,2019-04-19,2308333,1865,74,2,5,5,59,9,42,Not Rated,0.0
12016,2019-03-18,2019-04-10,293714,10152,73,2,5,4,66,9,85,SAT,0.0
12017,2019-04-17,2019-04-17,1645350,1092,38,2,5,5,59,9,16,SAT,0.0
12018,2019-04-17,2019-04-19,1770073,11220,12,2,5,5,59,9,42,Not Rated,0.0
12019,2019-04-15,2019-04-15,476593,745,26,2,9,5,12,9,42,Not Rated,0.0
12020,2019-04-17,2019-04-17,2400053,1500,58,2,5,5,59,9,16,SAT,0.0
12021,2019-04-17,2019-04-17,206949,2263,26,2,5,5,59,9,16,SAT,0.0
12022,2019-04-17,2019-04-17,1868477,221,75,2,5,5,59,9,16,SAT,0.0
12023,2019-04-17,2019-04-19,265598,1962,14,2,5,5,59,9,42,Not Rated,0.0
12024,2019-04-17,2019-04-18,1821665,10569,56,2,5,5,59,9,16,SAT,0.0
12025,2019-04-17,2019-04-19,875517,10507,9,2,5,5,59,9,16,SAT,0.0
12026,2019-04-17,2019-04-18,40359,1873,62,2,5,5,59,9,16,SAT,0.0
12027,2019-04-17,2019-04-19,615324,12087,36,2,5,5,59,9,42,Not Rated,0.0
12028,2019-04-17,2019-04-17,2055696,10569,57,2,5,5,59,9,16,SAT,0.0
12029,2019-04-17,2019-04-18,2368516,12027,57,2,5,5,59,9,42,Not Rated,0.0
12030,2019-04-17,2019-04-19,1731093,8885,15,2,5,5,59,9,42,Not Rated,0.0
12031,2019-04-17,2019-04-22,2166003,9022,52,2,5,5,59,9,16,SAT,0.0
12032,2019-04-17,2019-04-18,1002,9892,9,2,5,5,59,9,42,Not Rated,0.0
12033,2019-04-17,2019-04-18,1913042,11287,63,2,5,5,59,9,42,Not Rated,0.0
12034,2019-04-17,2019-04-18,398601,2613,56,2,5,5,59,9,42,Not Rated,0.0
12035,2019-04-17,2019-04-18,2413302,12346,13,2,5,5,59,9,42,Not Rated,0.0
12036,2019-04-17,2019-04-19,1911896,868,49,2,5,5,59,9,42,Not Rated,0.0
12037,2019-04-17,2019-04-19,2055965,1229,37,2,5,5,59,9,42,Not Rated,0.0
12038,2019-04-17,2019-04-19,825787,1465,12,2,5,5,59,9,42,Not Rated,0.0
12039,2019-04-17,2019-04-18,889834,1512,54,2,5,5,59,9,42,Not Rated,0.0
12040,2019-04-17,2019-04-18,277317,1465,66,2,5,5,59,9,16,SAT,0.0
12041,2019-04-17,2019-04-18,805400,10111,60,2,5,5,59,9,42,Not Rated,0.0
12042,2019-04-17,2019-04-18,1813207,9499,65,2,5,5,59,9,42,Not Rated,0.0
12043,2019-04-17,2019-04-18,297607,11487,21,2,5,5,59,9,42,Not Rated,0.0
12044,2019-04-17,2019-04-18,1787377,11172,38,2,5,5,59,9,16,SAT,0.0
12046,2019-04-17,2019-04-19,2150601,138,71,2,5,5,59,9,42,Not Rated,0.0
12047,2019-04-17,2019-04-19,228149,10764,27,2,5,5,59,9,16,SAT,0.0
12048,2019-04-17,2019-04-18,109667,9357,18,2,5,5,59,9,42,Not Rated,0.0
12049,2019-04-17,2019-04-19,2047087,2206,30,2,5,5,59,9,42,Not Rated,0.0
12050,2019-04-17,2019-04-18,1747375,8996,8,2,5,5,59,9,42,Not Rated,0.0
12051,2019-04-17,2019-04-18,691634,10553,28,2,5,5,59,9,16,SAT,0.0
12052,2019-04-17,2019-04-18,5480,11638,46,2,5,5,59,9,42,Not Rated,0.0
12053,2019-04-17,2019-04-18,390465,10577,26,2,5,5,59,9,16,SAT,0.0
12054,2019-04-17,2019-04-19,2106203,10834,38,2,5,5,59,9,42,Not Rated,0.0
12055,2019-04-17,2019-04-18,388548,8853,65,2,5,5,59,9,42,Not Rated,0.0
12056,2019-04-17,2019-04-19,872576,12174,44,2,5,5,59,9,42,Not Rated,0.0
12057,2019-04-17,2019-04-19,472545,12246,34,2,5,5,59,9,42,Not Rated,0.0
12058,2019-04-17,2019-04-22,2206787,11062,23,2,5,5,59,9,16,SAT,0.0
12059,2019-04-17,2019-04-19,1818700,11044,27,2,5,5,57,9,16,SAT,0.0
12060,2019-04-17,2019-04-22,1699454,2690,37,2,5,5,59,9,16,SAT,0.0
12061,2019-04-17,2019-04-18,592396,11937,47,2,5,5,59,9,42,Not Rated,0.0
12062,2019-04-17,2019-04-22,409953,12345,26,2,5,5,59,9,16,SAT,0.0
12063,2019-04-17,2019-04-19,1796141,1086,61,2,5,5,59,9,16,SAT,0.0
12064,2019-04-17,2019-04-24,759441,911,58,2,5,5,61,9,16,SAT,0.0
12065,2019-04-17,2019-04-19,1843704,10069,27,2,5,5,59,9,16,SAT,0.0
12066,2019-04-17,2019-04-22,889554,1846,54,2,5,5,59,9,16,Not Rated,0.0
12067,2019-04-17,2019-04-19,338350,10794,14,2,5,5,59,9,16,SAT,0.0
12068,2019-04-17,2019-04-19,2116120,1275,23,2,5,5,59,9,16,SAT,0.0
12069,2019-04-17,2019-04-22,1899231,879,56,2,5,5,59,9,16,SAT,0.0
12070,2019-04-17,2019-04-24,2170642,11213,55,2,5,5,61,9,16,SAT,0.0
12071,2019-04-17,2019-04-22,2481382,11122,71,2,5,5,59,9,16,SAT,0.0
12072,2019-04-17,2019-04-19,341827,486,7,2,5,5,59,9,16,SAT,0.0
12073,2019-04-18,2019-04-18,1864236,11244,54,1,5,5,59,9,42,Not Rated,0.0
12074,2019-04-18,2019-04-18,1877705,1615,8,2,5,5,59,9,42,Not Rated,0.0
12075,2019-04-18,2019-04-18,2101880,11193,4,2,5,5,59,9,42,Not Rated,0.0
12076,2019-04-18,2019-04-19,88990,528,73,2,5,5,52,9,16,SAT,0.0
12077,2019-04-15,2019-04-18,146561,2208,44,2,9,5,10,9,42,Not Rated,0.0
12078,2019-04-18,2019-04-22,1886765,11552,40,2,5,5,59,9,16,SAT,0.0
12079,2019-04-18,2019-04-19,1708745,11005,3,2,5,5,59,9,16,SAT,0.0
12080,2019-04-18,2019-04-19,182773,10644,49,2,5,5,59,9,16,SAT,0.0
12081,2019-04-18,2019-04-18,2309269,11262,62,2,5,5,64,9,85,Not Rated,0.0
12082,2019-04-17,2019-05-10,725875,11223,12,2,5,5,58,9,85,Not Rated,0.0
12083,2019-04-18,2019-04-25,105872,10225,40,2,5,5,64,9,85,Not Rated,0.0
12085,2019-04-18,2019-04-25,606172,1292,20,2,5,5,64,9,85,Not Rated,0.0
12086,2019-04-18,2019-05-03,143621,11121,75,2,5,5,58,9,85,Not Rated,0.0
12087,2019-04-18,2019-04-19,2153791,10794,61,2,5,5,59,9,16,SAT,0.0
12088,2019-04-18,2019-04-22,78815,11136,42,2,5,5,59,9,16,SAT,0.0
12089,2019-04-18,2019-04-22,2385689,12328,57,2,5,5,59,9,16,SAT,0.0
12090,2019-04-18,2019-04-19,896490,940,7,2,5,5,59,9,16,SAT,0.0
12091,2019-04-18,2019-04-24,2006354,12334,69,2,5,5,59,9,16,SAT,0.0
12092,2019-04-18,2019-04-19,609282,9853,72,2,5,5,59,9,16,SAT,0.0
12093,2019-04-18,2019-04-22,1844282,1419,54,2,5,5,59,9,16,SAT,0.0
12094,2019-04-18,2019-04-19,404654,9901,11,2,5,5,59,9,16,SAT,0.0
12095,2019-04-18,2019-04-19,1599416,528,14,2,5,5,59,9,16,SAT,0.0
12096,2019-04-18,2019-04-19,2033415,461,70,2,5,5,59,9,16,SAT,0.0
12097,2019-04-18,2019-04-19,1824980,1997,40,2,5,5,59,9,16,SAT,0.0
12098,2019-04-18,2019-04-19,600422,11087,62,2,5,5,59,9,16,SAT,0.0
12099,2019-04-18,2019-04-19,777807,2316,19,2,5,5,59,9,16,SAT,0.0
12100,2019-04-18,2019-04-22,1858088,10147,76,2,5,5,59,9,16,SAT,0.0
12101,2019-04-18,2019-04-19,711405,11669,52,2,5,5,59,9,16,SAT,0.0
12102,2019-04-18,2019-04-22,286967,9662,29,2,5,5,59,9,16,SAT,0.0
12103,2019-04-18,2019-04-19,2472285,2175,41,2,5,5,59,9,16,SAT,0.0
12104,2019-04-18,2019-04-19,2058103,345,10,2,5,5,59,9,16,SAT,0.0
12105,2019-04-18,2019-04-19,818105,11127,25,2,5,5,59,9,16,SAT,0.0
12106,2019-04-18,2019-04-24,2130979,10446,22,2,5,5,61,9,16,SAT,0.0
12107,2019-04-18,2019-04-19,682673,9405,43,2,5,5,59,9,16,SAT,0.0
12108,2019-04-18,2019-04-22,615323,10127,14,2,5,5,59,9,16,SAT,0.0
12109,2019-04-18,2019-04-19,894362,10978,9,2,5,5,59,9,16,SAT,0.0
12110,2019-04-18,2019-04-19,505406,11825,26,2,5,5,59,9,16,SAT,0.0
12111,2019-04-18,2019-04-24,2034421,7841,24,2,5,5,61,9,16,NSA,0.0
12112,2019-04-18,2019-04-19,1599183,11005,30,2,5,5,59,9,16,SAT,0.0
12113,2019-04-18,2019-04-22,1870942,11182,22,2,5,5,59,9,16,SAT,0.0
12114,2019-04-18,2019-04-18,1815130,12065,51,2,5,5,12,9,16,SAT,0.0
12115,2019-04-18,2019-04-19,2155842,2502,3,2,5,5,59,9,16,SAT,0.0
12116,2019-04-18,2019-04-18,2308402,7654,31,2,5,5,59,9,16,SAT,0.0
12117,2019-04-18,2019-04-23,584553,11255,77,2,5,5,59,9,16,SAT,0.0
12118,2019-04-18,2019-04-23,266433,11849,49,2,5,5,59,9,16,SAT,0.0
12119,2019-04-18,2019-04-24,1835487,496,9,2,5,5,59,9,16,SAT,0.0
12120,2019-04-18,2019-04-22,25169,10563,27,2,5,5,59,9,16,SAT,0.0
12121,2019-04-18,2019-04-23,692914,10973,65,2,5,5,59,9,16,SAT,0.0
12122,2019-04-18,2019-04-23,740121,9357,17,2,5,5,59,9,16,SAT,0.0
12123,2019-04-18,2019-04-23,2217262,1526,23,2,5,5,59,9,16,SAT,0.0
12124,2019-04-18,2019-04-23,753030,1253,23,2,5,5,59,9,16,SAT,0.0
12125,2019-04-18,2019-04-23,2178713,138,60,2,5,5,59,9,16,SAT,0.0
12126,2019-04-18,2019-04-23,85189,10105,30,2,5,5,59,9,16,SAT,0.0
12127,2019-04-18,2019-04-23,386760,1210,13,2,5,5,59,9,16,SAT,0.0
12128,2019-04-18,2019-04-23,2340374,8779,63,2,5,5,59,9,16,SAT,0.0
12129,2019-04-18,2019-04-23,530621,2519,9,2,5,5,59,9,16,SAT,0.0
12130,2019-04-18,2019-04-23,2467979,11094,75,2,5,5,59,9,16,SAT,0.0
12131,2019-04-18,2019-04-18,893888,7973,65,2,5,5,59,9,16,SAT,0.0
12132,2019-04-18,2019-04-18,19691,2206,70,2,99,7,12,9,-1,Not Rated,0.0
12133,2019-04-19,2019-04-23,1828262,73,72,2,5,5,65,9,16,SAT,0.0
12134,2019-04-19,2019-04-24,1624358,11059,47,2,5,5,61,9,16,SAT,0.0
12135,2019-04-18,2019-04-25,1680521,10676,67,2,5,5,64,9,85,Not Rated,0.0
12136,2019-04-19,2019-04-23,1836672,11099,8,2,5,5,59,9,16,SAT,0.0
12137,2019-04-19,2019-04-24,2113328,2316,43,2,5,5,61,9,16,SAT,0.0
12138,2019-04-19,2019-04-23,1895706,11972,8,2,5,5,59,9,16,SAT,0.0
12139,2019-04-18,2019-04-23,449497,11959,41,2,5,5,64,9,85,Not Rated,0.0
12140,2019-04-19,2019-04-23,605925,10073,78,2,5,5,59,9,16,SAT,0.0
12141,2019-04-19,2019-04-23,1800296,10327,37,2,5,5,59,9,16,SAT,0.0
12142,2019-04-19,2019-04-23,1836562,2613,63,2,5,5,59,9,16,SAT,0.0
12143,2019-04-12,2019-05-03,1660623,10235,17,2,5,7,15,9,42,Not Rated,0.0
12144,2019-04-17,2019-04-23,2032184,10577,53,2,5,5,58,9,42,Not Rated,0.0
12145,2019-04-19,2019-04-23,1749826,10016,28,2,5,5,59,9,16,SAT,0.0
12146,2019-04-19,2019-04-23,2084547,12176,40,2,5,5,59,9,16,SAT,0.0
12147,2019-04-19,2019-04-23,2525263,11262,13,2,5,5,65,9,16,SAT,0.0
12148,2019-04-19,2019-04-23,593132,11474,62,2,5,5,59,9,16,SAT,0.0
12149,2019-04-19,2019-04-23,270589,11444,33,2,5,5,59,9,16,SAT,0.0
12150,2019-04-19,2019-04-23,2175448,9562,33,2,5,5,59,9,16,SAT,0.0
12151,2019-04-19,2019-04-23,1689909,9211,31,2,5,5,59,9,16,SAT,0.0
12152,2019-04-19,2019-04-23,2180274,12000,43,2,5,5,59,9,16,SAT,0.0
12153,2019-04-19,2019-04-24,514135,2671,78,2,5,5,61,9,16,SAT,0.0
12154,2019-04-19,2019-04-23,2362057,11132,28,2,5,5,59,9,16,SAT,0.0
12155,2019-04-19,2019-04-23,511924,10127,73,2,5,5,59,9,16,SAT,0.0
12156,2019-04-19,2019-04-23,241812,9204,20,2,5,5,59,9,16,SAT,0.0
12157,2019-04-19,2019-04-23,810354,11932,26,2,5,5,59,9,16,NSA,0.0
12158,2019-04-19,2019-04-23,704289,2230,27,2,5,5,59,9,16,SAT,0.0
12159,2019-04-19,2019-04-23,1904464,9377,16,2,5,5,59,9,16,SAT,0.0
12160,2019-04-19,2019-04-23,2103608,2178,64,2,5,5,59,9,16,SAT,0.0
12161,2019-04-19,2019-04-23,2410066,11278,54,2,5,5,59,9,16,SAT,0.0
12162,2019-04-19,2019-04-23,1907997,10794,31,2,5,5,59,9,16,SAT,0.0
12163,2019-04-19,2019-04-23,1807234,11003,67,2,5,5,59,9,16,SAT,0.0
12164,2019-04-19,2019-04-23,891533,2507,54,2,5,5,59,9,16,SAT,0.0
12165,2019-04-22,2019-04-23,2070578,978,56,2,5,5,59,9,16,SAT,0.0
12166,2019-04-22,2019-04-23,616019,1866,35,2,5,5,59,9,16,SAT,0.0
12167,2019-04-22,2019-04-24,2073467,9970,46,2,5,5,61,9,16,SAT,0.0
12168,2019-04-18,2019-04-22,542465,8917,9,2,5,5,12,9,42,Not Rated,0.0
12169,2019-04-22,2019-04-24,302988,1526,74,2,5,5,59,9,16,SAT,0.0
12170,2019-04-15,2019-05-17,578228,11039,53,2,3,5,12,9,42,Not Rated,0.0
12171,2019-04-19,2019-05-07,503620,11029,33,2,5,5,40,9,85,Not Rated,0.0
12172,2019-04-22,2019-04-23,215467,11150,22,2,5,5,59,9,16,SAT,0.0
12173,2019-04-22,2019-04-23,1729576,9796,52,2,5,5,59,9,16,SAT,0.0
12174,2019-04-22,2019-04-24,1920361,8887,2,2,5,5,59,9,16,SAT,0.0
12175,2019-04-22,2019-04-23,478197,496,10,2,5,5,57,9,16,SAT,0.0
12176,2019-04-22,2019-04-23,414281,10990,17,2,5,5,57,9,16,SAT,0.0
12177,2019-04-22,2019-04-23,536301,10728,1,2,5,5,59,9,16,SAT,0.0
12178,2019-04-22,2019-04-24,1828764,1706,72,2,5,5,59,9,16,SAT,0.0
12179,2019-04-22,2019-04-23,1818448,2263,75,2,5,5,59,9,16,SAT,0.0
12180,2019-04-22,2019-04-23,804740,10106,37,2,5,5,59,9,16,SAT,0.0
12181,2019-04-22,2019-04-23,2400053,187,19,2,5,5,59,9,16,SAT,0.0
12182,2019-04-22,2019-04-23,2201844,9610,26,2,5,5,65,9,16,SAT,0.0
12183,2019-04-22,2019-04-24,2152427,1256,42,2,5,5,59,9,16,SAT,0.0
12184,2019-04-22,2019-04-23,895966,11072,34,2,5,5,59,9,16,SAT,0.0
12185,2019-04-22,2019-04-23,683730,10744,32,2,5,5,59,9,16,SAT,0.0
12186,2019-04-22,2019-04-24,496919,12246,3,2,5,5,59,9,16,SAT,0.0
12187,2019-04-22,2019-05-16,1872898,2235,15,2,9,5,12,9,42,Not Rated,0.0
12188,2019-04-22,2019-04-23,2054119,10361,44,2,5,5,59,9,16,SAT,0.0
12189,2019-04-22,2019-04-23,658655,10187,5,2,5,5,59,9,16,SAT,0.0
12190,2019-04-22,2019-04-23,1854682,8461,7,2,5,5,59,9,16,NSA,0.0
12191,2019-04-22,2019-04-23,1749826,11276,17,2,5,5,59,9,16,SAT,0.0
12192,2019-04-22,2019-04-24,478568,10073,14,2,5,5,59,9,16,SAT,0.0
12193,2019-04-22,2019-04-24,779987,2124,34,2,5,5,59,9,16,SAT,0.0
12194,2019-04-22,2019-04-24,1810560,9726,50,2,5,5,59,9,16,SAT,0.0
12195,2019-04-22,2019-04-24,1856933,11711,58,2,5,5,59,9,16,SAT,0.0
12196,2019-04-22,2019-04-24,590488,7797,16,2,5,5,59,9,16,SAT,0.0
12197,2019-04-23,2019-04-24,192129,11036,56,2,5,5,59,9,16,SAT,0.0
12198,2019-04-19,2019-04-24,301059,10536,74,2,3,5,66,9,42,Not Rated,0.0
12199,2019-04-23,2019-04-24,726915,11121,49,2,5,5,59,9,16,SAT,0.0
12200,2019-04-23,2019-04-24,1646600,9892,33,2,5,5,59,9,16,SAT,0.0
12201,2019-04-23,2019-04-24,2308865,8911,51,2,5,5,59,9,16,SAT,0.0
12202,2019-04-23,2019-04-23,1801157,1097,45,2,3,5,64,9,42,Not Rated,0.0
12203,2019-04-23,2019-04-24,664512,1140,50,2,5,5,59,9,16,SAT,0.0
12204,2019-04-23,2019-04-24,2463636,9798,65,2,5,5,59,9,16,SAT,0.0
12205,2019-04-23,2019-04-24,893914,10428,27,2,5,5,59,9,16,SAT,0.0
12206,2019-04-23,2019-05-13,310058,12246,3,2,3,5,12,9,42,Not Rated,0.0
12207,2019-04-23,2019-04-24,865283,12048,75,2,5,5,12,9,16,SAT,0.0
12208,2019-04-23,2019-04-24,1739802,10883,19,2,5,5,59,9,16,SAT,0.0
12209,2019-04-23,2019-04-24,1761119,10917,30,2,5,5,59,9,16,SAT,0.0
12210,2019-04-23,2019-04-24,85455,839,30,2,5,5,58,9,16,SAT,0.0
12211,2019-04-23,2019-04-24,1833311,11978,63,2,5,5,59,9,16,SAT,0.0
12212,2019-04-23,2019-04-24,1757534,12061,18,2,5,5,59,9,16,SAT,0.0
12213,2019-04-23,2019-04-24,2385737,507,8,2,5,5,59,9,16,SAT,0.0
12214,2019-04-23,2019-04-24,1872501,9706,32,2,5,5,59,9,16,SAT,0.0
12215,2019-04-23,2019-04-24,394366,12345,36,2,5,5,59,9,16,SAT,0.0
12216,2019-04-23,2019-04-24,1725126,1846,20,2,5,5,59,9,16,SAT,0.0
12217,2019-04-23,2019-04-24,531481,10948,16,2,5,5,58,9,16,SAT,0.0
12218,2019-04-23,2019-04-24,580989,1737,62,2,5,5,59,9,16,SAT,0.0
12219,2019-04-23,2019-04-24,315258,10987,38,2,5,5,59,9,16,SAT,0.0
12220,2019-04-23,2019-04-24,1877705,11825,3,2,5,5,59,9,16,SAT,0.0
12221,2019-04-23,2019-04-24,2091306,542,48,2,5,5,59,9,16,SAT,0.0
12222,2019-04-23,2019-04-24,1707912,1266,48,2,5,5,59,9,16,SAT,0.0
12223,2019-04-23,2019-04-24,2456077,11493,7,2,5,5,59,9,16,SAT,0.0
12224,2019-04-23,2019-04-24,2274581,10071,15,2,5,5,59,9,16,Not Rated,0.0
12225,2019-04-23,2019-04-24,375832,11973,38,2,5,5,59,9,16,SAT,0.0
12226,2019-04-24,2019-04-30,1803176,940,17,2,5,5,59,9,16,SAT,0.0
12227,2019-04-24,2019-04-24,1816540,116,70,2,5,5,59,9,16,NSA,0.0
12228,2019-04-24,2019-04-24,2057006,868,13,2,5,5,59,9,16,SAT,0.0
12229,2019-04-24,2019-04-30,1810245,11910,45,2,5,5,59,9,16,SAT,0.0
12230,2019-04-24,2019-04-24,1709490,2103,9,2,5,5,59,9,16,SAT,0.0
12231,2019-04-24,2019-04-30,1758184,8911,70,2,5,5,59,9,16,SAT,0.0
12232,2019-04-24,2019-04-25,127179,224,26,2,5,5,59,9,16,SAT,0.0
12233,2019-04-24,2019-04-25,2180274,10693,66,2,5,5,59,9,16,SAT,0.0
12234,2019-04-24,2019-04-25,1834550,10637,25,2,5,5,59,9,16,SAT,0.0
12235,2019-04-24,2019-04-25,755081,597,48,2,5,5,59,9,16,SAT,0.0
12236,2019-04-24,2019-04-24,478197,8356,32,2,5,5,59,9,16,SAT,0.0
12237,2019-04-24,2019-04-25,1786021,11173,14,2,5,5,59,9,16,SAT,0.0
12238,2019-04-24,2019-04-25,661974,11173,66,2,5,5,61,9,16,NSA,0.0
12239,2019-04-24,2019-04-25,1659206,10108,47,2,5,5,59,9,16,SAT,0.0
12240,2019-04-24,2019-04-25,1754629,12334,5,2,5,5,59,9,16,SAT,0.0
12241,2019-04-24,2019-04-25,39819,10324,50,2,5,5,59,9,16,SAT,0.0
12242,2019-04-24,2019-04-25,218519,9792,35,2,5,5,59,9,16,SAT,0.0
12243,2019-04-24,2019-04-25,2400023,2384,8,2,5,5,59,9,16,SAT,0.0
12244,2019-04-24,2019-04-25,2477323,39,67,2,5,5,59,9,16,SAT,0.0
12245,2019-04-24,2019-04-25,542926,11182,49,2,5,5,59,9,16,SAT,0.0
12246,2019-04-24,2019-04-25,2037631,473,53,2,5,5,65,9,16,SAT,0.0
12247,2019-04-24,2019-04-30,2103580,1210,4,2,5,5,59,9,16,SAT,0.0
12248,2019-04-24,2019-04-25,2084104,12066,25,2,5,5,59,9,16,SAT,0.0
12249,2019-04-24,2019-04-25,1860057,10327,43,2,5,5,59,9,16,SAT,0.0
12250,2019-04-24,2019-04-25,235431,11537,11,2,5,5,59,9,16,SAT,0.0
12251,2019-04-24,2019-04-25,1708251,11796,17,2,5,5,59,9,16,SAT,0.0
12252,2019-04-24,2019-04-25,251479,10345,33,2,5,5,59,9,16,SAT,0.0
12253,2019-04-24,2019-04-25,113801,11482,50,2,5,5,59,9,16,SAT,0.0
12254,2019-04-24,2019-04-25,843489,753,76,2,3,5,58,9,42,Not Rated,0.0
12255,2019-04-25,2019-04-25,1675095,11230,57,2,5,5,58,9,16,SAT,0.0
12256,2019-04-25,2019-04-25,1874317,11668,11,2,5,5,59,9,16,SAT,0.0
12257,2019-04-25,2019-04-25,14734,12510,78,2,5,5,65,9,16,SAT,0.0
12258,2019-04-25,2019-04-25,1895235,12176,50,2,5,5,59,9,16,SAT,0.0
12259,2019-04-25,2019-04-25,623541,994,55,2,5,5,59,9,16,SAT,0.0
12260,2019-04-25,2019-04-30,530629,11100,29,2,5,5,59,9,16,SAT,0.0
12261,2019-04-25,2019-04-25,1689936,10883,75,2,5,5,59,9,16,SAT,0.0
12262,2019-04-25,2019-04-30,2388351,824,78,2,5,5,59,9,16,SAT,0.0
12263,2019-04-25,2019-04-30,1914567,11078,22,2,5,5,59,9,16,SAT,0.0
12264,2019-04-25,2019-04-30,2032148,10055,10,2,5,5,59,9,16,SAT,0.0
12265,2019-04-25,2019-04-25,1861070,125,50,2,5,5,59,9,16,SAT,0.0
12266,2019-04-25,2019-05-15,1605959,11626,33,2,5,5,50,9,42,SAT,0.0
12267,2019-04-25,2019-04-30,581311,8840,56,2,5,5,59,9,16,SAT,0.0
12268,2019-04-25,2019-04-30,289890,12027,63,2,5,5,59,9,16,SAT,0.0
12269,2019-04-25,2019-04-25,2383149,1997,64,2,5,5,59,9,16,SAT,0.0
12270,2019-04-25,2019-04-25,2110798,119,38,2,5,5,59,9,16,SAT,0.0
12271,2019-04-25,2019-04-25,2056462,9361,76,2,5,5,59,9,16,SAT,0.0
12272,2019-04-25,2019-04-30,20309,8399,75,2,5,5,59,9,16,SAT,0.0
12273,2019-04-25,2019-04-25,707596,801,74,2,5,5,59,9,16,SAT,0.0
12274,2019-04-25,2019-04-25,2107222,9918,49,2,5,5,59,9,16,SAT,0.0
12275,2019-04-25,2019-04-25,1709490,9796,22,2,5,5,59,9,16,SAT,0.0
12276,2019-04-25,2019-04-25,67131,518,8,2,5,5,59,9,16,SAT,0.0
12277,2019-04-25,2019-04-30,111142,1615,39,2,5,5,59,9,16,SAT,0.0
12278,2019-04-25,2019-04-30,1888890,11162,14,2,5,5,59,9,16,SAT,0.0
12279,2019-04-25,2019-04-30,436300,11087,17,2,5,5,59,9,16,SAT,0.0
12280,2019-04-25,2019-04-30,334405,2500,70,2,5,5,59,9,16,SAT,0.0
12281,2019-04-30,2019-04-30,471619,12346,47,2,3,5,59,9,16,SAT,0.0
12282,2019-04-30,2019-05-07,1907494,11169,48,2,5,5,12,9,85,Not Rated,0.0
12283,2019-04-30,2019-05-07,1873886,9646,64,2,5,5,12,9,85,Not Rated,0.0
12284,2019-04-30,2019-05-08,644158,2175,40,2,3,5,64,9,85,Not Rated,0.0
12285,2019-05-02,2019-05-03,347277,11954,63,2,5,5,59,9,16,SAT,0.0
12286,2019-05-02,2019-05-03,2254150,11107,14,2,5,5,59,9,16,SAT,0.0
12287,2019-05-02,2019-05-02,893447,1548,5,2,5,5,61,9,16,SAT,0.0
12288,2019-05-02,2019-05-02,642574,10020,23,2,5,5,59,9,16,SAT,0.0
12289,2019-05-02,2019-05-03,1710881,11932,10,2,5,5,59,9,16,SAT,0.0
12290,2019-05-02,2019-05-02,144102,11170,36,2,5,5,59,9,16,SAT,0.0
12291,2019-05-02,2019-05-02,1867521,978,47,2,5,5,59,9,16,SAT,0.0
12292,2019-05-02,2019-05-03,2382122,11798,48,2,5,5,59,9,16,SAT,0.0
12293,2019-05-02,2019-05-02,2358888,858,38,2,5,5,59,9,16,SAT,0.0
12294,2019-05-02,2019-05-02,19691,2468,47,2,5,5,59,9,16,SAT,0.0
12295,2019-05-02,2019-05-02,808256,2230,54,2,5,5,59,9,16,SAT,0.0
12296,2019-05-02,2019-05-03,852116,8911,5,2,5,5,59,9,16,SAT,0.0
12297,2019-05-02,2019-05-03,2270229,1419,18,2,5,5,59,9,16,SAT,0.0
12298,2019-05-02,2019-05-03,325058,1140,33,2,5,5,59,9,16,SAT,0.0
12299,2019-05-02,2019-05-03,2429714,11204,30,2,5,5,65,9,16,SAT,0.0
12300,2019-05-02,2019-05-03,2400053,12563,62,2,5,5,59,9,16,SAT,0.0
12301,2019-04-30,2019-05-07,2079821,221,72,2,6,5,40,9,85,Not Rated,0.0
12302,2019-05-03,2019-05-10,454462,11086,2,2,5,5,63,9,85,Not Rated,0.0
12303,2019-05-03,2019-05-07,2033717,10130,77,2,5,5,59,9,16,SAT,0.0
12304,2019-05-03,2019-05-03,1894774,347,15,2,5,5,65,9,16,SAT,0.0
12305,2019-05-03,2019-05-03,411913,10710,34,2,5,5,59,9,16,SAT,0.0
12306,2019-05-03,2019-05-03,577825,12367,37,2,5,5,59,9,16,SAT,0.0
12307,2019-05-03,2019-05-06,392685,601,57,2,5,5,59,9,16,Not Rated,0.0
12308,2019-05-03,2019-05-06,2348765,598,60,2,5,5,59,9,16,SAT,0.0
12309,2019-05-03,2019-05-03,892371,11262,30,2,5,5,59,9,16,SAT,0.0
12310,2019-05-03,2019-05-06,40253,12367,72,2,5,5,59,9,16,SAT,0.0
12311,2019-05-06,2019-05-08,1907148,8853,68,2,5,5,10,9,85,Not Rated,0.0
12312,2019-05-06,2019-05-13,619308,10764,21,2,3,5,40,9,42,Not Rated,0.0
12313,2019-05-06,2019-05-13,1808954,11959,41,2,5,5,58,9,42,Not Rated,0.0
12314,2019-05-06,2019-05-14,432870,11113,61,2,5,5,12,9,85,Not Rated,0.0
12320,2019-05-06,2019-05-14,1818215,10160,50,2,5,5,64,9,85,Not Rated,0.0
12321,2019-05-06,2019-05-07,1809017,2637,8,2,5,5,12,9,81,Not Rated,0.0
12322,2019-05-07,2019-06-24,635381,1873,57,2,3,5,66,9,42,Not Rated,0.0
12323,2019-05-07,2019-05-09,1784253,11118,21,2,3,5,64,9,85,Not Rated,0.0
12324,2019-05-08,2019-05-14,619300,11217,76,2,5,5,64,9,85,Not Rated,0.0
12325,2019-05-08,2019-05-14,1801873,11255,74,2,5,5,12,9,85,Not Rated,0.0
12326,2019-05-09,2019-06-14,739573,10764,3,2,3,5,12,9,42,Not Rated,0.0
12327,2019-05-09,2019-05-10,1832874,9901,17,2,5,5,12,9,42,Not Rated,0.0
12328,2019-05-09,2019-05-17,1840101,12352,77,2,5,5,65,9,16,SAT,0.0
12329,2019-05-09,2019-05-17,348916,11118,51,2,5,5,61,9,16,SAT,0.0
12330,2019-05-09,2019-05-17,222811,10152,68,2,5,5,59,9,16,SAT,0.0
12331,2019-05-09,2019-05-17,393687,1115,78,2,5,5,59,9,16,SAT,0.0
12332,2019-05-09,2019-06-03,2199074,1956,5,2,5,5,58,9,85,Not Rated,0.0
12333,2019-05-08,2019-05-27,2018137,9796,34,2,5,5,40,9,85,Not Rated,0.0
12334,2019-05-03,2019-05-20,627199,10566,60,2,5,5,40,9,85,Not Rated,0.0
12335,2019-05-13,2019-05-17,1865474,11031,68,2,5,5,12,9,42,Not Rated,0.0
12337,2019-05-13,2019-05-17,681301,8885,1,2,5,5,58,9,42,Not Rated,0.0
12338,2019-05-13,2019-05-14,4109,10055,13,2,5,5,12,9,42,Not Rated,0.0
12339,2019-05-14,2019-05-17,605925,8946,10,2,5,5,65,9,16,SAT,0.0
12340,2019-05-14,2019-05-17,2485794,1500,35,2,5,5,59,9,16,SAT,0.0
12341,2019-05-14,2019-06-25,2107258,9499,41,2,5,5,12,9,42,Not Rated,0.0
12342,2019-05-08,2019-05-27,895519,347,5,2,5,5,66,9,85,Not Rated,0.0
12343,2019-05-14,2019-05-17,454335,10983,23,2,5,5,64,9,42,Not Rated,0.0
12344,2019-05-14,2019-05-15,896028,1356,39,2,3,5,64,9,42,Not Rated,0.0
12345,2019-05-15,2019-05-29,2184830,1846,69,2,7,5,58,9,42,Not Rated,0.0
12346,2019-05-15,2019-05-30,40720,9001,49,2,3,5,12,9,42,Not Rated,0.0
12347,2019-05-15,2019-05-15,1847375,10565,71,2,3,5,64,9,42,Not Rated,0.0
12348,2019-05-16,2019-05-17,442391,1680,75,2,5,5,59,9,16,SAT,0.0
12349,2019-05-15,2019-05-30,2079516,9872,71,2,5,5,15,9,42,Not Rated,0.0
12350,2019-05-16,2019-05-17,119864,8766,56,2,5,5,57,9,16,NSA,0.0
12351,2019-05-16,2019-05-17,830243,11172,36,2,7,5,8,9,42,Not Rated,0.0
12352,2019-05-16,2019-05-17,1787030,8882,10,2,5,5,59,9,16,NSA,0.0
12353,2019-05-16,2019-05-17,328778,11590,12,2,5,5,61,9,16,SAT,0.0
12354,2019-05-16,2019-05-17,441945,9856,74,2,5,5,12,9,42,Not Rated,0.0
12355,2019-05-16,2019-05-17,1855594,598,10,2,5,5,65,9,16,SAT,0.0
12356,2019-05-16,2019-05-17,2109353,10820,23,2,5,5,59,9,16,SAT,0.0
12357,2019-05-16,2019-05-17,859323,2502,29,2,5,5,59,9,16,SAT,0.0
12358,2019-05-16,2019-05-17,513876,11978,28,2,5,5,59,9,16,SAT,0.0
12359,2019-05-16,2019-06-07,446979,355,68,2,4,5,42,9,85,Not Rated,0.0
12360,2019-05-16,2019-05-17,888711,1342,32,2,5,5,61,9,16,SAT,0.0
12361,2019-05-17,2019-05-17,175835,9021,19,2,5,5,59,9,16,SAT,0.0
12362,2019-05-17,2019-05-17,357243,1957,23,2,5,5,65,9,16,SAT,0.0
12363,2019-05-17,2019-05-17,258750,2262,55,2,5,5,59,9,16,SAT,0.0
12364,2019-05-17,2019-05-17,85216,2384,14,2,5,5,59,9,16,SAT,0.0
12365,2019-05-16,2019-05-16,1851571,9622,20,2,5,4,10,9,85,Not Rated,0.0
12366,2019-05-17,2019-05-17,1823725,461,41,2,5,5,61,9,16,SAT,0.0
12367,2019-05-16,2019-05-30,1649666,10055,30,2,5,4,10,9,85,Not Rated,0.0
12368,2019-05-17,2019-05-30,214571,1999,20,2,5,5,63,9,85,Not Rated,0.0
12369,2019-05-17,2019-05-17,586290,9211,78,2,5,5,59,9,16,SAT,0.0
12370,2019-05-17,2019-05-20,1741347,10534,53,2,5,5,64,9,85,Not Rated,0.0
12371,2019-05-17,2019-05-17,1786300,12176,8,2,5,5,59,9,16,SAT,0.0
12372,2019-05-13,2019-06-12,1864907,10892,64,2,5,5,64,9,85,Not Rated,0.0
12373,2019-05-20,2019-05-24,758110,10050,40,2,5,5,64,9,85,Not Rated,0.0
12374,2019-05-20,2019-05-21,51511,1328,67,2,5,5,59,9,16,SAT,0.0
12375,2019-05-20,2019-05-21,146561,10892,51,2,5,5,57,9,16,SAT,0.0
12376,2019-05-20,2019-05-30,860194,1081,20,2,3,5,66,9,85,Not Rated,0.0
12377,2019-05-20,2019-05-21,1766861,1865,9,2,5,5,59,9,16,SAT,0.0
12378,2019-05-20,2019-05-20,1738205,12125,37,2,5,5,59,9,16,NSA,0.0
12379,2019-05-20,2019-06-05,2033768,8970,58,2,9,5,10,9,42,Not Rated,0.0
12380,2019-05-20,2019-06-05,2111880,11870,24,2,9,5,8,9,42,Not Rated,0.0
12381,2019-05-20,2019-05-20,2114994,8985,19,2,5,5,59,9,16,SAT,0.0
12382,2019-05-20,2019-05-30,375386,1717,41,2,5,5,59,9,16,SAT,0.0
12383,2019-05-20,2019-05-21,702681,9633,44,2,5,5,59,9,16,SAT,0.0
12384,2019-05-20,2019-05-21,2066144,10446,16,2,5,5,59,9,16,SAT,0.0
12385,2019-05-20,2019-05-21,484320,645,56,2,5,5,59,9,16,SAT,0.0
12386,2019-05-20,2019-05-21,896033,8996,67,2,5,5,59,9,16,SAT,0.0
12387,2019-05-20,2019-05-21,741246,10883,48,2,5,5,59,9,16,SAT,0.0
12388,2019-05-21,2019-05-31,642986,12299,20,2,5,5,66,9,42,Not Rated,0.0
12389,2019-05-21,2019-06-03,477378,8461,14,2,5,5,12,9,42,Not Rated,0.0
12390,2019-05-21,2019-05-22,274164,11937,65,2,5,5,59,9,16,SAT,0.0
12391,2019-05-21,2019-05-23,1892798,10361,62,2,5,5,57,9,16,SAT,0.0
12392,2019-05-21,2019-05-21,1775241,11276,46,2,5,5,59,9,16,SAT,0.0
12393,2019-05-21,2019-05-27,2204908,1115,63,2,5,5,57,9,16,SAT,0.0
12394,2019-05-21,2019-05-22,511924,12476,23,2,5,5,57,9,16,NSA,0.0
12395,2019-05-21,2019-05-22,333278,10693,55,2,5,5,59,9,16,SAT,0.0
12396,2019-05-21,2019-05-22,185779,11051,16,2,5,5,59,9,16,SAT,0.0
12397,2019-05-21,2019-05-22,158634,2107,17,2,5,5,59,9,16,SAT,0.0
12398,2019-05-21,2019-05-22,1893273,116,48,2,5,5,61,9,16,SAT,0.0
12399,2019-05-21,2019-05-22,211708,10426,21,2,5,5,57,9,16,SAT,0.0
12400,2019-05-21,2019-05-22,872761,10710,12,2,5,5,59,9,16,SAT,0.0
12401,2019-05-21,2019-05-22,1903186,11487,58,2,5,5,65,9,16,SAT,0.0
12402,2019-05-21,2019-05-22,2101882,9440,12,2,5,5,61,9,16,SAT,0.0
12403,2019-05-21,2019-05-22,1912159,10659,40,2,5,5,59,9,16,SAT,0.0
12404,2019-05-21,2019-05-22,2091710,11942,11,2,5,5,59,9,16,SAT,0.0
12405,2019-05-21,2019-05-22,2058097,11590,67,2,5,5,65,9,16,SAT,0.0
12406,2019-05-21,2019-05-22,348536,12065,65,2,5,5,65,9,16,SAT,0.0
12407,2019-05-22,2019-05-27,795702,11036,53,2,5,5,64,9,85,Not Rated,0.0
12408,2019-05-22,2019-05-23,390186,9204,20,2,5,5,57,9,16,NSA,0.0
12409,2019-05-22,2019-05-23,78002,1200,66,2,5,5,59,9,16,SAT,0.0
12410,2019-05-21,2019-06-04,1919756,10973,7,2,3,5,11,9,42,Not Rated,0.0
12411,2019-05-22,2019-05-23,23702,11146,43,2,5,5,65,9,16,SAT,0.0
12412,2019-05-22,2019-05-23,879177,11031,1,2,5,5,59,9,16,SAT,0.0
12413,2019-05-22,2019-05-23,506295,11029,62,2,5,5,58,9,16,SAT,0.0
12414,2019-05-22,2019-05-23,894368,11083,76,2,5,5,58,9,16,SAT,0.0
12415,2019-05-22,2019-05-23,123852,11107,1,2,5,5,59,9,16,SAT,0.0
12416,2019-05-22,2019-05-23,2488817,10217,42,2,5,5,59,9,16,SAT,0.0
12417,2019-05-22,2019-05-23,2008335,9797,60,2,5,5,59,9,16,SAT,0.0
12418,2019-05-22,2019-05-23,1841053,1997,45,2,5,5,59,9,16,SAT,0.0
12419,2019-05-21,2019-06-20,1803871,12333,68,2,5,5,66,9,42,SAT,0.0
12420,2019-05-22,2019-05-23,1711156,7640,16,2,5,5,59,9,16,SAT,0.0
12421,2019-05-22,2019-05-22,283002,11001,23,2,5,5,59,9,16,SAT,0.0
12422,2019-05-22,2019-05-23,2451973,11676,50,2,5,5,59,9,16,SAT,0.0
12423,2019-05-22,2019-05-23,1758652,10536,76,2,5,5,59,9,16,SAT,0.0
12424,2019-05-22,2019-06-05,2426951,8887,24,2,5,5,59,9,16,SAT,0.0
12425,2019-05-22,2019-05-24,79477,10108,4,2,5,5,58,9,16,SAT,0.0
12426,2019-05-22,2019-05-24,1871788,2206,35,2,5,5,61,9,16,SAT,0.0
12427,2019-05-22,2019-05-24,729534,12116,38,2,5,5,65,9,16,SAT,0.0
12428,2019-05-22,2019-05-24,2116479,8569,7,2,5,5,59,9,16,SAT,0.0
12429,2019-05-22,2019-05-24,1784408,8840,64,2,5,5,59,9,16,SAT,0.0
12430,2019-05-22,2019-05-24,2155842,1465,78,2,5,5,61,9,16,SAT,0.0
12431,2019-05-22,2019-05-24,2069395,11160,43,2,5,5,61,9,16,SAT,0.0
12432,2019-05-22,2019-05-24,1892687,1200,5,2,5,5,59,9,16,SAT,0.0
12433,2019-05-22,2019-05-24,1801882,11212,52,2,5,5,59,9,16,SAT,0.0
12434,2019-05-22,2019-06-04,388514,12034,27,2,5,5,12,9,16,SAT,0.0
12435,2019-05-21,2019-05-29,52702,9559,1,2,5,5,10,9,85,Not Rated,0.0
12436,2019-05-22,2019-05-24,2385666,1879,36,2,5,5,59,9,16,SAT,0.0
12437,2019-05-22,2019-05-27,1725251,11444,36,2,5,5,59,9,16,SAT,0.0
12439,2019-05-21,2019-05-29,1861619,10603,23,2,5,5,42,9,85,Not Rated,0.0
12440,2019-05-22,2019-05-24,2121261,11030,41,2,5,5,57,9,16,SAT,0.0
12441,2019-05-22,2019-05-24,2033025,1552,4,2,5,5,59,9,16,SAT,0.0
12442,2019-05-22,2019-05-24,558042,8840,37,2,5,5,65,9,16,SAT,0.0
12443,2019-05-22,2019-05-24,2449441,1253,18,2,5,5,61,9,16,SAT,0.0
12444,2019-05-22,2019-05-24,1675115,9393,77,2,5,5,59,9,16,SAT,0.0
12445,2019-05-22,2019-05-27,1732408,11173,7,2,5,5,57,9,16,SAT,0.0
12446,2019-05-22,2019-05-27,837532,1994,34,2,5,5,57,9,16,SAT,0.0
12447,2019-05-22,2019-05-24,1871455,1097,27,2,5,5,59,9,16,SAT,0.0
12448,2019-05-22,2019-05-24,397807,1717,73,2,5,5,65,9,16,SAT,0.0
12449,2019-05-22,2019-05-23,301826,2477,52,2,9,5,10,9,42,Not Rated,0.0
12450,2019-05-21,2019-06-24,1847388,8985,53,2,5,5,12,9,85,Not Rated,0.0
12451,2019-05-22,2019-06-07,13644,8201,72,2,5,5,12,9,85,Not Rated,0.0
12452,2019-05-23,2019-05-23,893361,9344,40,2,5,5,64,9,42,Not Rated,0.0
12453,2019-05-22,2019-05-24,2407872,10984,13,2,5,5,64,9,85,Not Rated,0.0
12454,2019-05-22,2019-05-23,1729076,11590,47,2,5,5,12,9,42,Not Rated,0.0
12455,2019-05-21,2019-05-23,1810490,11764,5,2,5,5,58,9,85,Not Rated,0.0
12456,2019-05-23,2019-05-23,647410,11638,42,2,5,5,65,9,16,SAT,0.0
12457,2019-05-23,2019-06-20,1910182,10978,4,2,5,5,8,9,85,Not Rated,0.0
12458,2019-05-22,2019-05-30,734922,8779,32,2,3,5,44,9,85,Not Rated,0.0
12459,2019-07-05,2019-08-05,2017037,12034,42,2,3,5,63,9,85,Not Rated,0.0
12460,2019-05-24,2019-05-29,2200280,10490,57,2,5,5,8,9,85,Not Rated,0.0
12461,2019-05-23,2019-06-04,2165607,11220,68,2,3,5,64,9,85,Not Rated,0.0
12462,2019-05-23,2019-06-07,1707797,10738,78,2,4,5,15,9,42,Not Rated,0.0
12463,2019-05-24,2019-05-27,2135834,1717,73,2,5,5,12,9,85,Not Rated,0.0
12464,2019-05-27,2019-05-27,570748,11071,32,2,5,5,12,9,85,Not Rated,0.0
12465,2019-05-28,2019-05-28,2504515,10326,41,2,5,5,58,9,16,SAT,0.0
12466,2019-05-28,2019-05-28,1893825,10802,15,2,5,5,57,9,16,SAT,0.0
12467,2019-05-28,2019-05-29,2148214,10973,3,2,5,5,59,9,16,SAT,0.0
12468,2019-05-28,2019-05-29,1767351,10990,19,2,5,5,57,9,16,SAT,0.0
12469,2019-05-28,2019-05-28,1816081,11175,64,2,5,5,59,9,16,SAT,0.0
12470,2019-05-28,2019-05-29,2312014,11156,18,2,5,5,59,9,16,SAT,0.0
12471,2019-05-28,2019-05-28,680906,10071,39,2,5,5,59,9,16,SAT,0.0
12472,2019-05-28,2019-05-28,271079,2158,28,2,5,5,59,9,16,SAT,0.0
12473,2019-05-28,2019-05-29,483815,911,11,2,5,5,59,9,16,SAT,0.0
12474,2019-05-28,2019-05-29,359773,10639,32,2,5,5,59,9,16,SAT,0.0
12475,2019-05-28,2019-05-29,1660312,10676,55,2,5,5,65,9,16,SAT,0.0
12476,2019-05-28,2019-05-29,760218,10218,54,2,5,5,59,9,16,SAT,0.0
12477,2019-05-28,2019-05-29,1836612,12414,45,2,5,5,59,9,16,SAT,0.0
12478,2019-05-28,2019-05-29,1947630,12048,8,2,5,5,59,9,16,SAT,0.0
12479,2019-05-28,2019-05-29,1841028,9933,72,2,5,5,61,9,16,SAT,0.0
12480,2019-05-28,2019-05-29,829354,581,39,2,5,5,57,9,16,NSA,0.0
12481,2019-05-28,2019-06-04,577700,1846,9,2,5,5,10,9,42,Not Rated,0.0
12482,2019-05-27,2019-06-06,2039473,9797,69,2,9,5,50,9,42,Not Rated,0.0
12483,2019-05-29,2019-05-30,2110455,10130,51,2,5,5,59,9,16,SAT,0.0
12484,2019-05-29,2019-06-10,351043,7671,19,2,5,5,12,9,16,SAT,0.0
12485,2019-05-29,2019-05-30,402350,2107,14,2,5,5,59,9,16,SAT,0.0
12486,2019-05-29,2019-05-30,2079525,10989,4,2,5,5,61,9,16,SAT,0.0
12487,2019-05-29,2019-05-30,1918243,496,30,2,5,5,65,9,16,SAT,0.0
12488,2019-05-29,2019-05-29,1896530,581,51,2,5,5,59,9,16,SAT,0.0
12489,2019-05-29,2019-05-30,2176884,11217,30,2,5,5,59,9,16,SAT,0.0
12490,2019-05-29,2019-05-30,2066113,8970,22,2,5,5,61,9,16,SAT,0.0
12491,2019-05-29,2019-05-30,2018504,2260,27,2,5,5,59,9,16,SAT,0.0
12492,2019-05-29,2019-05-30,2289133,11093,6,2,5,5,59,9,16,SAT,0.0
12493,2019-05-28,2019-05-29,1881594,10720,45,2,5,5,64,9,85,Not Rated,0.0
12494,2019-05-30,2019-05-30,690399,10587,49,2,5,5,59,9,16,SAT,0.0
12495,2019-05-30,2019-05-30,896581,8120,55,2,5,5,57,9,16,SAT,0.0
12496,2019-05-30,2019-06-04,352233,2656,77,2,5,5,57,9,16,SAT,0.0
12497,2019-05-30,2019-05-30,556363,10020,7,2,5,5,59,9,16,SAT,0.0
12498,2019-05-30,2019-05-30,188669,1875,53,2,5,5,59,9,16,Not Rated,0.0
12499,2019-05-30,2019-05-31,386818,11487,2,2,5,5,61,9,16,SAT,0.0
12500,2019-05-30,2019-05-31,894496,11158,68,2,5,5,61,9,16,SAT,0.0
12501,2019-05-30,2019-05-31,608908,9559,18,2,5,5,59,9,16,SAT,0.0
12502,2019-05-30,2019-05-31,893110,1548,5,2,5,5,59,9,16,SAT,0.0
12503,2019-05-30,2019-06-04,2306097,1678,58,2,5,5,12,9,42,Not Rated,0.0
12504,2019-05-30,2019-05-31,2106963,11137,26,2,5,5,59,9,16,SAT,0.0
12505,2019-05-30,2019-05-30,1807821,11217,7,2,5,5,57,9,16,SAT,0.0
12506,2019-05-30,2019-05-31,1835486,416,6,2,5,5,61,9,16,SAT,0.0
12507,2019-05-30,2019-05-31,1784805,12229,22,2,5,5,61,9,16,SAT,0.0
12508,2019-05-30,2019-06-06,2101887,1956,26,2,5,5,66,9,42,Not Rated,0.0
12509,2019-05-30,2019-05-30,608152,2260,40,2,5,5,65,9,16,SAT,0.0
12510,2019-05-30,2019-05-31,1867453,10016,54,2,5,5,65,9,16,SAT,0.0
12511,2019-05-30,2019-05-31,201161,10587,76,2,5,5,57,9,16,SAT,0.0
12512,2019-05-30,2019-05-31,750454,11277,68,2,5,5,61,9,16,SAT,0.0
12513,2019-05-30,2019-05-31,893070,12603,32,2,5,5,57,9,16,SAT,0.0
12514,2019-05-30,2019-05-31,207681,10978,61,2,5,5,59,9,42,Not Rated,0.0
12515,2019-05-30,2019-05-31,883702,10739,45,2,5,5,59,9,42,Not Rated,0.0
12516,2019-05-30,2019-06-04,2111519,10020,54,2,5,5,57,9,16,SAT,0.0
12517,2019-05-30,2019-05-31,1906302,11711,20,2,5,5,59,9,16,SAT,0.0
12518,2019-05-30,2019-05-31,845451,12256,39,2,5,5,59,9,16,SAT,0.0
12519,2019-05-30,2019-05-31,474261,8432,70,2,5,5,59,9,16,SAT,0.0
12520,2019-05-30,2019-06-03,831349,11066,39,2,5,5,57,9,16,SAT,0.0
12521,2019-05-30,2019-06-03,891839,9901,65,2,5,5,57,9,16,SAT,0.0
12522,2019-05-30,2019-06-03,532160,9923,6,2,5,5,65,9,16,SAT,0.0
12523,2019-05-30,2019-05-31,2454016,10106,50,2,5,5,59,9,42,Not Rated,0.0
12524,2019-05-30,2019-05-31,1813208,12299,14,2,5,5,59,9,16,SAT,0.0
12525,2019-05-30,2019-05-30,2115174,9826,20,2,5,5,57,9,16,SAT,0.0
12526,2019-05-30,2019-05-31,893333,12003,50,2,5,5,59,9,42,Not Rated,0.0
12527,2019-05-30,2019-05-31,895270,1430,48,2,5,5,59,9,42,Not Rated,0.0
12528,2019-05-30,2019-06-03,253009,2537,33,2,5,5,57,9,16,SAT,0.0
12529,2019-05-30,2019-05-30,1813478,11151,21,2,5,5,59,9,16,SAT,0.0
12530,2019-05-30,2019-05-30,1789163,8055,45,2,5,5,59,9,16,SAT,0.0
12531,2019-05-30,2019-06-03,792125,10850,5,2,5,5,57,9,16,SAT,0.0
12532,2019-05-30,2019-06-03,2348805,11100,43,2,5,5,59,9,16,SAT,0.0
12533,2019-05-30,2019-05-31,1800605,8399,57,2,5,5,59,9,42,Not Rated,0.0
12534,2019-05-31,2019-06-03,1689936,11796,69,2,5,5,65,9,16,SAT,0.0
12535,2019-05-24,2019-05-30,498021,9377,26,2,6,5,40,9,85,Not Rated,0.0
12536,2019-05-29,2019-07-05,1852642,9647,45,2,3,5,40,9,85,Not Rated,0.0
12537,2019-05-30,2019-06-07,2134522,11910,32,2,5,5,12,9,85,Not Rated,0.0
12538,2019-05-29,2019-06-24,1788419,9272,66,2,5,5,10,9,85,Not Rated,0.0
12539,2019-05-31,2019-06-03,894332,9362,58,2,5,5,65,9,16,SAT,0.0
12540,2019-05-31,2019-05-31,14433,356,44,2,5,5,59,9,42,Not Rated,0.0
12541,2019-05-29,2019-06-10,117785,8605,72,2,6,5,7,9,85,Not Rated,0.0
12542,2019-05-31,2019-06-05,1813165,10235,9,2,5,5,57,9,16,SAT,0.0
12543,2019-05-31,2019-05-31,2093120,12356,62,2,5,5,12,9,-1,Not Rated,0.0
12544,2019-05-31,2019-06-04,1898871,116,15,2,5,5,57,9,16,SAT,0.0
12545,2019-05-31,2019-06-20,1873926,8919,8,2,5,5,15,9,42,Not Rated,0.0
12547,2019-05-31,2019-06-20,895328,1140,61,2,5,5,64,9,42,Not Rated,0.0
12548,2019-05-31,2019-06-03,167034,9983,35,2,5,5,64,9,85,Not Rated,0.0
12549,2019-06-03,2019-06-04,1854107,12589,41,2,5,5,65,9,16,SAT,0.0
12550,2019-05-31,2019-06-05,277972,11160,34,2,3,5,12,9,16,Not Rated,0.0
12551,2019-06-03,2019-06-04,1906302,1702,71,2,5,5,65,9,16,SAT,0.0
12552,2019-06-03,2019-06-04,2079830,11714,67,2,5,5,61,9,16,NSA,0.0
12553,2019-06-03,2019-06-04,78364,12334,17,2,5,5,57,9,16,NSA,0.0
12554,2019-06-03,2019-06-04,893098,8919,71,2,5,5,12,9,16,SAT,0.0
12555,2019-06-03,2019-06-03,1840101,10720,15,2,5,5,12,9,85,Not Rated,0.0
12556,2019-06-03,2019-06-27,1858421,12621,17,2,5,5,8,9,85,Not Rated,0.0
12559,2019-06-03,2019-06-27,148768,10327,55,2,5,5,10,9,85,Not Rated,0.0
12560,2019-06-03,2019-06-06,2112355,601,71,2,4,5,42,9,85,SAT,0.0
12561,2019-06-04,2019-06-06,552924,7640,74,2,5,5,8,9,85,Not Rated,0.0
12562,2019-06-04,2019-06-04,1840462,2519,72,2,5,5,59,9,16,SAT,0.0
12563,2019-06-04,2019-06-26,2054118,2158,71,2,3,5,32,9,42,Not Rated,0.0
12564,2019-06-05,2019-06-25,8303,11069,46,2,5,5,40,9,85,Not Rated,0.0
12565,2019-06-04,2019-06-13,132243,11093,22,2,3,5,64,9,85,Not Rated,0.0
12566,2019-06-05,2019-06-06,2018492,2103,75,2,5,5,57,9,16,SAT,0.0
12567,2019-06-05,2019-06-06,301177,1308,74,2,5,5,59,9,16,SAT,0.0
12568,2019-06-05,2019-06-06,2400510,9813,29,2,5,5,57,9,16,SAT,0.0
12569,2019-06-05,2019-06-05,889800,9884,44,2,5,5,12,9,16,NSA,0.0
12570,2019-06-05,2019-06-06,112516,9824,39,2,5,5,59,9,16,SAT,0.0
12571,2019-06-05,2019-06-06,500967,8963,22,2,5,5,57,9,16,SAT,0.0
12572,2019-06-05,2019-06-06,232917,11840,49,2,5,5,57,9,16,SAT,0.0
12573,2019-06-05,2019-06-12,2124812,791,12,2,3,5,8,9,85,Not Rated,0.0
12574,2019-06-05,2019-06-06,1699704,10345,69,2,5,5,57,9,16,SAT,0.0
12575,2019-06-05,2019-06-06,122937,11244,5,2,5,5,65,9,16,SAT,0.0
12576,2019-06-05,2019-06-06,853429,10850,66,2,5,5,57,9,16,SAT,0.0
12577,2019-06-06,2019-06-11,2204567,994,20,2,5,5,64,9,85,Not Rated,0.0
12578,2019-06-05,2019-06-20,1834274,8840,51,2,5,5,64,9,85,Not Rated,0.0
12579,2019-06-05,2019-06-12,304865,8601,48,2,5,5,63,9,85,Not Rated,0.0
12580,2019-06-05,2019-06-06,49996,1515,54,2,5,5,58,9,42,Not Rated,0.0
12581,2019-06-06,2019-06-06,2084582,12000,21,2,3,5,12,9,42,Not Rated,0.0
12582,2019-06-07,2019-06-13,67640,1737,4,2,5,5,64,9,85,Not Rated,0.0
12583,2019-06-06,2019-06-12,2009888,11244,31,2,3,5,64,9,42,Not Rated,0.0
12584,2019-06-07,2019-06-10,2176868,8985,60,2,5,5,18,9,42,Not Rated,0.0
12585,2019-06-07,2019-06-10,372453,211,10,2,5,5,12,9,16,SAT,0.0
12586,2019-06-07,2019-06-10,584740,11071,43,2,5,5,59,9,16,SAT,0.0
12587,2019-06-07,2019-06-10,505618,10883,74,2,5,5,57,9,16,SAT,0.0
12588,2019-06-07,2019-06-14,2324223,11972,13,2,5,5,10,9,42,Not Rated,0.0
12589,2019-06-07,2019-06-07,2111520,10446,3,2,9,5,10,9,42,Not Rated,0.0
12590,2019-06-07,2019-07-16,266433,507,66,2,5,5,12,9,42,Not Rated,0.0
12591,2019-06-06,2019-07-05,1679102,811,25,2,9,5,10,9,42,Not Rated,0.0
12592,2019-05-21,2019-05-22,465204,11113,45,2,7,5,15,9,81,Not Rated,0.0
12593,2019-06-10,2019-06-12,377050,8970,33,2,9,5,12,9,42,Not Rated,0.0
12594,2019-06-10,2019-07-08,2007980,8953,72,2,9,5,12,9,42,Not Rated,0.0
12595,2019-06-10,2019-06-11,2115226,11072,45,2,5,5,64,9,85,Not Rated,0.0
12596,2019-06-10,2019-07-01,1708251,12692,47,2,5,5,42,9,85,Not Rated,0.0
12597,2019-06-11,2019-06-11,1675724,11031,14,2,5,5,64,9,85,Not Rated,0.0
12598,2019-06-11,2019-07-08,1827045,12102,36,2,3,5,7,9,85,Not Rated,0.0
12599,2019-06-10,2019-07-03,409953,2504,55,2,9,5,66,9,42,Not Rated,0.0
12600,2019-06-10,2019-07-03,2489807,151,12,2,9,5,66,9,42,Not Rated,0.0
12601,2019-06-10,2019-06-24,1896504,10328,5,2,9,5,66,9,42,Not Rated,0.0
12602,2019-06-07,2019-06-14,287393,1462,43,2,9,5,12,9,42,Not Rated,0.0
12603,2019-06-12,2019-06-24,510920,7979,46,2,3,5,12,9,42,Not Rated,0.0
12604,2019-06-11,2019-07-01,673206,1201,24,2,5,5,15,9,42,Not Rated,0.0
12605,2019-06-11,2019-06-25,889656,39,30,2,5,5,1,9,85,Not Rated,0.0
12606,2019-06-12,2019-07-01,2340827,9998,36,2,5,5,15,9,42,Not Rated,0.0
12607,2019-06-12,2019-06-14,306359,8138,35,2,3,5,64,9,85,Not Rated,0.0
12608,2019-06-12,2019-06-13,2358310,9377,22,2,5,5,59,9,16,SAT,0.0
12609,2019-06-12,2019-06-25,41252,10989,4,2,5,5,12,9,42,Not Rated,0.0
12610,2019-06-12,2019-06-19,562375,9933,67,2,9,5,10,9,42,Not Rated,0.0
12611,2019-06-13,2019-06-13,529114,11157,25,2,5,5,59,9,16,SAT,0.0
12612,2019-06-13,2019-06-14,895448,11163,58,2,5,5,59,9,16,SAT,0.0
12613,2019-06-13,2019-06-13,122646,9559,53,2,5,5,59,9,16,SAT,0.0
12614,2019-06-13,2019-06-13,1805611,1079,14,2,5,5,65,9,16,SAT,0.0
12615,2019-06-13,2019-06-13,653058,9210,75,2,5,5,65,9,16,SAT,0.0
12616,2019-06-13,2019-06-13,1793736,10987,21,2,5,5,57,9,16,SAT,0.0
12617,2019-06-13,2019-06-13,316911,12354,8,2,5,5,57,9,16,SAT,0.0
12618,2019-06-13,2019-06-13,857265,12034,22,2,5,5,57,9,16,SAT,0.0
12619,2019-06-13,2019-07-01,1882216,12181,68,2,5,5,18,9,85,Not Rated,0.0
12620,2019-06-14,2019-07-02,2254150,10623,10,2,5,5,42,9,85,Not Rated,0.0
12621,2019-06-14,2019-07-11,2037260,1253,1,2,3,5,66,9,42,SAT,6000.0
12622,2019-06-14,2019-07-01,1828262,1462,25,2,3,5,8,9,85,Not Rated,0.0
12623,2019-06-14,2019-07-02,60657,9270,51,2,5,5,19,9,42,Not Rated,0.0
12624,2019-06-14,2019-07-02,1729887,2614,25,2,5,5,19,9,42,Not Rated,0.0
12625,2019-06-18,2019-06-18,1810082,820,1,2,5,5,12,9,16,SAT,0.0
12626,2019-06-19,2019-06-21,1836051,10973,69,2,3,5,64,9,42,Not Rated,0.0
12627,2019-06-19,2019-06-20,2359404,11621,47,2,3,5,64,9,42,Not Rated,0.0
12628,2019-06-20,2019-06-20,334943,10850,65,2,5,5,58,9,16,Not Rated,0.0
12629,2019-06-20,2019-06-24,1923709,9419,54,2,5,5,58,9,16,Not Rated,0.0
12630,2019-06-19,2019-06-20,422592,11972,31,2,5,5,64,9,42,Not Rated,0.0
12631,2019-06-12,2019-06-24,581849,11669,38,2,5,5,50,9,85,Not Rated,0.0
12632,2019-06-19,2019-06-20,394483,224,9,2,9,5,18,9,42,Not Rated,0.0
12633,2019-06-20,2019-07-18,1904453,9210,18,2,3,5,12,9,42,Not Rated,0.0
12634,2019-06-18,2019-08-06,551114,2235,61,2,5,5,40,9,85,Not Rated,0.0
12635,2019-06-21,2019-07-31,667835,1873,51,2,3,5,10,9,42,Not Rated,0.0
12636,2019-06-18,2019-07-04,1804478,11904,74,2,3,5,40,9,85,Not Rated,0.0
12637,2019-06-21,2019-08-05,456743,10020,75,2,3,5,16,9,42,Not Rated,0.0
12638,2019-06-19,2019-06-26,155617,9227,21,2,3,5,11,9,42,Not Rated,0.0
12639,2019-06-21,2019-06-21,836984,355,31,2,5,5,61,9,16,Not Rated,0.0
12640,2019-06-20,2019-07-04,321982,11139,24,2,3,5,66,9,85,Not Rated,0.0
12641,2019-06-21,2019-07-15,674517,8853,31,2,9,5,66,9,42,Not Rated,0.0
12642,2019-06-24,2019-06-24,1784408,9000,51,2,5,5,65,9,16,SAT,0.0
12643,2019-06-24,2019-06-24,1911410,923,35,2,5,5,59,9,16,SAT,0.0
12644,2019-06-24,2019-06-24,157991,12198,61,2,5,5,65,9,16,SAT,0.0
12645,2019-06-24,2019-06-24,180523,10982,32,2,5,5,12,9,16,SAT,0.0
12646,2019-06-24,2019-06-24,51511,8949,47,2,5,5,61,9,16,SAT,0.0
12647,2019-06-24,2019-06-24,1655651,8858,68,2,5,5,52,9,16,SAT,0.0
12648,2019-06-21,2019-07-03,1863565,11074,75,2,9,5,10,9,42,Not Rated,0.0
12649,2019-06-11,2019-06-18,107938,9311,55,2,5,5,40,9,85,Not Rated,0.0
12650,2019-06-25,2019-06-25,32644,10152,24,2,5,5,57,9,16,SAT,0.0
12651,2019-06-25,2019-06-26,169297,9000,10,2,5,5,12,9,42,Not Rated,0.0
12652,2019-06-24,2019-07-02,887200,8356,25,2,9,5,12,9,85,Not Rated,0.0
12653,2019-06-26,2019-06-26,741278,10978,42,2,5,5,59,9,16,SAT,0.0
12654,2019-06-26,2019-06-26,889606,1846,32,2,5,5,59,9,16,SAT,0.0
12655,2019-06-26,2019-06-26,2097232,2340,30,2,5,5,59,9,16,SAT,0.0
12656,2019-06-26,2019-06-26,537763,909,10,2,5,5,65,9,16,SAT,0.0
12657,2019-06-26,2019-06-26,2225454,73,45,2,5,5,57,9,16,SAT,0.0
12658,2019-06-26,2019-06-26,36531,11764,7,2,5,5,57,9,16,SAT,0.0
12659,2019-06-26,2019-06-26,1904110,11000,10,2,5,5,57,9,16,SAT,0.0
12660,2019-06-26,2019-06-26,2425901,11140,62,2,5,5,57,9,16,SAT,0.0
12661,2019-06-26,2019-06-27,2006349,8484,18,2,5,5,59,9,16,SAT,0.0
12662,2019-06-25,2019-08-08,2072836,1106,40,2,5,5,16,9,85,Not Rated,0.0
12663,2019-06-26,2019-06-26,1786317,8367,74,2,5,5,65,9,16,SAT,0.0
12664,2019-06-26,2019-06-28,208992,2460,23,2,9,5,12,9,42,Not Rated,0.0
12665,2019-06-26,2019-06-26,2155731,1957,2,2,5,5,57,9,16,SAT,0.0
12666,2019-06-26,2019-06-26,511388,12414,34,2,5,5,59,9,16,SAT,0.0
12667,2019-06-26,2019-06-26,320166,1430,50,2,5,5,61,9,16,SAT,0.0
12668,2019-06-26,2019-06-26,2157898,224,6,2,5,5,59,9,16,SAT,0.0
12669,2019-06-27,2019-07-08,197045,10361,22,2,5,5,12,9,16,SAT,0.0
12670,2019-06-27,2019-06-28,354206,10327,7,2,5,5,65,9,16,SAT,0.0
12671,2019-06-27,2019-06-27,80508,10172,44,2,5,5,61,9,16,SAT,0.0
12672,2019-06-27,2019-06-27,1790727,11069,72,2,5,5,59,9,16,SAT,0.0
12673,2019-06-27,2019-06-27,541805,11668,15,2,5,5,59,9,16,Not Rated,0.0
12674,2019-06-26,2019-08-05,489376,10982,27,2,4,5,58,9,42,Not Rated,0.0
12675,2019-06-27,2019-06-27,511479,8939,12,2,5,5,61,9,16,SAT,0.0
12676,2019-06-27,2019-07-26,2118437,12589,24,2,5,5,23,9,42,Not Rated,0.0
12681,2019-06-27,2019-07-26,2057032,10325,67,2,5,5,23,9,42,Not Rated,0.0
12682,2019-06-27,2019-06-27,1829328,10328,9,2,5,5,59,9,16,SAT,0.0
12683,2019-06-26,2019-07-04,808256,12358,62,2,9,5,40,9,85,Not Rated,0.0
12684,2019-06-27,2019-06-27,1948487,7640,70,2,5,5,65,9,16,SAT,0.0
12685,2019-06-27,2019-06-27,585343,11461,70,2,5,5,57,9,16,SAT,0.0
12686,2019-06-27,2019-07-03,2101880,11000,73,2,3,5,12,9,85,Not Rated,0.0
12687,2019-06-28,2019-06-28,11412,11781,69,2,5,5,58,9,16,SAT,0.0
12688,2019-06-28,2019-06-28,1748307,8138,22,2,5,5,59,9,16,SAT,0.0
12689,2019-06-28,2019-07-04,1690414,8116,1,2,5,5,10,9,85,Not Rated,0.0
12690,2019-06-28,2019-07-02,2158875,8585,71,2,5,5,57,9,16,SAT,0.0
12691,2019-06-28,2019-06-28,122348,9370,12,2,5,5,57,9,16,SAT,0.0
12692,2019-06-28,2019-07-04,2464770,11169,5,2,5,5,57,9,16,SAT,0.0
12693,2019-06-28,2019-07-02,1787038,11217,5,2,5,5,64,9,85,Not Rated,0.0
12694,2019-07-01,2019-07-01,1876073,10563,66,2,5,5,64,9,85,Not Rated,0.0
12695,2019-07-01,2019-07-03,2138884,73,24,2,5,5,57,9,16,SAT,0.0
12696,2019-07-02,2019-07-02,2481381,1876,2,2,5,5,59,9,16,SAT,0.0
12697,2019-07-02,2019-07-02,850141,10160,16,2,5,5,57,9,16,SAT,0.0
12698,2019-07-02,2019-07-02,1897259,865,47,2,5,5,57,9,16,SAT,0.0
12699,2019-07-02,2019-07-02,349838,11030,57,2,5,5,57,9,16,SAT,0.0
12700,2019-07-02,2019-07-02,481785,12065,56,2,5,5,57,9,16,Not Rated,0.0
12701,2019-07-01,2019-07-10,1797134,12754,24,2,5,5,11,9,85,Not Rated,0.0
12702,2019-07-02,2019-07-04,2114962,10576,65,2,5,5,63,9,85,Not Rated,0.0
12703,2019-07-02,2019-07-03,706181,2322,54,2,5,5,40,9,85,Not Rated,0.0
12704,2019-07-03,2019-07-03,542085,12352,19,2,5,5,12,9,16,SAT,0.0
12705,2019-07-03,2019-07-04,2385689,11083,60,2,5,5,57,9,16,SAT,0.0
12706,2019-07-03,2019-07-03,1708979,581,54,2,5,5,61,9,16,SAT,0.0
12707,2019-07-03,2019-07-03,339039,116,47,2,5,5,65,9,16,SAT,0.0
12708,2019-07-03,2019-07-03,1891109,11276,13,2,5,5,57,9,16,NSA,0.0
12709,2019-07-03,2019-07-03,444196,843,26,2,5,5,65,9,16,SAT,0.0
12710,2019-07-03,2019-07-03,251479,9856,17,2,5,5,59,9,16,SAT,0.0
12711,2019-07-03,2019-07-05,874504,10844,46,2,3,5,64,9,85,Not Rated,0.0
12712,2019-07-04,2019-07-30,2120431,9361,69,2,5,5,42,9,85,Not Rated,0.0
12713,2019-07-04,2019-07-09,262608,11001,34,2,5,5,12,9,85,Not Rated,0.0
12714,2019-07-05,2019-07-10,1857872,356,37,2,5,5,64,9,85,Not Rated,0.0
12715,2019-07-05,2019-07-05,483344,11916,29,2,5,5,57,9,16,Not Rated,0.0
12716,2019-07-08,2019-07-08,690277,12120,6,2,5,5,57,9,16,SAT,0.0
12717,2019-07-08,2019-07-08,561832,11028,40,2,5,5,59,9,16,SAT,0.0
12718,2019-07-08,2019-07-10,1852091,8820,32,2,5,5,57,9,16,SAT,0.0
12719,2019-07-08,2019-07-10,320166,11747,21,2,5,5,65,9,16,SAT,0.0
12720,2019-07-08,2019-07-10,447222,12352,42,2,5,5,59,9,16,SAT,0.0
12721,2019-07-08,2019-07-10,179072,9970,66,2,5,5,59,9,16,SAT,0.0
12722,2019-07-09,2019-07-30,427725,529,45,2,3,5,10,9,42,Not Rated,0.0
12723,2019-07-08,2019-08-06,2122193,10552,49,2,9,5,12,9,42,Not Rated,0.0
12724,2019-07-10,2019-07-10,433199,12621,10,2,5,5,65,9,16,SAT,0.0
12725,2019-07-10,2019-07-23,2237448,11137,28,2,3,5,64,9,42,Not Rated,0.0
12726,2019-07-10,2019-07-23,894024,1308,30,2,5,5,64,9,42,Not Rated,0.0
12727,2019-07-10,2019-07-10,42374,10618,23,2,5,5,59,9,16,SAT,0.0
12728,2019-07-11,2019-07-11,478644,10900,5,2,5,5,65,9,16,SAT,0.0
12729,2019-07-11,2019-07-11,1837052,10601,78,2,5,5,57,9,16,SAT,0.0
12730,2019-07-11,2019-07-11,464247,11959,35,2,5,5,59,9,16,SAT,0.0
12731,2019-07-11,2019-07-11,540336,11156,40,2,5,5,59,9,16,SAT,0.0
12732,2019-07-11,2019-07-11,313683,9816,34,2,5,5,57,9,16,SAT,0.0
12733,2019-07-11,2019-07-11,426481,12048,1,2,5,5,65,9,16,SAT,0.0
12734,2019-07-11,2019-07-12,2115213,10016,17,2,9,5,12,9,42,Not Rated,0.0
12735,2019-07-10,2019-07-11,1813249,2801,77,2,9,5,12,9,42,Not Rated,0.0
12736,2019-07-11,2019-07-11,2004426,12262,77,2,5,5,64,9,85,Not Rated,0.0
12737,2019-07-09,2019-07-11,1898940,1516,63,2,5,5,12,9,85,Not Rated,0.0
12738,2019-07-04,2019-07-16,781790,242,69,2,9,5,40,9,85,Not Rated,0.0
12739,2019-07-11,2019-07-16,2324249,12510,14,2,5,5,64,9,85,Not Rated,0.0
12740,2019-07-12,2019-07-12,328291,10443,6,2,5,5,59,9,16,SAT,0.0
12741,2019-07-10,2019-08-14,1809626,11747,60,2,3,5,58,9,42,Not Rated,0.0
12742,2019-07-12,2019-07-19,2411049,8742,41,2,5,5,64,9,85,Not Rated,0.0
12743,2019-07-11,2019-08-01,2382196,2502,73,2,4,5,58,9,42,Not Rated,0.0
12744,2019-07-12,2019-07-15,241467,7973,2,2,9,5,12,9,42,Not Rated,0.0
12745,2019-07-11,2019-07-15,2368397,1350,43,2,5,5,40,9,85,Not Rated,0.0
12746,2019-07-15,2019-07-15,881069,11066,38,2,9,5,12,9,42,Not Rated,0.0
12747,2019-07-15,2019-07-16,314501,1352,21,2,3,5,64,9,42,Not Rated,0.0
12748,2019-07-15,2019-07-17,2386243,1678,44,2,5,5,12,9,85,Not Rated,0.0
12749,2019-07-15,2019-07-15,840522,11113,41,2,5,5,65,9,16,SAT,0.0
12750,2019-07-15,2019-07-15,562855,10749,3,2,5,5,59,9,16,SAT,0.0
12751,2019-07-26,2019-08-12,351620,2482,37,2,5,5,12,9,85,Not Rated,0.0
12752,2019-07-15,2019-07-15,1753723,11031,49,2,5,5,58,9,16,SAT,0.0
12753,2019-07-15,2019-07-15,50216,12256,34,2,5,5,12,9,16,SAT,0.0
12754,2019-07-15,2019-07-15,1879508,12428,17,2,5,5,58,9,16,SAT,0.0
12755,2019-07-16,2019-08-05,817728,10116,36,2,5,5,10,9,85,Not Rated,0.0
12756,2019-07-17,2019-07-17,1649490,10127,29,2,5,5,64,9,85,Not Rated,0.0
12757,2019-07-17,2019-07-17,829354,11157,30,2,3,5,64,9,85,Not Rated,0.0
12758,2019-07-17,2019-07-17,201020,7973,3,2,5,5,57,9,16,SAT,0.0
12759,2019-07-16,2019-08-09,2092152,8601,20,2,3,4,40,9,85,Not Rated,0.0
12760,2019-07-16,2019-07-18,1912174,601,34,2,5,4,40,9,85,Not Rated,0.0
12761,2019-07-17,2019-08-08,622894,11244,2,2,3,5,12,9,85,Not Rated,0.0
12762,2019-07-17,2019-08-02,1808065,11132,65,2,5,5,10,9,85,Not Rated,0.0
12763,2019-07-19,2019-07-22,40953,9227,74,2,5,5,65,9,16,SAT,0.0
12764,2019-07-19,2019-08-09,704073,11796,35,2,5,5,12,9,16,SAT,0.0
12765,2019-07-17,2019-08-22,415045,11036,3,2,5,5,15,9,42,Not Rated,0.0
12766,2019-07-23,2019-07-23,79655,8858,71,2,5,5,59,9,16,SAT,0.0
12767,2019-07-23,2019-07-23,1774738,9272,51,2,5,5,59,9,16,SAT,0.0
12768,2019-07-23,2019-07-23,820437,8939,63,2,5,5,59,9,16,SAT,0.0
12769,2019-07-23,2019-07-23,640161,10794,63,2,5,5,65,9,16,SAT,0.0
12770,2019-07-23,2019-07-23,166641,7841,33,2,5,5,59,9,16,SAT,0.0
12771,2019-07-23,2019-07-23,1753738,8063,73,2,5,5,12,9,16,SAT,0.0
12772,2019-07-23,2019-07-23,791070,11244,52,2,5,5,59,9,16,SAT,0.0
12773,2019-07-23,2019-07-23,2058372,12692,27,2,5,5,65,9,16,SAT,0.0
12774,2019-07-23,2019-07-23,1794673,11150,45,2,5,5,65,9,16,SAT,0.0
12775,2019-07-23,2019-07-23,893916,11252,24,2,5,5,58,9,16,SAT,0.0
12776,2019-07-23,2019-07-31,1840843,9247,21,2,5,5,57,9,16,SAT,0.0
12777,2019-07-23,2019-08-02,402984,12198,47,2,5,5,15,9,85,Not Rated,0.0
12778,2019-07-23,2019-08-16,445211,11153,73,2,3,5,18,9,42,Not Rated,0.0
12779,2019-07-23,2019-08-19,568129,1962,11,2,3,5,18,9,42,SAT,0.0
12780,2019-07-23,2019-08-07,295793,9395,29,2,9,5,10,9,85,Not Rated,0.0
12781,2019-07-24,2019-08-06,251269,416,63,2,5,5,1,9,42,Not Rated,0.0
12782,2019-07-24,2019-07-24,895866,10507,8,2,5,5,65,9,16,SAT,0.0
12783,2019-07-24,2019-07-24,1884387,11050,51,2,5,5,65,9,16,SAT,0.0
12784,2019-07-24,2019-07-24,1709762,2378,6,2,5,5,65,9,16,SAT,0.0
12785,2019-07-24,2019-07-24,468853,9796,15,2,5,5,57,9,16,SAT,0.0
12786,2019-07-24,2019-07-24,1850002,1499,47,2,5,5,65,9,16,SAT,0.0
12787,2019-07-25,2019-08-05,2110376,11916,24,2,3,5,64,9,42,Not Rated,0.0
12788,2019-07-26,2019-08-23,647849,11822,66,2,5,5,63,9,42,Not Rated,0.0
12789,2019-07-26,2019-07-26,882371,8984,2,2,5,5,12,9,16,SAT,0.0
12790,2019-07-26,2019-07-26,727883,9021,5,2,5,5,65,9,16,Not Rated,0.0
12791,2019-07-26,2019-07-26,2368512,820,28,2,5,5,59,9,16,SAT,0.0
12792,2019-07-26,2019-07-26,1775585,10218,54,2,5,5,57,9,16,SAT,0.0
12793,2019-07-29,2019-07-29,703250,791,55,2,5,5,57,9,16,SAT,0.0
12794,2019-07-29,2019-07-29,224172,601,41,2,5,5,59,9,16,SAT,0.0
12795,2019-07-29,2019-07-29,1801898,1309,53,2,5,5,59,9,16,SAT,0.0
12796,2019-07-29,2019-07-29,775802,10553,64,2,5,5,57,9,16,NSA,0.0
12797,2019-07-29,2019-08-05,2389173,9395,23,2,5,5,57,9,16,SAT,0.0
12798,2019-07-29,2019-07-29,382006,10693,12,2,5,5,57,9,16,SAT,0.0
12799,2019-07-29,2019-07-29,2117658,2007,68,2,5,5,59,9,16,SAT,0.0
12800,2019-07-29,2019-07-29,467688,10361,21,2,5,5,57,9,16,SAT,0.0
12801,2019-07-29,2019-07-29,1828946,10218,13,2,5,5,57,9,16,SAT,0.0
12802,2019-07-25,2019-08-09,2116827,12038,8,2,5,5,62,9,42,Not Rated,0.0
12803,2019-07-29,2019-08-09,221694,11840,41,2,4,5,50,9,42,Not Rated,0.0
12804,2019-07-29,2019-08-12,2413839,11244,78,2,5,5,10,9,85,Not Rated,0.0
12805,2019-07-29,2019-07-29,509384,10490,2,2,5,5,12,9,42,Not Rated,0.0
12806,2019-07-29,2019-08-23,1878071,2103,50,2,4,5,42,9,85,Not Rated,0.0
12807,2019-07-29,2019-08-08,1826710,8057,71,2,5,5,50,9,42,Not Rated,0.0
12808,2019-07-30,2019-07-30,1624359,8882,12,2,5,5,59,9,16,SAT,0.0
12809,2019-07-30,2019-07-30,1948258,1706,1,2,5,5,59,9,16,SAT,0.0
12810,2019-07-30,2019-07-30,575345,2797,45,2,5,5,59,9,16,SAT,0.0
12811,2019-07-30,2019-07-30,2058321,345,50,2,5,5,59,9,16,SAT,0.0
12812,2019-07-30,2019-07-30,825261,11114,42,2,5,5,12,9,16,SAT,0.0
12813,2019-07-30,2019-07-30,2033363,922,20,2,5,5,59,9,16,SAT,0.0
12814,2019-07-30,2019-07-30,44030,221,68,2,5,5,59,9,16,SAT,0.0
12815,2019-07-30,2019-07-30,888322,2504,74,2,5,5,59,9,16,SAT,0.0
12816,2019-07-30,2019-07-30,382532,1140,33,2,5,5,57,9,16,SAT,0.0
12817,2019-07-30,2019-07-30,1819501,11004,41,2,5,5,57,9,16,SAT,0.0
12818,2019-07-30,2019-07-30,678979,10892,40,2,5,5,58,9,16,SAT,0.0
12819,2019-07-30,2019-07-30,662434,2690,65,2,5,5,59,9,16,SAT,0.0
12820,2019-07-30,2019-07-30,539567,11116,42,2,5,5,65,9,16,SAT,0.0
12821,2019-07-30,2019-07-30,822643,10324,15,2,5,5,57,9,16,SAT,0.0
12822,2019-07-30,2019-07-30,129391,11116,57,2,5,5,57,9,16,SAT,0.0
12823,2019-07-30,2019-07-30,115694,1706,57,2,5,5,57,9,16,SAT,0.0
12824,2019-07-30,2019-07-30,1865746,2613,26,2,3,5,8,9,85,Not Rated,0.0
12825,2019-07-31,2019-07-31,1854759,2519,34,2,5,5,52,9,16,SAT,0.0
12826,2019-07-31,2019-07-31,100930,11097,25,2,5,5,59,9,16,SAT,0.0
12827,2019-07-31,2019-07-31,217900,8530,29,2,5,5,58,9,16,SAT,0.0
12828,2019-07-31,2019-08-21,2033351,8855,42,2,5,5,10,9,85,Not Rated,0.0
12829,2019-07-31,2019-07-31,2157508,11676,52,2,5,5,59,9,16,SAT,0.0
12830,2019-07-31,2019-08-01,171985,2128,20,2,5,5,15,9,42,Not Rated,0.0
12831,2019-07-31,2019-07-31,372776,1896,61,2,5,5,65,9,16,SAT,0.0
12832,2019-07-31,2019-07-31,525054,11715,69,2,5,5,58,9,16,SAT,0.0
12833,2019-07-31,2019-08-16,1783562,1140,25,2,4,5,13,9,85,Not Rated,0.0
12834,2019-08-01,2019-08-01,24475,11974,54,2,5,5,64,9,85,Not Rated,0.0
12835,2019-07-31,2019-08-05,2055122,11469,49,1,5,5,12,9,85,Not Rated,0.0
12836,2019-08-02,2019-08-19,824767,2537,6,2,5,5,10,9,85,Not Rated,0.0
12837,2019-08-01,2019-08-26,690019,9958,52,2,3,5,66,9,42,Not Rated,0.0
12838,2019-08-02,2019-09-04,332913,10359,1,2,3,5,12,9,42,SAT,0.0
12839,2019-08-05,2019-08-05,177189,8585,67,2,5,5,59,9,16,SAT,0.0
12840,2019-08-05,2019-08-05,1852329,10565,16,2,5,5,65,9,16,SAT,0.0
12841,2019-08-05,2019-08-05,1776273,12334,13,2,5,5,59,9,16,SAT,0.0
12842,2019-08-05,2019-08-05,2236013,12176,16,2,5,5,12,9,16,SAT,0.0
12843,2019-08-05,2019-08-05,2126039,10820,34,2,5,5,12,9,16,SAT,0.0
12844,2019-08-02,2019-08-13,628122,2537,7,2,5,5,57,9,16,SAT,0.0
12845,2019-08-05,2019-08-05,2079516,9361,63,2,5,5,57,9,16,SAT,0.0
12846,2019-08-02,2019-08-05,1878144,11137,48,2,9,5,10,9,42,Not Rated,0.0
12847,2019-08-05,2019-08-09,43139,1081,39,2,5,5,10,9,81,Not Rated,0.0
12848,2019-08-05,2019-08-07,1802759,10577,15,2,5,5,12,9,85,Not Rated,0.0
12851,2019-08-05,2019-08-09,149272,11194,66,2,5,5,12,9,85,Not Rated,0.0
12852,2019-08-02,2019-08-05,78671,12102,57,2,5,4,66,9,85,SAT,2442.48
12853,2019-08-07,2019-08-07,46094,10379,51,2,5,5,65,9,16,SAT,0.0
12854,2019-08-07,2019-08-07,2109732,8605,39,2,5,5,59,9,16,SAT,0.0
12855,2019-08-07,2019-08-07,1894776,940,63,2,5,5,12,9,16,SAT,0.0
12856,2019-08-07,2019-08-07,2400578,9344,27,2,5,5,58,9,16,Not Rated,0.0
12857,2019-08-06,2019-08-07,2034995,8949,42,2,5,5,12,9,42,Not Rated,0.0
12858,2019-08-07,2019-08-07,355113,10998,72,2,5,5,58,9,16,SAT,0.0
12859,2019-08-07,2019-08-07,338893,10217,48,2,5,5,59,9,16,SAT,0.0
12860,2019-08-07,2019-08-07,1873926,235,77,2,5,5,59,9,16,SAT,0.0
12861,2019-08-07,2019-08-07,1908594,10637,53,2,5,5,59,9,16,SAT,0.0
12862,2019-08-08,2019-08-23,149896,10668,53,2,3,5,12,9,42,Not Rated,0.0
12863,2019-08-08,2019-08-13,769508,11711,8,2,3,5,10,9,42,Not Rated,0.0
12864,2019-08-07,2019-08-19,1690215,157,38,2,3,5,50,9,85,Not Rated,0.0
12865,2019-08-09,2019-08-26,359075,1328,42,2,3,5,12,9,42,Not Rated,0.0
12866,2019-08-12,2019-09-26,1736668,11003,14,2,5,5,50,9,85,Not Rated,0.0
12867,2019-08-08,2019-08-21,36541,11028,50,2,5,5,12,9,42,Not Rated,0.0
12868,2019-08-13,2019-08-23,2084229,8197,77,2,5,5,9,9,85,Not Rated,0.0
12869,2019-08-12,2019-08-16,2016655,157,69,2,3,5,40,9,85,SAT,0.0
12870,2019-08-02,2019-08-16,516386,10130,74,2,9,4,15,9,85,Not Rated,0.0
12871,2019-08-14,2019-09-03,1660000,9803,17,2,5,5,63,9,42,Not Rated,0.0
12872,2019-08-14,2019-09-04,1878144,1678,74,2,5,5,63,9,85,Not Rated,0.0
12873,2019-08-14,2019-09-10,1690252,1573,25,2,3,5,40,9,85,Not Rated,0.0
12874,2019-08-14,2019-08-23,429761,10802,74,2,3,5,40,9,42,Not Rated,0.0
12875,2019-08-13,2019-09-06,896967,1086,37,2,3,7,18,9,42,Not Rated,0.0
12876,2019-08-14,2019-08-23,817566,11044,47,2,3,5,64,9,42,Not Rated,0.0
12877,2019-08-16,2019-08-16,1830931,1846,14,2,3,5,40,9,42,Not Rated,0.0
12878,2019-07-31,2019-08-16,741558,10566,5,2,4,5,63,9,85,Not Rated,0.0
12879,2019-08-16,2019-08-26,1834620,10978,26,2,3,5,40,9,42,Not Rated,0.0
12880,2019-08-12,2019-08-19,617092,10327,51,2,5,5,58,9,42,Not Rated,0.0
12881,2019-08-19,2019-08-20,202514,10587,39,2,5,5,10,9,42,Not Rated,0.0
12882,2019-08-20,2019-08-20,1897270,11158,71,2,5,5,12,9,42,Not Rated,0.0
12883,2019-08-20,2019-09-12,1708610,10710,42,2,3,5,40,9,42,Not Rated,0.0
12884,2019-08-21,2019-08-21,64808,1548,4,2,5,5,58,9,16,SAT,0.0
12885,2019-08-21,2019-08-21,159376,187,38,2,5,5,59,9,16,SAT,0.0
12886,2019-08-20,2019-08-29,1805652,11173,61,2,5,5,10,9,42,Not Rated,0.0
12887,2019-08-21,2019-08-21,2056007,10644,60,2,5,5,59,9,16,SAT,0.0
12888,2019-08-21,2019-09-16,2115293,9610,14,2,3,5,15,9,42,Not Rated,0.0
12889,2019-08-21,2019-09-03,2058358,11050,75,2,3,5,12,9,42,Not Rated,0.0
12890,2019-08-20,2019-08-27,96979,2690,75,2,5,5,10,9,42,Not Rated,0.0
12891,2019-08-21,2019-08-26,1906388,10337,52,2,3,5,12,9,16,SAT,0.0
12892,2019-08-22,2019-08-23,681301,11153,24,2,5,5,58,9,16,SAT,0.0
12893,2019-08-22,2019-08-30,1852567,9775,20,2,5,5,10,9,42,Not Rated,0.0
12894,2019-08-23,2019-08-23,2032184,11715,20,2,5,5,59,9,16,SAT,0.0
12895,2019-08-23,2019-08-23,2119411,12061,37,2,5,5,59,9,16,SAT,0.0
12896,2019-08-23,2019-08-26,461007,1680,11,2,5,5,58,9,16,SAT,0.0
12897,2019-08-23,2019-08-23,1675134,12589,24,2,5,5,59,9,16,SAT,0.0
12898,2019-08-23,2019-08-23,144490,11175,54,2,5,5,59,9,16,SAT,0.0
12899,2019-08-23,2019-08-26,2223582,11849,45,2,5,5,59,9,16,SAT,0.0
12900,2019-08-23,2019-08-23,1795338,10379,60,2,5,5,59,9,16,SAT,0.0
12901,2019-08-05,2019-09-19,393081,884,74,2,5,5,12,9,42,Not Rated,0.0
12902,2019-08-22,2019-08-29,64808,10507,49,2,5,5,15,9,42,Not Rated,0.0
12903,2019-08-22,2019-09-09,192720,9393,43,2,5,4,12,9,42,Not Rated,0.0
12904,2019-08-26,2019-08-26,284362,8891,57,2,5,5,12,9,16,SAT,0.0
12905,2019-08-26,2019-08-26,1747373,10623,36,2,5,5,59,9,16,SAT,0.0
12906,2019-08-26,2019-08-26,353380,11132,72,2,5,5,59,9,16,SAT,0.0
12907,2019-08-26,2019-08-26,879453,11277,28,2,5,5,59,9,16,SAT,0.0
12908,2019-08-26,2019-08-26,59907,11796,44,2,5,5,59,9,16,SAT,0.0
12909,2019-08-26,2019-09-06,485542,1085,40,2,9,5,10,9,42,Not Rated,14.37
12910,2019-08-26,2019-09-13,248018,9000,38,2,5,5,42,9,42,Not Rated,0.0
12911,2019-08-23,2019-09-10,1832268,9706,60,2,3,5,66,9,42,Not Rated,0.0
12912,2019-08-26,2019-08-26,1816200,9085,19,2,3,5,58,9,42,Not Rated,0.0
12913,2019-08-26,2019-08-26,644706,10217,7,2,5,5,59,9,16,SAT,0.0
12914,2019-08-26,2019-08-26,1855624,2335,9,2,5,5,59,9,16,SAT,0.0
12915,2019-08-27,2019-08-27,2110790,542,3,2,5,5,59,9,16,SAT,0.0
12916,2019-08-26,2019-08-27,1813180,12692,18,2,3,5,1,9,42,Not Rated,0.0
12917,2019-08-27,2019-08-27,1842725,2569,74,2,5,5,59,9,16,SAT,0.0
12918,2019-08-26,2019-08-26,57190,11960,30,2,5,5,59,9,16,SAT,0.0
12919,2019-08-27,2019-08-27,65374,9873,76,2,5,5,59,9,16,SAT,0.0
12920,2019-08-27,2019-08-27,1708743,138,40,2,5,5,59,9,16,SAT,0.0
12921,2019-08-27,2019-08-27,2004845,11715,10,2,5,5,59,9,16,SAT,0.0
12922,2019-08-26,2019-09-02,676021,11254,78,2,5,5,10,9,42,Not Rated,0.0
12923,2019-08-26,2019-09-05,630297,11916,78,2,3,5,42,9,42,Not Rated,0.0
12924,2019-08-27,2019-08-27,516380,2482,7,2,5,5,59,9,16,SAT,0.0
12925,2019-08-27,2019-08-27,20154,12299,60,2,5,5,59,9,16,SAT,0.0
12926,2019-08-27,2019-08-27,887554,2065,22,2,5,5,59,9,16,Not Rated,0.0
12927,2019-08-27,2019-08-27,1896530,7640,54,2,5,5,59,9,16,SAT,0.0
12928,2019-08-27,2019-08-27,96455,11170,38,2,5,5,59,9,16,SAT,0.0
12929,2019-08-27,2019-08-27,2039514,10720,19,2,5,5,59,9,16,SAT,0.0
12930,2019-08-27,2019-08-27,2202821,151,76,2,5,5,59,9,16,SAT,0.0
12931,2019-08-27,2019-08-27,341845,11132,38,2,5,5,59,9,16,SAT,0.0
12932,2019-08-28,2019-08-28,1750150,11114,62,2,5,5,59,9,16,SAT,0.0
12933,2019-08-28,2019-09-05,414911,12476,37,2,3,5,64,9,42,Not Rated,0.0
12934,2019-08-27,2019-09-03,538325,10187,13,2,3,5,63,9,42,Not Rated,0.0
12935,2019-08-28,2019-09-17,1775355,175,47,2,9,5,12,9,42,Not Rated,0.0
12936,2019-08-28,2019-08-28,443952,11798,52,2,5,5,59,9,16,SAT,0.0
12937,2019-08-28,2019-08-28,2105827,11711,34,2,5,5,59,9,16,SAT,0.0
12938,2019-08-28,2019-08-28,1786064,10108,50,2,5,5,59,9,16,SAT,0.0
12939,2019-08-29,2019-09-18,700468,10637,17,2,5,5,12,9,-1,Not Rated,0.0
12940,2019-08-29,2019-09-13,127134,10116,66,2,5,5,12,9,-1,Not Rated,0.0
12941,2019-08-29,2019-08-29,2121731,796,8,2,5,5,59,9,16,SAT,0.0
12942,2019-08-29,2019-08-29,183349,2262,31,2,5,5,59,9,16,SAT,0.0
12943,2019-08-29,2019-09-13,437089,507,78,2,5,5,12,9,-1,Not Rated,0.0
12944,2019-08-28,2019-08-29,775079,10990,52,2,9,5,12,9,42,Not Rated,0.0
12945,2019-08-29,2019-08-29,719773,10623,33,2,5,5,59,9,16,SAT,0.0
12946,2019-08-29,2019-08-29,843969,8057,26,2,6,5,12,9,16,SAT,0.0
12947,2019-08-29,2019-09-16,2438539,11113,57,2,5,5,12,9,42,Not Rated,0.0
12948,2019-08-30,2019-08-30,65460,11768,5,2,5,5,59,9,16,SAT,0.0
12949,2019-08-29,2019-08-30,2167397,12038,55,2,5,5,64,9,42,Not Rated,0.0
12950,2019-08-30,2019-10-09,1871005,12229,27,2,5,5,57,9,16,SAT,0.0
12951,2019-08-29,2019-09-05,2092556,11263,26,2,5,5,64,9,42,Not Rated,0.0
12952,2019-08-30,2019-08-30,1891060,12769,49,2,5,5,59,9,16,SAT,0.0
12953,2019-08-30,2019-08-30,657960,11071,15,2,5,5,59,9,16,SAT,0.0
12954,2019-08-30,2019-08-30,181541,11932,43,2,5,5,59,9,16,SAT,0.0
12955,2019-08-30,2019-08-30,2035047,12603,77,2,5,5,59,9,16,SAT,0.0
12956,2019-08-21,2019-09-04,1892894,8882,6,2,9,5,66,9,42,Not Rated,0.0
12957,2019-08-27,2019-09-06,2348197,11545,67,2,3,5,40,9,42,Not Rated,0.0
12958,2019-08-30,2019-09-05,1810245,12229,64,2,5,5,12,9,42,Not Rated,0.0
12959,2019-08-26,2019-09-13,781476,940,52,2,3,5,12,9,42,Not Rated,0.0
12960,2019-09-02,2019-09-02,1897615,12621,64,2,5,5,59,9,-1,Not Rated,0.0
12961,2019-09-02,2019-09-17,1898939,2569,40,2,5,5,59,9,16,SAT,0.0
12962,2019-09-02,2019-09-02,182495,11151,41,2,5,5,59,9,-1,Not Rated,0.0
12963,2019-09-02,2019-09-02,1849731,11059,64,2,5,5,59,9,-1,Not Rated,0.0
12964,2019-09-03,2019-09-27,2563276,11781,68,2,3,5,66,9,42,Not Rated,0.0
12965,2019-09-02,2019-09-11,2416730,9775,10,2,5,5,10,9,42,Not Rated,0.0
12966,2019-09-03,2019-09-24,1689523,1229,44,2,3,5,40,9,42,Not Rated,0.0
12967,2019-09-04,2019-09-18,576091,211,20,2,3,5,40,9,42,SAT,0.0
12968,2019-09-04,2019-09-05,1910821,189,3,2,3,5,40,9,42,Not Rated,0.0
12969,2019-09-04,2019-09-05,153849,1702,31,2,7,5,10,9,42,Not Rated,0.0
12970,2019-09-05,2019-09-23,829811,11182,52,2,5,5,64,9,42,Not Rated,0.0
12971,2019-09-06,2019-09-18,235887,9858,36,2,5,5,50,9,42,Not Rated,0.0
12972,2019-09-06,2019-09-10,2035680,10793,19,2,9,5,12,9,42,Not Rated,0.0
12973,2019-09-03,2019-09-06,1848790,824,47,2,5,5,12,9,42,Not Rated,0.0
12974,2019-09-06,2019-09-13,2056683,10069,64,2,3,5,12,9,42,Not Rated,0.0
12975,2019-09-09,2019-09-17,2056103,11113,74,2,5,5,59,9,16,SAT,0.0
12976,2019-09-09,2019-09-30,853276,12617,16,2,5,5,10,9,85,Not Rated,0.0
12977,2019-09-10,2019-09-16,2124813,1352,51,2,5,5,63,9,85,Not Rated,0.0
12978,2019-09-10,2019-09-10,50213,2555,8,2,5,5,57,9,81,Not Rated,0.0
12979,2019-09-09,2019-09-16,2067911,10361,3,2,5,5,64,9,85,Not Rated,0.0
12980,2019-09-09,2019-09-12,1812856,11132,25,2,5,5,12,9,85,Not Rated,0.0
12981,2019-09-06,2019-09-25,2402595,11077,33,2,5,5,12,9,85,Not Rated,0.0
12982,2019-09-11,2019-09-17,252546,12476,55,2,5,5,57,9,16,SAT,0.0
12983,2019-09-02,2019-09-19,1812692,2321,58,2,5,5,10,9,81,Not Rated,0.0
12984,2019-09-12,2019-09-17,530962,8053,63,2,5,5,58,9,16,SAT,0.0
12985,2019-09-09,2019-09-16,316535,586,26,2,5,5,12,9,81,SAT,0.0
12986,2019-09-11,2019-09-16,619308,7671,13,2,5,5,64,9,85,Not Rated,0.0
12987,2019-09-11,2019-09-17,132268,10050,5,2,5,5,64,9,85,Not Rated,0.0
12988,2019-09-10,2019-09-23,63920,12428,5,2,6,5,64,9,85,Not Rated,0.0
12989,2019-09-11,2019-09-17,1832394,12133,15,2,5,5,18,9,85,Not Rated,0.0
12990,2019-09-13,2019-09-17,1985063,8055,69,2,5,5,65,9,16,SAT,0.0
12991,2019-09-13,2019-09-17,502138,1085,25,2,5,5,59,9,16,SAT,0.0
12992,2019-09-12,2019-10-24,149896,10443,30,2,5,5,8,9,81,Not Rated,0.0
12993,2019-09-13,2019-09-18,2411085,10111,19,2,5,5,57,9,16,SAT,0.0
12994,2019-09-13,2019-09-17,1826581,11276,70,2,5,5,59,9,16,SAT,0.0
12995,2019-09-13,2019-10-10,617168,9206,74,2,5,5,62,9,85,Not Rated,0.0
12996,2019-09-12,2019-09-18,492682,2103,60,2,5,5,23,9,85,Not Rated,0.0
12997,2019-09-16,2019-10-07,1841440,9357,43,2,5,5,62,9,85,Not Rated,0.0
12998,2019-09-12,2019-10-03,508291,8484,70,2,3,5,40,9,85,Not Rated,0.0
12999,2019-09-13,2019-10-17,1872594,11158,33,2,3,5,11,9,42,Not Rated,0.0
13000,2019-09-16,2019-10-02,1683019,11113,7,2,3,5,15,9,42,Not Rated,0.0
13001,2019-08-21,2019-09-16,2167288,11059,39,2,3,5,15,9,42,Not Rated,0.0
13002,2019-09-17,2019-09-25,2007046,11482,39,2,3,5,12,9,42,Not Rated,0.0
13003,2019-09-13,2019-10-11,1832843,7950,37,2,5,5,50,9,85,Not Rated,0.0
13004,2019-09-13,2019-10-11,1660678,9405,41,2,5,5,55,9,85,Not Rated,0.0
13005,2019-09-17,2019-10-22,2006061,11265,53,2,5,5,10,9,42,Not Rated,0.0
13006,2019-09-17,2019-09-23,2056687,586,61,2,5,5,57,9,16,SAT,0.0
13007,2019-09-18,2019-09-24,2035024,10764,40,2,5,5,12,9,42,Not Rated,0.0
13008,2019-08-29,2019-10-02,1707398,9204,11,2,9,5,40,9,85,Not Rated,0.0
13009,2019-09-09,2019-09-24,1680426,10490,74,2,9,5,66,9,85,SAT,0.0
13010,2019-09-19,2019-10-04,1706529,269,75,2,9,5,9,9,42,Not Rated,0.0
13011,2019-09-19,2019-09-23,515945,8120,27,2,5,5,64,9,85,Not Rated,0.0
13012,2019-09-17,2019-09-24,1807259,11052,63,2,5,5,10,9,42,Not Rated,0.0
13013,2019-09-20,2019-09-20,56515,10073,57,2,5,5,59,9,16,SAT,0.0
13014,2019-09-20,2019-09-20,2103885,9853,39,2,5,5,57,9,16,SAT,0.0
13015,2019-09-23,2019-09-23,1914132,9983,12,2,5,5,57,9,16,SAT,0.0
13016,2019-09-23,2019-09-23,2220348,10550,25,2,5,5,57,9,16,SAT,0.0
13017,2019-09-23,2019-09-23,2143458,119,53,2,5,5,57,9,16,SAT,0.0
13018,2019-09-23,2019-09-23,105201,11788,29,2,5,5,57,9,16,SAT,0.0
13019,2019-09-23,2019-09-23,109684,8963,49,2,5,5,57,9,16,SAT,0.0
13020,2019-09-20,2019-09-20,889615,12399,66,2,5,5,57,9,16,Not Rated,0.0
13021,2019-09-23,2019-09-23,428277,884,32,2,5,5,65,9,16,SAT,0.0
13022,2019-09-23,2019-09-23,1607773,801,39,2,5,5,57,9,16,SAT,0.0
13023,2019-09-20,2019-10-07,1883825,10948,41,2,3,5,50,9,85,Not Rated,0.0
13024,2019-09-11,2019-10-02,2107948,813,39,2,5,5,64,9,42,Not Rated,0.0
13025,2019-09-23,2019-09-24,327410,9729,48,2,5,5,12,9,16,SAT,0.0
13026,2019-09-23,2019-09-23,1784806,10326,47,2,5,5,59,9,16,SAT,0.0
13027,2019-09-20,2019-09-20,41981,11170,23,2,5,5,40,9,81,Not Rated,0.0
13028,2019-09-23,2019-09-25,1772710,300,21,2,5,5,10,9,85,Not Rated,0.0
13029,2019-09-23,2019-10-02,765267,10566,33,2,3,5,64,9,42,Not Rated,0.0
13030,2019-09-23,2019-10-08,130720,9662,13,2,5,5,50,9,85,Not Rated,0.0
13031,2019-09-20,2019-09-27,386585,11069,2,2,5,5,12,9,42,Not Rated,0.0
13032,2019-09-23,2019-10-15,500281,1491,11,2,3,5,40,9,42,Not Rated,0.0
13033,2019-09-24,2019-09-25,2348265,175,71,2,3,5,64,9,42,Not Rated,0.0
13034,2019-09-23,2019-09-26,1846813,8063,54,2,5,5,64,9,85,Not Rated,0.0
13035,2019-09-20,2019-10-02,2069126,9958,54,2,3,5,15,9,42,Not Rated,0.0
13036,2019-09-25,2019-09-26,889059,9816,38,2,5,5,15,9,42,Not Rated,0.0
13037,2019-09-26,2019-09-27,715980,207,77,2,5,5,64,9,42,Not Rated,0.0
13038,2019-09-25,2019-10-03,1822111,11157,25,2,3,5,40,9,42,Not Rated,0.0
13039,2019-09-26,2019-09-27,1802576,12241,47,2,5,5,64,9,85,Not Rated,0.0
13040,2019-09-26,2019-09-27,832772,486,58,2,5,5,42,9,85,Not Rated,0.0
13041,2019-09-24,2019-10-08,2188567,11916,34,2,7,5,10,9,42,Not Rated,0.0
13042,2019-09-27,2019-10-07,2185589,8113,32,2,9,5,12,9,42,Not Rated,0.0
13043,2019-09-27,2019-09-27,434938,12192,6,2,9,5,58,9,42,Not Rated,0.0
13044,2019-09-27,2019-10-03,569994,11139,21,2,3,5,64,9,42,Not Rated,0.0
13047,2019-09-27,2019-09-30,466583,9918,25,2,9,5,58,9,42,Not Rated,0.0
13048,2019-09-30,2019-10-03,746293,1517,58,2,5,5,8,9,85,Not Rated,0.0
13049,2019-09-27,2019-10-08,1867108,10446,32,2,5,5,40,9,85,Not Rated,0.0
13050,2019-09-30,2019-10-01,893027,9205,36,2,5,5,7,9,42,Not Rated,0.0
13051,2019-10-01,2019-10-21,367286,839,33,2,3,5,44,9,42,Not Rated,0.0
13052,2019-10-01,2019-10-04,661974,11713,54,2,5,5,45,9,85,Not Rated,0.0
13053,2019-09-30,2019-10-25,1849325,1270,7,2,3,5,7,9,42,Not Rated,0.0
13054,2019-10-01,2019-10-04,543136,9559,15,2,9,5,40,9,85,SAT,0.0
13055,2019-10-02,2019-10-04,2114098,2696,15,2,5,5,8,9,42,Not Rated,0.0
13056,2019-10-02,2019-10-02,552473,11139,56,2,5,5,59,9,16,SAT,0.0
13057,2019-10-03,2019-10-11,388875,9270,18,2,5,5,7,9,42,Not Rated,0.0
13058,2019-10-04,2019-10-04,2092207,1678,34,2,9,5,12,9,42,Not Rated,0.0
13059,2019-10-04,2019-10-08,2358375,12051,62,2,5,5,58,9,24,Not Rated,0.0
13060,2019-09-20,2019-10-04,2224003,11537,15,2,5,5,59,9,16,SAT,0.0
13061,2019-10-04,2019-10-25,1877150,10603,20,2,9,5,7,9,42,Not Rated,0.0
13062,2019-10-07,2019-10-16,408034,10534,12,2,5,5,12,9,42,Not Rated,0.0
13063,2019-10-07,2019-10-14,682543,11246,30,2,3,5,44,9,42,Not Rated,0.0
13064,2019-10-07,2019-10-07,892371,2307,31,2,5,5,12,9,81,Not Rated,0.0
13065,2019-10-07,2019-10-24,354317,909,74,2,3,5,45,9,42,Not Rated,0.0
13066,2019-10-07,2019-10-18,2033717,39,35,2,5,5,44,9,42,Not Rated,0.0
13067,2019-10-08,2019-10-08,2187484,10536,60,2,5,5,12,9,81,Not Rated,0.0
13068,2019-10-09,2019-11-06,199030,11100,62,2,6,5,6,9,85,Not Rated,0.0
13069,2019-10-08,2019-10-25,1792789,12262,39,2,5,5,12,9,42,Not Rated,0.0
13070,2019-10-09,2019-10-10,2348098,10987,72,2,3,5,64,9,42,Not Rated,0.0
13071,2019-10-09,2019-10-21,1804349,1303,12,2,5,5,32,9,42,Not Rated,0.0
13072,2019-10-09,2019-10-10,2016181,10637,36,2,5,5,64,9,85,Not Rated,0.0
13073,2019-10-10,2019-10-10,1807148,1548,10,2,5,5,59,9,16,SAT,0.0
13074,2019-10-10,2019-10-10,2256526,11474,26,2,5,5,57,9,16,SAT,0.0
13075,2019-10-03,2019-10-09,1911418,9270,24,2,3,5,59,9,16,Not Rated,0.0
13076,2019-10-03,2019-10-07,480530,11116,2,2,3,5,59,9,16,Not Rated,0.0
13077,2019-10-03,2019-10-07,1810529,8932,49,2,3,5,59,9,16,Not Rated,0.0
13078,2019-10-03,2019-10-07,2388324,1419,41,2,3,5,59,9,16,Not Rated,0.0
13079,2019-10-03,2019-10-07,1899938,9410,64,2,3,5,59,9,16,Not Rated,0.0
13080,2019-10-03,2019-10-07,532361,8953,38,2,3,5,59,9,16,Not Rated,0.0
13081,2019-10-03,2019-10-07,2068849,8367,36,2,3,5,59,9,16,Not Rated,0.0
13082,2019-10-03,2019-10-07,1866065,2208,39,2,3,5,59,9,16,Not Rated,0.0
13083,2019-10-03,2019-10-07,1876695,11972,53,2,3,5,12,9,16,Not Rated,0.0
13084,2019-10-03,2019-10-07,389900,10297,51,2,3,5,59,9,16,Not Rated,0.0
13085,2019-10-03,2019-10-07,2034421,12727,67,2,5,5,59,9,16,Not Rated,0.0
13086,2019-10-10,2019-10-10,2006350,10337,69,2,6,5,59,9,16,SAT,0.0
13087,2019-10-10,2019-10-10,1877704,10443,15,2,5,5,59,9,16,SAT,0.0
13088,2019-10-10,2019-10-10,1863309,1515,43,2,5,5,59,9,16,SAT,0.0
13089,2019-10-10,2019-10-10,185603,8953,23,2,5,5,59,9,16,SAT,0.0
13090,2019-10-10,2019-10-10,2066467,190,37,2,5,5,59,9,16,SAT,0.0
13091,2019-10-10,2019-10-10,12964,9610,71,2,5,5,59,9,16,SAT,0.0
13092,2019-10-10,2019-10-10,1904464,116,15,2,5,5,59,9,16,SAT,0.0
13093,2019-10-10,2019-10-10,527378,2235,20,2,5,5,59,9,16,SAT,0.0
13094,2019-10-04,2019-10-04,896067,7973,17,2,5,5,59,9,16,Not Rated,0.0
13095,2019-09-19,2019-10-04,1862101,11932,7,2,5,5,59,9,16,Not Rated,0.0
13096,2019-09-30,2019-10-04,2433397,2531,50,2,5,5,59,9,16,Not Rated,0.0
13097,2019-09-25,2019-10-04,96978,10989,8,2,5,5,59,9,16,Not Rated,0.0
13098,2019-10-09,2019-10-22,2158378,9344,23,2,5,5,10,9,42,Not Rated,0.0
13099,2019-10-07,2019-10-07,821112,11849,18,2,5,5,59,9,16,Not Rated,0.0
13100,2019-10-10,2019-10-10,270853,11127,22,2,5,5,59,9,16,SAT,0.0
13101,2019-09-27,2019-10-07,2055151,10982,25,2,5,5,59,9,16,Not Rated,0.0
13102,2019-09-23,2019-10-07,535538,10728,44,2,5,5,59,9,16,Not Rated,0.0
13103,2019-09-23,2019-10-07,1813788,7797,68,2,5,5,59,9,16,Not Rated,0.0
13104,2019-10-10,2019-10-10,2066183,11287,19,2,5,5,59,9,16,SAT,0.0
13105,2019-09-23,2019-10-07,452053,10989,77,2,5,5,59,9,16,Not Rated,0.0
13106,2019-09-23,2019-10-07,2087954,224,12,2,5,5,59,9,16,Not Rated,0.0
13107,2019-09-23,2019-10-07,1865798,8053,55,2,5,5,59,9,16,Not Rated,0.0
13108,2019-10-10,2019-10-10,1770509,11910,23,2,5,5,59,9,16,SAT,0.0
13109,2019-10-10,2019-10-10,617981,12176,33,2,5,5,59,9,16,SAT,0.0
13110,2019-10-01,2019-10-07,2186383,8385,26,2,5,5,59,9,16,Not Rated,0.0
13111,2019-10-10,2019-10-10,1870401,1615,70,2,5,5,59,9,16,SAT,0.0
13112,2019-09-23,2019-10-07,81014,11272,58,2,5,5,59,9,16,Not Rated,0.0
13113,2019-09-23,2019-10-07,1754636,9021,16,2,5,5,59,9,16,Not Rated,0.0
13114,2019-09-23,2019-10-07,721486,10720,57,2,5,5,59,9,16,Not Rated,0.0
13115,2019-10-01,2019-10-07,229454,9270,50,2,5,5,59,9,16,Not Rated,0.0
13116,2019-10-10,2019-10-10,1848834,11162,64,2,5,5,59,9,16,SAT,0.0
13117,2019-10-10,2019-10-10,689097,8963,25,2,5,5,59,9,16,SAT,0.0
13118,2019-10-10,2019-10-11,458051,10565,54,2,5,5,59,9,16,SAT,0.0
13119,2019-10-01,2019-10-07,2254708,11162,4,2,5,5,59,9,16,Not Rated,0.0
13120,2019-10-10,2019-10-11,461760,1202,3,2,5,5,59,9,16,SAT,0.0
13121,2019-09-24,2019-10-10,2058310,1717,51,2,5,5,59,9,16,Not Rated,0.0
13122,2019-09-23,2019-10-07,1793043,10534,70,2,5,5,59,9,16,Not Rated,0.0
13123,2019-10-10,2019-10-11,2459190,1255,10,2,5,5,59,9,16,SAT,0.0
13124,2019-10-10,2019-10-11,105187,9901,10,2,5,5,59,9,16,SAT,0.0
13125,2019-10-10,2019-10-11,1812856,11669,53,2,5,5,59,9,16,SAT,0.0
13126,2019-09-23,2019-10-07,1848252,11062,17,2,5,5,59,9,16,Not Rated,0.0
13127,2019-09-24,2019-10-07,1768572,10844,16,2,5,5,59,9,16,Not Rated,0.0
13128,2019-09-24,2019-10-07,303977,11044,73,2,5,5,59,9,16,Not Rated,0.0
13129,2019-10-10,2019-10-11,449023,8116,31,2,5,5,59,9,16,SAT,0.0
13130,2019-09-23,2019-10-07,667848,12328,77,2,5,5,59,9,16,Not Rated,0.0
13131,2019-10-10,2019-10-11,272575,10569,36,2,5,5,59,9,16,SAT,0.0
13132,2019-10-10,2019-10-11,2032606,11999,56,2,5,5,59,9,16,SAT,0.0
13133,2019-09-25,2019-10-07,823156,8917,42,2,5,5,59,9,16,Not Rated,0.0
13134,2019-10-10,2019-10-11,1865842,11188,19,2,5,5,59,9,16,SAT,0.0
13135,2019-09-25,2019-10-07,1793304,12510,62,2,5,5,59,9,16,Not Rated,0.0
13136,2019-09-30,2019-10-07,507841,9362,54,2,5,5,59,9,16,Not Rated,0.0
13137,2019-09-25,2019-10-07,2149639,10534,6,2,5,5,59,9,16,Not Rated,0.0
13138,2019-09-30,2019-10-08,2163918,9647,38,2,3,5,59,9,16,Not Rated,0.0
13139,2019-09-25,2019-10-07,734684,11711,62,2,5,5,59,9,16,Not Rated,0.0
13140,2019-09-30,2019-10-08,2122020,7841,61,2,3,5,59,9,16,Not Rated,0.0
13141,2019-09-26,2019-10-07,510436,10490,66,2,5,5,59,9,16,Not Rated,0.0
13142,2019-09-30,2019-10-08,782163,8116,37,2,3,5,59,9,16,Not Rated,0.0
13143,2019-09-30,2019-10-08,530629,1465,16,2,3,5,59,9,16,Not Rated,0.0
13144,2019-09-26,2019-10-07,463195,7654,44,2,5,5,57,9,16,Not Rated,0.0
13145,2019-09-30,2019-10-08,540040,10534,42,2,3,5,59,9,16,Not Rated,0.0
13146,2019-09-26,2019-10-10,559232,12589,34,2,5,5,59,9,16,Not Rated,0.0
13147,2019-09-30,2019-10-08,110250,1097,35,2,3,5,59,9,16,Not Rated,0.0
13148,2019-09-26,2019-10-10,1923014,11160,53,2,5,5,59,9,16,Not Rated,0.0
13149,2019-09-26,2019-10-10,483189,9562,71,2,5,5,59,9,16,Not Rated,0.0
13150,2019-09-30,2019-10-08,2243344,923,33,2,3,5,59,9,16,Not Rated,0.0
13151,2019-09-30,2019-10-08,1859565,10973,33,2,3,5,59,9,16,Not Rated,0.0
13152,2019-10-10,2019-10-11,888652,8917,17,2,5,5,59,9,16,SAT,0.0
13153,2019-09-30,2019-10-08,1918222,73,17,2,3,5,59,9,16,Not Rated,0.0
13154,2019-09-30,2019-10-08,2154869,12510,76,2,3,5,59,9,16,Not Rated,0.0
13155,2019-09-30,2019-10-10,1755429,1291,46,2,3,5,59,9,16,Not Rated,0.0
13156,2019-10-10,2019-10-11,2142018,1615,41,2,5,5,59,9,16,SAT,0.0
13157,2019-10-10,2019-10-11,1831113,11932,75,2,5,5,59,9,16,SAT,0.0
13158,2019-10-10,2019-10-11,40720,9085,75,2,5,5,59,9,16,SAT,0.0
13159,2019-10-08,2019-10-08,228089,11974,29,2,3,5,59,9,16,Not Rated,0.0
13160,2019-09-30,2019-10-08,1660417,839,22,2,3,5,59,9,16,Not Rated,0.0
13161,2019-10-10,2019-10-11,222756,11223,57,2,5,5,59,9,16,SAT,0.0
13162,2019-10-08,2019-10-10,2216177,11252,61,2,3,5,59,9,16,Not Rated,0.0
13163,2019-10-08,2019-10-10,1881589,9958,49,2,3,5,59,9,16,Not Rated,0.0
13164,2019-10-10,2019-10-11,195794,10565,49,2,5,5,59,9,16,SAT,0.0
13165,2019-10-10,2019-10-11,630695,9546,46,2,5,5,59,9,16,SAT,0.0
13166,2019-10-10,2019-10-11,1650816,394,56,2,5,5,59,9,16,SAT,0.0
13167,2019-10-10,2019-10-11,1836673,11461,42,2,5,5,59,9,16,SAT,0.0
13168,2019-10-10,2019-10-11,1835179,192,67,2,5,5,59,9,16,SAT,0.0
13169,2019-10-10,2019-10-11,2425902,11840,26,2,5,5,59,9,16,SAT,0.0
13170,2019-10-10,2019-10-11,2185520,1465,49,2,5,5,59,9,16,SAT,0.0
13171,2019-10-10,2019-10-11,891512,1994,54,2,5,5,59,9,16,SAT,0.0
13172,2019-10-10,2019-10-11,438454,9824,77,2,5,5,59,9,16,SAT,0.0
13173,2019-10-10,2019-10-11,675753,1896,24,2,5,5,59,9,16,SAT,0.0
13174,2019-10-10,2019-10-11,1878064,2504,58,2,5,5,59,9,16,SAT,0.0
13175,2019-10-10,2019-10-11,1812871,824,32,2,5,5,59,9,16,SAT,0.0
13176,2019-10-10,2019-10-14,725615,10563,75,2,5,5,59,9,16,SAT,0.0
13177,2019-10-10,2019-10-11,814920,9775,29,2,5,5,59,9,16,SAT,0.0
13178,2019-10-10,2019-10-11,428116,11157,70,2,5,5,59,9,16,SAT,0.0
13179,2019-10-10,2019-10-11,384565,300,20,2,5,5,59,9,16,SAT,0.0
13191,2019-10-10,2019-10-11,1741820,2797,62,2,5,5,59,9,16,Not Rated,0.0
13194,2019-09-25,2019-10-07,752743,12127,1,2,5,5,59,9,16,Not Rated,0.0
13195,2019-09-25,2019-10-07,315260,1266,67,2,5,5,59,9,16,Not Rated,0.0
13196,2019-10-01,2019-10-07,219476,10116,76,2,5,5,59,9,16,Not Rated,0.0
13197,2019-10-03,2019-10-11,2135026,10379,8,2,3,5,59,9,16,Not Rated,0.0
13198,2019-10-03,2019-10-11,682535,1706,69,2,3,5,59,9,16,Not Rated,0.0
13199,2019-09-30,2019-10-07,1754609,11158,78,2,5,5,59,9,16,Not Rated,0.0
13200,2019-10-03,2019-10-08,653058,8953,38,2,3,5,59,9,16,Not Rated,0.0
13201,2019-10-03,2019-10-08,525538,8605,74,2,3,5,59,9,16,Not Rated,0.0
13202,2019-10-03,2019-10-08,502438,10820,36,2,3,5,59,9,16,Not Rated,0.0
13203,2019-09-26,2019-10-07,2115293,597,16,2,5,5,59,9,16,Not Rated,0.0
13204,2019-10-03,2019-10-11,1708480,9227,21,2,3,5,59,9,16,Not Rated,0.0
13205,2019-10-03,2019-10-08,1768572,2519,56,2,3,5,59,9,16,Not Rated,0.0
13206,2019-10-03,2019-10-08,217660,394,3,2,3,5,59,9,16,Not Rated,0.0
13207,2019-10-03,2019-10-08,798807,2263,75,2,3,5,59,9,16,Not Rated,0.0
13208,2019-09-26,2019-10-07,2069719,10659,68,2,5,5,59,9,16,Not Rated,0.0
13209,2019-10-03,2019-10-08,185400,11083,44,2,3,5,59,9,16,Not Rated,0.0
13210,2019-10-03,2019-10-08,825771,978,67,2,3,5,59,9,16,Not Rated,0.0
13211,2019-10-11,2019-10-11,2358375,1200,61,2,5,5,59,9,16,SAT,0.0
13212,2019-09-27,2019-10-07,2403840,10989,63,2,5,5,65,9,16,Not Rated,0.0
13213,2019-10-03,2019-10-08,1648069,473,57,2,3,5,59,9,16,Not Rated,0.0
13214,2019-10-11,2019-10-11,2200357,10105,49,2,5,5,59,9,16,Not Rated,0.0
13215,2019-10-03,2019-10-08,1841044,11220,67,2,3,5,59,9,16,Not Rated,0.0
13216,2019-09-27,2019-10-07,1815801,8066,47,2,5,5,59,9,16,Not Rated,0.0
13217,2019-10-03,2019-10-08,1836926,9998,36,2,3,5,59,9,16,Not Rated,0.0
13218,2019-10-11,2019-10-14,895185,394,18,2,5,5,59,9,16,SAT,0.0
13219,2019-10-03,2019-10-08,273857,8840,72,2,3,5,59,9,16,Not Rated,0.0
13220,2019-09-27,2019-10-07,2119374,12345,12,2,5,5,59,9,16,Not Rated,0.0
13221,2019-10-03,2019-10-08,2440243,1873,76,2,3,5,59,9,16,Not Rated,0.0
13222,2019-09-27,2019-10-07,724777,10337,47,2,5,5,59,9,16,Not Rated,0.0
13223,2019-10-03,2019-10-08,2343709,2175,29,2,3,5,59,9,16,Not Rated,0.0
13224,2019-10-11,2019-10-14,359426,211,17,2,5,5,59,9,16,SAT,0.0
13225,2019-10-03,2019-10-08,8907,11136,52,2,3,5,59,9,16,Not Rated,0.0
13226,2019-10-03,2019-10-07,1853201,10978,3,2,5,5,59,9,16,Not Rated,0.0
13227,2019-10-03,2019-10-08,358793,824,57,2,3,5,59,9,16,Not Rated,0.0
13228,2019-09-27,2019-10-07,739849,1419,29,2,5,5,59,9,16,Not Rated,0.0
13229,2019-10-03,2019-10-08,70602,10328,57,2,3,5,59,9,16,Not Rated,0.0
13230,2019-10-11,2019-10-14,2418773,190,43,2,5,5,59,9,16,SAT,0.0
13231,2019-10-11,2019-10-14,628122,994,19,2,5,5,59,9,16,SAT,0.0
13232,2019-10-11,2019-10-14,7649,11255,75,2,5,5,59,9,16,SAT,0.0
13233,2019-10-04,2019-10-16,458053,11071,69,2,5,5,64,9,85,Not Rated,0.0
13234,2019-10-11,2019-10-14,739573,9021,49,2,5,5,59,9,16,SAT,0.0
13235,2019-10-11,2019-10-14,874201,1512,57,2,5,5,12,9,16,SAT,0.0
13236,2019-10-11,2019-10-11,2225860,813,41,2,5,5,64,9,85,Not Rated,0.0
13237,2019-09-27,2019-10-07,2112418,11246,24,2,5,5,59,9,16,Not Rated,0.0
13238,2019-10-10,2019-11-12,1824980,11028,15,2,4,5,42,9,42,SAT,0.0
13239,2019-09-25,2019-10-07,1799538,10105,63,2,5,5,59,9,16,Not Rated,0.0
13240,2019-10-02,2019-10-09,207661,10623,27,2,5,5,59,9,16,Not Rated,0.0
13241,2019-10-02,2019-10-09,2052619,10379,3,2,5,5,59,9,16,Not Rated,0.0
13242,2019-10-02,2019-10-09,1820519,8063,58,2,5,5,59,9,16,Not Rated,0.0
13243,2019-10-11,2019-10-31,712334,12208,16,2,3,5,66,9,42,Not Rated,0.0
13244,2019-10-02,2019-10-09,1881741,12048,18,2,5,5,59,9,16,Not Rated,0.0
13245,2019-10-02,2019-10-09,670597,9873,30,2,5,5,59,9,16,Not Rated,0.0
13246,2019-10-02,2019-10-09,188588,10764,70,2,5,5,59,9,16,Not Rated,0.0
13247,2019-10-02,2019-10-11,2178291,11133,35,2,5,5,59,9,16,Not Rated,0.0
13248,2019-10-02,2019-10-09,895731,8887,52,2,5,5,59,9,16,Not Rated,0.0
13249,2019-10-02,2019-10-09,329160,10160,58,2,5,5,59,9,16,Not Rated,0.0
13250,2019-10-11,2019-10-14,1785430,9824,78,2,5,5,58,9,16,SAT,0.0
13251,2019-10-09,2019-10-09,2327943,10994,60,2,5,5,59,9,16,Not Rated,0.0
13252,2019-10-02,2019-10-09,414911,11175,8,2,5,5,59,9,16,Not Rated,0.0
13253,2019-10-02,2019-10-09,1813253,11984,48,2,5,5,59,9,16,Not Rated,0.0
13254,2019-10-11,2019-10-14,1762041,12256,12,2,5,5,59,9,16,SAT,0.0
13255,2019-10-03,2019-10-09,528511,11162,13,2,5,5,59,9,16,Not Rated,0.0
13256,2019-10-11,2019-10-14,1854746,12605,39,2,5,5,59,9,16,SAT,0.0
13257,2019-10-11,2019-10-14,422081,11537,67,2,5,5,59,9,16,SAT,0.0
13258,2019-10-11,2019-10-14,8849,10994,31,2,5,5,59,9,16,SAT,0.0
13259,2019-10-11,2019-10-14,570748,355,70,2,5,5,59,9,16,SAT,0.0
13260,2019-10-11,2019-10-14,1834621,10218,19,2,5,5,59,9,16,SAT,0.0
13261,2019-10-11,2019-10-14,892388,11973,12,2,5,5,59,9,16,SAT,0.0
13262,2019-10-11,2019-10-14,110339,811,11,2,5,5,59,9,16,SAT,0.0
13263,2019-10-03,2019-10-09,2481875,194,1,2,5,5,59,9,16,Not Rated,0.0
13264,2019-10-03,2019-10-09,456684,8885,12,2,5,5,59,9,16,Not Rated,0.0
13265,2019-10-03,2019-10-09,2058624,11246,69,2,5,5,59,9,16,Not Rated,0.0
13266,2019-10-03,2019-10-09,2179645,2601,68,2,5,5,59,9,16,Not Rated,0.0
13267,2019-10-03,2019-10-09,111836,11078,27,2,5,5,59,9,16,Not Rated,0.0
13268,2019-10-03,2019-10-09,1659266,10722,65,2,5,5,59,9,16,Not Rated,0.0
13269,2019-10-03,2019-10-09,2256478,12000,4,2,5,5,59,9,16,Not Rated,0.0
13270,2019-10-03,2019-10-09,129441,10160,9,2,5,5,59,9,16,Not Rated,0.0
13271,2019-10-04,2019-10-09,458053,10637,47,2,5,5,59,9,16,Not Rated,0.0
13272,2019-10-04,2019-10-09,430099,9204,17,2,5,5,59,9,16,Not Rated,0.0
13273,2019-10-04,2019-10-09,507841,11158,44,2,5,5,59,9,16,Not Rated,0.0
13274,2019-10-04,2019-10-09,2084064,10991,52,2,5,5,59,9,16,Not Rated,0.0
13275,2019-10-04,2019-10-09,2486704,11276,60,2,5,5,59,9,16,Not Rated,0.0
13276,2019-10-04,2019-10-09,60835,8399,37,2,5,5,59,9,16,Not Rated,0.0
13277,2019-10-11,2019-10-23,1889874,11244,65,2,9,5,15,9,42,Not Rated,0.0
13278,2019-10-14,2019-10-14,2223173,11179,2,2,5,5,59,9,16,SAT,0.0
13279,2019-10-14,2019-10-14,882357,991,54,2,5,5,59,9,16,SAT,0.0
13280,2019-10-14,2019-10-14,1883866,10326,3,2,5,5,59,9,16,SAT,0.0
13281,2019-10-14,2019-10-14,2058346,10565,28,2,5,5,59,9,16,SAT,0.0
13282,2019-10-14,2019-10-14,1699327,73,3,2,5,5,59,9,16,SAT,0.0
13283,2019-10-14,2019-10-14,853429,11244,7,2,5,5,59,9,16,SAT,0.0
13284,2019-10-14,2019-10-14,2033782,9826,71,2,5,5,59,9,16,SAT,0.0
13285,2019-10-14,2019-10-14,1999865,11245,75,2,5,5,58,9,16,Not Rated,0.0
13286,2019-10-14,2019-10-14,703250,10917,73,2,5,5,59,9,16,SAT,0.0
13287,2019-10-14,2019-10-14,2313440,12038,43,2,5,5,59,9,16,SAT,0.0
13288,2019-10-14,2019-10-14,642014,9803,20,2,5,5,59,9,16,SAT,0.0
13289,2019-10-14,2019-10-14,363768,9662,69,2,5,5,59,9,16,SAT,0.0
13290,2019-10-14,2019-10-15,616019,11078,39,2,5,5,59,9,16,SAT,0.0
13291,2019-10-14,2019-10-15,1954786,11482,5,2,5,5,59,9,16,SAT,0.0
13292,2019-10-14,2019-10-21,97403,11097,21,2,5,5,32,9,42,Not Rated,0.0
13293,2019-10-14,2019-10-15,1866822,1846,30,2,5,5,59,9,16,SAT,0.0
13294,2019-10-14,2019-10-15,2466903,11932,42,2,5,5,59,9,16,SAT,0.0
13295,2019-10-14,2019-10-15,699570,11093,43,2,5,5,59,9,16,SAT,0.0
13296,2019-10-14,2019-10-15,1843743,528,18,2,5,5,59,9,16,SAT,0.0
13297,2019-10-14,2019-10-15,66078,2321,37,2,5,5,59,9,16,SAT,0.0
13298,2019-10-14,2019-10-15,1904435,11265,43,2,5,5,59,9,16,SAT,0.0
13299,2019-10-14,2019-10-15,2438539,12589,64,2,5,5,59,9,16,SAT,0.0
13300,2019-10-14,2019-10-15,733475,12346,63,2,5,5,59,9,16,SAT,0.0
13301,2019-10-14,2019-10-15,620113,12510,77,2,5,5,59,9,16,SAT,0.0
13302,2019-10-14,2019-10-15,2104635,10982,55,2,5,5,59,9,16,SAT,0.0
13303,2019-10-14,2019-10-15,273215,11137,50,2,5,5,59,9,16,SAT,0.0
13304,2019-10-14,2019-10-15,2079845,10820,49,2,5,5,59,9,16,SAT,0.0
13305,2019-10-14,2019-10-15,1659675,12048,55,2,5,5,59,9,16,SAT,0.0
13306,2019-10-14,2019-10-15,2340827,11097,4,2,5,5,59,9,16,SAT,0.0
13307,2019-10-14,2019-10-15,284266,8662,20,2,5,5,59,9,16,Not Rated,0.0
13308,2019-10-14,2019-10-15,158907,10917,16,2,5,5,59,9,16,SAT,0.0
13309,2019-10-14,2019-10-15,355064,11072,7,2,5,5,59,9,16,SAT,0.0
13310,2019-10-14,2019-10-15,2066147,11932,73,2,5,5,59,9,16,SAT,0.0
13311,2019-10-14,2019-10-15,128747,10430,68,2,5,5,59,9,16,SAT,0.0
13312,2019-10-14,2019-10-15,2452875,7626,68,2,5,5,59,9,16,SAT,0.0
13313,2019-10-14,2019-10-15,1821599,11188,65,2,5,5,59,9,16,SAT,0.0
13314,2019-10-14,2019-10-15,433199,11139,57,2,5,5,12,9,16,SAT,0.0
13315,2019-10-14,2019-10-15,2121308,9715,50,2,5,5,59,9,16,SAT,0.0
13316,2019-10-14,2019-10-15,1919766,11552,17,2,5,5,59,9,16,SAT,0.0
13317,2019-10-14,2019-10-15,1475,416,78,2,5,5,12,9,16,SAT,0.0
13318,2019-10-14,2019-10-15,398937,10989,65,2,5,5,59,9,16,SAT,0.0
13319,2019-10-15,2019-10-15,1962952,11713,64,2,5,5,59,9,16,SAT,0.0
13320,2019-10-15,2019-10-15,2048409,10793,49,2,5,5,59,9,16,SAT,0.0
13321,2019-10-15,2019-10-15,2308404,564,21,2,5,5,59,9,16,SAT,0.0
13322,2019-10-15,2019-10-15,896779,10978,58,2,5,5,59,9,16,SAT,0.0
13323,2019-10-15,2019-10-15,2163796,11137,5,2,5,5,59,9,16,SAT,0.0
13324,2019-10-15,2019-10-15,1984571,11083,8,2,5,5,59,9,16,SAT,0.0
13325,2019-10-15,2019-10-15,484417,11590,35,2,5,5,59,9,16,Not Rated,0.0
13326,2019-10-15,2019-10-15,377651,11482,52,2,5,5,59,9,16,SAT,0.0
13327,2019-10-15,2019-10-15,359525,10982,13,2,5,5,59,9,16,SAT,0.0
13328,2019-10-15,2019-10-15,2257726,12241,28,2,5,5,59,9,16,SAT,0.0
13329,2019-10-15,2019-10-16,2292978,9377,16,2,5,5,59,9,16,Not Rated,0.0
13330,2019-10-15,2019-10-16,2054538,11713,9,2,5,5,59,9,16,SAT,0.0
13331,2019-10-15,2019-10-16,1689457,11172,72,2,5,5,59,9,16,SAT,0.0
13332,2019-10-15,2019-10-16,1887981,11137,10,2,5,5,59,9,16,SAT,0.0
13333,2019-10-15,2019-10-16,1739209,2613,11,2,5,5,59,9,16,SAT,0.0
13334,2019-10-15,2019-10-16,702605,11029,69,2,5,5,59,9,16,SAT,0.0
13335,2019-10-15,2019-10-17,138130,10324,16,2,5,5,59,9,16,SAT,0.0
13336,2019-10-15,2019-10-17,1798030,11277,60,2,5,5,59,9,16,SAT,0.0
13337,2019-10-15,2019-10-17,1746280,10152,78,2,5,5,59,9,16,SAT,0.0
13338,2019-10-15,2019-10-17,2165170,11653,21,2,5,5,59,9,16,SAT,0.0
13339,2019-10-15,2019-10-17,130904,10744,35,2,5,5,59,9,16,SAT,0.0
13340,2019-10-15,2019-10-17,12656,12044,5,2,5,5,59,9,16,SAT,0.0
13341,2019-10-15,2019-10-17,430094,8953,17,2,5,5,59,9,16,SAT,0.0
13342,2019-10-15,2019-10-17,345657,2614,40,2,5,5,59,9,16,SAT,0.0
13343,2019-10-15,2019-10-17,1750150,9311,19,2,5,5,59,9,16,SAT,0.0
13344,2019-10-15,2019-10-17,2308411,2208,25,2,5,5,59,9,16,SAT,0.0
13345,2019-10-15,2019-10-17,1824019,10072,53,2,5,5,59,9,16,SAT,0.0
13346,2019-10-15,2019-10-17,1812008,10984,39,2,5,5,59,9,16,SAT,0.0
13347,2019-10-16,2019-10-17,1749826,2500,18,2,5,5,64,9,42,Not Rated,0.0
13348,2019-10-16,2019-10-21,557715,10297,55,2,3,5,64,9,85,Not Rated,0.0
13351,2019-10-16,2019-10-17,2105465,11972,61,2,5,5,64,9,42,Not Rated,0.0
13352,2019-10-15,2019-11-28,1617060,2648,58,2,5,5,50,9,85,Not Rated,0.0
13357,2019-10-15,2019-11-28,1707364,11131,18,2,5,5,15,9,85,Not Rated,0.0
13359,2019-10-15,2019-11-28,1907204,12475,62,2,5,5,6,9,85,Not Rated,0.0
13360,2019-10-17,2019-10-18,1731051,12065,44,2,5,5,58,9,16,SAT,0.0
13361,2019-10-17,2019-10-17,840886,7640,42,2,5,5,12,9,16,SAT,0.0
13362,2019-10-17,2019-10-17,2325295,10967,50,2,5,5,59,9,16,SAT,0.0
13363,2019-10-17,2019-10-17,2344777,11904,31,2,5,5,59,9,16,SAT,0.0
13364,2019-10-17,2019-10-17,1848833,9816,30,2,5,5,59,9,16,SAT,0.0
13365,2019-10-17,2019-10-17,107764,11146,34,2,5,5,59,9,16,SAT,0.0
13366,2019-10-17,2019-10-17,490538,12563,11,2,5,5,59,9,16,SAT,0.0
13367,2019-10-17,2019-10-17,1890653,839,52,2,5,5,59,9,16,SAT,0.0
13368,2019-10-17,2019-10-17,1764652,9706,46,2,5,5,59,9,16,SAT,0.0
13369,2019-10-17,2019-10-17,2450016,11212,75,2,5,5,59,9,16,SAT,0.0
13370,2019-10-17,2019-10-17,2166827,8882,34,2,5,5,59,9,16,SAT,0.0
13371,2019-10-17,2019-10-17,1873947,224,34,2,5,5,59,9,16,SAT,0.0
13372,2019-10-17,2019-10-17,248647,10345,43,2,5,5,59,9,16,SAT,0.0
13373,2019-10-17,2019-10-17,19868,356,42,2,5,5,59,9,16,SAT,0.0
13374,2019-10-17,2019-10-17,2072827,938,43,2,5,5,59,9,16,SAT,0.0
13375,2019-10-17,2019-10-17,278729,12027,58,2,5,5,59,9,16,SAT,0.0
13376,2019-10-17,2019-10-17,840337,12198,73,2,5,5,59,9,16,SAT,0.0
13377,2019-10-17,2019-10-17,1786021,879,57,2,5,5,59,9,16,SAT,0.0
13378,2019-10-17,2019-10-17,129391,11479,11,2,5,5,59,9,16,SAT,0.0
13379,2019-10-17,2019-10-17,2441274,8949,54,2,5,5,59,9,16,SAT,0.0
13380,2019-10-16,2019-10-22,767022,994,18,2,5,5,19,9,85,Not Rated,0.0
13381,2019-10-17,2019-10-18,786620,2178,53,2,5,5,59,9,16,SAT,0.0
13382,2019-10-17,2019-10-18,1842289,1079,10,2,5,5,59,9,16,SAT,0.0
13383,2019-10-17,2019-10-18,476439,2230,43,2,5,5,59,9,16,SAT,0.0
13384,2019-10-17,2019-10-18,2109413,9796,37,2,5,5,59,9,16,SAT,0.0
13385,2019-10-17,2019-10-18,1787659,2340,60,2,5,5,59,9,16,SAT,0.0
13386,2019-10-17,2019-10-18,1889312,11005,49,2,5,5,59,9,16,SAT,0.0
13387,2019-10-17,2019-10-18,1699094,11072,2,2,5,5,59,9,16,SAT,0.0
13388,2019-10-17,2019-10-18,2066873,2482,26,2,5,5,59,9,16,SAT,0.0
13389,2019-10-17,2019-10-18,1820617,11114,48,2,5,5,59,9,16,SAT,0.0
13390,2019-10-17,2019-10-18,2399020,12476,6,2,5,5,59,9,16,SAT,0.0
13391,2019-10-18,2019-10-18,2080347,7626,70,2,5,5,59,9,16,SAT,0.0
13392,2019-10-18,2019-10-18,2415079,7640,23,2,5,5,59,9,16,SAT,0.0
13393,2019-10-18,2019-10-18,92594,11942,23,2,5,5,59,9,16,SAT,0.0
13394,2019-10-18,2019-10-18,418028,796,48,2,5,5,59,9,16,SAT,0.0
13395,2019-10-18,2019-10-18,1913035,12476,63,2,5,5,59,9,16,SAT,0.0
13396,2019-10-18,2019-10-18,893042,12048,18,2,5,5,59,9,16,SAT,0.0
13397,2019-10-16,2019-11-18,2481332,12572,57,2,3,5,12,9,42,Not Rated,0.0
13398,2019-10-18,2019-10-18,676077,10073,57,2,5,5,59,9,16,SAT,0.0
13399,2019-10-18,2019-10-18,1867197,10994,27,2,5,5,59,9,16,SAT,0.0
13400,2019-10-18,2019-10-18,2176506,10693,13,2,5,5,59,9,16,SAT,0.0
13401,2019-10-18,2019-10-18,404699,842,37,2,5,5,59,9,16,Not Rated,0.0
13402,2019-10-18,2019-10-18,874504,10623,12,2,5,5,59,9,16,SAT,0.0
13403,2019-10-18,2019-10-18,892548,8911,32,2,5,5,59,9,16,SAT,0.0
13404,2019-10-18,2019-10-18,1815535,11121,19,2,5,5,59,9,16,SAT,0.0
13405,2019-10-17,2019-10-30,444845,11175,46,2,3,5,12,9,42,Not Rated,0.0
13406,2019-10-18,2019-10-21,351720,11558,77,2,5,5,59,9,16,SAT,0.0
13407,2019-10-18,2019-10-21,313906,10569,58,2,5,5,59,9,16,SAT,0.0
13408,2019-10-18,2019-10-21,367286,10055,6,2,5,5,59,9,16,SAT,0.0
13409,2019-10-18,2019-10-21,2119216,9357,69,2,5,5,59,9,16,Not Rated,0.0
13410,2019-10-18,2019-10-21,823439,9893,7,2,5,5,59,9,16,SAT,0.0
13411,2019-10-18,2019-10-21,319083,9000,61,2,5,5,59,9,16,SAT,0.0
13412,2019-10-18,2019-10-21,423638,2208,12,2,5,5,59,9,16,SAT,0.0
13413,2019-10-18,2019-10-21,2176898,12605,27,2,5,5,59,9,16,SAT,0.0
13414,2019-10-18,2019-10-21,357938,12727,60,2,5,5,59,9,16,SAT,0.0
13415,2019-10-18,2019-10-21,1742325,10105,55,2,5,5,59,9,16,SAT,0.0
13416,2019-10-18,2019-10-21,652635,2262,55,2,5,5,59,9,16,SAT,0.0
13417,2019-10-18,2019-10-21,16225,242,71,2,5,5,59,9,16,Not Rated,0.0
13418,2019-10-18,2019-10-21,1876193,12198,47,2,5,5,12,9,16,Not Rated,0.0
13419,2019-10-18,2019-10-21,1807130,11870,64,2,5,5,12,9,16,SAT,0.0
13420,2019-10-18,2019-10-21,888468,11213,53,2,5,5,12,9,16,Not Rated,0.0
13421,2019-10-18,2019-10-21,4599,12174,25,2,5,5,59,9,16,SAT,0.0
13422,2019-10-18,2019-10-21,2188963,9260,50,2,5,5,59,9,16,SAT,0.0
13423,2019-10-18,2019-10-21,1867793,73,7,2,5,5,59,9,16,SAT,0.0
13424,2019-10-18,2019-10-21,604908,11074,76,2,5,5,59,9,16,SAT,0.0
13425,2019-10-18,2019-10-21,510436,11254,32,2,5,5,59,9,16,SAT,0.0
13426,2019-10-18,2019-10-21,2398919,9872,58,2,5,5,59,9,16,SAT,0.0
13427,2019-10-18,2019-10-21,652097,11796,76,2,5,5,59,9,16,SAT,0.0
13428,2019-10-21,2019-10-22,394366,1706,1,2,5,5,64,9,85,Not Rated,0.0
13429,2019-10-21,2019-10-22,820127,8946,38,2,5,5,59,9,16,SAT,0.0
13430,2019-10-18,2019-11-19,489819,8891,19,2,5,5,10,9,85,Not Rated,0.0
13431,2019-10-21,2019-10-22,897255,1085,41,2,5,5,59,9,16,SAT,0.0
13432,2019-10-21,2019-10-22,33963,11937,35,2,5,5,59,9,16,SAT,0.0
13433,2019-10-21,2019-10-22,704289,11039,8,2,5,5,59,9,16,SAT,0.0
13434,2019-10-21,2019-10-22,847920,11974,67,2,5,5,59,9,16,SAT,0.0
13435,2019-10-21,2019-10-22,342192,11074,54,2,5,5,59,9,16,SAT,0.0
13436,2019-10-21,2019-10-22,1730625,12102,20,2,5,5,59,9,16,SAT,0.0
13437,2019-10-21,2019-10-22,775079,9610,73,2,5,5,59,9,16,SAT,0.0
13438,2019-10-21,2019-10-22,2175485,2659,60,2,5,5,59,9,16,SAT,0.0
13439,2019-10-21,2019-10-22,559338,8066,73,2,5,5,59,9,16,SAT,0.0
13440,2019-10-21,2019-10-22,2107571,542,74,2,5,5,59,9,16,SAT,0.0
13441,2019-10-21,2019-12-05,1878017,7950,6,2,5,5,50,9,42,Not Rated,0.0
13442,2019-10-21,2019-10-22,792208,11163,7,2,5,5,59,9,16,SAT,0.0
13443,2019-10-21,2019-10-22,1859565,9998,76,2,5,5,59,9,16,SAT,0.0
13444,2019-10-21,2019-12-05,458795,2175,3,2,5,5,6,9,42,Not Rated,0.0
13445,2019-10-21,2019-10-22,185387,12476,32,2,5,5,59,9,16,SAT,0.0
13446,2019-10-21,2019-10-22,2179645,9211,36,2,5,5,59,9,16,SAT,0.0
13447,2019-10-21,2019-10-22,1635788,11094,75,2,5,5,59,9,16,SAT,0.0
13448,2019-10-21,2019-10-22,203386,11461,74,2,5,5,59,9,16,SAT,0.0
13449,2019-10-21,2019-10-22,2110058,9646,27,2,5,5,59,9,16,Not Rated,0.0
13450,2019-10-21,2019-10-22,1948213,10020,76,2,5,5,57,9,16,SAT,0.0
13451,2019-10-21,2019-10-22,1872851,11972,60,2,5,5,59,9,16,SAT,0.0
13452,2019-10-21,2019-10-22,563774,2380,68,2,5,5,59,9,16,SAT,0.0
13453,2019-10-21,2019-10-22,107764,10984,62,2,5,5,59,9,16,SAT,0.0
13454,2019-10-21,2019-10-22,240398,10507,17,2,5,5,59,9,16,SAT,0.0
13455,2019-10-21,2019-10-22,2532293,11798,42,2,5,5,59,9,16,SAT,0.0
13456,2019-10-21,2019-10-22,1774940,1552,12,2,5,5,59,9,16,SAT,0.0
13457,2019-10-21,2019-10-22,2378636,8919,23,2,5,5,12,9,16,SAT,0.0
13458,2019-10-21,2019-10-22,1675010,10676,64,2,5,5,59,9,16,SAT,0.0
13459,2019-10-21,2019-10-22,2103884,8601,45,2,5,5,59,9,16,SAT,0.0
13460,2019-10-21,2019-10-22,753698,9970,58,2,5,5,59,9,16,SAT,0.0
13461,2019-10-21,2019-10-22,1886855,11273,46,2,5,5,59,9,16,SAT,0.0
13462,2019-10-21,2019-10-22,1901027,12241,75,2,5,5,59,9,16,SAT,0.0
13463,2019-10-21,2019-10-22,1914542,10987,29,2,5,5,59,9,16,SAT,0.0
13464,2019-10-21,2019-10-22,2312097,10587,78,2,5,5,59,9,16,SAT,0.0
13465,2019-10-21,2019-10-22,700784,528,16,2,5,5,59,9,16,SAT,0.0
13466,2019-10-21,2019-10-22,271510,12358,24,2,5,5,59,9,16,SAT,0.0
13467,2019-10-21,2019-10-22,2388351,11806,74,2,5,5,59,9,16,SAT,0.0
13468,2019-10-21,2019-10-22,812595,2384,49,2,5,5,59,9,16,SAT,0.0
13469,2019-10-21,2019-10-22,2222103,842,38,2,5,5,59,9,16,SAT,0.0
13470,2019-10-21,2019-10-22,2032947,10324,15,2,5,5,59,9,16,SAT,0.0
13471,2019-10-21,2019-10-22,372105,9715,34,2,5,5,59,9,16,SAT,0.0
13472,2019-10-21,2019-10-22,874648,12176,5,2,5,5,59,9,16,SAT,0.0
13473,2019-10-21,2019-10-22,2495056,11626,58,2,5,5,59,9,16,SAT,0.0
13474,2019-10-21,2019-10-22,582583,11003,72,2,5,5,59,9,16,SAT,0.0
13475,2019-10-21,2019-10-22,1878987,8138,71,2,5,5,59,9,16,SAT,0.0
13476,2019-10-21,2019-10-22,2389369,10979,71,2,5,5,59,9,16,SAT,0.0
13477,2019-10-21,2019-10-22,722553,9633,61,2,5,5,59,9,16,SAT,0.0
13478,2019-10-21,2019-10-22,1813813,1352,39,2,5,5,59,9,16,SAT,0.0
13479,2019-10-21,2019-10-22,1907998,12116,34,2,5,5,59,9,16,SAT,0.0
13480,2019-10-21,2019-10-22,371722,10105,53,2,5,5,59,9,16,SAT,0.0
13481,2019-10-22,2019-10-23,2444185,1342,37,2,5,5,59,9,16,SAT,0.0
13482,2019-10-22,2019-10-23,370126,12034,37,2,5,5,59,9,16,SAT,0.0
13483,2019-10-22,2019-10-23,2432909,10217,38,2,5,5,59,9,16,SAT,0.0
13484,2019-10-22,2019-10-23,2107935,496,72,2,5,5,59,9,16,SAT,0.0
13485,2019-10-22,2019-10-23,345668,10668,71,2,5,5,59,9,16,SAT,0.0
13486,2019-10-17,2019-10-23,746293,10147,6,2,3,5,64,9,85,Not Rated,0.0
13487,2019-10-22,2019-10-23,816551,11134,31,2,5,5,59,9,16,SAT,0.0
13488,2019-10-22,2019-10-23,1916269,801,28,2,5,5,59,9,16,SAT,0.0
13489,2019-10-22,2019-10-23,117034,11626,28,2,5,5,59,9,16,SAT,0.0
13490,2019-10-22,2019-10-23,157939,9272,47,2,5,5,59,9,16,SAT,0.0
13491,2019-10-22,2019-10-23,864425,2507,21,2,5,5,59,9,16,SAT,0.0
13492,2019-10-22,2019-10-23,1767751,1292,38,2,5,5,59,9,16,SAT,0.0
13493,2019-10-22,2019-10-23,639862,12181,74,2,5,5,59,9,16,SAT,0.0
13494,2019-10-22,2019-10-23,1811715,12125,11,2,5,5,59,9,16,SAT,0.0
13495,2019-10-22,2019-10-23,343995,12346,4,2,5,5,59,9,16,SAT,0.0
13496,2019-10-22,2019-10-23,1872884,8359,25,2,5,5,59,9,16,SAT,0.0
13497,2019-10-22,2019-10-23,211217,9085,17,2,5,5,59,9,16,SAT,0.0
13498,2019-10-22,2019-10-23,2093052,1106,24,2,5,5,59,9,16,SAT,0.0
13499,2019-10-22,2019-10-23,21087,10964,65,2,5,5,59,9,16,SAT,0.0
13500,2019-10-22,2019-10-23,2019638,11028,29,2,5,5,59,9,16,SAT,0.0
13501,2019-10-22,2019-10-23,438614,10160,11,2,5,5,59,9,16,SAT,0.0
13502,2019-10-22,2019-10-23,1818215,9706,41,2,5,5,59,9,16,SAT,0.0
13503,2019-10-22,2019-10-23,1708226,8887,33,2,5,5,59,9,16,SAT,0.0
13504,2019-10-23,2019-10-23,5081,11113,77,2,5,5,59,9,16,SAT,0.0
13505,2019-10-23,2019-10-23,1834621,11153,24,2,5,5,59,9,16,SAT,0.0
13506,2019-10-23,2019-10-23,759516,1702,29,2,5,5,59,9,16,SAT,0.0
13507,2019-10-23,2019-10-23,815658,11263,20,2,5,5,59,9,16,SAT,0.0
13508,2019-10-23,2019-10-23,2359811,9260,61,2,5,5,59,9,16,SAT,0.0
13509,2019-10-23,2019-10-23,293714,11172,27,2,5,5,59,9,16,SAT,0.0
13510,2019-10-23,2019-10-23,147332,10693,12,2,5,5,59,9,16,SAT,0.0
13511,2019-10-23,2019-10-23,2417900,2519,26,2,5,5,59,9,16,SAT,0.0
13512,2019-10-23,2019-10-23,1822206,2129,36,2,5,5,59,9,16,SAT,0.0
13513,2019-10-23,2019-10-25,637798,1516,56,2,5,5,10,9,85,Not Rated,0.0
13514,2019-10-23,2019-10-23,478568,11916,72,2,5,5,59,9,16,SAT,0.0
13515,2019-10-23,2019-10-23,1804819,12125,52,2,5,5,59,9,16,Not Rated,0.0
13516,2019-10-23,2019-12-09,1853147,11113,68,2,3,5,10,9,42,Not Rated,0.0
13517,2019-10-23,2019-10-24,1914567,11971,45,2,5,5,58,9,16,SAT,0.0
13518,2019-10-23,2019-10-24,893413,2378,38,2,5,5,59,9,16,SAT,0.0
13519,2019-10-23,2019-10-24,1798361,2309,64,2,5,5,59,9,16,SAT,0.0
13520,2019-10-23,2019-10-24,2306563,836,9,2,5,5,59,9,16,SAT,0.0
13521,2019-10-23,2019-10-24,892715,9499,1,2,5,5,59,9,16,SAT,0.0
13522,2019-10-23,2019-10-24,2493294,197,71,2,5,5,59,9,16,SAT,0.0
13523,2019-10-23,2019-10-24,553407,974,54,2,5,5,59,9,16,SAT,0.0
13524,2019-10-23,2019-10-24,473390,1876,20,2,5,5,59,9,16,SAT,0.0
13525,2019-10-23,2019-10-24,1825401,2103,37,2,5,5,59,9,16,SAT,0.0
13526,2019-10-23,2019-10-30,1820141,1879,6,2,3,5,50,9,85,Not Rated,0.0
13527,2019-10-24,2019-10-24,743006,12769,54,2,5,5,59,9,16,SAT,0.0
13528,2019-10-24,2019-10-24,635406,11461,75,2,5,5,59,9,16,SAT,0.0
13529,2019-10-24,2019-10-24,1699454,974,42,2,5,5,59,9,16,SAT,0.0
13530,2019-10-24,2019-10-24,2068677,1097,49,2,5,5,59,9,16,SAT,0.0
13531,2019-10-24,2019-10-24,894851,11711,77,2,5,5,59,9,16,SAT,0.0
13532,2019-10-24,2019-11-08,370197,8855,41,2,5,5,40,9,42,Not Rated,0.0
13533,2019-10-24,2019-10-24,1870977,11162,64,2,5,5,59,9,16,SAT,0.0
13534,2019-10-24,2019-11-11,337585,9968,7,2,3,5,10,9,85,Not Rated,0.0
13535,2019-10-24,2019-10-24,2257272,11059,6,2,5,5,59,9,16,SAT,0.0
13536,2019-10-24,2019-10-24,1788944,10850,17,2,5,5,59,9,16,SAT,0.0
13537,2019-10-24,2019-10-24,1739796,10037,11,2,5,3,59,9,16,SAT,0.0
13538,2019-10-24,2019-10-24,2341632,11937,16,2,5,5,59,9,16,SAT,0.0
13539,2019-10-24,2019-10-24,2272814,2504,52,2,5,5,59,9,16,SAT,0.0
13540,2019-10-24,2019-10-24,1887607,8569,54,2,5,5,59,9,16,SAT,0.0
13541,2019-10-24,2019-10-24,2070091,12065,4,2,5,5,59,9,16,SAT,0.0
13542,2019-10-24,2019-10-24,167543,1879,54,2,5,5,59,9,16,SAT,0.0
13543,2019-10-24,2019-10-24,2084071,2208,62,2,5,5,59,9,16,SAT,0.0
13544,2019-10-24,2019-10-24,858956,11179,66,2,5,5,59,9,16,SAT,0.0
13545,2019-10-24,2019-10-24,2004362,10644,37,2,5,5,59,9,16,SAT,0.0
13546,2019-10-24,2019-10-24,436300,10430,6,2,5,5,59,9,16,SAT,0.0
13547,2019-10-24,2019-10-24,1864921,2671,75,2,5,5,59,9,16,SAT,0.0
13548,2019-10-24,2019-10-24,548604,564,57,2,5,5,59,9,16,SAT,0.0
13549,2019-10-24,2019-10-24,441550,8066,56,2,5,5,59,9,16,SAT,0.0
13550,2019-10-24,2019-10-24,353214,12051,57,2,5,5,59,9,16,SAT,0.0
13551,2019-10-24,2019-10-24,325090,11136,75,2,5,5,59,9,16,SAT,0.0
13552,2019-10-24,2019-10-24,284362,10744,76,2,5,5,59,9,16,SAT,0.0
13553,2019-10-24,2019-10-24,167586,11590,49,2,5,5,59,9,16,SAT,0.0
13554,2019-10-24,2019-10-29,1732503,1200,38,2,5,5,59,9,16,NSA,0.0
13555,2019-10-24,2019-10-24,1710918,2502,41,2,5,5,59,9,-1,SAT,0.0
13556,2019-10-24,2019-10-24,2414540,1865,7,2,5,5,59,9,16,SAT,0.0
13557,2019-10-24,2019-10-24,54790,1717,5,2,5,5,59,9,16,SAT,0.0
13558,2019-10-24,2019-10-24,1787392,10563,5,2,5,5,59,9,16,SAT,0.0
13559,2019-10-24,2019-10-24,64819,8939,37,2,5,5,59,9,16,SAT,0.0
13560,2019-10-24,2019-10-24,2102213,10794,34,2,5,5,59,9,16,SAT,0.0
13561,2019-10-24,2019-10-24,895105,1465,45,2,5,5,59,9,16,SAT,0.0
13562,2019-10-24,2019-10-25,713848,2555,5,2,5,5,59,9,16,SAT,0.0
13563,2019-10-24,2019-10-25,1679034,7682,6,2,5,5,59,9,16,NSA,0.0
13564,2019-10-24,2019-10-25,288820,8585,10,2,5,5,59,9,16,SAT,0.0
13565,2019-10-24,2019-10-25,1914897,564,32,2,5,5,59,9,16,SAT,0.0
13566,2019-10-24,2019-10-25,428749,8055,9,2,5,5,59,9,16,SAT,0.0
13567,2019-10-24,2019-10-25,182127,11479,39,2,5,5,59,9,16,SAT,0.0
13568,2019-10-24,2019-10-25,323424,12358,24,2,5,5,59,9,16,SAT,0.0
13569,2019-10-24,2019-10-25,1807821,10534,52,2,5,5,59,9,16,SAT,0.0
13570,2019-10-24,2019-10-25,542085,11148,17,2,5,5,59,9,16,SAT,0.0
13571,2019-10-24,2019-10-25,862089,8120,65,2,5,5,59,9,16,SAT,0.0
13572,2019-10-24,2019-10-25,2057007,1896,53,2,5,5,59,9,16,SAT,0.0
13573,2019-10-24,2019-10-25,2056707,10218,60,2,5,5,59,9,16,SAT,0.0
13574,2019-10-24,2019-10-25,818105,8356,34,2,5,5,59,9,16,SAT,0.0
13575,2019-10-24,2019-10-25,2368397,11796,74,2,5,5,59,9,16,SAT,0.0
13576,2019-10-24,2019-10-25,1849967,10693,25,2,5,5,59,9,16,SAT,0.0
13577,2019-10-24,2019-10-25,465502,9662,12,2,5,5,59,9,16,SAT,0.0
13578,2019-10-24,2019-10-25,796499,8359,56,2,5,5,59,9,16,SAT,0.0
13579,2019-10-24,2019-10-29,844592,2384,1,2,5,4,10,9,85,Not Rated,0.0
13580,2019-10-23,2019-10-31,415709,1202,44,2,5,5,8,9,85,Not Rated,0.0
13581,2019-10-25,2019-10-25,2416746,9634,19,1,5,5,59,9,16,SAT,0.0
13582,2019-10-25,2019-10-25,535899,8605,9,2,5,5,59,9,16,SAT,0.0
13583,2019-10-25,2019-10-25,2056375,9826,77,2,5,5,59,9,16,SAT,0.0
13584,2019-10-25,2019-10-25,746152,10430,33,2,5,5,59,9,16,SAT,0.0
13585,2019-10-25,2019-10-25,2067911,1255,51,2,5,5,59,9,16,SAT,0.0
13586,2019-10-25,2019-10-25,2384857,10738,10,2,5,5,59,9,16,SAT,0.0
13587,2019-10-25,2019-10-25,635381,9445,31,2,5,5,59,9,16,SAT,0.0
13588,2019-10-25,2019-10-25,569098,11493,1,2,5,5,59,9,16,SAT,0.0
13589,2019-10-25,2019-10-25,2339409,8999,49,2,5,5,59,9,16,SAT,0.0
13590,2019-10-25,2019-10-25,452678,9628,28,2,5,5,59,9,16,SAT,0.0
13591,2019-10-25,2019-10-25,2054538,8385,43,2,5,5,59,9,16,SAT,0.0
13592,2019-10-25,2019-10-25,559324,9362,23,2,5,5,59,9,16,SAT,0.0
13593,2019-10-25,2019-10-25,2201220,12334,57,2,5,5,59,9,16,SAT,0.0
13594,2019-10-25,2019-10-25,1910507,9205,29,2,5,5,59,9,16,SAT,0.0
13595,2019-10-25,2019-10-25,479874,11113,58,2,5,5,59,9,16,SAT,0.0
13596,2019-10-25,2019-10-25,365072,10443,16,2,5,5,59,9,16,SAT,0.0
13597,2019-10-25,2019-10-25,2055698,11031,66,2,5,5,59,9,16,SAT,0.0
13598,2019-10-25,2019-10-25,1771314,2321,71,2,5,5,59,9,16,SAT,0.0
13599,2019-10-25,2019-10-25,1836549,1140,70,2,5,5,59,9,16,SAT,0.0
13600,2019-10-25,2019-10-29,2056462,11134,61,2,5,5,59,9,16,SAT,0.0
13601,2019-10-29,2019-10-29,1892783,2676,23,2,5,5,12,9,16,SAT,0.0
13602,2019-10-29,2019-10-29,1833006,1876,15,2,5,5,59,9,16,SAT,0.0
13603,2019-10-29,2019-10-29,145969,8999,27,2,5,5,59,9,16,SAT,0.0
13604,2019-10-29,2019-10-29,1896599,796,62,2,5,5,59,9,16,SAT,0.0
13605,2019-10-29,2019-10-29,1699234,11127,32,2,5,5,59,9,16,SAT,0.0
13606,2019-10-29,2019-10-29,2110468,2065,48,2,5,5,59,9,16,SAT,0.0
13607,2019-10-29,2019-10-29,40591,960,76,2,5,5,59,9,16,SAT,0.0
13608,2019-10-29,2019-10-29,651437,11121,34,2,5,5,59,9,16,SAT,0.0
13609,2019-10-29,2019-10-29,1822557,9370,12,2,5,5,59,9,16,SAT,0.0
13610,2019-10-29,2019-10-29,130720,11072,50,2,5,5,59,9,16,SAT,0.0
13611,2019-10-29,2019-10-29,2387320,12087,38,2,5,5,59,9,16,SAT,0.0
13612,2019-10-29,2019-10-29,2484272,8605,30,2,5,5,59,9,16,SAT,0.0
13613,2019-10-29,2019-10-29,826465,2601,4,2,5,5,59,9,16,SAT,0.0
13614,2019-10-29,2019-10-29,1754609,8201,71,2,5,5,59,9,16,SAT,0.0
13615,2019-10-29,2019-10-29,357938,9792,3,2,5,5,59,9,16,SAT,0.0
13616,2019-10-29,2019-10-29,1868459,2468,4,2,5,5,59,9,16,SAT,0.0
13617,2019-10-29,2019-10-29,1795165,1140,38,2,5,5,59,9,16,SAT,0.0
13618,2019-10-25,2019-10-30,1794721,11558,48,2,5,5,40,9,85,Not Rated,0.0
13619,2019-10-29,2019-11-01,2093076,1270,78,2,5,5,12,9,85,Not Rated,0.0
13620,2019-10-29,2019-10-30,1879895,922,4,2,5,5,7,9,85,Not Rated,0.0
13621,2019-10-29,2019-11-07,2019504,2801,7,2,5,5,58,9,16,SAT,0.0
13622,2019-10-29,2019-10-31,758700,1500,20,2,5,5,59,9,16,SAT,0.0
13623,2019-10-29,2019-10-29,655258,10998,7,2,5,5,59,9,16,SAT,0.0
13624,2019-10-29,2019-10-29,1863229,10764,5,2,5,5,59,9,16,SAT,0.0
13625,2019-10-29,2019-10-30,1887609,2316,33,2,5,5,59,9,16,SAT,0.0
13626,2019-10-29,2019-10-30,520065,922,28,2,5,5,59,9,16,SAT,0.0
13627,2019-10-29,2019-10-30,2117288,1275,53,2,5,5,59,9,16,SAT,0.0
13628,2019-10-29,2019-10-30,2105022,12102,61,2,5,5,59,9,16,SAT,0.0
13629,2019-10-29,2019-10-30,485542,1499,78,2,5,5,59,9,16,SAT,0.0
13630,2019-10-29,2019-11-13,2366731,8999,58,2,5,5,10,9,42,Not Rated,0.0
13631,2019-10-29,2019-10-30,486118,8569,31,2,5,5,59,9,16,SAT,0.0
13632,2019-10-29,2019-11-18,1759166,1573,13,2,9,5,10,9,85,Not Rated,0.0
13633,2019-10-30,2019-10-30,2103202,11030,33,2,5,5,59,9,16,SAT,0.0
13634,2019-10-30,2019-10-30,623283,10802,71,2,5,5,59,9,16,SAT,0.0
13635,2019-10-25,2019-11-08,2518725,355,71,2,4,5,12,9,42,Not Rated,0.0
13636,2019-10-30,2019-10-30,75038,11094,3,2,5,5,59,9,16,SAT,0.0
13638,2019-10-25,2019-11-08,651693,2502,71,2,4,5,12,9,42,Not Rated,0.0
13639,2019-10-25,2019-11-08,354546,11870,43,2,4,5,12,9,42,Not Rated,0.0
13640,2019-10-30,2019-10-30,1862735,1465,3,2,5,5,59,9,16,SAT,0.0
13641,2019-10-30,2019-10-30,894363,9800,57,2,5,5,59,9,16,SAT,0.0
13642,2019-10-30,2019-10-30,2093076,9628,69,2,5,5,59,9,16,SAT,0.0
13643,2019-10-30,2019-10-30,1675246,10067,49,2,5,5,59,9,16,SAT,0.0
13644,2019-10-30,2019-12-03,890558,8601,3,2,9,5,12,9,42,Not Rated,0.0
13645,2019-10-30,2019-10-30,338019,8885,18,2,5,5,59,9,16,SAT,0.0
13646,2019-10-30,2019-10-30,2379707,8953,4,2,5,5,59,9,16,SAT,0.0
13647,2019-10-30,2019-10-30,2004426,2666,29,2,5,5,59,9,16,SAT,0.0
13648,2019-10-30,2019-10-30,2243344,9923,21,2,5,5,59,9,16,SAT,0.0
13649,2019-10-30,2019-10-30,236486,2263,27,2,5,5,59,9,16,SAT,0.0
13650,2019-10-30,2019-10-30,519922,11150,41,2,5,5,59,9,16,SAT,0.0
13651,2019-10-30,2019-10-30,1839325,8742,58,2,5,5,59,9,16,SAT,0.0
13652,2019-10-30,2019-10-30,427981,2321,74,2,5,5,59,9,16,SAT,0.0
13653,2019-10-30,2019-10-30,2016958,9021,19,2,5,5,59,9,16,SAT,0.0
13654,2019-10-30,2019-10-30,2314344,1309,26,2,5,5,59,9,16,SAT,0.0
13655,2019-10-30,2019-10-30,2068773,10507,3,2,5,5,59,9,16,SAT,0.0
13656,2019-10-30,2019-10-30,561822,11711,16,2,5,5,59,9,16,SAT,0.0
13657,2019-10-30,2019-10-30,151508,839,21,2,5,5,59,9,16,SAT,0.0
13658,2019-10-30,2019-10-30,2068043,9051,4,2,5,5,59,9,16,SAT,0.0
13659,2019-10-30,2019-10-30,362029,11960,62,2,5,5,59,9,16,SAT,0.0
13660,2019-10-30,2019-10-30,1709084,10106,40,2,5,5,59,9,16,SAT,0.0
13661,2019-10-30,2019-10-30,1844282,10998,70,2,5,5,59,9,16,SAT,0.0
13662,2019-10-30,2019-10-31,1647388,10360,63,2,5,5,10,9,42,Not Rated,0.0
13663,2019-10-30,2019-10-30,411184,12346,72,2,5,5,59,9,16,SAT,0.0
13664,2019-10-30,2019-10-30,1783562,1573,14,2,5,5,59,9,16,SAT,0.0
13665,2019-10-30,2019-11-07,806276,10618,1,2,9,5,12,9,42,Not Rated,0.0
13666,2019-10-30,2019-10-30,2091268,2690,37,2,5,5,59,9,16,SAT,0.0
13667,2019-10-30,2019-10-31,1807984,11910,10,2,5,5,59,9,16,SAT,0.0
13668,2019-10-30,2019-10-31,743006,9270,13,2,5,5,59,9,16,SAT,0.0
13669,2019-10-30,2019-10-31,499808,11263,34,2,5,5,59,9,16,SAT,0.0
13670,2019-10-30,2019-10-31,1861074,10112,10,2,5,5,59,9,16,SAT,0.0
13671,2019-10-31,2019-10-31,336303,10900,39,2,5,5,59,9,16,SAT,0.0
13672,2019-10-31,2019-11-13,1804819,11806,21,2,5,5,9,9,42,Not Rated,0.0
13673,2019-10-31,2019-10-31,245970,9799,57,2,3,5,40,9,42,Not Rated,0.0
13674,2019-10-31,2019-11-01,2018516,10105,57,2,5,5,18,9,81,Not Rated,0.0
13675,2019-10-31,2019-11-14,2412530,11545,35,2,9,5,12,9,85,Not Rated,0.0
13678,2019-10-31,2019-10-31,125655,1210,25,2,3,5,66,9,42,SAT,4000.0
13679,2019-10-29,2019-11-01,492400,2478,10,2,9,5,12,9,81,Not Rated,0.0
13680,2019-11-01,2019-11-11,3237,2666,10,2,5,5,10,9,85,Not Rated,0.0
13681,2019-11-01,2019-12-11,1899231,994,64,2,5,5,7,9,16,SAT,0.0
13682,2019-10-31,2019-12-19,1885353,1957,68,2,4,5,33,9,42,Not Rated,0.0
13684,2019-10-31,2019-12-19,1858421,836,67,2,4,5,33,9,42,Not Rated,0.0
13685,2019-10-31,2019-12-19,2032689,11545,14,2,4,5,33,9,42,Not Rated,0.0
13686,2019-10-31,2019-12-19,890232,8919,21,2,4,5,33,9,42,Not Rated,0.0
13687,2019-11-01,2019-11-01,1825396,10553,72,2,7,5,12,9,81,Not Rated,0.0
13688,2019-11-01,2019-11-19,30764,8948,48,2,5,5,10,9,85,Not Rated,0.0
13689,2019-11-04,2019-11-04,2101485,597,21,2,5,5,12,9,16,SAT,0.0
13690,2019-11-04,2019-11-20,612522,12241,77,2,5,5,9,9,42,Not Rated,0.0
13691,2019-11-04,2019-11-06,616019,11711,8,2,5,5,64,9,85,Not Rated,0.0
13692,2019-11-04,2019-11-04,1645350,542,35,2,5,5,59,9,16,SAT,0.0
13693,2019-11-04,2019-11-04,198879,518,1,2,5,5,59,9,16,SAT,0.0
13694,2019-11-04,2019-11-04,2019207,1342,35,2,5,5,59,9,16,SAT,0.0
13695,2019-11-04,2019-11-04,716523,10569,72,2,5,5,52,9,16,SAT,0.0
13696,2019-11-01,2019-11-05,296588,2477,44,2,5,5,12,9,85,Not Rated,0.0
13697,2019-11-01,2019-11-19,2292281,9085,12,2,3,5,13,9,42,Not Rated,0.0
13698,2019-11-04,2019-12-13,175996,11870,54,2,5,5,32,9,85,Not Rated,0.0
13699,2019-11-04,2019-11-04,476671,564,29,2,5,5,59,9,16,SAT,0.0
13700,2019-11-04,2019-11-06,840337,11113,64,2,5,5,63,9,85,Not Rated,0.0
13701,2019-11-04,2019-11-22,1817863,8356,65,2,5,5,11,9,85,Not Rated,0.0
13702,2019-10-22,2019-10-31,1920361,2584,51,2,7,5,32,9,-1,Not Rated,0.0
13703,2019-11-04,2019-12-12,700888,1515,61,2,5,5,9,9,42,Not Rated,0.0
13704,2019-11-05,2019-11-05,2179675,11469,4,2,5,5,58,9,16,SAT,0.0
13705,2019-11-05,2019-11-05,2387404,991,1,2,5,5,52,9,16,SAT,0.0
13706,2019-11-05,2019-11-05,1810529,11653,60,2,5,5,59,9,16,SAT,0.0
13707,2019-11-05,2019-12-19,796633,10569,66,2,5,5,44,9,85,Not Rated,0.0
13708,2019-11-05,2019-11-21,603832,8367,76,2,5,5,42,9,85,Not Rated,0.0
13709,2019-11-05,2019-11-05,735824,11151,12,2,5,5,52,9,16,SAT,0.0
13710,2019-11-05,2019-11-05,2009827,1748,70,2,5,5,59,9,16,SAT,0.0
13711,2019-11-06,2019-11-06,2289129,11151,78,2,5,5,59,9,16,SAT,0.0
13712,2019-11-06,2019-11-06,2016654,11087,8,2,5,5,58,9,16,SAT,0.0
13713,2019-11-05,2019-11-05,2382704,10127,17,2,7,5,4,9,81,Not Rated,0.0
13714,2019-11-06,2019-11-06,441579,1630,39,2,5,5,52,9,16,SAT,0.0
13715,2019-11-05,2019-11-21,406035,507,75,2,9,5,10,9,42,Not Rated,0.0
13716,2019-11-05,2019-11-28,802125,1356,8,2,5,5,66,9,85,Not Rated,0.0
13717,2019-11-07,2019-11-07,105565,10637,67,2,5,5,52,9,16,SAT,0.0
13718,2019-11-07,2019-11-22,580604,11204,78,2,5,5,10,9,85,Not Rated,0.0
13719,2019-11-06,2019-11-07,422542,9247,44,2,5,5,64,9,85,Not Rated,0.0
13720,2019-11-07,2019-11-07,2386239,10152,17,2,5,5,59,9,16,SAT,0.0
13721,2019-11-07,2019-11-07,2118405,9918,64,2,5,5,52,9,16,SAT,0.0
13722,2019-11-07,2019-11-13,1836396,2801,29,2,5,5,12,9,85,Not Rated,0.0
13723,2019-11-05,2019-11-08,141424,2613,71,2,5,5,12,9,42,Not Rated,0.0
13724,2019-11-07,2019-11-26,2348093,8544,10,2,5,5,18,9,85,Not Rated,0.0
13725,2019-11-08,2019-11-27,894254,11083,55,2,5,5,6,9,85,Not Rated,0.0
13726,2019-11-08,2019-11-08,704374,9211,10,2,5,5,52,9,16,SAT,0.0
13727,2019-11-08,2019-12-23,1771303,8999,41,2,3,5,45,9,85,Not Rated,0.0
13729,2019-11-08,2019-12-23,2108339,11822,67,2,3,5,45,9,85,Not Rated,0.0
13730,2019-11-11,2019-11-12,2526291,12127,74,2,5,5,12,9,42,Not Rated,0.0
13731,2019-11-11,2019-11-11,735824,282,29,2,5,5,58,9,16,SAT,0.0
13732,2019-11-11,2019-11-11,2308393,473,11,2,5,5,58,9,16,SAT,0.0
13733,2019-11-11,2019-11-11,1825698,10917,11,2,5,5,52,9,16,SAT,0.0
13734,2019-11-11,2019-11-11,190236,1630,71,2,5,5,52,9,16,SAT,0.0
13735,2019-11-12,2020-01-17,184749,11139,21,2,5,5,9,9,42,Not Rated,0.0
13736,2019-11-12,2019-11-29,194193,2613,30,2,5,5,10,9,85,Not Rated,0.0
13737,2019-11-12,2019-11-14,1711206,1092,70,2,9,5,12,9,85,Not Rated,0.0
13738,2019-11-12,2019-11-27,1804158,1517,34,1,5,5,8,9,42,Not Rated,0.0
13739,2019-11-13,2019-11-13,536087,9311,47,2,5,5,65,9,16,SAT,0.0
13740,2019-11-12,2019-12-16,2008224,1092,72,2,5,5,40,9,85,Not Rated,0.0
13741,2019-11-13,2019-11-19,112813,8797,76,2,5,5,40,9,85,Not Rated,0.0
13742,2019-11-14,2019-11-15,1700362,11246,39,2,5,5,52,9,16,SAT,0.0
13743,2019-11-14,2019-11-14,376552,9362,57,2,5,5,52,9,16,SAT,0.0
13744,2019-11-13,2019-11-14,465470,9085,55,2,9,5,10,9,42,Not Rated,0.0
13745,2019-11-13,2019-12-13,569769,12125,15,2,9,5,10,9,42,Not Rated,0.0
13746,2019-11-14,2019-11-14,466014,9395,16,2,5,5,52,9,16,SAT,0.0
13747,2019-11-13,2019-11-29,8040,12102,56,2,3,5,19,9,85,Not Rated,0.0
13748,2019-11-14,2019-11-14,71813,9798,55,2,5,5,12,9,42,Not Rated,0.0
13749,2019-11-14,2019-12-02,661516,11005,49,2,5,5,9,9,42,Not Rated,0.0
13750,2019-11-12,2019-12-31,2400049,11230,74,2,3,5,12,9,42,Not Rated,0.0
13751,2019-11-14,2019-11-19,855047,1957,53,2,5,5,64,9,42,Not Rated,0.0
13752,2019-11-14,2019-11-14,291999,2478,43,2,5,5,12,9,16,SAT,0.0
13753,2019-11-14,2019-11-14,297293,8932,5,2,5,5,59,9,16,SAT,0.0
13754,2019-11-14,2019-11-14,863214,11062,67,2,5,5,59,9,16,SAT,0.0
13755,2019-11-14,2019-11-15,1804988,9970,38,2,5,5,59,9,16,SAT,0.0
13756,2019-11-14,2019-11-15,434099,9270,61,2,5,5,59,9,16,SAT,0.0
13757,2019-11-14,2019-11-15,1683019,11217,65,2,5,5,59,9,16,SAT,0.0
13758,2019-11-06,2019-11-22,2108377,11148,44,2,5,5,12,9,85,Not Rated,0.0
13759,2019-11-15,2019-11-18,360615,9260,45,2,5,5,64,9,42,Not Rated,0.0
13760,2019-11-18,2019-11-18,489921,7973,1,2,5,5,58,9,16,SAT,0.0
13761,2019-11-18,2019-11-18,581849,9359,60,2,5,5,52,9,16,SAT,0.0
13762,2019-11-18,2019-11-19,176295,1462,9,2,3,5,64,9,42,Not Rated,0.0
13763,2019-11-18,2019-11-18,2110481,12044,17,2,5,5,58,9,16,SAT,0.0
13764,2019-11-18,2019-12-02,636556,11798,51,2,5,5,55,9,85,SAT,0.0
13765,2019-11-18,2019-11-18,79231,8853,39,2,5,5,58,9,16,SAT,0.0
13766,2019-11-18,2019-11-18,349804,7654,10,2,5,5,12,9,16,SAT,0.0
13767,2019-11-18,2019-11-18,2116027,9923,57,2,5,5,59,9,16,SAT,0.0
13768,2019-11-18,2019-11-18,1910182,11121,52,2,5,5,58,9,16,SAT,0.0
13769,2019-11-19,2019-11-20,1838867,12346,78,2,5,5,33,9,42,Not Rated,0.0
13770,2019-11-19,2019-11-20,2379647,11825,25,2,5,5,12,9,42,Not Rated,0.0
13771,2019-11-19,2019-11-29,2340814,11220,24,2,5,5,19,9,85,Not Rated,0.0
13772,2019-11-15,2019-12-03,717199,151,49,2,5,5,50,9,85,SAT,0.0
13773,2019-11-20,2019-11-21,806277,10324,21,2,5,5,59,9,16,SAT,0.0
13774,2019-11-20,2019-11-21,203982,9872,17,2,5,5,59,9,16,SAT,0.0
13775,2019-11-20,2019-11-21,1653829,12174,60,2,5,5,59,9,16,SAT,0.0
13776,2019-11-20,2019-11-21,228436,645,10,2,5,5,59,9,16,SAT,0.0
13777,2019-11-19,2019-12-05,606154,8569,34,2,5,5,45,9,85,Not Rated,0.0
13778,2019-11-21,2019-11-21,458053,11059,1,2,5,5,59,9,16,SAT,0.0
13779,2019-11-21,2019-11-21,2129991,11175,58,2,5,5,59,9,16,SAT,0.0
13780,2019-11-21,2019-11-21,2135824,2504,21,2,5,5,59,9,16,SAT,0.0
13781,2019-11-21,2019-11-21,1675724,10998,75,2,5,5,58,9,16,SAT,0.0
13782,2019-11-21,2019-11-21,864786,11113,68,2,9,5,12,9,42,Not Rated,0.0
13783,2019-11-21,2019-11-21,325058,923,10,2,5,5,59,9,16,SAT,0.0
13784,2019-11-21,2019-11-21,1786300,9560,42,2,5,5,58,9,16,SAT,0.0
13785,2019-11-21,2019-12-20,188736,11626,15,2,3,5,66,9,42,Not Rated,0.0
13786,2019-11-22,2019-12-03,2368499,8113,25,2,9,5,12,9,85,Not Rated,0.0
13787,2019-11-22,2020-01-03,2309249,645,47,2,5,5,6,9,85,Not Rated,0.0
13788,2019-11-22,2019-11-22,817814,11942,69,2,5,5,59,9,16,SAT,0.0
13789,2019-11-22,2019-11-28,332653,494,8,2,5,5,15,9,42,SAT,0.0
13790,2019-11-22,2019-11-27,265598,187,77,2,5,5,12,9,16,SAT,0.0
13791,2019-11-22,2019-11-27,1732570,9715,48,2,5,5,52,9,16,SAT,0.0
13792,2019-11-14,2019-12-06,1808479,1500,2,2,7,5,64,9,85,Not Rated,0.0
13793,2019-11-25,2019-12-10,21047,10979,26,2,5,5,23,9,85,Not Rated,0.0
13794,2019-11-25,2019-12-04,1807058,11150,42,2,5,5,64,9,85,Not Rated,0.0
13795,2019-11-25,2019-11-25,594675,11140,39,2,5,5,52,9,16,SAT,0.0
13796,2019-11-25,2019-11-27,68316,2502,5,2,5,5,52,9,16,SAT,0.0
13797,2019-11-26,2019-11-27,1875652,11984,34,2,5,5,59,9,16,SAT,0.0
13798,2019-11-26,2019-11-27,1916245,8911,68,2,5,5,59,9,16,SAT,0.0
13799,2019-11-26,2019-11-28,706884,9395,67,2,5,5,58,9,16,SAT,0.0
13800,2019-11-26,2019-11-27,895590,10948,20,2,5,5,59,9,16,SAT,0.0
13801,2019-11-26,2019-11-28,2052667,10197,31,2,5,5,10,9,85,Not Rated,0.0
13802,2019-11-27,2019-11-27,1599416,12241,45,2,5,5,59,9,16,SAT,0.0
13803,2019-11-27,2019-11-28,833627,10991,13,2,5,5,52,9,16,SAT,0.0
13804,2019-11-27,2020-01-03,2084058,12038,13,2,5,5,6,9,85,Not Rated,0.0
13805,2019-11-27,2019-11-27,770477,8116,31,2,5,5,59,9,16,SAT,0.0
13806,2019-11-27,2020-01-10,97912,11265,54,2,5,5,66,9,85,Not Rated,0.0
13807,2019-11-26,2019-12-20,2384430,858,60,2,5,5,64,9,85,Not Rated,0.0
13808,2019-11-25,2019-12-03,1890563,8057,71,2,5,5,64,9,85,Not Rated,0.0
13809,2019-11-15,2019-11-28,717417,1645,67,2,5,5,10,9,81,Not Rated,0.0
13810,2019-11-28,2019-11-28,701035,2537,42,2,5,5,52,9,16,SAT,0.0
13811,2019-11-28,2019-11-28,1812031,11158,69,2,5,5,12,9,16,SAT,0.0
13812,2019-11-27,2020-01-02,750928,197,63,2,5,5,11,9,42,Not Rated,0.0
13813,2019-11-28,2019-11-28,2222687,11100,49,2,5,5,59,9,16,SAT,0.0
13814,2019-11-28,2019-12-03,725615,11133,3,2,5,5,64,9,85,Not Rated,0.0
13815,2019-11-28,2019-12-12,1908594,8965,9,2,5,5,64,9,85,Not Rated,0.0
13816,2019-11-28,2019-12-19,1834274,11825,13,2,5,5,10,9,85,Not Rated,0.0
13817,2019-11-29,2019-12-20,661657,836,48,2,5,5,10,9,85,Not Rated,0.0
13818,2019-11-28,2020-01-14,2096667,2384,8,2,5,5,40,9,85,Not Rated,0.0
13819,2019-11-29,2019-12-04,896052,10569,2,2,5,5,64,9,85,Not Rated,0.0
13820,2019-11-27,2019-12-04,612771,8113,29,2,5,5,64,9,85,Not Rated,0.0
13821,2019-11-28,2019-12-11,2401567,9797,37,2,5,5,50,9,85,Not Rated,0.0
13822,2019-12-03,2019-12-03,443952,8963,29,2,5,5,58,9,16,SAT,0.0
13823,2019-12-02,2019-12-03,1869255,2335,1,2,7,5,15,9,81,Not Rated,0.0
13824,2019-12-03,2020-01-09,1942887,10426,18,2,5,5,40,9,85,Not Rated,0.0
13825,2019-12-02,2020-01-17,1754636,8399,46,2,5,5,11,9,85,Not Rated,0.0
13826,2019-12-03,2019-12-05,2288598,9856,11,2,5,5,12,9,85,Not Rated,0.0
13827,2019-12-04,2019-12-04,1690414,12563,41,2,5,5,12,9,16,SAT,0.0
13828,2019-12-04,2019-12-04,1903230,10507,40,2,5,5,58,9,16,SAT,0.0
13829,2019-12-04,2019-12-04,1842101,9175,37,2,5,5,58,9,16,SAT,0.0
13830,2019-12-04,2019-12-04,1918845,1356,43,2,5,5,52,9,16,SAT,0.0
13831,2019-12-03,2020-01-16,2116871,194,30,2,3,5,66,9,85,Not Rated,0.0
13832,2019-12-02,2019-12-03,857049,190,65,2,9,5,6,9,85,Not Rated,0.0
13833,2019-12-03,2019-12-31,1708480,8053,9,2,5,5,62,9,85,Not Rated,0.0
13834,2019-12-03,2020-01-03,1787391,10067,9,2,5,5,12,9,85,Not Rated,0.0
13835,2019-12-03,2019-12-06,892729,11277,35,2,3,5,7,9,85,Not Rated,0.0
13836,2019-12-04,2019-12-04,2069464,197,51,2,5,5,59,9,16,SAT,0.0
13837,2019-12-04,2020-01-07,57860,1548,70,2,5,5,63,9,85,Not Rated,0.0
13838,2019-12-04,2019-12-05,526063,2178,26,2,5,5,12,9,16,SAT,0.0
13839,2019-12-04,2019-12-31,2155333,11027,38,2,5,5,63,9,85,Not Rated,0.0
13840,2019-12-03,2019-12-09,463198,10618,54,2,5,5,18,9,85,Not Rated,0.0
13841,2019-12-04,2020-01-03,2476382,8605,36,2,9,5,6,9,85,Not Rated,0.0
13842,2019-12-04,2019-12-11,20746,8742,53,2,5,5,50,9,85,Not Rated,0.0
13843,2019-12-04,2019-12-06,2420457,192,29,2,5,5,18,9,85,Not Rated,0.0
13844,2019-12-02,2019-12-31,402350,1491,36,2,5,5,8,9,85,Not Rated,0.0
13845,2019-12-05,2019-12-05,1836610,10071,13,2,5,5,59,9,16,SAT,0.0
13846,2019-12-06,2019-12-13,1853665,10794,67,2,3,5,40,9,85,SAT,0.0
13847,2019-12-06,2020-01-08,1641032,1630,32,2,9,5,6,9,85,Not Rated,0.0
13848,2019-12-05,2020-01-02,1707772,2335,7,2,9,5,6,9,81,Not Rated,0.0
13849,2019-12-06,2020-01-24,810375,11116,31,2,5,5,66,9,85,Not Rated,0.0
13850,2019-12-09,2019-12-10,894549,11916,9,2,5,5,12,9,85,Not Rated,0.0
13851,2019-12-09,2019-12-09,2425936,8946,78,2,5,5,59,9,16,SAT,0.0
13852,2019-12-06,2020-01-28,1785771,10553,31,2,5,5,12,9,85,Not Rated,0.0
13853,2019-12-09,2020-01-16,2360740,11287,36,2,5,5,18,9,85,SAT,0.0
13854,2019-12-10,2019-12-10,69533,11044,10,2,5,5,59,9,16,SAT,0.0
13855,2019-12-10,2019-12-10,2348144,12476,42,2,5,5,52,9,16,SAT,0.0
13856,2019-12-09,2020-01-07,2178714,11147,21,2,5,5,6,9,85,Not Rated,0.0
13857,2019-12-09,2019-12-31,805276,11139,46,2,4,5,10,9,42,Not Rated,0.0
13858,2019-12-09,2019-12-31,1708376,12051,64,2,4,5,10,9,42,Not Rated,0.0
13859,2019-12-10,2020-01-10,479874,11971,44,2,9,5,9,9,42,Not Rated,0.0
13860,2019-12-10,2020-01-17,191993,2103,14,2,3,5,63,9,42,SAT,0.0
13861,2019-12-06,2019-12-13,2178726,8991,11,2,5,5,18,9,42,Not Rated,0.0
13862,2019-12-10,2019-12-12,167034,2158,46,2,5,5,12,9,42,Not Rated,0.0
13863,2019-12-09,2020-01-07,1846855,11171,11,2,5,5,64,9,85,Not Rated,0.0
13864,2019-12-09,2020-01-17,2009523,9601,3,2,5,5,8,9,42,Not Rated,0.0
13865,2019-12-12,2020-01-10,651437,10108,16,2,3,5,6,9,85,Not Rated,0.0
13866,2019-12-10,2020-02-04,1816706,9205,65,2,5,5,16,9,85,Not Rated,0.0
13867,2019-12-12,2020-01-17,2118387,9634,35,2,3,5,6,9,85,Not Rated,0.0
13868,2019-12-12,2020-01-24,2496194,1106,21,2,3,5,7,9,81,Not Rated,0.0
13869,2019-12-13,2020-01-24,720806,1239,21,2,3,5,7,9,81,Not Rated,0.0
13870,2019-12-12,2020-01-09,1844290,11121,43,2,5,5,12,9,42,Not Rated,0.0
13871,2019-12-13,2019-12-31,1761685,824,60,2,5,5,64,9,85,Not Rated,0.0
13872,2019-12-12,2019-12-20,2034344,10994,13,2,5,5,32,9,42,Not Rated,0.0
13873,2019-12-13,2019-12-18,1890291,11004,26,2,5,5,65,9,16,NSA,0.0
13874,2019-12-16,2019-12-19,1820032,224,29,2,5,5,57,9,16,SAT,0.0
13875,2019-12-16,2019-12-30,2008210,1491,41,2,5,5,63,9,85,Not Rated,0.0
13876,2019-12-16,2020-01-13,2496194,10379,32,2,9,5,12,9,42,Not Rated,0.0
13877,2019-12-16,2020-01-28,1863574,10646,8,2,3,5,12,9,42,Not Rated,0.0
13878,2019-12-16,2019-12-18,476296,2378,55,2,3,5,12,9,16,SAT,0.0
13879,2019-12-13,2020-01-16,1845973,11123,63,2,9,5,10,9,42,Not Rated,0.0
13880,2019-12-11,2019-12-13,707090,8853,77,2,5,5,12,9,42,Not Rated,0.0
13881,2019-12-16,2020-01-07,2106919,9588,42,2,5,5,64,9,85,Not Rated,0.0
13882,2019-12-17,2019-12-18,557071,10217,20,2,5,5,64,9,85,Not Rated,0.0
13883,2019-12-17,2020-01-07,443051,9204,65,2,3,5,63,9,42,Not Rated,0.0
13884,2019-12-17,2019-12-19,2088716,10379,11,2,5,5,64,9,85,Not Rated,0.0
13885,2019-12-17,2019-12-19,304758,10507,48,2,5,5,64,9,85,Not Rated,0.0
13886,2019-12-18,2019-12-18,895148,1239,51,2,3,5,58,9,16,NSA,0.0
13887,2019-12-18,2019-12-19,1801371,2206,77,2,3,5,66,9,-1,Not Rated,0.0
13888,2019-12-17,2019-12-20,339178,12198,64,2,5,5,10,9,85,Not Rated,0.0
13889,2019-12-18,2020-01-02,290083,10217,26,2,3,5,64,9,85,Not Rated,0.0
13890,2019-12-20,2019-12-23,1904096,8201,37,2,5,5,52,9,16,SAT,0.0
13891,2019-12-19,2019-12-23,584697,9958,71,2,4,5,56,9,85,Not Rated,0.0
13892,2019-12-17,2019-12-23,1907494,10111,16,2,4,5,63,9,85,Not Rated,0.0
13893,2019-12-20,2019-12-20,1674713,9347,77,2,3,5,64,9,85,Not Rated,0.0
13894,2019-12-20,2020-01-09,1830650,11626,30,2,5,5,12,9,85,Not Rated,0.0
13895,2019-12-20,2019-12-31,27790,9646,68,2,5,5,40,9,85,SAT,0.0
13896,2019-12-19,2020-02-03,1848246,2537,40,2,9,5,12,9,85,Not Rated,0.0
13897,2019-12-19,2020-01-02,1990366,909,52,2,3,5,12,9,85,Not Rated,0.0
13898,2019-12-23,2019-12-23,56048,7654,49,2,5,5,12,9,16,SAT,0.0
13899,2019-12-20,2020-01-20,794580,8996,33,2,5,5,10,9,85,Not Rated,0.0
13900,2019-12-23,2020-01-07,24436,10850,12,2,5,5,6,9,85,Not Rated,0.0
13901,2019-12-24,2019-12-24,842993,12003,6,2,5,5,52,9,16,SAT,0.0
13902,2019-12-27,2019-12-27,241812,2648,58,2,5,5,52,9,16,SAT,0.0
13903,2019-12-24,2020-02-11,438222,11051,26,2,5,5,7,9,85,Not Rated,0.0
13904,2019-12-20,2020-01-09,1765921,73,74,2,3,5,6,9,42,Not Rated,0.0
13905,2019-12-24,2020-01-03,191707,10982,36,2,5,5,50,9,42,Not Rated,0.0
13906,2019-12-27,2019-12-30,1788974,416,38,2,5,5,10,9,42,Not Rated,0.0
13907,2019-12-30,2020-01-10,2016082,1865,48,2,3,5,12,9,16,SAT,0.0
13908,2019-12-30,2019-12-30,840336,8116,63,2,5,5,12,9,16,SAT,0.0
13909,2019-12-30,2020-01-02,177189,8530,76,2,5,5,12,9,16,SAT,0.0
13910,2019-12-30,2020-01-23,2472267,133,3,2,5,5,10,9,42,Not Rated,0.0
13911,2019-12-30,2020-01-14,1735809,11087,6,2,5,5,64,9,42,Not Rated,0.0
13912,2019-12-30,2019-12-30,632997,2340,37,2,5,5,52,9,16,SAT,0.0
13913,2019-12-27,2020-01-14,351005,11137,7,2,4,5,18,9,42,Not Rated,0.0
13914,2020-01-02,2020-01-07,1850270,11178,34,2,5,5,59,9,16,NSA,0.0
13915,2019-12-31,2020-01-03,2483387,11154,62,2,3,5,38,9,42,Not Rated,0.0
13916,2019-12-31,2020-01-03,1954786,8840,55,2,3,5,38,9,42,Not Rated,0.0
13917,2019-12-31,2020-01-03,1798606,842,35,2,5,5,12,9,42,Not Rated,0.0
13918,2020-01-03,2020-01-14,880984,10360,29,2,5,5,52,9,16,SAT,0.0
13921,2020-01-03,2020-01-03,2124803,10693,10,2,5,5,52,9,16,Not Rated,0.0
13922,2020-01-03,2020-01-13,1879873,11798,40,2,5,5,12,9,16,SAT,0.0
13923,2020-01-03,2020-01-09,540801,8057,68,2,5,5,18,9,42,Not Rated,0.0
13924,2020-01-02,2020-01-16,26337,10108,2,2,5,5,15,9,42,Not Rated,0.0
13925,2020-01-03,2020-01-08,880984,2107,65,2,3,5,64,9,42,Not Rated,0.0
13926,2020-01-03,2020-01-08,710738,11157,57,2,5,5,64,9,85,Not Rated,0.0
13927,2019-12-17,2020-01-23,891510,911,40,2,5,5,40,9,85,Not Rated,0.0
13928,2020-01-08,2020-02-17,619081,12087,26,2,5,5,12,9,85,Not Rated,0.0
13929,2020-01-03,2020-01-31,461155,12334,29,2,4,5,63,9,85,Not Rated,0.0
13930,2020-01-08,2020-01-08,473412,11122,74,2,5,5,64,9,85,Not Rated,0.0
13931,2020-01-08,2020-01-21,721103,1328,43,2,5,5,6,9,85,Not Rated,0.0
13932,2020-01-09,2020-01-14,452053,9344,33,2,5,5,59,9,16,SAT,0.0
13933,2020-01-09,2020-01-14,2112141,2519,53,2,5,5,59,9,16,SAT,0.0
13934,2020-01-09,2020-01-14,1741347,11265,36,2,5,5,59,9,16,SAT,0.0
13935,2020-01-09,2020-01-14,473792,11668,65,2,5,5,59,9,16,SAT,0.0
13936,2020-01-09,2020-01-14,1791089,269,26,2,5,5,59,9,16,SAT,0.0
13937,2020-01-09,2020-01-14,383206,1256,78,2,5,5,59,9,16,SAT,0.0
13938,2020-01-09,2020-01-15,1856534,12087,55,2,5,5,59,9,16,SAT,0.0
13939,2020-01-09,2020-01-14,1825386,645,71,2,5,5,59,9,16,SAT,0.0
13940,2020-01-09,2020-01-09,537205,839,75,2,5,5,59,9,16,SAT,0.0
13941,2020-01-07,2020-01-14,1999867,207,73,2,3,5,64,9,42,Not Rated,0.0
13942,2020-01-08,2020-02-14,286548,1465,61,2,3,5,42,9,42,Not Rated,0.0
13943,2020-01-09,2020-01-09,2130452,11193,23,2,5,5,59,9,16,SAT,0.0
13944,2020-01-09,2020-01-14,2089976,10130,17,2,3,5,7,9,85,Not Rated,0.0
13945,2020-01-10,2020-01-10,796324,11714,78,2,5,5,12,9,16,SAT,0.0
13946,2020-01-10,2020-01-14,1777907,1200,20,2,5,5,58,9,16,SAT,0.0
13947,2020-01-10,2020-01-15,2221784,12065,6,2,5,5,59,9,16,SAT,0.0
13948,2020-01-10,2020-01-15,40547,194,44,2,5,5,59,9,16,SAT,0.0
13949,2020-01-10,2020-01-31,149032,8965,13,2,5,5,12,9,16,SAT,0.0
13950,2020-01-10,2020-01-14,55199,11806,24,2,3,5,64,9,42,Not Rated,0.0
13951,2020-01-10,2020-01-10,560279,10360,40,2,5,5,59,9,16,SAT,0.0
13952,2020-01-10,2020-01-10,2112130,10987,53,2,5,5,59,9,16,SAT,0.0
13953,2020-01-10,2020-01-15,194193,11217,58,2,5,5,59,9,16,SAT,0.0
13954,2020-01-10,2020-01-15,1872509,8201,2,2,5,5,59,9,16,SAT,0.0
13955,2020-01-10,2020-01-23,662979,11971,16,2,3,5,6,9,85,Not Rated,0.0
13956,2020-01-13,2020-01-14,1911410,9970,29,2,5,5,52,9,16,SAT,0.0
13957,2020-01-13,2020-01-15,894850,10067,46,2,5,5,12,9,16,SAT,0.0
13958,2020-01-14,2020-01-15,1804320,9933,74,2,5,5,59,9,16,SAT,0.0
13959,2020-01-13,2020-02-04,2089930,11971,21,2,5,5,6,9,85,Not Rated,0.0
13960,2020-01-14,2020-01-14,63485,11984,67,2,5,5,58,9,42,Not Rated,0.0
13961,2020-01-14,2020-01-15,1797134,8882,33,2,5,5,59,9,16,SAT,0.0
13962,2020-01-14,2020-01-16,1856270,12563,77,2,5,5,59,9,16,SAT,0.0
13963,2020-01-14,2020-01-16,1843744,1630,70,2,5,5,59,9,16,SAT,0.0
13964,2020-01-14,2020-01-15,1813478,235,9,2,5,5,59,9,16,SAT,0.0
13965,2020-01-09,2020-01-22,1554,974,39,2,5,5,64,9,42,Not Rated,0.0
13966,2020-01-15,2020-01-15,412044,224,29,2,5,5,59,9,16,SAT,0.0
13967,2020-01-14,2020-01-15,2103239,11286,6,2,7,5,15,9,42,Not Rated,0.0
13968,2020-01-15,2020-01-17,2200357,2,55,2,5,5,65,9,16,SAT,0.0
13969,2020-01-15,2020-01-15,1900279,11768,40,2,5,5,59,9,16,SAT,0.0
13970,2020-01-15,2020-01-16,619905,10565,10,2,5,5,64,9,85,Not Rated,0.0
13971,2020-01-15,2020-01-29,2111182,2172,52,2,3,5,64,9,42,Not Rated,0.0
13972,2020-01-13,2020-02-04,280186,8779,51,2,5,5,63,9,85,Not Rated,0.0
13973,2020-01-13,2020-02-04,1732437,11558,57,2,5,5,62,9,85,Not Rated,0.0
13974,2020-01-15,2020-04-09,2038784,10998,40,2,5,5,12,9,42,Not Rated,0.0
13975,2020-01-15,2020-01-22,168664,824,48,2,3,5,64,9,42,Not Rated,0.0
13976,2020-01-14,2020-02-07,1850021,10749,51,2,3,5,66,9,42,Not Rated,0.0
13977,2020-01-16,2020-01-17,1755416,10116,29,2,3,5,7,9,42,Not Rated,0.0
13978,2020-01-15,2020-03-03,454570,11626,75,2,5,5,12,9,42,Not Rated,0.0
13979,2020-01-17,2020-01-17,1825719,1706,41,2,5,5,12,9,16,SAT,0.0
13980,2020-01-17,2020-01-20,2007877,9799,43,2,5,5,52,9,16,SAT,0.0
13981,2020-01-17,2020-02-05,481200,11118,19,2,3,5,8,9,85,Not Rated,0.0
13982,2020-01-17,2020-01-17,546393,11287,5,2,5,5,52,9,16,SAT,0.0
13983,2020-01-17,2020-01-17,568719,12621,26,2,5,5,59,9,16,SAT,0.0
13984,2020-01-17,2020-01-29,1812924,12241,77,2,5,5,12,9,85,Not Rated,0.0
13985,2020-01-17,2020-02-12,1741820,11213,49,2,5,5,6,9,85,Not Rated,0.0
13986,2020-01-20,2020-01-20,561822,12034,78,2,5,5,59,9,16,SAT,0.0
13987,2020-01-10,2020-01-21,2116770,9227,32,2,5,5,13,9,42,Not Rated,0.0
13988,2020-01-16,2020-03-12,688557,11169,33,2,5,5,12,9,42,Not Rated,0.0
13989,2020-01-20,2020-01-20,333842,8359,40,2,5,5,12,9,42,Not Rated,0.0
13990,2020-01-20,2020-02-11,186552,9419,78,2,5,5,12,9,42,Not Rated,0.0
13991,2020-01-21,2020-02-13,1833207,9633,62,2,5,5,10,9,42,Not Rated,0.0
13992,2020-01-21,2020-01-24,1873522,2335,26,2,5,5,45,9,42,Not Rated,0.0
13993,2020-01-21,2020-01-21,662955,9588,64,2,5,5,58,9,16,SAT,0.0
13994,2020-01-13,,237896,11027,21,2,5,5,12,2,16,Not Rated,0.0
13995,2020-01-13,,325058,11806,55,2,5,5,12,2,16,Not Rated,0.0
13996,2020-01-21,2020-02-03,1796690,811,47,2,5,5,50,9,42,Not Rated,0.0
13997,2020-01-21,2020-01-21,1834542,2178,12,2,5,5,52,9,16,SAT,0.0
13998,2020-01-21,2020-01-21,1867757,8063,2,2,5,5,58,9,16,SAT,0.0
13999,2020-01-21,2020-01-22,510869,8507,26,2,3,5,40,9,42,Not Rated,0.0
14000,2020-01-21,2020-01-28,98296,1440,23,2,5,5,45,9,85,Not Rated,0.0
14001,2020-01-22,2020-01-24,300910,9856,55,2,5,5,40,9,85,Not Rated,0.0
14002,2020-01-22,2020-02-05,1828262,2235,65,2,9,5,12,9,42,Not Rated,0.0
14003,2020-01-23,2020-01-23,610167,11031,63,2,5,5,59,9,16,SAT,0.0
14004,2020-01-23,2020-01-23,1788302,11066,41,2,5,5,59,9,16,SAT,0.0
14005,2020-01-22,2020-01-23,2104562,11980,25,2,6,5,12,9,85,Not Rated,0.0
14006,2020-01-23,2020-02-28,107152,12181,12,2,5,5,58,9,16,SAT,0.0
14007,2020-01-23,2020-01-23,1903273,11444,37,2,5,5,12,9,16,SAT,0.0
14008,2020-01-23,2020-01-27,775471,9211,62,2,5,5,59,9,16,SAT,0.0
14009,2020-01-23,2020-01-24,475476,9873,76,2,5,5,12,9,85,Not Rated,0.0
14010,2020-01-23,2020-01-27,1617969,11104,19,2,5,5,12,9,81,Not Rated,0.0
14011,2020-01-23,2020-02-24,2066881,11714,37,2,3,5,11,9,42,Not Rated,0.0
14012,2020-01-22,2020-01-24,623664,10552,22,2,7,5,15,9,42,Not Rated,0.0
14013,2020-01-24,2020-01-30,559082,9775,22,2,3,5,12,9,85,Not Rated,0.0
14014,2020-01-24,2020-01-30,333278,10982,12,2,5,5,18,9,81,Not Rated,0.0
14018,2020-01-24,2020-01-30,1826479,12356,33,2,5,5,6,9,81,Not Rated,0.0
14019,2020-01-27,2020-01-27,1814002,11119,53,2,5,5,59,9,16,SAT,0.0
14020,2020-01-27,2020-01-27,895431,11131,44,2,5,5,59,9,16,SAT,0.0
14023,2020-01-27,2020-01-29,1821141,12250,7,2,5,5,59,9,16,SAT,0.0
14024,2020-01-27,2020-01-27,752642,10553,37,2,5,5,59,9,16,SAT,0.0
14025,2020-01-27,2020-01-27,425696,9362,7,2,5,5,59,9,16,SAT,0.0
14026,2020-01-27,2020-01-27,575953,8891,66,2,5,5,59,9,16,SAT,0.0
14027,2020-01-27,2020-01-27,1709112,11136,2,2,5,5,59,9,16,SAT,0.0
14028,2020-01-24,2020-01-27,2185547,8779,47,2,9,5,10,9,42,Not Rated,0.0
14029,2020-01-20,2020-02-17,435112,9715,16,2,3,5,63,9,85,Not Rated,0.0
14030,2020-01-27,2020-02-10,2034422,8063,24,2,9,5,32,9,42,Not Rated,0.0
14032,2020-01-20,2020-02-17,1891132,10861,36,2,3,5,6,9,85,Not Rated,0.0
14033,2020-01-27,2020-01-29,817998,2307,4,2,9,5,12,9,42,Not Rated,0.0
14034,2020-01-24,2020-01-28,1754636,12133,64,2,7,5,18,9,81,Not Rated,0.0
14035,2020-01-27,2020-01-28,1728125,8742,72,2,5,5,10,9,85,Not Rated,0.0
14036,2020-01-23,2020-03-13,1837715,12399,45,2,5,5,12,9,85,Not Rated,0.0
14037,2020-01-23,2020-01-27,1722873,2801,12,2,9,5,10,9,42,Not Rated,0.0
14038,2020-01-28,2020-01-30,2163756,10577,37,2,9,5,66,9,42,Not Rated,0.0
14039,2020-01-28,2020-01-29,1867172,8356,25,2,5,5,12,9,16,SAT,0.0
14040,2020-01-28,2020-01-29,2007925,11275,38,2,5,5,65,9,16,SAT,0.0
14041,2020-01-24,2020-02-21,1711211,2172,26,2,5,5,36,9,85,Not Rated,0.0
14042,2020-01-27,2020-01-27,2403840,11077,36,2,5,5,40,9,85,Not Rated,0.0
14043,2020-01-28,2020-02-13,1599466,8996,77,2,9,5,12,9,42,Not Rated,0.0
14044,2020-01-27,2020-02-19,1789606,1419,68,2,3,5,7,9,42,Not Rated,0.0
14045,2020-01-28,2020-04-06,2140743,11031,29,2,9,5,10,9,42,Not Rated,0.0
14046,2020-01-24,2020-02-05,2227607,10979,1,2,5,5,8,9,85,Not Rated,0.0
14047,2020-01-28,2020-01-30,2004399,938,43,2,5,5,8,9,85,Not Rated,0.0
14048,2020-01-27,2020-03-05,1644792,11788,61,2,5,5,7,9,85,Not Rated,0.0
14049,2020-01-28,2020-02-19,33963,2172,74,2,5,5,40,9,85,Not Rated,0.0
14050,2020-01-29,2020-02-03,113698,11676,53,2,4,5,40,9,85,Not Rated,0.0
14051,2020-01-29,2020-01-29,2411983,11212,45,2,5,5,12,9,85,Not Rated,0.0
14052,2020-01-29,2020-02-05,674238,8955,55,2,5,5,8,9,85,Not Rated,0.0
14053,2020-01-29,2020-02-06,650097,11668,26,2,5,5,65,9,16,SAT,0.0
14054,2020-01-29,2020-01-29,1948258,1308,16,2,5,5,59,9,16,SAT,0.0
14055,2020-01-29,2020-01-29,395912,11094,25,2,5,5,59,9,16,SAT,0.0
14056,2020-01-29,2020-01-29,2116880,1692,76,2,5,5,59,9,16,SAT,0.0
14057,2020-01-29,2020-01-31,842347,486,37,2,5,5,9,9,42,Not Rated,0.0
14058,2020-01-29,2020-01-31,1915652,11999,21,2,9,5,40,9,85,Not Rated,0.0
14059,2020-01-29,2020-02-14,1836673,1266,69,2,3,5,50,9,42,Not Rated,0.0
14060,2020-01-29,2020-02-14,1733868,581,15,2,3,5,10,9,42,Not Rated,0.0
14061,2020-01-29,2020-01-31,1856534,1115,18,2,5,5,40,9,85,Not Rated,0.0
14062,2020-01-27,2020-02-25,1675430,11768,68,2,5,5,19,9,85,Not Rated,0.0
14063,2020-01-29,2020-02-05,431769,12354,54,2,5,5,8,9,85,Not Rated,0.0
14064,2020-01-27,2020-02-05,1849269,11937,18,2,3,5,8,9,85,Not Rated,0.0
14065,2020-01-30,2020-02-06,2358376,10739,72,2,3,5,8,9,85,Not Rated,0.0
14066,2020-01-30,2020-02-10,2201221,12250,50,2,3,5,40,9,85,Not Rated,0.0
14067,2020-01-30,2020-03-31,891838,8840,6,2,3,5,66,9,42,Not Rated,0.0
14068,2020-01-31,2020-02-05,1882598,11193,15,2,5,5,52,9,16,SAT,0.0
14069,2020-01-31,2020-01-31,1855293,11916,3,2,5,5,59,9,16,SAT,0.0
14070,2020-01-31,2020-01-31,677704,2504,52,2,5,5,59,9,16,SAT,0.0
14071,2020-01-31,2020-01-31,1848235,9706,12,2,5,5,59,9,16,SAT,0.0
14072,2020-01-31,2020-01-31,2185589,10069,58,2,5,5,59,9,16,SAT,0.0
14073,2020-01-31,2020-01-31,48967,10989,22,2,5,5,59,9,16,SAT,0.0
14074,2020-01-31,2020-02-04,1913065,11036,29,2,3,5,59,9,16,Not Rated,0.0
14075,2020-01-31,2020-02-05,471084,11188,76,2,5,5,57,9,16,SAT,0.0
14076,2020-01-30,2020-02-12,2476830,10693,62,2,5,5,66,9,85,SAT,0.0
14077,2020-01-31,2020-02-17,1739796,11277,68,2,9,5,12,9,42,Not Rated,0.0
14078,2020-01-31,2020-03-16,351702,9546,54,2,9,5,12,9,42,Not Rated,0.0
14079,2020-01-30,2020-02-10,827189,8946,74,2,5,5,40,9,85,Not Rated,0.0
14080,2020-01-31,2020-02-06,773836,345,15,2,3,5,8,9,42,Not Rated,0.0
14081,2020-01-31,2020-02-24,2009810,11960,77,2,5,5,64,9,85,Not Rated,0.0
14082,2020-01-31,2020-04-15,801544,528,51,2,9,5,12,9,42,Not Rated,0.0
14083,2020-02-03,2020-02-19,196749,11113,33,2,5,5,8,9,85,Not Rated,0.0
14084,2020-01-31,2020-03-17,894619,9858,71,2,5,5,12,9,85,Not Rated,0.0
14085,2020-01-31,2020-02-06,847939,2614,45,2,5,5,8,9,85,Not Rated,0.0
14086,2020-02-03,2020-02-27,2453505,1678,73,2,3,5,10,9,85,Not Rated,0.0
14087,2020-02-03,2020-02-05,2433496,11262,52,2,5,5,59,9,16,SAT,0.0
14088,2020-02-03,2020-02-05,351620,1270,22,2,5,5,59,9,16,SAT,0.0
14089,2020-02-03,2020-02-07,1722916,11668,31,2,5,5,8,9,85,Not Rated,0.0
14090,2020-02-03,2020-02-07,756831,9445,68,2,5,5,8,9,85,Not Rated,0.0
14091,2020-01-31,2020-04-08,2482889,11223,71,2,3,5,12,9,42,SAT,0.0
14092,2020-02-04,2020-02-05,2019719,11711,52,2,5,5,59,9,16,SAT,0.0
14093,2020-02-04,2020-02-05,2402700,12428,17,2,5,5,59,9,16,SAT,0.0
14094,2020-02-04,2020-02-05,865288,11781,55,2,5,5,59,9,16,SAT,0.0
14095,2020-02-04,2020-02-05,2185521,1702,60,2,5,5,59,9,16,SAT,0.0
14096,2020-02-04,2020-02-04,144102,12358,18,2,5,5,59,9,16,SAT,0.0
14097,2020-02-05,2020-02-05,605807,11114,29,2,3,5,12,9,42,Not Rated,0.0
14098,2020-02-05,2020-02-05,185994,9227,77,2,5,5,59,9,16,SAT,0.0
14099,2020-02-04,2020-02-12,435112,12352,72,2,3,5,8,9,85,Not Rated,0.0
14100,2020-02-05,2020-02-05,1792156,10720,1,2,5,5,59,9,16,SAT,0.0
14101,2020-02-04,2020-02-12,1892718,11107,41,2,3,5,40,9,85,Not Rated,0.0
14102,2020-02-05,2020-02-21,616532,796,22,2,5,5,12,9,42,Not Rated,0.0
14103,2020-02-05,2020-02-12,646686,211,76,2,3,5,8,9,42,Not Rated,0.0
14104,2020-02-06,2020-02-06,362181,598,21,2,5,5,59,9,16,SAT,0.0
14105,2020-02-04,2020-02-11,700863,2531,54,2,5,5,8,9,85,Not Rated,0.0
14106,2020-02-04,2020-02-04,635195,12174,11,2,5,5,12,9,42,Not Rated,0.0
14107,2020-02-03,2020-02-11,2150601,11097,46,2,5,5,12,9,85,Not Rated,0.0
14108,2020-01-30,2020-02-10,2456611,11286,8,1,5,5,40,9,85,Not Rated,0.0
14109,2020-02-04,2020-02-12,1894217,12345,37,2,5,5,44,9,42,Not Rated,0.0
14110,2020-02-05,2020-02-13,64416,8120,23,2,4,5,4,9,85,Not Rated,0.0
14111,2020-01-31,2020-02-24,892266,8063,70,2,5,5,40,9,85,Not Rated,0.0
14112,2020-02-05,2020-02-12,691424,347,13,2,3,5,10,9,42,Not Rated,0.0
14113,2020-02-06,2020-02-06,1815142,10073,47,2,5,5,65,9,16,SAT,0.0
14114,2020-02-06,2020-02-06,1943423,8605,9,2,5,5,59,9,16,SAT,0.0
14115,2020-02-04,2020-04-01,856230,1876,7,2,3,5,12,9,42,Not Rated,0.0
14116,2020-02-06,2020-02-20,422206,2378,70,2,5,5,58,9,42,Not Rated,0.0
14117,2020-02-06,2020-02-06,2360739,10160,55,2,5,5,58,9,16,SAT,0.0
14118,2020-02-05,2020-02-24,359058,8882,22,2,3,5,12,9,42,Not Rated,0.0
14119,2020-01-29,2020-03-05,220635,801,32,2,5,5,36,9,85,Not Rated,0.0
14120,2020-02-03,2020-03-24,1872915,11276,53,2,5,5,32,9,42,Not Rated,0.0
14121,2020-02-07,2020-02-07,418160,11147,24,2,5,5,59,9,16,SAT,0.0
14122,2020-01-20,2020-03-06,1675065,9419,63,2,5,5,32,9,42,Not Rated,0.0
14123,2020-02-07,2020-02-11,273568,11100,15,2,5,5,65,9,16,SAT,0.0
14124,2020-02-06,2020-02-11,2274222,2569,46,2,5,5,40,9,42,Not Rated,0.0
14125,2020-02-06,2020-02-12,2080345,1702,7,2,5,5,8,9,42,Not Rated,0.0
14126,2020-02-06,2020-03-31,2340857,9206,12,2,5,5,12,9,85,Not Rated,0.0
14127,2020-02-07,2020-02-21,268419,11193,22,2,3,5,64,9,42,Not Rated,0.0
14128,2020-01-20,2020-02-13,241694,11193,8,2,5,5,10,9,42,Not Rated,0.0
14129,2020-02-07,2020-02-12,2560254,10147,34,2,3,5,8,9,42,Not Rated,0.0
14130,2020-02-07,2020-02-24,1598978,10037,60,2,5,5,42,9,85,Not Rated,0.0
14131,2020-02-10,2020-02-10,1801156,10987,56,2,5,5,59,9,16,SAT,0.0
14132,2020-02-10,2020-02-10,2115726,11825,15,2,5,5,59,9,16,SAT,0.0
14133,2020-02-07,2020-03-18,1893287,9000,14,2,3,5,8,9,85,Not Rated,0.0
14135,2020-02-07,2020-03-18,1872899,11077,56,2,3,5,8,9,85,Not Rated,0.0
14136,2020-02-10,2020-03-26,2433453,8066,45,2,3,5,66,9,42,Not Rated,0.0
14137,2020-02-07,2020-02-10,1913439,2478,56,2,7,5,10,9,81,Not Rated,0.0
14138,2020-02-07,2020-03-10,63920,12589,47,2,3,5,11,9,42,Not Rated,0.0
14139,2020-02-11,2020-02-19,166215,11131,54,2,3,5,40,9,42,Not Rated,0.0
14140,2020-02-10,2020-02-14,413730,2260,9,2,5,5,8,9,85,Not Rated,0.0
14141,2020-02-11,2020-02-11,411896,2307,73,2,5,5,59,9,16,SAT,0.0
14142,2020-02-11,2020-02-11,1690660,9206,57,2,5,5,59,9,16,SAT,0.0
14143,2020-02-10,2020-03-09,835580,11479,15,2,5,5,64,9,42,Not Rated,0.0
14144,2020-02-10,2020-02-13,377122,11099,14,2,5,5,64,9,85,Not Rated,0.0
14145,2020-02-10,2020-02-13,1711206,10820,28,2,5,5,64,9,85,Not Rated,0.0
14146,2020-02-11,2020-02-17,107884,11119,67,2,5,5,10,9,85,Not Rated,0.0
14147,2020-02-10,2020-02-13,1754609,581,74,2,5,5,8,9,85,Not Rated,0.0
14148,2020-02-11,2020-03-09,1948258,11788,67,2,5,5,10,9,85,Not Rated,0.0
14149,2020-02-11,2020-02-13,428610,1106,65,2,3,5,12,9,85,Not Rated,0.0
14150,2020-02-12,2020-02-13,2291415,12174,19,2,9,5,12,9,42,Not Rated,0.0
14151,2020-02-12,2020-02-12,483056,960,51,2,5,5,59,9,16,SAT,0.0
14152,2020-02-12,2020-02-13,2115173,9792,25,2,5,5,65,9,16,SAT,0.0
14153,2020-02-12,2020-02-24,1814017,1876,66,2,4,5,32,9,42,Not Rated,0.0
14154,2020-01-29,2020-02-28,23762,2,17,2,3,5,63,9,42,Not Rated,0.0
14155,2020-02-12,2020-02-13,1690314,2218,75,2,5,5,40,9,85,Not Rated,0.0
14156,2020-02-12,2020-02-13,2101079,12692,2,2,5,5,64,9,85,Not Rated,0.0
14158,2020-02-12,2020-02-18,1835691,355,11,2,5,5,64,9,85,Not Rated,0.0
14159,2020-02-13,2020-02-27,540789,1517,29,2,5,5,8,9,85,Not Rated,0.0
14160,2020-02-13,2020-02-19,2292298,11151,46,2,5,5,18,9,42,Not Rated,0.0
14161,2020-02-13,2020-03-09,355113,2218,4,2,5,5,50,9,85,Not Rated,0.0
14162,2020-02-13,2020-02-13,2365148,11487,40,2,5,5,58,9,16,SAT,0.0
14163,2020-02-13,2020-03-11,1797744,7979,10,2,5,5,58,9,42,Not Rated,0.0
14164,2020-02-14,2020-02-14,1675218,11971,69,2,5,5,12,9,16,SAT,0.0
14165,2020-02-14,2020-02-14,653170,8955,60,2,5,5,58,9,16,SAT,0.0
14166,2020-02-14,2020-02-14,478219,1879,72,2,5,5,52,9,16,SAT,0.0
14167,2020-02-14,2020-02-21,1875134,11003,38,2,5,5,40,9,85,Not Rated,0.0
14168,2020-02-10,2020-02-14,827843,11273,30,2,9,5,40,9,85,SAT,0.0
14169,2020-02-14,2020-04-24,2175017,8948,57,2,3,5,12,9,42,Not Rated,0.0
14170,2020-02-10,2020-02-12,2018136,10992,58,2,9,5,40,9,85,SAT,0.0
14171,2020-02-17,2020-03-05,1808356,11469,2,2,5,5,64,9,42,Not Rated,0.0
14172,2020-02-17,2020-02-18,868620,2666,74,2,5,5,59,9,16,SAT,0.0
14173,2020-02-17,2020-02-18,2457170,12563,65,2,5,5,52,9,16,SAT,0.0
14174,2020-02-17,2020-02-18,611968,9970,36,2,5,5,52,9,16,SAT,0.0
14175,2020-02-17,2020-02-19,2145493,2537,14,2,5,5,58,9,16,SAT,0.0
14176,2020-02-17,2020-02-19,472545,10345,63,2,5,5,12,9,16,SAT,0.0
14177,2020-02-17,2020-02-17,2127811,8766,47,2,5,5,52,9,16,SAT,0.0
14178,2020-02-14,2020-02-21,127179,11119,32,2,3,5,40,9,85,Not Rated,0.0
14179,2020-02-11,2020-03-03,1836610,8066,60,2,3,5,8,9,42,Not Rated,0.0
14180,2020-02-17,2020-02-17,300244,9647,5,2,5,5,59,9,16,SAT,0.0
14181,2020-02-17,2020-02-17,2133031,1516,78,2,5,5,57,9,16,NSA,0.0
14182,2020-02-17,2020-04-06,290190,11255,68,2,9,5,12,9,42,Not Rated,0.0
14183,2020-02-17,2020-03-03,813576,10861,56,2,5,5,40,9,85,Not Rated,0.0
14185,2020-02-17,2020-03-03,188623,8955,36,2,5,5,64,9,85,Not Rated,0.0
14186,2020-02-17,2020-02-19,1707365,11275,14,2,5,5,12,9,85,Not Rated,0.0
14187,2020-02-17,2020-02-19,92796,10565,31,2,5,5,19,9,42,Not Rated,0.0
14188,2020-02-18,2020-02-18,894028,12065,13,2,5,5,59,9,16,SAT,0.0
14189,2020-02-18,2020-02-21,2066183,187,21,2,5,5,40,9,42,Not Rated,0.0
14190,2020-02-18,2020-02-18,2154226,10152,53,2,5,5,58,9,16,SAT,0.0
14191,2020-02-18,2020-02-18,1766861,11172,34,2,5,5,59,9,16,SAT,0.0
14192,2020-02-18,2020-02-20,674517,12208,47,2,5,5,65,9,16,SAT,0.0
14193,2020-02-18,2020-02-21,614466,791,36,2,5,5,40,9,85,Not Rated,0.0
14194,2020-02-19,2020-02-19,630942,9858,65,2,5,5,12,9,16,SAT,0.0
14195,2020-02-19,2020-02-19,1904097,347,9,2,5,5,59,9,16,SAT,0.0
14196,2020-02-17,2020-02-21,1782100,11493,39,2,5,5,12,9,85,Not Rated,0.0
14197,2020-02-18,2020-03-16,1748335,10152,18,2,3,5,12,9,85,Not Rated,0.0
14198,2020-02-18,2020-03-04,489921,2206,26,2,9,5,40,9,85,Not Rated,0.0
14199,2020-02-18,2020-02-21,729513,781,24,2,5,5,40,9,85,Not Rated,0.0
14200,2020-02-20,2020-02-20,1863637,8585,1,2,5,5,59,9,16,SAT,0.0
14201,2020-02-19,2020-03-26,732093,10297,54,2,5,5,6,9,85,Not Rated,0.0
14202,2020-02-19,2020-02-21,715981,394,18,2,7,5,18,9,85,Not Rated,0.0
14203,2020-02-18,2020-03-10,838601,2206,78,2,5,5,6,9,42,Not Rated,0.0
14204,2020-02-20,2020-02-20,1797003,8569,78,2,5,5,40,9,85,Not Rated,0.0
14205,2020-02-18,2020-02-20,2054510,9227,62,2,9,5,40,9,85,Not Rated,0.0
14206,2020-02-19,2020-02-20,3371,1229,78,2,9,5,40,9,85,Not Rated,0.0
14207,2020-02-19,2020-03-13,2336800,11971,66,2,5,5,50,9,42,Not Rated,0.0
14208,2020-02-20,2020-04-15,2178773,12250,26,2,5,5,12,9,42,Not Rated,0.0
14209,2020-02-07,2020-03-11,775184,11747,40,2,5,5,12,9,42,Not Rated,0.0
14210,2020-02-20,2020-02-20,2048505,598,73,2,5,5,65,9,16,SAT,0.0
14211,2020-02-20,2020-02-20,273135,1865,77,2,5,5,58,9,16,SAT,0.0
14212,2020-02-20,2020-02-20,2176847,473,27,2,9,5,12,9,42,Not Rated,0.0
14213,2020-02-21,2020-02-21,2422961,2263,30,2,5,5,58,9,16,SAT,0.0
14214,2020-02-20,2020-02-26,1754955,189,63,2,9,5,58,9,42,Not Rated,0.0
14215,2020-02-20,2020-02-28,1836575,9440,13,2,3,5,18,9,42,Not Rated,0.0
14216,2020-02-21,2020-02-21,802125,8939,52,2,5,5,59,9,16,SAT,0.0
14217,2020-02-20,2020-04-03,1825937,11252,10,2,3,5,66,9,42,Not Rated,0.0
14218,2020-02-20,2020-02-26,704080,2648,60,2,5,5,12,9,42,Not Rated,0.0
14219,2020-02-24,2020-02-25,359057,2065,1,2,5,5,59,9,16,SAT,0.0
14220,2020-02-24,2020-02-25,219237,12262,14,2,5,5,59,9,16,SAT,0.0
14221,2020-02-24,2020-02-25,2089539,1500,48,2,5,5,59,9,16,SAT,0.0
14222,2020-02-24,2020-02-25,129394,8985,35,2,5,5,59,9,16,SAT,0.0
14223,2020-02-21,2020-03-04,647837,10172,52,2,5,5,40,9,85,Not Rated,0.0
14224,2020-02-24,2020-02-25,128370,2206,24,2,5,5,52,9,16,SAT,0.0
14225,2020-02-24,2020-02-25,2408981,518,11,2,5,5,59,9,16,SAT,0.0
14226,2020-02-24,2020-02-25,2107675,10327,31,2,5,5,59,9,16,SAT,0.0
14227,2020-02-24,2020-02-25,1830718,12356,44,2,5,5,59,9,16,SAT,0.0
14228,2020-02-24,2020-02-25,896259,978,44,2,5,5,59,9,16,SAT,0.0
14229,2020-02-24,2020-04-01,19631,11980,57,2,5,5,19,9,85,Not Rated,0.0
14230,2020-02-24,2020-03-03,227239,12250,54,2,6,5,8,9,85,Not Rated,0.0
14231,2020-02-25,2020-02-25,2185524,12061,42,2,5,5,59,9,16,SAT,0.0
14232,2020-02-25,2020-02-25,1873566,11097,20,2,5,5,59,9,16,SAT,0.0
14233,2020-02-25,2020-02-25,892553,9933,4,2,5,5,58,9,16,SAT,0.0
14234,2020-02-17,2020-02-25,1846256,347,67,2,5,5,12,9,42,Not Rated,0.0
14235,2020-02-11,2020-03-06,2090393,10108,11,2,3,5,10,9,42,Not Rated,0.0
14236,2020-02-07,2020-03-06,1689909,9857,43,2,5,5,18,9,42,Not Rated,0.0
14237,2020-02-11,2020-03-16,1795164,11621,10,2,5,5,42,9,42,Not Rated,0.0
14241,2020-02-25,2020-04-14,78967,10659,73,2,3,5,12,9,42,Not Rated,0.0
14242,2020-02-25,2020-03-06,2016186,11714,17,2,5,5,58,9,42,Not Rated,0.0
14243,2020-02-25,2020-02-25,1803461,1630,56,2,5,5,59,9,16,SAT,0.0
14244,2020-02-26,2020-02-26,2032951,9362,58,2,5,5,59,9,16,SAT,0.0
14245,2020-02-25,2020-03-24,490538,1573,75,2,3,5,12,9,42,Not Rated,0.0
14246,2020-02-25,2020-02-26,2141554,10844,57,2,5,5,7,9,42,Not Rated,0.0
14247,2020-02-24,2020-03-12,717417,2128,51,2,3,5,40,9,85,Not Rated,0.0
14248,2020-02-25,2020-03-04,884481,11119,63,2,9,5,40,9,85,SAT,0.0
14249,2020-02-26,2020-02-26,1764652,8984,43,2,5,5,12,9,42,Not Rated,0.0
14250,2020-02-26,2020-02-28,736597,11069,68,2,7,5,18,9,81,Not Rated,0.0
14251,2020-02-20,2020-02-28,2347952,49,47,2,5,5,64,9,85,Not Rated,0.0
14252,2020-02-25,2020-03-04,1913810,119,2,2,9,5,40,9,85,SAT,0.0
14253,2020-02-26,2020-04-13,1853436,10668,67,2,9,5,12,9,85,Not Rated,0.0
14254,2020-02-24,2020-02-28,318814,9796,27,2,5,5,12,9,42,NSA,0.0
14255,2020-02-26,2020-03-06,889165,11904,22,2,7,5,18,9,42,Not Rated,0.0
14256,2020-02-25,2020-03-06,2380580,12116,72,2,5,5,40,9,85,Not Rated,0.0
14257,2020-02-25,2020-04-03,321336,190,47,2,5,5,10,9,85,Not Rated,0.0
14258,2020-02-18,2020-03-16,1827917,9357,77,2,5,5,63,9,85,Not Rated,0.0
14259,2020-02-19,2020-03-03,894370,11265,2,2,5,5,18,9,85,Not Rated,0.0
14260,2020-02-27,2020-02-27,2084183,824,3,2,5,5,59,9,16,SAT,0.0
14261,2020-02-27,2020-02-27,69446,11245,43,2,5,5,59,9,16,SAT,0.0
14262,2020-02-27,2020-02-27,2017029,12414,41,2,5,5,59,9,16,SAT,0.0
14263,2020-02-06,2020-03-04,2122169,8432,28,2,5,5,64,9,85,Not Rated,0.0
14264,2020-02-26,2020-04-09,650128,2676,23,2,5,5,50,9,85,Not Rated,0.0
14265,2020-02-27,2020-04-02,1875507,12769,12,2,5,5,10,9,85,Not Rated,0.0
14266,2020-02-26,2020-03-26,1683556,11162,61,2,5,5,9,9,85,Not Rated,0.0
14267,2020-02-27,2020-03-04,2032171,9211,62,2,5,5,40,9,85,SAT,0.0
14268,2020-02-28,2020-03-05,1813165,11119,66,2,5,5,12,9,85,Not Rated,0.0
14269,2020-02-27,2020-04-15,109667,9344,29,2,5,5,10,9,42,SAT,0.0
14270,2020-02-25,2020-03-16,336681,858,66,2,5,5,8,9,85,Not Rated,0.0
14271,2020-02-28,2020-04-13,2185610,9022,57,2,5,5,62,9,85,Not Rated,0.0
14272,2020-03-03,2020-03-03,336028,10710,69,2,5,5,59,9,16,SAT,0.0
14273,2020-03-03,2020-03-03,2135777,2696,69,2,5,5,59,9,16,SAT,0.0
14274,2020-03-03,2020-03-03,891335,8507,58,2,5,5,12,9,16,SAT,0.0
14275,2020-03-03,2020-03-03,2417317,991,70,2,5,5,59,9,16,SAT,0.0
14276,2020-03-03,2020-03-03,652413,1097,71,2,5,5,59,9,16,SAT,0.0
14277,2020-03-03,2020-03-19,1683408,1879,35,2,5,5,40,9,85,Not Rated,0.0
14278,2020-02-28,2020-04-14,893774,753,25,2,5,5,12,9,85,Not Rated,0.0
14279,2020-02-28,2020-03-10,1786341,1516,54,2,9,5,6,9,81,Not Rated,0.0
14280,2020-03-03,2020-04-15,2380705,9670,18,2,5,5,12,9,85,Not Rated,0.0
14281,2020-03-03,2020-03-03,1858433,9872,41,2,5,5,65,9,16,SAT,0.0
14282,2020-03-03,2020-03-03,2481384,9359,13,2,5,5,59,9,16,SAT,0.0
14283,2020-03-03,2020-03-05,165687,9918,7,2,5,5,59,9,16,SAT,0.0
14284,2020-03-04,2020-03-05,758084,10105,44,2,5,5,40,9,85,Not Rated,0.0
14285,2020-02-28,2020-04-06,1891563,10067,19,2,9,5,6,9,42,Not Rated,0.0
14286,2020-02-27,2020-03-04,271642,10898,5,2,5,5,12,9,42,Not Rated,0.0
14287,2020-02-28,2020-03-18,90079,10326,41,2,9,5,12,9,42,Not Rated,0.0
14288,2020-03-04,2020-03-16,1815242,11116,7,2,5,5,12,9,42,Not Rated,0.0
14289,2020-03-03,2020-03-19,2270546,235,34,2,5,5,10,9,42,Not Rated,0.0
14290,2020-03-04,2020-04-28,216798,2235,41,2,3,5,11,9,42,Not Rated,0.0
14291,2020-03-05,2020-03-11,1807833,11093,22,2,9,5,12,9,42,Not Rated,0.0
14292,2020-03-04,2020-03-11,2032171,12003,43,2,5,5,40,9,85,SAT,0.0
14293,2020-03-05,2020-04-10,351896,11078,7,2,5,5,10,9,42,Not Rated,0.0
14294,2020-03-04,2020-04-08,682844,11066,51,2,5,5,64,9,85,Not Rated,0.0
14295,2020-03-04,2020-03-06,517356,8949,73,2,9,5,40,9,85,Not Rated,0.0
14296,2020-03-05,2020-03-10,2159992,12116,65,2,7,5,18,9,81,Not Rated,0.0
14297,2020-03-06,2020-04-24,2058624,2601,77,2,7,5,58,9,42,Not Rated,0.0
14298,2020-03-05,2020-03-10,2066113,9872,13,2,5,5,64,9,85,Not Rated,0.0
14299,2020-03-06,2020-03-09,2400485,581,8,2,5,1,59,9,16,SAT,0.0
14300,2020-03-06,2020-04-10,1872189,10297,39,2,5,5,10,9,42,Not Rated,0.0
14301,2020-03-05,2020-04-21,2107235,994,45,2,5,5,44,9,42,SAT,0.0
14302,2020-03-09,2020-03-09,1796690,1465,56,2,5,5,59,9,16,SAT,0.0
14303,2020-03-09,2020-03-09,628142,11003,43,2,5,5,59,9,16,SAT,0.0
14304,2020-03-09,2020-03-09,2418261,9270,73,2,5,5,59,9,16,SAT,0.0
14305,2020-03-09,2020-03-09,583971,9405,12,2,5,5,59,9,16,SAT,0.0
14306,2020-03-06,2020-03-10,1841060,1275,46,2,5,5,12,9,42,Not Rated,0.0
14307,2020-03-09,2020-03-09,193709,1526,29,2,5,5,65,9,16,SAT,0.0
14308,2020-03-09,2020-03-09,2253300,2519,31,2,5,5,57,9,16,SAT,0.0
14309,2020-03-09,2020-03-09,2101895,224,15,2,5,5,59,9,16,SAT,0.0
14310,2020-03-09,2020-03-10,105101,1997,30,2,5,5,65,9,16,SAT,0.0
14311,2020-03-05,2020-04-21,52702,9204,41,2,3,5,11,9,42,Not Rated,0.0
14312,2020-03-06,2020-04-10,2224028,10490,44,2,5,5,8,9,85,Not Rated,0.0
14313,2020-02-17,2020-03-19,1875050,11074,2,2,5,5,40,9,85,Not Rated,0.0
14314,2020-03-09,2020-04-24,332132,9000,14,2,5,5,40,9,85,Not Rated,0.0
14315,2020-03-09,2020-03-13,2080297,11273,49,2,5,5,40,9,85,SAT,0.0
14316,2020-03-09,2020-03-30,827837,9559,14,2,9,5,40,9,85,SAT,0.0
14317,2020-03-10,2020-03-10,2069400,909,55,2,5,5,59,9,16,SAT,0.0
14318,2020-03-10,2020-03-20,532061,10983,63,2,5,5,64,9,85,Not Rated,0.0
14319,2020-03-10,2020-03-11,816034,11148,73,2,9,5,12,9,85,Not Rated,0.0
14320,2020-03-10,2020-03-10,372752,11849,2,2,5,5,59,9,16,SAT,0.0
14321,2020-03-10,2020-03-10,370658,9311,17,2,5,5,59,9,16,SAT,0.0
14322,2020-03-10,2020-03-10,825585,10964,37,2,5,5,59,9,16,SAT,0.0
14323,2020-03-10,2020-03-17,893328,10978,47,2,9,5,12,9,85,Not Rated,0.0
14324,2020-03-09,2020-04-10,1911424,11062,10,2,5,5,10,9,85,Not Rated,0.0
14325,2020-03-09,2020-04-14,1736651,12133,58,2,5,5,10,9,85,Not Rated,0.0
14326,2020-03-10,2020-03-19,1603926,10218,47,2,5,5,40,9,85,Not Rated,0.0
14327,2020-03-11,2020-04-16,371517,781,22,2,5,5,66,9,85,Not Rated,0.0
14328,2020-03-11,2020-03-16,217216,12176,16,2,5,5,63,9,85,Not Rated,0.0
14329,2020-03-12,2020-04-28,411316,10739,35,2,5,5,6,9,42,Not Rated,0.0
14330,2020-03-13,2020-03-13,1679166,12003,67,2,5,5,59,9,16,SAT,0.0
14331,2020-03-12,2020-03-20,557833,10071,58,2,4,5,8,9,85,Not Rated,0.0
14332,2020-03-13,2020-04-09,1844813,9983,32,2,5,5,8,9,85,Not Rated,0.0
14333,2020-03-13,2020-03-16,607158,11255,19,2,5,5,59,9,16,SAT,0.0
14334,2020-03-13,2020-03-16,450638,10722,37,2,5,5,52,9,16,SAT,0.0
14335,2020-03-13,2020-03-16,536355,9715,4,2,5,5,52,9,16,SAT,0.0
14336,2020-03-13,2020-03-16,824220,9405,17,2,5,5,59,9,16,SAT,0.0
14337,2020-03-13,2020-03-16,149353,12563,2,2,5,5,59,9,16,SAT,0.0
14338,2020-03-13,2020-03-27,2503596,12605,72,2,5,5,25,9,42,Not Rated,0.0
14339,2020-03-13,2020-03-16,2417871,813,53,2,5,5,59,9,16,SAT,0.0
14340,2020-03-13,2020-03-16,1655651,12414,49,2,5,5,59,9,16,SAT,0.0
14341,2020-03-13,2020-03-16,1754145,11796,76,2,5,5,59,9,16,SAT,0.0
14342,2020-03-12,2020-04-23,2019719,11245,48,2,5,5,63,9,85,Not Rated,0.0
14343,2020-03-13,2020-03-30,581847,9858,14,2,5,5,40,9,85,Not Rated,0.0
14344,2020-03-16,2020-03-16,1903608,10964,57,2,5,5,59,9,16,SAT,0.0
14345,2020-03-16,2020-03-16,822844,922,23,2,5,5,58,9,16,SAT,0.0
14346,2020-03-16,2020-03-16,1730625,1994,6,2,5,5,59,9,16,SAT,0.0
14347,2020-03-13,2020-04-02,425939,9272,61,2,5,5,50,9,85,Not Rated,0.0
14348,2020-03-11,2020-04-21,1979743,11011,20,2,3,5,64,9,42,Not Rated,0.0
14349,2020-03-16,2020-03-27,436300,9998,2,2,5,5,58,9,42,Not Rated,0.0
14350,2020-03-10,2020-03-19,1884891,9001,17,2,5,5,64,9,42,Not Rated,0.0
14351,2020-03-11,2020-05-04,173618,1106,41,2,9,5,12,9,42,Not Rated,0.0
14352,2020-03-16,2020-03-24,194193,10553,48,2,5,5,58,9,16,SAT,0.0
14353,2020-03-12,2020-04-02,1866065,11193,18,2,3,5,18,9,42,SAT,0.0
14354,2020-03-16,2020-03-16,434340,10948,75,2,5,5,64,9,42,Not Rated,0.0
14355,2020-03-12,2020-04-24,241351,8201,42,2,4,5,44,9,85,Not Rated,0.0
14356,2020-03-16,2020-03-24,1831293,1846,10,2,5,5,63,9,42,Not Rated,0.0
14357,2020-03-10,2020-04-15,794580,8057,26,2,3,5,11,9,42,SAT,1000.0
14358,2020-03-17,2020-03-17,692914,12358,2,2,5,5,59,9,16,SAT,0.0
14359,2020-03-16,2020-03-23,353250,12125,36,2,3,5,8,9,85,Not Rated,0.0
14360,2020-03-12,2020-04-24,750052,2601,29,2,4,5,12,9,85,Not Rated,0.0
14361,2020-03-17,2020-03-20,1859625,9419,66,2,5,5,64,9,42,Not Rated,0.0
14362,2020-03-16,2020-05-14,421814,11194,78,2,6,5,7,9,85,Not Rated,0.0
14363,2020-03-17,2020-03-18,1914540,11713,20,2,5,5,66,9,42,Not Rated,0.0
14364,2020-03-18,2020-03-24,736637,11050,78,2,5,5,12,9,42,Not Rated,0.0
14365,2020-03-16,2020-03-20,1885795,12024,12,2,5,5,64,9,42,Not Rated,0.0
14366,2020-03-18,2020-03-24,531745,9726,57,2,9,5,18,9,42,SAT,0.0
14367,2020-03-18,2020-04-21,583107,1515,20,2,5,5,64,9,42,Not Rated,0.0
14368,2020-03-18,2020-03-19,2165651,1275,48,2,5,5,12,9,16,SAT,0.0
14369,2020-03-17,2020-03-30,2504515,10577,58,2,5,5,40,9,85,Not Rated,0.0
14370,2020-03-18,2020-03-19,341494,11178,68,2,5,5,12,9,42,Not Rated,0.0
14371,2020-03-18,2020-04-24,1843523,11039,29,2,5,5,50,9,85,Not Rated,0.0
14372,2020-03-19,2020-03-19,2217262,11119,1,2,5,5,52,9,16,SAT,0.0
14373,2020-03-18,2020-03-19,2166859,10327,44,2,9,5,6,9,42,Not Rated,0.0
14374,2020-03-18,2020-03-23,2079878,11213,50,2,5,5,44,9,85,Not Rated,0.0
14375,2020-03-19,2020-04-16,2154840,2659,51,2,5,5,64,9,85,Not Rated,0.0
14377,2020-03-19,2020-04-13,2071363,11005,48,2,5,5,64,9,85,Not Rated,0.0
14378,2020-03-19,2020-03-20,1805443,10116,49,2,3,5,64,9,85,Not Rated,0.0
14379,2020-03-20,2020-03-20,1914475,8882,2,2,5,5,59,9,16,SAT,0.0
14380,2020-03-20,2020-03-20,558697,11552,3,2,5,5,52,9,16,SAT,0.0
14381,2020-03-20,2020-04-02,658430,11044,16,2,3,5,18,9,42,SAT,0.0
14382,2020-03-20,2020-03-23,426740,11153,77,2,5,5,12,9,85,Not Rated,0.0
14383,2020-03-23,2020-03-23,1836926,12256,77,2,5,5,59,9,16,SAT,0.0
14384,2020-03-20,2020-03-31,1806448,10565,27,2,9,5,12,9,42,Not Rated,0.0
14385,2020-03-23,2020-03-26,1901871,12262,63,2,5,5,12,9,42,Not Rated,0.0
14386,2020-03-23,2020-03-31,453347,11134,60,2,9,5,12,9,42,Not Rated,0.0
14387,2020-03-24,2020-04-15,346900,12727,12,2,3,5,40,9,85,SAT,0.0
14388,2020-03-26,2020-03-26,1797793,11545,47,2,5,5,59,9,16,SAT,0.0
14389,2020-03-20,2020-03-26,657088,10967,77,2,5,5,58,9,42,Not Rated,0.0
14390,2020-03-26,2020-03-26,112810,9670,49,2,5,5,59,9,16,SAT,0.0
14391,2020-03-26,2020-03-26,209679,836,44,2,5,5,58,9,16,SAT,0.0
14393,2020-03-24,2020-03-27,1914517,9853,39,2,5,5,58,9,85,Not Rated,0.0
14394,2020-03-24,2020-03-30,240441,211,17,2,5,5,8,9,85,Not Rated,0.0
14395,2020-03-26,,2554557,496,35,2,5,5,40,3,85,Not Rated,0.0
14396,2020-03-26,2020-04-27,1817691,187,61,2,3,5,6,9,42,Not Rated,0.0
14397,2020-03-27,2020-03-27,837535,11254,13,2,5,5,58,9,16,SAT,0.0
14398,2020-03-27,,1943186,2601,51,2,5,5,50,4,85,Not Rated,0.0
14399,2020-03-26,2020-04-03,723109,10623,8,2,5,5,58,9,42,Not Rated,0.0
14400,2020-03-27,2020-03-30,2115646,11182,14,2,9,5,6,9,42,Not Rated,0.0
14401,2020-03-27,2020-03-30,2222130,1256,16,2,5,5,18,9,85,Not Rated,0.0
14402,2020-03-30,2020-05-04,2059564,11278,4,2,3,5,18,9,42,SAT,0.0
14403,2020-03-30,2020-03-30,2107988,10359,50,2,5,5,52,9,16,SAT,0.0
14404,2020-03-30,2020-03-30,2058411,1081,46,2,5,5,58,9,16,SAT,0.0
14405,2020-03-27,2020-04-23,316403,9970,75,2,3,5,66,9,85,Not Rated,0.0
14406,2020-03-27,2020-04-13,241806,12603,74,2,5,5,44,9,42,Not Rated,0.0
14407,2020-03-30,2020-03-30,356193,11286,60,2,5,5,59,9,16,SAT,0.0
14408,2020-03-11,2020-04-03,646888,12250,10,2,9,5,40,9,85,SAT,0.0
14409,2020-03-30,2020-04-30,673670,12250,1,2,5,5,66,9,85,Not Rated,0.0
14410,2020-04-01,2020-04-01,1791380,12044,11,2,5,5,59,9,16,SAT,0.0
14411,2020-04-01,2020-04-01,15067,9558,26,2,5,5,59,9,16,SAT,0.0
14412,2020-04-01,2020-04-02,1674558,197,12,2,5,5,63,9,85,Not Rated,0.0
14413,2020-04-01,2020-04-01,112645,10659,75,2,5,5,52,9,16,SAT,0.0
14414,2020-04-01,2020-04-01,46094,884,33,2,5,5,52,9,16,SAT,0.0
14415,2020-04-01,2020-04-01,176385,11099,27,2,5,5,59,9,16,SAT,0.0
14416,2020-04-01,2020-04-01,382308,10764,58,2,5,5,59,9,16,SAT,0.0
14417,2020-03-31,2020-05-04,893910,11172,33,2,9,5,12,9,42,Not Rated,0.0
14418,2020-03-31,,1735376,1645,36,2,5,5,15,4,42,Not Rated,0.0
14419,2020-04-01,2020-05-07,1799868,9893,7,2,5,5,62,9,85,Not Rated,0.0
14420,2020-04-02,2020-04-23,2221799,9628,17,2,3,5,23,9,42,Not Rated,0.0
14421,2020-04-02,2020-05-05,2136239,11916,27,2,5,5,44,9,42,Not Rated,0.0
14422,2020-04-02,2020-05-05,1921579,7950,7,2,5,5,44,9,42,Not Rated,0.0
14423,2020-04-02,2020-05-06,2018504,12754,33,2,5,5,62,9,42,Not Rated,0.0
14424,2020-03-30,2020-05-04,2170441,2468,71,2,9,5,12,9,42,Not Rated,0.0
14425,2020-04-03,2020-05-06,892279,9359,33,2,5,5,8,9,85,Not Rated,0.0
14426,2020-04-06,,1891934,2500,50,2,5,5,61,2,16,SAT,0.0
14427,2020-04-06,2020-04-06,2387404,8948,43,2,5,5,12,9,16,SAT,0.0
14428,2020-04-06,2020-04-07,703973,2537,25,2,5,5,18,9,42,Not Rated,0.0
14429,2020-04-03,2020-05-08,619308,12358,77,2,5,5,19,9,85,Not Rated,0.0
14430,2020-04-01,2020-04-10,1896597,2178,63,2,5,5,19,9,85,Not Rated,0.0
14431,2020-04-03,2020-05-12,1731093,12038,66,2,5,5,63,9,42,Not Rated,0.0
14432,2020-04-02,2020-04-06,323087,1309,34,2,5,5,40,9,42,Not Rated,0.0
14433,2020-04-06,,1862102,11621,72,2,5,5,12,4,85,Not Rated,0.0
14434,2020-04-06,,1797793,12299,33,2,5,5,12,4,42,Not Rated,0.0
14435,2020-04-07,2020-05-13,796633,138,76,2,5,5,8,9,42,Not Rated,0.0
14436,2020-04-08,2020-04-13,1802056,9546,21,2,5,5,65,9,16,SAT,0.0
14437,2020-04-07,2020-05-12,1706242,8919,76,2,5,5,44,9,42,Not Rated,0.0
14438,2020-04-07,2020-04-08,2513513,11134,65,2,5,5,64,9,42,Not Rated,0.0
14439,2020-04-09,2020-05-04,1852636,813,26,2,5,5,63,9,85,Not Rated,0.0
14440,2020-04-09,,887156,922,56,2,5,5,61,2,16,SAT,0.0
14441,2020-04-09,2020-04-09,377050,2555,20,2,5,5,59,9,16,SAT,0.0
14442,2020-04-07,2020-04-14,779663,2129,16,2,5,5,64,9,42,Not Rated,0.0
14443,2020-04-09,2020-04-09,891100,10020,51,2,5,5,10,9,85,Not Rated,0.0
14444,2020-04-10,2020-04-13,800639,9998,50,2,5,5,58,9,42,Not Rated,0.0
14445,2020-04-10,,1792766,10016,5,2,5,5,12,3,42,Not Rated,0.0
14446,2020-04-13,2020-04-13,1911084,12367,26,2,5,5,65,9,16,SAT,0.0
14447,2020-04-13,2020-04-23,225888,8853,72,2,5,5,12,9,42,Not Rated,0.0
14448,2020-04-14,2020-04-15,1722134,8932,13,2,5,5,59,9,16,SAT,0.0
14449,2020-04-14,2020-04-24,490999,11937,62,2,5,5,65,9,16,SAT,0.0
14450,2020-04-06,2020-04-24,2130360,9601,41,2,3,5,64,9,42,Not Rated,0.0
14451,2020-04-14,2020-04-22,1735760,10127,38,2,5,5,12,9,16,SAT,0.0
14452,2020-04-09,2020-05-12,272575,12328,22,2,5,5,15,9,85,Not Rated,0.0
14453,2020-04-15,2020-04-15,101625,12038,21,2,5,5,59,9,16,SAT,0.0
14454,2020-04-15,2020-04-15,2072836,9796,67,2,5,5,52,9,16,SAT,0.0
14455,2020-04-15,,2115705,12754,37,2,5,5,62,3,85,Not Rated,0.0
14456,2020-04-15,2020-05-07,2151587,12510,53,2,5,5,18,9,85,Not Rated,0.0
14457,2020-04-15,2020-04-15,2089928,2460,21,2,5,5,59,9,16,SAT,0.0
14458,2020-04-15,,1818700,12692,44,2,5,5,10,3,42,Not Rated,0.0
14459,2020-04-15,,677434,10553,33,2,3,5,12,3,42,Not Rated,0.0
14460,2020-04-16,,198723,1748,62,2,5,5,61,2,16,SAT,0.0
14461,2020-04-21,2020-04-24,891122,11849,21,2,5,5,65,9,16,SAT,0.0
14462,2020-04-21,2020-05-07,380000,1303,65,2,5,5,11,9,42,Not Rated,0.0
14463,2020-04-14,,1647388,9260,14,2,5,5,12,3,42,Not Rated,0.0
14464,2020-04-14,2020-04-22,619567,781,14,2,3,5,58,9,42,Not Rated,0.0
14465,2020-04-21,2020-04-27,221694,12087,33,2,5,5,19,9,42,Not Rated,0.0
14466,2020-04-22,,1808357,11175,50,2,5,5,61,2,16,SAT,0.0
14467,2020-04-10,2020-05-07,877846,10020,2,2,3,5,66,9,85,Not Rated,0.0
14468,2020-05-04,,303942,12589,3,2,4,5,42,3,85,Not Rated,0.0
14469,2020-04-21,2020-04-27,1914854,9857,74,2,5,5,66,9,85,Not Rated,0.0
14470,2020-04-23,,893110,10430,6,2,5,5,59,2,16,SAT,0.0
14471,2020-04-23,2020-04-23,1842102,11676,5,2,5,5,59,9,16,SAT,0.0
14472,2020-04-23,2020-04-23,687498,12605,8,2,5,5,12,9,16,SAT,0.0
14473,2020-04-23,2020-04-23,2366739,11000,35,2,5,5,59,9,16,SAT,0.0
14474,2020-04-23,,1870084,11031,55,2,5,5,61,2,16,SAT,0.0
14475,2020-04-23,2020-04-23,1881589,2128,70,2,5,5,59,9,16,SAT,0.0
14476,2020-04-22,2020-04-29,291916,10071,50,2,5,5,64,9,42,Not Rated,0.0
14477,2020-04-23,2020-05-13,2114831,11954,70,2,5,5,64,9,42,Not Rated,0.0
14478,2020-04-23,2020-04-23,816847,11094,26,2,5,5,58,9,16,SAT,0.0
14479,2020-04-23,2020-05-08,1793498,8911,37,2,5,5,18,9,42,Not Rated,0.0
14480,2020-04-23,,2038784,9206,71,2,5,5,32,4,42,Not Rated,0.0
14481,2020-04-24,,889630,9799,36,2,5,5,61,2,16,SAT,0.0
14482,2020-04-24,2020-04-24,355262,12061,69,2,5,5,65,9,16,SAT,0.0
14483,2020-04-24,2020-04-24,2116383,9968,19,2,5,5,59,9,16,SAT,0.0
14484,2020-04-23,2020-04-28,890858,1573,42,2,5,5,64,9,85,Not Rated,0.0
14485,2020-04-27,2020-04-27,262608,1702,72,2,5,5,59,9,16,Not Rated,0.0
14486,2020-04-27,2020-04-27,837905,2206,53,2,5,5,58,9,16,SAT,0.0
14487,2020-04-27,2020-04-27,1790359,10055,45,2,5,5,12,9,16,SAT,0.0
14488,2020-04-27,2020-04-27,458059,12563,43,2,5,5,59,9,16,SAT,0.0
14489,2020-04-27,2020-04-30,761837,9405,5,2,5,5,10,9,42,Not Rated,0.0
14490,2020-04-24,2020-05-07,373914,1517,69,2,5,5,64,9,42,Not Rated,0.0
14491,2020-04-27,2020-04-27,2221463,10993,27,2,5,5,58,9,16,SAT,0.0
14492,2020-04-27,2020-04-27,1660312,8544,28,2,5,5,59,9,16,SAT,0.0
14493,2020-04-27,2020-04-27,2163330,1115,41,2,5,5,59,9,16,SAT,0.0
14494,2020-04-27,2020-04-27,64416,10360,11,2,5,5,65,9,16,SAT,0.0
14495,2020-04-28,2020-05-11,1722865,11122,70,2,9,5,12,9,42,Not Rated,0.0
14496,2020-04-28,,1652531,10569,5,2,5,5,12,3,42,Not Rated,0.0
14497,2020-04-28,,1893398,11100,61,2,9,5,32,3,42,Not Rated,0.0
14498,2020-04-28,,551543,10900,47,2,5,5,13,3,85,Not Rated,0.0
14499,2020-04-29,2020-04-29,1914544,10883,6,2,5,5,59,9,16,SAT,0.0
14500,2020-04-29,2020-04-29,315350,10563,5,2,5,5,59,9,16,SAT,0.0
14502,2020-04-28,,2222130,10020,32,2,5,5,64,3,85,Not Rated,0.0
14503,2020-04-28,2020-05-13,845623,542,8,2,5,5,63,9,85,Not Rated,0.0
14504,2020-04-30,2020-04-30,799840,221,57,2,5,5,59,9,16,SAT,0.0
14505,2020-04-29,,358883,2519,70,2,5,5,15,3,42,Not Rated,0.0
14506,2020-04-29,,363780,11287,47,2,5,5,15,4,85,Not Rated,0.0
14507,2020-04-30,2020-05-13,2153790,528,44,2,5,5,19,9,85,Not Rated,0.0
14508,2020-04-30,2020-04-30,1781703,11059,26,2,5,5,64,9,85,Not Rated,0.0
14509,2020-05-04,2020-05-04,710417,10345,25,2,5,5,59,9,16,SAT,0.0
14510,2020-04-30,2020-05-13,2311137,8919,76,2,5,5,12,9,42,Not Rated,0.0
14511,2020-05-04,,2218395,10993,65,2,5,5,9,4,42,Not Rated,0.0
14512,2020-05-04,2020-05-04,1912180,133,61,2,5,5,52,9,16,SAT,0.0
14513,2020-05-05,2020-05-05,338203,9715,46,2,5,5,59,9,16,SAT,0.0
14514,2020-05-05,2020-05-05,1826026,2537,39,2,5,5,59,9,16,SAT,0.0
14515,2020-05-05,,2101882,1253,34,2,5,5,61,2,16,SAT,0.0
14516,2020-05-05,2020-05-05,691708,9706,50,2,5,5,65,9,16,SAT,0.0
14517,2020-05-05,2020-05-05,1775868,12475,9,2,5,5,59,9,16,SAT,0.0
14518,2020-05-05,,289105,974,66,2,5,5,61,2,16,SAT,0.0
14519,2020-04-27,2020-04-29,893343,10577,77,2,5,5,61,9,42,Not Rated,0.0
14520,2020-05-05,2020-05-06,382517,11244,40,2,5,5,64,9,85,Not Rated,0.0
14521,2020-05-04,,174446,11265,15,2,5,5,45,4,85,Not Rated,0.0
14522,2020-05-05,2020-05-14,1849308,10361,66,2,5,5,40,9,85,Not Rated,0.0
14523,2020-05-05,,2108996,11122,39,2,5,5,8,3,42,Not Rated,0.0
14524,2020-05-06,2020-05-06,895610,11713,48,2,5,5,59,9,16,SAT,0.0
14525,2020-05-06,2020-05-06,397807,11171,13,2,5,5,59,9,16,SAT,0.0
14526,2020-05-06,2020-05-06,1837064,11146,24,2,5,5,52,9,16,SAT,0.0
14529,2020-05-05,2020-05-07,358746,11954,13,2,5,5,64,9,85,Not Rated,0.0
14530,2020-05-07,2020-05-08,2218017,11942,58,2,5,5,59,9,16,SAT,0.0
14531,2020-05-06,,2103581,11552,57,2,3,5,45,4,42,Not Rated,0.0
14532,2020-05-06,,166215,858,78,2,5,5,50,4,42,Not Rated,0.0
14533,2020-05-08,2020-05-08,44152,11474,18,2,5,5,59,9,16,SAT,0.0
14534,2020-05-07,,238054,974,31,2,3,5,66,1,85,Not Rated,0.0
14535,2020-05-08,2020-05-08,510867,12262,38,2,5,5,59,9,16,SAT,0.0
14536,2020-05-07,,69446,12198,71,2,5,5,8,1,42,Not Rated,0.0
14537,2020-05-08,,2032184,8999,23,2,5,5,13,1,85,Not Rated,0.0
14538,2020-05-11,2020-05-11,422206,9204,10,2,5,5,59,9,16,SAT,0.0
14539,2020-05-11,2020-05-11,196094,1291,61,2,5,5,58,9,16,SAT,0.0
14540,2020-05-11,,773340,133,60,2,5,5,63,1,85,Not Rated,0.0
14541,2020-05-11,2020-05-11,729297,9205,53,2,5,5,65,9,16,SAT,0.0
14542,2020-05-11,2020-05-11,2007889,10601,19,2,5,5,65,9,16,SAT,0.0
14543,2020-05-11,2020-05-11,1883926,10297,64,2,5,5,59,9,16,SAT,0.0
14544,2020-05-11,,2117712,9796,66,2,5,5,62,4,85,Not Rated,0.0
14545,2020-05-11,2020-05-11,355654,2532,17,2,5,5,10,9,42,Not Rated,0.0
14546,2020-05-08,,2256852,10794,49,2,5,5,10,1,42,Not Rated,0.0
14547,2020-05-11,2020-05-11,2019632,1253,72,2,5,5,65,9,16,SAT,0.0
14548,2020-05-12,2020-05-13,571888,10160,71,2,5,5,12,9,16,SAT,0.0
14549,2020-05-12,2020-05-12,536452,8820,8,2,5,5,58,9,16,SAT,0.0
14550,2020-05-12,2020-05-12,2016654,10563,76,2,5,5,65,9,16,SAT,0.0
14551,2020-05-12,2020-05-12,171985,1630,14,2,5,5,59,9,16,SAT,0.0
14552,2020-05-12,2020-05-12,238054,10073,42,2,5,5,52,9,16,SAT,0.0
14553,2020-05-12,2020-05-12,2119248,9918,14,2,5,5,52,9,16,SAT,0.0
14554,2020-05-12,2020-05-12,7649,11223,5,2,5,5,65,9,16,SAT,0.0
14555,2020-05-12,,1812906,11003,19,2,5,5,32,1,42,Not Rated,0.0
14556,2020-05-11,,373562,9445,49,2,5,5,40,4,85,Not Rated,0.0
14557,2020-05-12,,3919,11715,27,2,3,5,40,4,42,Not Rated,0.0
14558,2020-05-12,2020-05-12,2038685,7671,38,2,5,5,59,9,16,SAT,0.0
14559,2020-05-13,2020-05-13,2127811,10553,30,2,5,5,59,9,16,SAT,0.0
14560,2020-05-05,2020-05-08,1901871,11078,11,2,5,4,40,9,85,SAT,0.0
14561,2020-05-13,2020-05-13,1722134,9000,22,2,5,5,59,9,16,SAT,0.0
14562,2020-05-13,,2348805,586,42,2,5,5,61,2,16,SAT,0.0
14563,2020-05-12,2020-05-13,1709758,10739,68,2,5,5,7,9,42,Not Rated,0.0
14564,2020-05-13,,1867202,2378,8,2,5,5,61,2,16,SAT,0.0
14565,2020-05-13,,488837,10490,32,2,5,5,10,1,42,Not Rated,0.0
14566,2020-05-14,2020-05-14,614270,8057,22,2,5,5,59,9,16,SAT,0.0
14567,2020-05-14,2020-05-14,241694,11039,37,2,5,5,59,9,16,SAT,0.0
14568,2020-05-14,2020-05-14,276311,12299,74,2,5,5,65,9,16,SAT,0.0
14569,2020-05-14,2020-05-14,886059,858,6,2,5,5,65,9,16,SAT,0.0
14570,2020-05-14,2020-05-14,706738,528,2,2,5,5,65,9,16,SAT,0.0
14571,2020-05-14,2020-05-14,511388,9800,31,2,5,5,58,9,16,SAT,0.0
14572,2020-05-12,,236624,10071,74,2,9,5,6,4,42,Not Rated,0.0
14573,2020-05-14,,1770918,11171,76,2,5,5,63,4,85,Not Rated,0.0
14574,2020-05-07,,289515,11182,71,2,5,5,64,1,85,Not Rated,0.0
14575,2020-05-13,,2125261,12133,22,2,9,5,12,4,42,Not Rated,0.0
