CustomerID,LastName,FirstName,BirthDate,Gender,ParticipantType,RegionID,MaritalStatus
18,Christine,Bowman,1978-03-06,FEMALE,INDIVIDUAL,245,Single
110,Thomas,Burke,1971-09-04,MALE,INDIVIDUAL,388,Married
422,Cynthia,Powell,1970-08-21,FEMALE,INDIVIDUAL,263,Single
457,Gary,Baker,1963-01-01,MALE,INDIVIDUAL,74,Divorced
690,Ruth,Baker,1952-02-13,FEMALE,INDIVIDUAL,146,Married
1002,Barbara,Payne,1966-05-17,FEMALE,INDIVIDUAL,871,Married
1240,Scott,Roberts,1978-01-31,MALE,INDIVIDUAL,863,Married
1326,Patricia,Johnson,1965-02-08,FEMALE,INDIVIDUAL,987,Single
1475,Gerald,Rogers,2012-06-25,MALE,INDIVIDUAL,627,Married
1517,Anthony,Knight,1969-03-19,MALE,INDIVIDUAL,840,Married
1554,Roger,Medina,1952-10-05,MALE,INDIVIDUAL,883,Single
1582,Scott,Miller,1967-07-12,MALE,INDIVIDUAL,142,Married
1971,Jeffrey,Cox,1966-06-30,MALE,INDIVIDUAL,906,Divorced
2165,Jean,Payne,1984-10-17,FEMALE,INDIVIDUAL,412,Single
2286,Bruce,Ortiz,1965-10-20,MALE,INDIVIDUAL,944,Single
2348,Mildred,Reed,2001-08-06,FEMALE,INDIVIDUAL,769,Single
2395,Charles,Riley,1969-10-25,MALE,INDIVIDUAL,983,Married
2932,Jesse,Lane,1991-07-17,MALE,INDIVIDUAL,837,Married
3237,Amanda,Thomas,1951-01-08,FEMALE,INDIVIDUAL,16,Single
3371,Mary,Hernandez,1962-11-24,FEMALE,INDIVIDUAL,767,Single
3919,Amanda,Anderson,1956-01-02,FEMALE,INDIVIDUAL,734,Married
4109,Jack,Simmons,1960-12-10,MALE,INDIVIDUAL,59,Married
4437,Larry,Garza,1973-07-21,MALE,INDIVIDUAL,16,Married
4599,Kenneth,Hernandez,1967-05-03,MALE,INDIVIDUAL,504,Single
5081,Janet,Crawford,1976-05-27,FEMALE,INDIVIDUAL,69,Married
5191,Lois,Woods,1971-10-09,FEMALE,INDIVIDUAL,567,Single
5464,Russell,Harper,1963-03-17,MALE,INDIVIDUAL,385,Married
5465,Matthew,Lewis,1965-02-15,MALE,INDIVIDUAL,375,Single
5480,Martha,Hicks,1968-08-13,FEMALE,INDIVIDUAL,28,Married
6403,Jessica,Boyd,1976-05-30,FEMALE,INDIVIDUAL,459,Married
6441,James,Perez,1966-04-06,MALE,INDIVIDUAL,450,Divorced
6644,Craig,Elliott,1967-10-19,MALE,INDIVIDUAL,275,Divorced
6935,Justin,Fox,2004-07-06,MALE,INDIVIDUAL,86,Married
6945,Jeremy,Ross,1976-12-05,MALE,INDIVIDUAL,499,Divorced
7302,Ryan,Hill,1946-07-20,MALE,INDIVIDUAL,655,Single
7311,Martin,Franklin,1981-07-29,MALE,INDIVIDUAL,165,Married
7448,Jane,Watson,1963-08-21,FEMALE,INDIVIDUAL,670,Single
7491,Walter,Marshall,2002-01-14,MALE,INDIVIDUAL,150,Divorced
7619,Craig,Warren,1976-11-26,MALE,INDIVIDUAL,361,Married
7649,Mary,Wells,1947-11-06,FEMALE,INDIVIDUAL,684,Married
7734,Melissa,Watkins,1978-04-29,FEMALE,INDIVIDUAL,127,Married
7743,Stephen,Scott,1981-08-19,MALE,INDIVIDUAL,161,Divorced
7893,Patricia,Hunt,1953-05-24,FEMALE,INDIVIDUAL,51,Married
7986,Keith,Crawford,1962-03-15,MALE,INDIVIDUAL,647,Divorced
8026,Johnny,Franklin,1970-08-27,MALE,INDIVIDUAL,956,Married
8030,Henry,Gardner,1968-06-30,MALE,INDIVIDUAL,378,Divorced
8040,Roy,Lewis,1971-09-30,MALE,INDIVIDUAL,11,Divorced
8282,Jose,Hicks,1961-05-24,MALE,INDIVIDUAL,645,Single
8303,Kenneth,Rivera,1964-01-05,MALE,INDIVIDUAL,580,Married
8405,Sara,Reyes,1959-05-27,FEMALE,INDIVIDUAL,492,Single
8406,Deborah,Gonzales,1982-02-03,FEMALE,INDIVIDUAL,704,Married
8439,Ruby,Reynolds,2009-09-01,FEMALE,INDIVIDUAL,864,Single
8471,Steven,Schmidt,1974-10-21,MALE,INDIVIDUAL,917,Married
8849,Billy,Jenkins,1980-08-01,MALE,INDIVIDUAL,414,Single
8907,Phyllis,Scott,1948-01-19,FEMALE,INDIVIDUAL,668,Married
9303,Eric,Jacobs,1974-11-01,MALE,INDIVIDUAL,588,Divorced
9407,Victor,Mason,1959-08-30,MALE,INDIVIDUAL,528,Married
10101,Chris,Cooper,1976-04-11,MALE,INDIVIDUAL,5,Divorced
10192,Billy,Roberts,1970-11-16,MALE,INDIVIDUAL,636,Single
10389,Matthew,Anderson,1967-08-13,MALE,INDIVIDUAL,751,Single
10433,Ralph,Howell,1972-07-27,MALE,INDIVIDUAL,781,Single
10528,Martha,Riley,2011-11-23,FEMALE,INDIVIDUAL,349,Married
10535,Irene,Berry,1995-01-21,FEMALE,INDIVIDUAL,234,Single
10571,Wayne,Gonzales,1967-05-22,MALE,INDIVIDUAL,247,Married
10597,Christopher,Hayes,1987-08-04,MALE,INDIVIDUAL,134,Married
10610,Jesse,Coleman,1978-04-15,MALE,INDIVIDUAL,836,Married
10799,Kenneth,Andrews,1988-01-04,MALE,INDIVIDUAL,60,Single
10832,Harry,Willis,1969-02-22,MALE,INDIVIDUAL,77,Divorced
11160,Jerry,Jackson,1970-09-29,MALE,INDIVIDUAL,934,Single
11174,Amanda,Armstrong,1968-06-25,FEMALE,INDIVIDUAL,250,Single
11412,Rose,George,1951-01-02,FEMALE,INDIVIDUAL,882,Single
11417,Rachel,Hughes,1976-03-30,FEMALE,INDIVIDUAL,860,Married
11424,Ernest,Bishop,2011-04-18,MALE,INDIVIDUAL,795,Married
11517,Jimmy,Turner,1979-04-14,MALE,INDIVIDUAL,312,Married
11606,Ronald,Butler,1975-09-04,MALE,INDIVIDUAL,175,Married
11748,Annie,Bowman,1985-10-13,FEMALE,INDIVIDUAL,464,Married
11817,Lisa,Black,1968-06-25,FEMALE,INDIVIDUAL,488,Single
12201,Donald,Mason,1970-11-12,MALE,INDIVIDUAL,313,Single
12341,Angela,Chapman,1987-10-02,FEMALE,INDIVIDUAL,610,Married
12349,Elizabeth,Foster,1969-12-16,FEMALE,INDIVIDUAL,595,Married
12593,Anne,Garza,1972-09-25,FEMALE,INDIVIDUAL,771,Single
12602,Nicole,Carter,1984-09-06,FEMALE,INDIVIDUAL,283,Single
12656,Marilyn,Gutierrez,1979-11-22,FEMALE,INDIVIDUAL,321,Married
12964,Todd,Fisher,1975-03-07,MALE,INDIVIDUAL,906,Married
13029,Jerry,Kennedy,1970-07-03,MALE,INDIVIDUAL,516,Single
13365,Nicole,Armstrong,1970-05-26,FEMALE,INDIVIDUAL,446,Single
13644,Alan,Young,1968-02-09,MALE,INDIVIDUAL,189,Single
13649,Ashley,Lawrence,1965-04-17,FEMALE,INDIVIDUAL,531,Married
13825,Linda,Ruiz,1968-10-16,FEMALE,INDIVIDUAL,324,Married
13947,Jennifer,Williamson,1980-09-22,FEMALE,INDIVIDUAL,494,Single
14002,Mark,Foster,1959-05-13,MALE,INDIVIDUAL,631,Single
14004,Adam,Riley,1990-11-30,MALE,INDIVIDUAL,113,Married
14021,Bruce,Richardson,1958-07-14,MALE,INDIVIDUAL,672,Divorced
14433,Russell,Brooks,1971-02-09,MALE,INDIVIDUAL,677,Single
14448,Barbara,Fuller,2007-10-27,FEMALE,INDIVIDUAL,285,Single
14734,Gloria,Cooper,1997-12-30,FEMALE,INDIVIDUAL,194,Single
15067,Pamela,Anderson,1971-10-14,FEMALE,INDIVIDUAL,71,Single
15646,Lillian,Hill,1972-09-12,FEMALE,INDIVIDUAL,325,Married
16163,Helen,Mills,2009-11-17,FEMALE,INDIVIDUAL,841,Single
16225,Jack,Hill,1972-04-21,MALE,INDIVIDUAL,527,Single
16259,Tammy,Crawford,1978-10-23,FEMALE,INDIVIDUAL,614,Divorced
16534,Annie,Lane,1968-10-09,FEMALE,INDIVIDUAL,751,Divorced
16820,Todd,Woods,1978-09-30,MALE,INDIVIDUAL,575,Married
16930,Christine,Little,1960-06-25,FEMALE,INDIVIDUAL,668,Single
16976,Joseph,Pierce,1971-08-15,MALE,INDIVIDUAL,79,Single
17084,Melissa,Cole,1959-05-25,FEMALE,INDIVIDUAL,861,Married
17480,Jimmy,Stephens,1984-07-28,MALE,INDIVIDUAL,325,Married
17910,Maria,Hansen,1980-02-14,FEMALE,INDIVIDUAL,641,Single
18187,Mark,Hart,1956-09-04,MALE,INDIVIDUAL,274,Divorced
18240,Albert,Torres,1987-07-21,MALE,INDIVIDUAL,540,Single
18283,Mark,Sullivan,1975-11-05,MALE,INDIVIDUAL,828,Married
18761,George,Mason,2007-06-05,MALE,INDIVIDUAL,375,Married
18786,Steve,Simpson,1972-09-08,MALE,INDIVIDUAL,432,Married
18929,Edward,Peterson,1963-07-18,MALE,INDIVIDUAL,381,Married
19089,Louise,Reyes,1959-09-24,FEMALE,INDIVIDUAL,655,Married
19127,Amanda,Frazier,1989-03-25,FEMALE,INDIVIDUAL,255,Single
19191,Larry,Howard,1953-03-14,MALE,INDIVIDUAL,613,Married
19289,Theresa,Tucker,1952-09-15,FEMALE,INDIVIDUAL,479,Married
19631,Andrea,Ramos,1982-09-16,FEMALE,INDIVIDUAL,931,Married
19645,Wanda,Tucker,1983-01-10,FEMALE,INDIVIDUAL,614,Married
19664,Jeremy,Hart,2012-08-31,MALE,INDIVIDUAL,357,Married
19691,Louis,Gomez,1971-08-16,MALE,INDIVIDUAL,738,Single
19752,Mark,Nguyen,1975-01-04,MALE,INDIVIDUAL,943,Married
19783,Antonio,Chavez,2006-09-05,MALE,INDIVIDUAL,696,Married
19868,Melissa,Morgan,2010-06-22,FEMALE,INDIVIDUAL,128,Married
19934,Anna,Martinez,1986-05-16,FEMALE,INDIVIDUAL,860,Married
19960,Gregory,Hansen,1952-08-31,MALE,INDIVIDUAL,23,Single
19987,Larry,Graham,1978-11-24,MALE,INDIVIDUAL,256,Married
20077,Deborah,Pierce,1969-04-23,FEMALE,INDIVIDUAL,41,Married
20123,Linda,Ortiz,1976-04-25,FEMALE,INDIVIDUAL,793,Single
20146,Steve,Collins,1971-07-02,MALE,INDIVIDUAL,133,Single
20154,Margaret,Evans,1960-04-12,FEMALE,INDIVIDUAL,358,Married
20175,Virginia,Morgan,1971-01-18,FEMALE,INDIVIDUAL,111,Married
20309,Frank,Mendoza,1978-02-20,MALE,INDIVIDUAL,209,Married
20467,Gadal ,,,,COMPANY,850,
20651,Charles,Rogers,2009-01-28,MALE,INDIVIDUAL,550,Married
20746,Raymond,Cook,1959-09-16,MALE,INDIVIDUAL,738,Married
20924,Robert,Ellis,1974-01-29,MALE,INDIVIDUAL,705,Married
21047,Dennis,Matthews,1968-08-15,MALE,INDIVIDUAL,641,Single
21087,Larry,Wallace,1983-08-20,MALE,INDIVIDUAL,15,Married
21404,Nancy,Allen,1980-12-18,FEMALE,INDIVIDUAL,724,Single
21604,Albert,Watson,1963-05-22,MALE,INDIVIDUAL,307,Married
21713,Todd,Murphy,1966-10-04,MALE,INDIVIDUAL,398,Single
22791,Earl,Larson,1973-02-19,MALE,INDIVIDUAL,637,Married
22793,Bruce,Mitchell,1973-08-23,MALE,INDIVIDUAL,62,Married
22958,Pamela,Clark,1981-03-25,FEMALE,INDIVIDUAL,698,Single
23061,Brenda,Gomez,1974-06-15,FEMALE,INDIVIDUAL,993,Single
23618,Kathy,Gardner,1953-01-06,FEMALE,INDIVIDUAL,386,Married
23702,Stephanie,Green,1979-05-16,FEMALE,INDIVIDUAL,562,Married
23762,Stephanie,Howell,1972-02-01,FEMALE,INDIVIDUAL,439,Married
23801,Roy,Phillips,1961-01-16,MALE,INDIVIDUAL,308,Married
23821,Mary,Kennedy,1984-04-25,FEMALE,INDIVIDUAL,275,Single
24051,Joyce,Young,1982-11-22,FEMALE,INDIVIDUAL,315,Single
24127,Joan,Thomas,1980-08-30,FEMALE,INDIVIDUAL,741,Married
24156,Philip,Payne,1977-09-02,MALE,INDIVIDUAL,215,Married
24161,Mark,Bennett,2010-05-25,MALE,INDIVIDUAL,981,Single
24168,Frank,Powell,1959-02-27,MALE,INDIVIDUAL,884,Married
24436,Angela,Wells,1974-08-20,FEMALE,INDIVIDUAL,248,Single
24475,Robin,Ruiz,1977-01-12,FEMALE,INDIVIDUAL,55,Married
24600,Jane,Lee,1967-08-18,FEMALE,INDIVIDUAL,617,Single
24642,Janice,Wallace,1992-04-20,FEMALE,INDIVIDUAL,165,Married
25169,Douglas,Rice,1965-04-18,MALE,INDIVIDUAL,473,Married
25484,Johnny,Webb,1976-03-21,MALE,INDIVIDUAL,24,Married
25505,Jonathan,Romero,1971-09-29,MALE,INDIVIDUAL,888,Married
25795,Pamela,Dean,1997-05-26,FEMALE,INDIVIDUAL,245,Married
25862,Joan,Fox,1980-10-16,FEMALE,INDIVIDUAL,533,Married
25863,Katherine,Rose,1984-05-14,FEMALE,INDIVIDUAL,9,Single
25910,Arthur,Thompson,1980-07-05,MALE,INDIVIDUAL,430,Married
25928,Sean,Stone,1971-08-20,MALE,INDIVIDUAL,308,Married
26083,Stratus Corp,,,,COMPANY,597,
26337,Lawrence,Morales,1975-12-06,MALE,INDIVIDUAL,378,Married
26825,William,Payne,1966-10-02,MALE,INDIVIDUAL,499,Married
27036,Richard,Lawson,1971-07-20,MALE,INDIVIDUAL,821,Married
27500,Ashley,Hunt,1978-02-20,FEMALE,INDIVIDUAL,752,Married
27790,Joyce,Morrison,1986-12-16,FEMALE,INDIVIDUAL,455,Married
28066,Randy,Clark,1973-10-11,MALE,INDIVIDUAL,720,Married
28138,Kathleen,Chapman,1975-02-18,FEMALE,INDIVIDUAL,209,Married
28167,Robin,Austin,1973-08-24,FEMALE,INDIVIDUAL,322,Married
28209,Randy,Romero,1982-08-10,MALE,INDIVIDUAL,604,Married
28520,Matthew,Brooks,1966-11-08,MALE,INDIVIDUAL,653,Married
28590,Andrew,Armstrong,1983-05-02,MALE,INDIVIDUAL,100,Married
28658,Ryan,Little,1969-08-29,MALE,INDIVIDUAL,929,Married
28846,Gerald,Perry,1970-04-15,MALE,INDIVIDUAL,124,Married
29442,Betty,Ford,1974-12-13,FEMALE,INDIVIDUAL,56,Married
29453,Charles,Kennedy,1966-08-14,MALE,INDIVIDUAL,911,Married
29455,Jack,Thompson,2003-05-22,MALE,INDIVIDUAL,142,Married
29815,Steve,James,1974-07-09,MALE,INDIVIDUAL,594,Single
29964,Julia,Ramos,1956-11-19,FEMALE,INDIVIDUAL,74,Single
30379,Gregory,Hunter,1951-11-18,MALE,INDIVIDUAL,21,Married
30477,Paul,Simmons,1945-05-06,MALE,INDIVIDUAL,817,Married
30523,Chris,Palmer,2005-06-02,MALE,INDIVIDUAL,887,Single
30627,Wayne,Kim,1965-06-14,MALE,INDIVIDUAL,202,Single
30636,Adam,James,1996-08-26,MALE,INDIVIDUAL,884,Married
30764,Amanda,Barnes,1977-07-12,FEMALE,INDIVIDUAL,59,Single
30843,Christopher,Burns,2000-11-10,MALE,INDIVIDUAL,408,Married
31228,Andrea,Woods,1962-11-22,FEMALE,INDIVIDUAL,920,Single
31490,Shirley,Andrews,1972-05-24,FEMALE,INDIVIDUAL,44,Divorced
31691,Judith,Alexander,1966-06-30,FEMALE,INDIVIDUAL,968,Divorced
32032,Joan,Mitchell,1959-06-15,FEMALE,INDIVIDUAL,16,Single
32059,Barbara,Cruz,2011-12-09,FEMALE,INDIVIDUAL,336,Married
32064,Catherine,Duncan,1977-12-11,FEMALE,INDIVIDUAL,214,Single
32191,Douglas,Richards,1972-08-21,MALE,INDIVIDUAL,794,Single
32307,Kelly,Anderson,2010-10-15,FEMALE,INDIVIDUAL,483,Single
32466,Howard,Washington,1970-08-10,MALE,INDIVIDUAL,712,Married
32644,Benjamin,Ortiz,1982-12-09,MALE,INDIVIDUAL,894,Divorced
32921,Craig,Mccoy,1969-01-14,MALE,INDIVIDUAL,976,Married
33087,Judy,Burns,1977-05-19,FEMALE,INDIVIDUAL,654,Married
33101,Robin,Castillo,1974-12-31,FEMALE,INDIVIDUAL,134,Single
33963,Virginia,Wheeler,1965-10-08,FEMALE,INDIVIDUAL,904,Married
34025,Bonnie,Sims,1975-12-23,FEMALE,INDIVIDUAL,399,Married
34031,Tina,Foster,1974-10-22,FEMALE,INDIVIDUAL,166,Married
34389,Amy,Mitchell,1976-05-26,FEMALE,INDIVIDUAL,83,Married
34635,Eric,Ryan,1958-01-05,MALE,INDIVIDUAL,521,Married
34648,Brandon,Garcia,1995-04-03,MALE,INDIVIDUAL,462,Married
34685,Benjamin,Alexander,1992-12-02,MALE,INDIVIDUAL,129,Married
34688,Thomas,Fowler,1959-01-21,MALE,INDIVIDUAL,116,Single
35018,Ralph,Washington,1978-11-17,MALE,INDIVIDUAL,890,Divorced
35330,Brenda,Rivera,1984-06-07,FEMALE,INDIVIDUAL,883,Single
35626,Gloria,Jones,1969-09-27,FEMALE,INDIVIDUAL,246,Married
35693,Edward,Ross,1966-04-26,MALE,INDIVIDUAL,279,Divorced
35955,Jeffrey,Wilson,2009-07-01,MALE,INDIVIDUAL,143,Married
35957,Fred,Franklin,1977-04-14,MALE,INDIVIDUAL,930,Married
36070,Katherine,Smith,1977-10-25,FEMALE,INDIVIDUAL,528,Single
36411,Christopher,Dean,1975-10-09,MALE,INDIVIDUAL,106,Married
36463,Philip,Miller,1972-11-02,MALE,INDIVIDUAL,889,Single
36531,Jeffrey,Gomez,1966-09-01,MALE,INDIVIDUAL,813,Single
36541,Victor,Little,1976-03-01,MALE,INDIVIDUAL,618,Married
36555,Nicholas,Medina,1988-07-20,MALE,INDIVIDUAL,172,Single
36713,Pamela,Bell,1976-05-17,FEMALE,INDIVIDUAL,529,Married
36807,Peter,Boyd,1970-12-07,MALE,INDIVIDUAL,566,Single
37482,Judy,West,2008-07-25,FEMALE,INDIVIDUAL,165,Married
37494,Cynthia,Cruz,1973-10-10,FEMALE,INDIVIDUAL,791,Married
37515,Helen,Romero,2009-05-23,FEMALE,INDIVIDUAL,992,Married
37860,Juan,Long,1975-05-21,MALE,INDIVIDUAL,418,Single
38203,George,Gonzalez,1978-04-03,MALE,INDIVIDUAL,181,Single
38209,Gregory,Mills,1951-11-06,MALE,INDIVIDUAL,631,Married
38345,Lillian,Harris,1975-08-03,FEMALE,INDIVIDUAL,54,Married
38574,Lillian,Sanders,1988-07-04,FEMALE,INDIVIDUAL,84,Married
39131,Norma,Hall,1983-06-07,FEMALE,INDIVIDUAL,825,Married
39141,Patricia,Stewart,1964-08-11,FEMALE,INDIVIDUAL,769,Single
39142,Brenda,Fox,1986-02-12,FEMALE,INDIVIDUAL,337,Married
39185,Ralph,Gordon,1954-05-25,MALE,INDIVIDUAL,991,Single
39819,Carol,Arnold,1973-06-24,FEMALE,INDIVIDUAL,640,Single
40219,Katherine,Rice,1982-09-21,FEMALE,INDIVIDUAL,163,Single
40249,Earl,Moreno,1972-03-12,MALE,INDIVIDUAL,934,Single
40251,Paula,Warren,2007-06-09,FEMALE,INDIVIDUAL,977,Married
40253,Donna,Murray,1977-09-16,FEMALE,INDIVIDUAL,325,Married
40359,Wayne,Willis,1958-03-05,MALE,INDIVIDUAL,463,Married
40368,Mary,Butler,1991-12-11,FEMALE,INDIVIDUAL,79,Single
40547,Elizabeth,Turner,1983-11-07,FEMALE,INDIVIDUAL,899,Single
40591,Kathryn,Patterson,1984-07-01,FEMALE,INDIVIDUAL,862,Divorced
40720,Natures ,,,,COMPANY,961,
40809,Laura,Stewart,2000-11-18,FEMALE,INDIVIDUAL,603,Married
40953,Anthony,Willis,1972-10-19,MALE,INDIVIDUAL,509,Married
41250,Jeremy,Williamson,2010-05-22,MALE,INDIVIDUAL,434,Married
41252,Timothy,Butler,1975-12-02,MALE,INDIVIDUAL,657,Married
41286,Teresa,Parker,1992-08-21,FEMALE,INDIVIDUAL,686,Married
41704,Lois,Rivera,1975-02-16,FEMALE,INDIVIDUAL,962,Married
41834,Susan,Spencer,1967-10-13,FEMALE,INDIVIDUAL,238,Single
41937,Ernest,White,1973-03-01,MALE,INDIVIDUAL,424,Married
41981,Laura,Hansen,1966-06-21,FEMALE,INDIVIDUAL,53,Single
42003,Susan,Reyes,1964-01-21,FEMALE,INDIVIDUAL,911,Married
42374,Timothy,Mills,1953-09-11,MALE,INDIVIDUAL,498,Married
42428,Amanda,Fernandez,1975-10-30,FEMALE,INDIVIDUAL,842,Married
42469,Edward,White,2001-07-05,MALE,INDIVIDUAL,105,Married
42474,Donald,Rogers,1962-12-05,MALE,INDIVIDUAL,992,Single
42744,Kathy,Stephens,1980-01-22,FEMALE,INDIVIDUAL,185,Married
42884,Julie,Little,1980-09-23,FEMALE,INDIVIDUAL,712,Married
43139,Paul,Sullivan,1976-01-29,MALE,INDIVIDUAL,638,Single
43341,Wayne,Rodriguez,1960-06-29,MALE,INDIVIDUAL,432,Single
43666,Michael,Chapman,1959-11-05,MALE,INDIVIDUAL,813,Divorced
44030,Deseret ,,,,COMPANY,989,
44152,Nicole,Nichols,2011-12-20,FEMALE,INDIVIDUAL,663,Single
44497,Janice,Anderson,1980-11-12,FEMALE,INDIVIDUAL,619,Married
44499,Mark,Hicks,1948-06-08,MALE,INDIVIDUAL,561,Married
44786,Joe,Gray,1953-07-19,MALE,INDIVIDUAL,74,Married
45010,Ernest,Moore,1965-03-04,MALE,INDIVIDUAL,977,Married
45340,Brian,Oliver,1976-03-29,MALE,INDIVIDUAL,875,Married
45609,Sean,Sanders,1970-06-23,MALE,INDIVIDUAL,507,Married
45757,Jane,Frazier,1963-12-28,FEMALE,INDIVIDUAL,22,Single
46094,Phillip,Scott,1981-12-27,MALE,INDIVIDUAL,94,Married
46457,Benjamin,Butler,2009-05-14,MALE,INDIVIDUAL,601,Single
46513,Christina,Nguyen,1968-08-01,FEMALE,INDIVIDUAL,959,Married
46527,Carolyn,Diaz,1972-04-24,FEMALE,INDIVIDUAL,896,Single
46769,Terry,Fuller,1956-07-10,MALE,INDIVIDUAL,224,Single
46815,Nicole,Price,1984-03-02,FEMALE,INDIVIDUAL,234,Divorced
46899,Marilyn,Castillo,1988-06-26,FEMALE,INDIVIDUAL,490,Single
47164,Denise,Washington,1968-06-25,FEMALE,INDIVIDUAL,869,Divorced
47369,Jerry,West,2009-08-28,MALE,INDIVIDUAL,93,Single
47620,"Dolgencorp, Group",,,,COMPANY,711,
48286,Raymond,Evans,1963-09-22,MALE,INDIVIDUAL,732,Married
48548,Christine,Kennedy,1987-02-19,FEMALE,INDIVIDUAL,449,Married
48694,Richard,Gonzalez,1988-01-16,MALE,INDIVIDUAL,748,Married
48742,Evelyn,Sims,1980-08-26,FEMALE,INDIVIDUAL,989,Married
48967,Robin,Mcdonald,1971-11-04,FEMALE,INDIVIDUAL,227,Single
49887,Martin,Alvarez,1978-06-14,MALE,INDIVIDUAL,805,Single
49996,Teresa,Ferguson,1984-05-14,FEMALE,INDIVIDUAL,865,Divorced
50018,Roger,Sanchez,1980-02-25,MALE,INDIVIDUAL,508,Single
50213,Joshua,Williamson,2012-01-31,MALE,INDIVIDUAL,222,Married
50216,Shawn,Green,1976-08-18,MALE,INDIVIDUAL,322,Single
50218,Carol,Evans,2007-11-13,FEMALE,INDIVIDUAL,106,Single
50595,Bobby,Cunningham,2008-05-12,MALE,INDIVIDUAL,247,Single
50603,Brian,Jacobs,1961-09-22,MALE,INDIVIDUAL,971,Single
50981,Kevin,Wilson,1973-06-21,MALE,INDIVIDUAL,721,Married
51511,Richard,Smith,1994-07-01,MALE,INDIVIDUAL,367,Single
51568,Harold,Carpenter,1970-03-20,MALE,INDIVIDUAL,707,Single
51745,Lori,Walker,1986-03-22,FEMALE,INDIVIDUAL,350,Married
52087,Carolyn,Murray,1982-12-28,FEMALE,INDIVIDUAL,442,Married
52362,Raymond,Rivera,2002-09-17,MALE,INDIVIDUAL,49,Single
52375,Donald,Ward,1967-09-24,MALE,INDIVIDUAL,378,Single
52497,Judith,Howell,1968-06-22,FEMALE,INDIVIDUAL,613,Married
52498,Karen,Chavez,1969-12-10,FEMALE,INDIVIDUAL,930,Married
52702,CSL Group,,,,COMPANY,571,
53931,Marie,Adams,1986-04-20,FEMALE,INDIVIDUAL,901,Married
54126,Judith,Fisher,1971-09-11,FEMALE,INDIVIDUAL,891,Single
54236,Sarah,Hall,1975-03-16,FEMALE,INDIVIDUAL,157,Single
54341,Albert,Long,2002-04-18,MALE,INDIVIDUAL,37,Single
54352,Ernest,Burton,1968-10-09,MALE,INDIVIDUAL,56,Single
54728,Harold,Greene,1972-02-28,MALE,INDIVIDUAL,209,Divorced
54790,Irene,Stanley,1982-01-15,FEMALE,INDIVIDUAL,866,Divorced
55194,Judith,Reynolds,1961-08-07,FEMALE,INDIVIDUAL,677,Married
55199,Angela,Tucker,1998-07-02,FEMALE,INDIVIDUAL,85,Divorced
55452,Lillian,Burns,1971-11-20,FEMALE,INDIVIDUAL,305,Single
55617,Angela,Harrison,1973-02-26,FEMALE,INDIVIDUAL,527,Single
56048,Janice,Nelson,1953-01-24,FEMALE,INDIVIDUAL,627,Married
56305,Joyce,Carr,1967-09-19,FEMALE,INDIVIDUAL,700,Single
56515,Barbara,Stewart,1977-11-16,FEMALE,INDIVIDUAL,289,Single
56524,Marilyn,Kim,1962-06-21,FEMALE,INDIVIDUAL,297,Married
56907,Brenda,Palmer,1980-02-15,FEMALE,INDIVIDUAL,410,Married
57085,Diana,Garrett,1987-03-28,FEMALE,INDIVIDUAL,349,Single
57190,Anthony,Carroll,1963-11-13,MALE,INDIVIDUAL,553,Married
57417,Diana,Castillo,1983-10-12,FEMALE,INDIVIDUAL,633,Single
57568,Craig,Taylor,1981-08-23,MALE,INDIVIDUAL,781,Married
57860,Willie,Richards,1955-01-17,MALE,INDIVIDUAL,228,Married
57862,Catherine,Ramos,2002-02-22,FEMALE,INDIVIDUAL,654,Divorced
57866,Joyce,Sims,2002-02-22,FEMALE,INDIVIDUAL,393,Single
58265,Frank,Mason,2010-11-04,MALE,INDIVIDUAL,686,Married
58683,Kathy,Fowler,1983-09-27,FEMALE,INDIVIDUAL,468,Single
58705,Stephanie,Matthews,1954-07-09,FEMALE,INDIVIDUAL,313,Single
58942,Annie,Banks,1975-09-20,FEMALE,INDIVIDUAL,755,Married
58952,Kathleen,Fields,2007-01-04,FEMALE,INDIVIDUAL,929,Married
58953,Brandon,Mason,1959-04-15,MALE,INDIVIDUAL,368,Married
59122,Michael,Howard,1978-05-18,MALE,INDIVIDUAL,824,Single
59363,Anthony,Hanson,1966-07-15,MALE,INDIVIDUAL,890,Divorced
59426,Eugene,Reid,1981-12-19,MALE,INDIVIDUAL,549,Married
59697,Andrea,Matthews,1984-10-15,FEMALE,INDIVIDUAL,565,Single
59907,Bruce,Oliver,1966-01-27,MALE,INDIVIDUAL,447,Married
60124,Roy,Ross,1976-08-05,MALE,INDIVIDUAL,839,Married
60557,Cheryl,Ward,1980-06-28,FEMALE,INDIVIDUAL,126,Married
60579,Theresa,Stephens,1996-09-17,FEMALE,INDIVIDUAL,257,Married
60637,Wanda,Welch,1983-02-06,FEMALE,INDIVIDUAL,874,Single
60657,Ronald,Willis,1962-02-14,MALE,INDIVIDUAL,336,Married
60737,Craig,Ford,1964-05-27,MALE,INDIVIDUAL,14,Married
60774,Kevin,Morales,1958-05-19,MALE,INDIVIDUAL,946,Single
60835,Antonio,Wheeler,1982-04-19,MALE,INDIVIDUAL,918,Single
61273,Matthew,Snyder,1981-02-24,MALE,INDIVIDUAL,587,Married
61403,Joan,Schmidt,1955-09-27,FEMALE,INDIVIDUAL,651,Single
61411,Jennifer,Stone,1981-04-14,FEMALE,INDIVIDUAL,348,Divorced
61445,Irene,Shaw,1993-10-12,FEMALE,INDIVIDUAL,386,Married
61528,Randy,Armstrong,1979-01-23,MALE,INDIVIDUAL,30,Married
61613,Lori,Fox,1990-08-08,FEMALE,INDIVIDUAL,342,Married
61656,Alice,Frazier,1988-12-04,FEMALE,INDIVIDUAL,950,Single
61708,Craig,Hill,1963-02-10,MALE,INDIVIDUAL,823,Single
61770,Novartis ,,,,COMPANY,622,
61985,Margaret,Cox,1971-05-28,FEMALE,INDIVIDUAL,621,Single
62373,Pamela,Alexander,1956-08-15,FEMALE,INDIVIDUAL,287,Married
62697,David,Franklin,1962-09-07,MALE,INDIVIDUAL,773,Married
62748,Jose,Franklin,1965-05-27,MALE,INDIVIDUAL,832,Married
63257,Ralph,Richardson,2007-06-15,MALE,INDIVIDUAL,116,Single
63318,Jean,Stanley,1970-05-28,FEMALE,INDIVIDUAL,713,Married
63421,Brandon,Mitchell,1955-04-06,MALE,INDIVIDUAL,335,Married
63454,Susan,Jones,1966-09-10,FEMALE,INDIVIDUAL,853,Married
63485,Michelle,Gutierrez,1979-08-15,FEMALE,INDIVIDUAL,96,Married
63920,Amy,Washington,1982-11-03,FEMALE,INDIVIDUAL,583,Single
64293,Paula,Garrett,1981-03-30,FEMALE,INDIVIDUAL,931,Single
64350,Jesse,Mendoza,1995-11-29,MALE,INDIVIDUAL,186,Divorced
64357,Raymond,Lawrence,1975-02-13,MALE,INDIVIDUAL,44,Married
64416,Kevin,Lynch,1984-08-17,MALE,INDIVIDUAL,432,Single
64445,Deborah,Jordan,1967-01-09,FEMALE,INDIVIDUAL,119,Married
64808,General Ltd,,,,COMPANY,517,
64819,Lillian,Lewis,1981-02-15,FEMALE,INDIVIDUAL,802,Single
64849,Alice,Montgomery,1989-09-02,FEMALE,INDIVIDUAL,218,Divorced
65276,Julia,Shaw,1976-09-03,FEMALE,INDIVIDUAL,989,Married
65374,Elizabeth,Dean,1967-01-11,FEMALE,INDIVIDUAL,317,Single
65406,Cheryl,Hansen,1972-07-13,FEMALE,INDIVIDUAL,331,Single
65460,Karen,Perez,1973-02-12,FEMALE,INDIVIDUAL,516,Married
65464,Elizabeth,Martin,2006-06-02,FEMALE,INDIVIDUAL,709,Married
65473,Keith,Kelley,1975-09-26,MALE,INDIVIDUAL,811,Married
65920,James,Bryant,1988-12-24,MALE,INDIVIDUAL,705,Single
66078,Sandra,Bishop,1970-07-31,FEMALE,INDIVIDUAL,556,Single
66396,Irene,Phillips,1975-01-05,FEMALE,INDIVIDUAL,674,Single
66515,Heather,Jones,1982-04-17,FEMALE,INDIVIDUAL,534,Married
67131,Kathryn,Romero,1966-12-07,FEMALE,INDIVIDUAL,747,Single
67271,Ruth,Richardson,1976-02-26,FEMALE,INDIVIDUAL,418,Married
67517,Cheryl,Kennedy,1981-03-20,FEMALE,INDIVIDUAL,411,Married
67640,Earl,Cox,1972-08-15,MALE,INDIVIDUAL,853,Married
67861,Johnny,Moore,1950-11-20,MALE,INDIVIDUAL,110,Married
68316,Todd,West,1974-02-09,MALE,INDIVIDUAL,685,Single
68466,Louise,Nichols,1966-05-07,FEMALE,INDIVIDUAL,617,Married
68514,Ann,Pierce,1967-02-18,FEMALE,INDIVIDUAL,872,Married
68939,Margaret,Porter,1986-07-28,FEMALE,INDIVIDUAL,163,Single
69307,Carl,Carpenter,1978-07-05,MALE,INDIVIDUAL,622,Divorced
69446,Phyllis,Rose,1953-04-07,FEMALE,INDIVIDUAL,70,Single
69533,Maria,Wilson,1977-03-09,FEMALE,INDIVIDUAL,243,Single
70207,Amanda,Andrews,1987-12-26,FEMALE,INDIVIDUAL,477,Married
70351,Jessica,Wells,1973-09-25,FEMALE,INDIVIDUAL,183,Married
70566,Betty,Turner,1970-04-01,FEMALE,INDIVIDUAL,770,Married
70575,Irene,Edwards,1959-03-09,FEMALE,INDIVIDUAL,86,Married
70602,Ruby,Williams,1983-11-12,FEMALE,INDIVIDUAL,335,Single
70669,Mark,Olson,1972-04-29,MALE,INDIVIDUAL,734,Single
70980,Katherine,Allen,1984-06-07,FEMALE,INDIVIDUAL,709,Married
70994,Laura,Andrews,1986-02-15,FEMALE,INDIVIDUAL,143,Married
71327,Kathryn,Mills,1976-11-18,FEMALE,INDIVIDUAL,357,Single
71679,Ashley,Watson,1966-01-10,FEMALE,INDIVIDUAL,623,Divorced
71813,Kelly,Fowler,1958-06-22,FEMALE,INDIVIDUAL,768,Married
72207,Shawn,Hunt,1969-03-06,MALE,INDIVIDUAL,818,Married
72383,Roy,Bailey,1973-09-14,MALE,INDIVIDUAL,737,Married
72585,Terry,Chavez,1971-10-02,MALE,INDIVIDUAL,152,Married
72610,Bobby,Garrett,1992-04-17,MALE,INDIVIDUAL,354,Married
72646,Annie,Berry,1993-06-06,FEMALE,INDIVIDUAL,424,Single
72986,Shirley,Rice,1974-12-26,FEMALE,INDIVIDUAL,379,Divorced
73014,Joseph,Gilbert,1953-09-10,MALE,INDIVIDUAL,620,Married
73094,Rachel,Cole,1977-11-19,FEMALE,INDIVIDUAL,199,Married
73369,Shirley,Brown,1981-10-31,FEMALE,INDIVIDUAL,375,Married
73411,Cheryl,Ford,1976-04-07,FEMALE,INDIVIDUAL,883,Married
73478,Wanda,Hunter,1980-03-24,FEMALE,INDIVIDUAL,412,Married
74220,Alice,Tucker,1982-06-15,FEMALE,INDIVIDUAL,90,Single
74428,Ruby,Scott,1977-07-20,FEMALE,INDIVIDUAL,982,Divorced
74551,Ruth,Black,1980-02-29,FEMALE,INDIVIDUAL,457,Married
74800,Helen,Montgomery,1979-03-23,FEMALE,INDIVIDUAL,730,Married
74981,Steven,Fuller,1966-07-08,MALE,INDIVIDUAL,624,Single
74989,Carl,Kelley,1993-03-30,MALE,INDIVIDUAL,882,Married
75038,Larry,Sims,1965-06-01,MALE,INDIVIDUAL,229,Married
75076,John,Knight,1957-08-17,MALE,INDIVIDUAL,19,Married
75228,Amy,Reid,1973-01-13,FEMALE,INDIVIDUAL,279,Single
75741,Timothy,Thomas,1978-02-20,MALE,INDIVIDUAL,635,Married
75895,Patrick,Fisher,1983-04-21,MALE,INDIVIDUAL,511,Married
76004,Lawrence,Bishop,1974-07-09,MALE,INDIVIDUAL,615,Married
76024,Carol,Freeman,1989-03-14,FEMALE,INDIVIDUAL,216,Married
76087,Jeremy,Day,1979-06-15,MALE,INDIVIDUAL,296,Married
76241,Janet,Harvey,1951-03-10,FEMALE,INDIVIDUAL,617,Single
76313,Patrick,Morgan,1983-10-05,MALE,INDIVIDUAL,717,Married
76699,Kathryn,Evans,1971-10-18,FEMALE,INDIVIDUAL,956,Divorced
76837,Andrea,Hill,1964-11-08,FEMALE,INDIVIDUAL,718,Single
76921,Antonio,Wells,1959-08-27,MALE,INDIVIDUAL,754,Married
77147,Debra,Medina,1983-05-05,FEMALE,INDIVIDUAL,772,Single
77496,Evelyn,Gilbert,1982-12-14,FEMALE,INDIVIDUAL,540,Divorced
77503,Bruce,Ramirez,1978-05-03,MALE,INDIVIDUAL,655,Divorced
77538,Benjamin,Cox,1996-09-14,MALE,INDIVIDUAL,109,Married
77542,Russell,Ortiz,1954-05-17,MALE,INDIVIDUAL,736,Married
77777,Doris,Elliott,1963-10-10,FEMALE,INDIVIDUAL,636,Single
77801,Terry,Garza,1975-12-23,MALE,INDIVIDUAL,585,Single
77807,Bobby,Hawkins,1964-05-06,MALE,INDIVIDUAL,754,Married
78002,Jacqueline,King,1982-08-17,FEMALE,INDIVIDUAL,592,Single
78085,Nicholas,Black,1976-03-16,MALE,INDIVIDUAL,290,Single
78361,George,Fields,2010-05-25,MALE,INDIVIDUAL,989,Married
78364,Judy,Black,1994-09-29,FEMALE,INDIVIDUAL,681,Married
78459,Todd,Stevens,1974-05-02,MALE,INDIVIDUAL,664,Married
78671,Stephanie,Walker,1972-10-03,FEMALE,INDIVIDUAL,482,Married
78727,Betty,Lynch,2006-07-06,FEMALE,INDIVIDUAL,63,Single
78815,Dorothy,Stanley,1977-09-01,FEMALE,INDIVIDUAL,823,Married
78967,James,Reed,1970-05-02,MALE,INDIVIDUAL,237,Single
79231,Michael,Schmidt,2011-12-31,MALE,INDIVIDUAL,943,Married
79318,Eugene,Moreno,1963-11-07,MALE,INDIVIDUAL,979,Married
79333,Aaron,Schmidt,1968-03-11,MALE,INDIVIDUAL,60,Married
79363,Laura,Adams,2010-07-03,FEMALE,INDIVIDUAL,716,Single
79477,Helen,Simmons,1975-06-16,FEMALE,INDIVIDUAL,422,Married
79644,Wayne,Adams,2002-08-22,MALE,INDIVIDUAL,217,Single
79655,Jesse,Jacobs,1959-08-31,MALE,INDIVIDUAL,776,Single
79798,WellSpring Corp,,,,COMPANY,877,
79951,Pamela,Burke,1973-08-25,FEMALE,INDIVIDUAL,355,Married
80221,Jacqueline,Murphy,1973-06-22,FEMALE,INDIVIDUAL,857,Married
80508,Norma,Torres,1978-09-09,FEMALE,INDIVIDUAL,122,Married
80538,Terry,Morris,1964-12-01,MALE,INDIVIDUAL,424,Divorced
80840,Deborah,Stone,1971-08-25,FEMALE,INDIVIDUAL,949,Married
80943,Gloria,Taylor,1970-08-03,FEMALE,INDIVIDUAL,797,Single
81014,Martin,Washington,1972-06-20,MALE,INDIVIDUAL,183,Single
81015,Norma,Edwards,2009-09-08,FEMALE,INDIVIDUAL,662,Divorced
81556,Henry,Nelson,2003-07-04,MALE,INDIVIDUAL,758,Married
81557,Scott,Meyer,1974-11-24,MALE,INDIVIDUAL,654,Married
81872,Deborah,Ward,1995-11-02,FEMALE,INDIVIDUAL,543,Divorced
82169,Jacqueline,Mendoza,2007-01-20,FEMALE,INDIVIDUAL,424,Single
82301,Jimmy,Burton,1968-04-01,MALE,INDIVIDUAL,511,Married
82532,Louis,Freeman,1971-08-22,MALE,INDIVIDUAL,9,Married
82676,Robert,Walker,1962-08-21,MALE,INDIVIDUAL,266,Married
82693,Nicholas,Hudson,1976-08-16,MALE,INDIVIDUAL,451,Single
82763,Daniel,Watson,1967-08-28,MALE,INDIVIDUAL,442,Single
83777,Jack,King,1964-08-05,MALE,INDIVIDUAL,513,Married
83883,Benjamin,Gordon,1976-12-16,MALE,INDIVIDUAL,103,Married
83886,Ralph,Mcdonald,1985-10-04,MALE,INDIVIDUAL,119,Single
83922,Virginia,Watkins,1980-02-16,FEMALE,INDIVIDUAL,411,Single
83936,Ruby,Olson,1982-03-29,FEMALE,INDIVIDUAL,4,Married
84356,Stephen,Howard,1959-08-06,MALE,INDIVIDUAL,171,Single
84384,Teresa,Ruiz,1981-03-04,FEMALE,INDIVIDUAL,262,Married
84444,Brandon,Stewart,1967-04-11,MALE,INDIVIDUAL,397,Single
84569,Judith,Hunter,1983-01-01,FEMALE,INDIVIDUAL,330,Single
85111,Todd,Morris,1977-02-10,MALE,INDIVIDUAL,502,Single
85155,Joseph,Rivera,1970-05-22,MALE,INDIVIDUAL,16,Single
85188,Sarah,Welch,1982-03-25,FEMALE,INDIVIDUAL,768,Single
85189,Tina,Griffin,2008-12-11,FEMALE,INDIVIDUAL,943,Divorced
85216,Linda,Bishop,2000-04-19,FEMALE,INDIVIDUAL,615,Single
85455,Chris,Hunter,2000-08-14,MALE,INDIVIDUAL,431,Married
85518,Terry,Shaw,1972-09-30,MALE,INDIVIDUAL,15,Single
85534,Kimberly,Murray,2009-06-05,FEMALE,INDIVIDUAL,947,Divorced
86755,Jose,Johnston,1967-09-12,MALE,INDIVIDUAL,706,Single
87417,Donna,Jordan,1955-03-10,FEMALE,INDIVIDUAL,100,Single
87430,Andrew,Peters,1974-08-01,MALE,INDIVIDUAL,485,Single
88099,Louise,Wright,2006-11-24,FEMALE,INDIVIDUAL,643,Married
88422,Jeffrey,Harvey,1970-02-24,MALE,INDIVIDUAL,6,Divorced
88842,Richard,Ortiz,1978-04-03,MALE,INDIVIDUAL,587,Single
88990,Andrea,Alexander,1977-01-24,FEMALE,INDIVIDUAL,726,Married
89805,Jack,Pierce,1978-02-22,MALE,INDIVIDUAL,354,Single
89845,Willie,Austin,1958-08-10,MALE,INDIVIDUAL,687,Married
89926,Julia,Cook,1971-07-25,FEMALE,INDIVIDUAL,244,Single
90039,Robin,Hart,1967-09-11,FEMALE,INDIVIDUAL,584,Married
90050,Robin,Flores,1961-09-01,FEMALE,INDIVIDUAL,336,Married
90077,Todd,Gilbert,1962-11-23,MALE,INDIVIDUAL,228,Married
90079,Earl,Wallace,1963-05-08,MALE,INDIVIDUAL,668,Married
90257,Alan,Howard,1960-02-12,MALE,INDIVIDUAL,111,Married
90262,Gerald,Day,1968-10-18,MALE,INDIVIDUAL,672,Married
90537,Rebecca,Johnson,1983-01-02,FEMALE,INDIVIDUAL,442,Married
90558,Kimberly,Kelly,1989-09-15,FEMALE,INDIVIDUAL,979,Married
90753,Margaret,Riley,1980-05-12,FEMALE,INDIVIDUAL,968,Single
91357,Willie,Harper,1980-02-03,MALE,INDIVIDUAL,761,Single
91555,Kathryn,Carr,1954-08-18,FEMALE,INDIVIDUAL,615,Divorced
91568,Martin,Richardson,1985-05-18,MALE,INDIVIDUAL,826,Married
91740,Emily,Oliver,2007-11-30,FEMALE,INDIVIDUAL,535,Married
91741,Steve,Taylor,1972-02-16,MALE,INDIVIDUAL,571,Single
91985,Helen,Wilson,1977-08-13,FEMALE,INDIVIDUAL,152,Married
92062,Michael,Ramirez,1987-08-21,MALE,INDIVIDUAL,709,Married
92414,Maria,Fox,1967-09-13,FEMALE,INDIVIDUAL,372,Married
92588,Willie,Fowler,1968-05-30,MALE,INDIVIDUAL,617,Married
92594,Daniel,Andrews,1999-10-28,MALE,INDIVIDUAL,613,Single
92646,Henry,Gonzalez,1965-01-01,MALE,INDIVIDUAL,409,Married
92648,Joseph,Webb,1953-02-16,MALE,INDIVIDUAL,864,Single
92758,Earl,James,1968-06-03,MALE,INDIVIDUAL,403,Single
92788,Betty,Stewart,1985-05-20,FEMALE,INDIVIDUAL,949,Married
92796,Janice,Hawkins,1986-10-14,FEMALE,INDIVIDUAL,170,Married
93540,Christopher,Little,1968-05-02,MALE,INDIVIDUAL,754,Divorced
94512,Lisa,King,1958-09-14,FEMALE,INDIVIDUAL,578,Married
94634,Michelle,Gonzales,1976-06-24,FEMALE,INDIVIDUAL,355,Married
95232,Keith,Gomez,1964-11-13,MALE,INDIVIDUAL,741,Single
95361,Thomas,Oliver,2009-03-26,MALE,INDIVIDUAL,831,Married
95369,Henry,George,1974-11-23,MALE,INDIVIDUAL,847,Married
95790,David,Brooks,1968-08-15,MALE,INDIVIDUAL,618,Married
96253,Martin,Duncan,1963-08-09,MALE,INDIVIDUAL,792,Married
96455,Craig,Johnson,1967-06-16,MALE,INDIVIDUAL,13,Divorced
96561,Peter,Garcia,1975-12-18,MALE,INDIVIDUAL,579,Married
96729,Jean,Smith,1979-06-01,FEMALE,INDIVIDUAL,449,Married
96978,Annie,Garcia,1978-01-30,FEMALE,INDIVIDUAL,588,Single
96979,Jeremy,Kelley,2011-03-15,MALE,INDIVIDUAL,900,Single
97005,Jean,Graham,1965-02-03,FEMALE,INDIVIDUAL,835,Single
97403,Julie,Wagner,1984-01-10,FEMALE,INDIVIDUAL,273,Married
97530,Donald,Simpson,1963-02-22,MALE,INDIVIDUAL,772,Married
97531,Harold,Jordan,1970-06-05,MALE,INDIVIDUAL,823,Married
97635,Jean,Hudson,1971-01-25,FEMALE,INDIVIDUAL,862,Married
97912,Patrick,Morris,1977-02-01,MALE,INDIVIDUAL,118,Married
98154,Todd,Hamilton,1974-09-30,MALE,INDIVIDUAL,597,Single
98195,Kimberly,Watkins,1969-05-02,FEMALE,INDIVIDUAL,85,Married
98233,Robin,King,2011-04-30,FEMALE,INDIVIDUAL,377,Divorced
98281,Shawn,Lawrence,1964-11-11,MALE,INDIVIDUAL,27,Married
98296,Shawn,Alexander,2008-03-06,MALE,INDIVIDUAL,319,Married
99225,Evelyn,Henry,1977-08-02,FEMALE,INDIVIDUAL,834,Single
99304,Chris,Mccoy,1971-06-19,MALE,INDIVIDUAL,154,Married
99393,Alan,Andrews,1973-10-30,MALE,INDIVIDUAL,189,Married
99743,Teresa,Morales,1962-10-21,FEMALE,INDIVIDUAL,874,Single
99745,Joseph,Hanson,2008-05-17,MALE,INDIVIDUAL,406,Married
99757,Jimmy,Hughes,1969-07-04,MALE,INDIVIDUAL,966,Single
99758,Paul,Hawkins,1972-03-02,MALE,INDIVIDUAL,69,Single
99883,Stephen,Mason,1974-04-28,MALE,INDIVIDUAL,105,Single
99894,Gerald,Willis,1969-02-25,MALE,INDIVIDUAL,939,Single
100003,George,Gibson,1997-01-02,MALE,INDIVIDUAL,769,Married
100054,John,Hunter,1968-06-21,MALE,INDIVIDUAL,684,Single
100339,Robert,Morrison,2011-11-26,MALE,INDIVIDUAL,422,Divorced
100340,Adam,Green,1977-02-26,MALE,INDIVIDUAL,704,Single
100930,Ernest,Cunningham,1967-11-16,MALE,INDIVIDUAL,563,Married
100948,Fred,Wheeler,1961-06-28,MALE,INDIVIDUAL,304,Married
101113,Marilyn,Graham,1964-05-29,FEMALE,INDIVIDUAL,184,Single
101132,Kimberly,Washington,1975-09-30,FEMALE,INDIVIDUAL,914,Married
101202,Phyllis,Rice,1984-08-29,FEMALE,INDIVIDUAL,943,Married
101283,Rebecca,Hansen,1961-07-22,FEMALE,INDIVIDUAL,597,Single
101415,Thomas,Marshall,1967-09-15,MALE,INDIVIDUAL,826,Single
101467,Benjamin,Jacobs,1969-12-01,MALE,INDIVIDUAL,960,Divorced
101625,Jason,Davis,1975-03-11,MALE,INDIVIDUAL,610,Single
101908,Martha,Mendoza,1997-02-08,FEMALE,INDIVIDUAL,116,Single
102087,Paul,Sanchez,1968-09-07,MALE,INDIVIDUAL,941,Single
102270,Johnny,Dean,1976-01-20,MALE,INDIVIDUAL,806,Married
103697,Larry,Woods,1963-05-04,MALE,INDIVIDUAL,566,Married
104332,Jason,Fernandez,1964-10-04,MALE,INDIVIDUAL,426,Married
104485,Ralph,Hart,1968-12-09,MALE,INDIVIDUAL,878,Married
104661,Steven,Kelley,2011-08-01,MALE,INDIVIDUAL,110,Married
104890,Howard,Wheeler,1963-01-24,MALE,INDIVIDUAL,586,Married
105101,Jeffrey,Nichols,1970-03-29,MALE,INDIVIDUAL,848,Married
105187,Evelyn,Lynch,1960-09-21,FEMALE,INDIVIDUAL,94,Married
105201,Alice,Owens,1972-10-28,FEMALE,INDIVIDUAL,768,Divorced
105498,Michael,Morrison,1980-07-21,MALE,INDIVIDUAL,397,Married
105565,Julie,Duncan,1976-01-27,FEMALE,INDIVIDUAL,340,Married
105617,Elizabeth,Diaz,1969-11-27,FEMALE,INDIVIDUAL,503,Single
105863,Ashley,Jackson,1961-11-08,FEMALE,INDIVIDUAL,333,Single
105872,Gloria,Gutierrez,1978-09-11,FEMALE,INDIVIDUAL,71,Single
105976,Patrick,Richards,2007-10-12,MALE,INDIVIDUAL,437,Married
106046,Fred,Cook,1959-06-17,MALE,INDIVIDUAL,215,Single
106079,Keith,Harvey,1991-02-15,MALE,INDIVIDUAL,385,Married
106144,Janet,Rogers,1983-12-27,FEMALE,INDIVIDUAL,628,Married
106353,Michael,Porter,1949-09-16,MALE,INDIVIDUAL,805,Married
106809,Cheryl,Fields,1971-02-26,FEMALE,INDIVIDUAL,331,Married
107010,Denise,Fowler,1954-10-05,FEMALE,INDIVIDUAL,19,Married
107063,Dorothy,Jordan,1962-06-26,FEMALE,INDIVIDUAL,774,Single
107147,Kathleen,Green,1962-03-02,FEMALE,INDIVIDUAL,476,Single
107152,Michael,Marshall,1991-03-14,MALE,INDIVIDUAL,418,Married
107206,Fred,Jordan,1976-02-09,MALE,INDIVIDUAL,884,Married
107207,Annie,Mccoy,1985-03-05,FEMALE,INDIVIDUAL,130,Divorced
107666,Phyllis,Montgomery,1981-05-30,FEMALE,INDIVIDUAL,851,Married
107764,Steven,Alexander,2012-09-04,MALE,INDIVIDUAL,762,Divorced
107768,Ernest,Morgan,1974-02-27,MALE,INDIVIDUAL,716,Married
107884,Anna,Watson,1971-09-07,FEMALE,INDIVIDUAL,826,Divorced
107924,Scott,Welch,1959-07-14,MALE,INDIVIDUAL,790,Divorced
107938,Charles,Stewart,1978-02-25,MALE,INDIVIDUAL,695,Married
108117,Sandra,Moore,1968-04-14,FEMALE,INDIVIDUAL,885,Married
108276,Stephanie,Carter,1963-05-27,FEMALE,INDIVIDUAL,440,Single
108619,Charles,Willis,1951-08-27,MALE,INDIVIDUAL,784,Single
108902,Lisa,Evans,1982-01-25,FEMALE,INDIVIDUAL,524,Divorced
108951,Lillian,Woods,1982-02-08,FEMALE,INDIVIDUAL,240,Single
109496,Kathleen,Perez,1949-09-25,FEMALE,INDIVIDUAL,632,Single
109553,Lawrence,Cunningham,1976-12-20,MALE,INDIVIDUAL,544,Single
109559,Rebecca,Gonzales,2011-05-20,FEMALE,INDIVIDUAL,522,Married
109667,Antonio,Hernandez,1971-04-09,MALE,INDIVIDUAL,870,Married
109684,Ryan,Mcdonald,1976-04-27,MALE,INDIVIDUAL,18,Single
110037,Christopher,Robertson,1977-07-16,MALE,INDIVIDUAL,393,Married
110088,Benjamin,Ray,1968-11-04,MALE,INDIVIDUAL,282,Married
110195,Doris,Fuller,1988-11-08,FEMALE,INDIVIDUAL,576,Married
110250,Douglas,Wells,1971-05-17,MALE,INDIVIDUAL,249,Divorced
110339,Bruce,Hawkins,1983-08-02,MALE,INDIVIDUAL,396,Married
110774,Russell,Alexander,1970-08-13,MALE,INDIVIDUAL,990,Married
111130,Willie,Bell,1977-07-06,MALE,INDIVIDUAL,508,Single
111142,Louis,Sims,1974-10-02,MALE,INDIVIDUAL,728,Married
111167,Bobby,Morales,2007-08-31,MALE,INDIVIDUAL,703,Married
111172,Peter,Lewis,1974-07-25,MALE,INDIVIDUAL,48,Single
111215,Thomas,George,1965-11-26,MALE,INDIVIDUAL,664,Married
111258,Louis,Harrison,1980-06-15,MALE,INDIVIDUAL,566,Single
111674,Julia,Roberts,2002-05-24,FEMALE,INDIVIDUAL,431,Married
111834,Randy,Jones,1979-03-08,MALE,INDIVIDUAL,518,Single
111836,Gerald,Austin,2011-07-18,MALE,INDIVIDUAL,881,Married
112062,Samuel,Hughes,1994-11-18,MALE,INDIVIDUAL,564,Single
112487,Louise,Long,1980-09-16,FEMALE,INDIVIDUAL,259,Divorced
112516,Sarah,Pierce,1959-10-04,FEMALE,INDIVIDUAL,296,Single
112618,Ashley,Kennedy,1982-08-22,FEMALE,INDIVIDUAL,562,Married
112619,Judith,Rogers,1967-11-10,FEMALE,INDIVIDUAL,808,Married
112645,Lillian,Davis,1984-10-23,FEMALE,INDIVIDUAL,356,Single
112705,Carlos,Adams,1969-01-09,MALE,INDIVIDUAL,883,Married
112711,Adam,Robertson,2011-01-27,MALE,INDIVIDUAL,761,Married
112810,Frances,Lopez,2007-09-05,FEMALE,INDIVIDUAL,546,Married
112813,William,Wright,2012-05-17,MALE,INDIVIDUAL,792,Married
112816,Frank,Jacobs,1971-01-08,MALE,INDIVIDUAL,155,Married
112889,William,Stevens,1964-06-13,MALE,INDIVIDUAL,405,Single
112893,Catherine,Webb,1967-05-06,FEMALE,INDIVIDUAL,430,Married
113042,Stephanie,Wilson,1996-04-23,FEMALE,INDIVIDUAL,597,Married
113153,Lillian,Ramirez,1985-08-14,FEMALE,INDIVIDUAL,78,Married
113435,Ronald,Morgan,1983-02-08,MALE,INDIVIDUAL,600,Married
113698,Nicole,Chavez,1990-04-06,FEMALE,INDIVIDUAL,386,Single
113720,Norma,Andrews,1984-01-08,FEMALE,INDIVIDUAL,163,Divorced
113724,Aaron,Webb,1957-06-17,MALE,INDIVIDUAL,349,Single
113761,Carlos,Porter,1994-05-05,MALE,INDIVIDUAL,534,Single
113801,Dennis,Willis,1967-01-01,MALE,INDIVIDUAL,379,Single
113829,Carlos,Webb,1994-03-13,MALE,INDIVIDUAL,576,Single
114505,Judith,Wagner,1966-10-14,FEMALE,INDIVIDUAL,903,Married
114614,Clarence,Nelson,1963-06-19,MALE,INDIVIDUAL,973,Married
114849,Anne,Alvarez,1976-11-26,FEMALE,INDIVIDUAL,893,Married
115281,Irene,Banks,1972-03-30,FEMALE,INDIVIDUAL,944,Married
115596,Kenneth,Mccoy,1972-11-30,MALE,INDIVIDUAL,230,Married
115694,Lori,Kennedy,2000-05-19,FEMALE,INDIVIDUAL,666,Single
115735,Brandon,Diaz,1968-10-08,MALE,INDIVIDUAL,805,Married
116130,Thomas,Brooks,1986-10-09,MALE,INDIVIDUAL,9,Married
116131,Willie,Griffin,1983-03-12,MALE,INDIVIDUAL,796,Married
116323,Lawrence,Willis,1966-09-26,MALE,INDIVIDUAL,691,Married
116345,Karen,Morgan,1972-12-08,FEMALE,INDIVIDUAL,68,Single
116408,George,Murray,1977-07-11,MALE,INDIVIDUAL,883,Married
116462,Roy,Snyder,1968-09-15,MALE,INDIVIDUAL,612,Single
116504,Shawn,Dixon,2009-01-08,MALE,INDIVIDUAL,696,Single
116649,Lillian,Rogers,1963-10-14,FEMALE,INDIVIDUAL,630,Married
116670,Theresa,Romero,2009-12-07,FEMALE,INDIVIDUAL,343,Married
116794,Maria,Jacobs,1988-12-16,FEMALE,INDIVIDUAL,923,Married
116910,Anne,Lane,1986-02-19,FEMALE,INDIVIDUAL,209,Married
117034,Jeffrey,Lane,1979-04-07,MALE,INDIVIDUAL,83,Married
117211,Roger,Rivera,1978-05-15,MALE,INDIVIDUAL,708,Married
117763,Rebecca,Graham,1978-12-07,FEMALE,INDIVIDUAL,704,Divorced
117785,Terry,Barnes,1976-08-08,MALE,INDIVIDUAL,426,Single
118013,Willie,Hunter,2008-05-28,MALE,INDIVIDUAL,655,Single
118023,Jesse,Morgan,1966-06-05,MALE,INDIVIDUAL,266,Single
118103,Brandon,Reid,1968-02-12,MALE,INDIVIDUAL,227,Single
118433,Irene,Henderson,1974-01-14,FEMALE,INDIVIDUAL,862,Married
118547,Julia,Cunningham,1980-08-02,FEMALE,INDIVIDUAL,372,Single
118886,Fred,Williamson,1972-06-28,MALE,INDIVIDUAL,911,Married
118921,Joan,Burns,2012-06-07,FEMALE,INDIVIDUAL,90,Single
119030,Cheryl,Phillips,1991-04-02,FEMALE,INDIVIDUAL,664,Single
119090,Patrick,Young,1981-07-24,MALE,INDIVIDUAL,327,Married
119108,Eugene,Jones,1968-08-13,MALE,INDIVIDUAL,101,Married
119331,CA-BOTANA Corp,,,,COMPANY,102,
119534,Melissa,Scott,1964-12-17,FEMALE,INDIVIDUAL,439,Married
119559,Lisa,Frazier,1979-04-08,FEMALE,INDIVIDUAL,538,Married
119606,Janet,Sullivan,1952-01-28,FEMALE,INDIVIDUAL,167,Married
119610,Bruce,Perkins,1959-01-23,MALE,INDIVIDUAL,439,Married
119862,Benjamin,Hughes,2007-03-06,MALE,INDIVIDUAL,381,Married
119864,Sean,Richards,1975-04-14,MALE,INDIVIDUAL,860,Married
119882,Gary,Bennett,1983-01-07,MALE,INDIVIDUAL,930,Single
119887,Anne,Carr,1983-09-05,FEMALE,INDIVIDUAL,940,Married
120237,Anna,Jacobs,2010-07-20,FEMALE,INDIVIDUAL,329,Married
120342,Lois,Larson,1971-10-23,FEMALE,INDIVIDUAL,949,Married
120422,Fred,Grant,1979-01-01,MALE,INDIVIDUAL,857,Married
120425,Nancy,Nichols,2006-03-10,FEMALE,INDIVIDUAL,928,Single
121013,Juan,Ramos,1963-06-08,MALE,INDIVIDUAL,601,Single
121236,Wayne,Shaw,1972-01-21,MALE,INDIVIDUAL,1,Married
121391,Louise,Carpenter,2005-12-20,FEMALE,INDIVIDUAL,873,Single
121508,Eric,Scott,1966-04-25,MALE,INDIVIDUAL,380,Married
121588,Walter,Mccoy,1978-10-27,MALE,INDIVIDUAL,214,Married
121786,Helen,Hall,1986-03-31,FEMALE,INDIVIDUAL,88,Married
121958,Paula,Watson,1960-03-12,FEMALE,INDIVIDUAL,265,Married
122328,Michael,Gibson,1979-10-08,MALE,INDIVIDUAL,717,Single
122348,Beverly,Wood,1955-04-13,FEMALE,INDIVIDUAL,489,Single
122357,Kathleen,Greene,1971-12-30,FEMALE,INDIVIDUAL,965,Single
122480,Amanda,Watson,1973-10-20,FEMALE,INDIVIDUAL,756,Married
122536,Judith,Price,1996-09-10,FEMALE,INDIVIDUAL,648,Single
122646,Diane,Wallace,1960-11-30,FEMALE,INDIVIDUAL,380,Single
122849,Christopher,Lawson,1973-03-30,MALE,INDIVIDUAL,374,Single
122937,Wanda,Nguyen,1969-01-15,FEMALE,INDIVIDUAL,411,Single
123029,Maria,Larson,1967-12-25,FEMALE,INDIVIDUAL,338,Married
123263,Ashley,Stone,1978-04-20,FEMALE,INDIVIDUAL,442,Married
123379,Robert,Franklin,1968-02-02,MALE,INDIVIDUAL,330,Single
123845,Scott,Garcia,1960-02-10,MALE,INDIVIDUAL,387,Single
123852,Jimmy,Meyer,1959-06-29,MALE,INDIVIDUAL,376,Married
124062,Annie,Snyder,1982-01-18,FEMALE,INDIVIDUAL,659,Divorced
124541,Tammy,Pierce,1981-08-26,FEMALE,INDIVIDUAL,841,Single
124799,Deborah,Phillips,1957-03-14,FEMALE,INDIVIDUAL,465,Married
125655,Michael,Kelley,1984-02-17,MALE,INDIVIDUAL,116,Divorced
125657,Sharon,Rivera,2011-10-27,FEMALE,INDIVIDUAL,31,Single
125736,Douglas,Woods,1970-08-04,MALE,INDIVIDUAL,219,Divorced
126113,Gerald,Jones,1971-09-26,MALE,INDIVIDUAL,637,Divorced
126151,Ralph,Hughes,1965-01-15,MALE,INDIVIDUAL,117,Single
126287,Lisa,Kelly,1963-12-09,FEMALE,INDIVIDUAL,235,Married
126427,Julia,Lane,2011-03-10,FEMALE,INDIVIDUAL,372,Divorced
126447,Kathleen,Young,1956-06-12,FEMALE,INDIVIDUAL,387,Divorced
126515,Rachel,Nguyen,1976-02-08,FEMALE,INDIVIDUAL,986,Married
126848,Brenda,Owens,1991-09-07,FEMALE,INDIVIDUAL,424,Single
127134,Roy,Barnes,1974-10-24,MALE,INDIVIDUAL,658,Married
127137,Gerald,Carr,1972-10-08,MALE,INDIVIDUAL,540,Married
127150,Clarence,Phillips,1971-08-07,MALE,INDIVIDUAL,49,Married
127179,Adam,Richards,1948-08-26,MALE,INDIVIDUAL,17,Married
127482,Cynthia,Sims,1990-03-01,FEMALE,INDIVIDUAL,832,Married
127497,William,Morgan,1947-11-09,MALE,INDIVIDUAL,838,Married
128119,Teresa,Hanson,1974-01-18,FEMALE,INDIVIDUAL,154,Married
128276,Joyce,Wallace,1987-07-14,FEMALE,INDIVIDUAL,486,Divorced
128307,Wanda,Harper,1974-05-31,FEMALE,INDIVIDUAL,805,Married
128370,Ashley,Brooks,1960-05-30,FEMALE,INDIVIDUAL,316,Married
128439,Anna,Jackson,2004-11-23,FEMALE,INDIVIDUAL,72,Single
128650,Cynthia,Coleman,1969-02-10,FEMALE,INDIVIDUAL,902,Single
128722,Alan,Freeman,1990-05-22,MALE,INDIVIDUAL,615,Married
128747,Alan,Nelson,1980-09-14,MALE,INDIVIDUAL,216,Married
128848,Lillian,Coleman,1966-10-23,FEMALE,INDIVIDUAL,289,Single
128999,Taro Group,,,,COMPANY,205,
129182,Jonathan,Murray,1967-07-09,MALE,INDIVIDUAL,575,Married
129280,Earl,Sanchez,1975-09-16,MALE,INDIVIDUAL,209,Married
129390,Lori,Lynch,1983-01-25,FEMALE,INDIVIDUAL,908,Married
129391,Jesse,Kelly,1980-09-21,MALE,INDIVIDUAL,605,Single
129394,Craig,Wagner,1961-05-16,MALE,INDIVIDUAL,224,Married
129398,James,Lawson,1963-11-27,MALE,INDIVIDUAL,870,Married
129441,Johnny,Phillips,1977-11-04,MALE,INDIVIDUAL,608,Married
129472,Jennifer,Flores,1972-10-26,FEMALE,INDIVIDUAL,411,Single
129849,James,Garcia,1957-10-25,MALE,INDIVIDUAL,775,Married
129997,Frances,Dixon,1984-12-28,FEMALE,INDIVIDUAL,743,Married
130168,Joyce,Myers,1981-03-07,FEMALE,INDIVIDUAL,430,Single
130720,James,Allen,1979-05-14,MALE,INDIVIDUAL,829,Single
130904,Two Ltd,,,,COMPANY,533,
131476,Keith,Reid,2001-08-08,MALE,INDIVIDUAL,930,Divorced
131481,Chris,Dixon,1965-01-14,MALE,INDIVIDUAL,22,Married
131619,Virginia,Lawrence,1956-02-17,FEMALE,INDIVIDUAL,746,Single
132243,Lois,Rose,2004-06-14,FEMALE,INDIVIDUAL,361,Married
132268,Jason,Stanley,1973-03-30,MALE,INDIVIDUAL,21,Married
132367,B4 Corp,,,,COMPANY,808,
132645,Janet,Pierce,1972-08-18,FEMALE,INDIVIDUAL,760,Single
132756,Irene,Mason,1975-10-16,FEMALE,INDIVIDUAL,33,Married
132872,Clarence,Porter,1980-05-23,MALE,INDIVIDUAL,932,Single
133060,Chris,Tucker,1969-10-13,MALE,INDIVIDUAL,386,Single
133410,Carolyn,Coleman,2002-11-04,FEMALE,INDIVIDUAL,247,Married
133420,Catherine,Gray,1956-08-09,FEMALE,INDIVIDUAL,225,Married
133493,Rose,Jacobs,1984-05-12,FEMALE,INDIVIDUAL,356,Married
133635,Melissa,Gibson,1969-08-23,FEMALE,INDIVIDUAL,947,Married
133679,Theresa,Rogers,1982-05-08,FEMALE,INDIVIDUAL,632,Married
133812,Jennifer,Wright,1998-08-27,FEMALE,INDIVIDUAL,872,Single
134352,Harold,Baker,1974-07-22,MALE,INDIVIDUAL,617,Divorced
134597,Christina,Frazier,1981-09-29,FEMALE,INDIVIDUAL,215,Divorced
135253,Jean,Weaver,1980-01-09,FEMALE,INDIVIDUAL,193,Married
135307,Katherine,Nelson,1984-05-26,FEMALE,INDIVIDUAL,712,Single
135355,Lisa,Ward,1952-08-05,FEMALE,INDIVIDUAL,464,Married
135568,Debra,Daniels,1982-08-27,FEMALE,INDIVIDUAL,200,Single
135690,Linda,Davis,1979-05-04,FEMALE,INDIVIDUAL,229,Single
135823,Johnny,Jackson,1963-05-20,MALE,INDIVIDUAL,606,Married
135906,Steven,Ramirez,1962-02-08,MALE,INDIVIDUAL,268,Single
136126,Robin,Rice,1987-11-01,FEMALE,INDIVIDUAL,881,Married
136366,Marilyn,Nelson,1974-01-14,FEMALE,INDIVIDUAL,370,Single
136638,Barbara,Sanchez,1979-05-30,FEMALE,INDIVIDUAL,490,Married
137181,Jimmy,Rice,1961-05-28,MALE,INDIVIDUAL,347,Married
137311,Samuel,Martinez,1977-09-13,MALE,INDIVIDUAL,117,Married
137344,Carl,Reynolds,1973-02-25,MALE,INDIVIDUAL,224,Single
137702,Sara,Woods,1984-04-14,FEMALE,INDIVIDUAL,578,Married
137883,Douglas,Snyder,1955-06-05,MALE,INDIVIDUAL,348,Single
138130,Carol,Coleman,1981-12-14,FEMALE,INDIVIDUAL,394,Single
138199,Cynthia,Jenkins,1978-08-06,FEMALE,INDIVIDUAL,398,Single
138399,Heather,Ellis,1982-10-28,FEMALE,INDIVIDUAL,976,Married
138432,Irene,Long,1975-12-20,FEMALE,INDIVIDUAL,640,Married
138820,Joyce,Perkins,1984-04-10,FEMALE,INDIVIDUAL,865,Married
139171,Clarence,Young,1963-07-07,MALE,INDIVIDUAL,564,Single
139238,Jessica,Romero,1981-03-12,FEMALE,INDIVIDUAL,242,Single
139466,Samuel,Thompson,1971-02-26,MALE,INDIVIDUAL,332,Married
139704,H&H Ltd,,,,COMPANY,620,
139741,Evelyn,Bishop,1976-05-10,FEMALE,INDIVIDUAL,900,Single
139931,Lillian,Vasquez,1961-02-24,FEMALE,INDIVIDUAL,763,Single
140752,Sara,Black,1974-11-29,FEMALE,INDIVIDUAL,70,Married
140803,Gloria,Kennedy,2004-08-24,FEMALE,INDIVIDUAL,179,Married
141175,Eric,Lynch,1962-05-16,MALE,INDIVIDUAL,218,Married
141424,Mildred,Castillo,1980-07-26,FEMALE,INDIVIDUAL,734,Married
141611,Jerry,Sanders,1964-01-13,MALE,INDIVIDUAL,691,Single
141702,Henry,Mitchell,1981-07-07,MALE,INDIVIDUAL,804,Married
141834,Gary,Coleman,1992-02-20,MALE,INDIVIDUAL,29,Married
141877,Theresa,King,1957-03-15,FEMALE,INDIVIDUAL,583,Single
141902,Martha,Mitchell,1979-08-12,FEMALE,INDIVIDUAL,904,Single
141950,Lisa,Williamson,1973-11-14,FEMALE,INDIVIDUAL,29,Married
142249,Christopher,Garcia,1972-10-15,MALE,INDIVIDUAL,122,Divorced
142493,Lisa,Bowman,2012-06-15,FEMALE,INDIVIDUAL,337,Married
142622,Rebecca,Tucker,1973-07-18,FEMALE,INDIVIDUAL,588,Single
143350,Judy,Bryant,1970-12-06,FEMALE,INDIVIDUAL,718,Single
143621,Jason,Stevens,2010-11-09,MALE,INDIVIDUAL,264,Single
143671,Louis,Price,2009-02-23,MALE,INDIVIDUAL,500,Married
143713,Adam,George,1984-05-05,MALE,INDIVIDUAL,974,Married
144102,Sean,Walker,1967-04-27,MALE,INDIVIDUAL,418,Married
144231,Brenda,Bryant,1987-07-14,FEMALE,INDIVIDUAL,350,Single
144309,Irene,Thomas,1978-05-24,FEMALE,INDIVIDUAL,332,Married
144490,Jimmy,Barnes,1966-09-08,MALE,INDIVIDUAL,171,Divorced
144491,Joseph,Larson,1966-09-08,MALE,INDIVIDUAL,627,Married
145381,Ann,Garcia,1956-07-19,FEMALE,INDIVIDUAL,960,Married
145479,Melissa,Riley,1975-06-17,FEMALE,INDIVIDUAL,772,Married
145746,Jacqueline,White,1984-07-22,FEMALE,INDIVIDUAL,902,Married
145785,Rachel,Lawson,1975-10-30,FEMALE,INDIVIDUAL,756,Married
145869,Louis,Spencer,1967-01-18,MALE,INDIVIDUAL,304,Married
145937,Donald,Jackson,1959-02-27,MALE,INDIVIDUAL,560,Single
145969,Jeffrey,Kelley,1970-05-04,MALE,INDIVIDUAL,624,Married
146350,Diane,Carr,1979-12-11,FEMALE,INDIVIDUAL,653,Married
146389,Hawthorn ,,,,COMPANY,948,
146561,Phyllis,Hamilton,1974-12-28,FEMALE,INDIVIDUAL,41,Married
146563,Louise,Campbell,1973-08-17,FEMALE,INDIVIDUAL,351,Married
147104,Scott,Stone,1970-05-01,MALE,INDIVIDUAL,859,Single
147218,Sarah,Stanley,1959-01-01,FEMALE,INDIVIDUAL,953,Married
147243,Lawrence,Fisher,1968-11-01,MALE,INDIVIDUAL,52,Single
147280,Anne,Flores,1995-09-08,FEMALE,INDIVIDUAL,703,Married
147332,Rachel,Stanley,1998-12-28,FEMALE,INDIVIDUAL,199,Single
147397,Sean,Gonzales,1969-02-26,MALE,INDIVIDUAL,230,Married
147944,Kimberly,Morrison,2011-12-13,FEMALE,INDIVIDUAL,197,Single
148063,Wayne,Ford,1960-04-22,MALE,INDIVIDUAL,151,Single
148072,Joshua,Nguyen,1971-11-10,MALE,INDIVIDUAL,954,Married
148354,Jacqueline,Kelly,1975-02-23,FEMALE,INDIVIDUAL,708,Single
148431,Debra,Fernandez,1973-12-10,FEMALE,INDIVIDUAL,828,Single
148454,Julia,Hart,1979-11-05,FEMALE,INDIVIDUAL,913,Single
148731,Karen,Martinez,1994-05-20,FEMALE,INDIVIDUAL,9,Single
148768,Ann,Black,1969-03-26,FEMALE,INDIVIDUAL,631,Single
148932,Kenneth,Duncan,1977-12-26,MALE,INDIVIDUAL,14,Married
149032,Brian,Graham,1969-05-13,MALE,INDIVIDUAL,848,Married
149169,Billy,Black,1979-09-05,MALE,INDIVIDUAL,21,Married
149272,Wanda,Price,1968-06-18,FEMALE,INDIVIDUAL,249,Married
149353,Betty,Lawson,1969-03-05,FEMALE,INDIVIDUAL,357,Married
149761,Diana,Lane,1968-01-13,FEMALE,INDIVIDUAL,854,Divorced
149802,Billy,Wilson,1987-05-30,MALE,INDIVIDUAL,395,Single
149896,Timothy,Harper,1971-03-28,MALE,INDIVIDUAL,809,Married
150061,Ralph,Parker,1977-05-18,MALE,INDIVIDUAL,367,Married
150493,Joe,Grant,1958-03-08,MALE,INDIVIDUAL,970,Married
150900,Diana,Mccoy,1981-12-02,FEMALE,INDIVIDUAL,812,Single
151056,Lisa,Howard,1997-02-06,FEMALE,INDIVIDUAL,751,Married
151059,Jose,Kelley,1971-06-05,MALE,INDIVIDUAL,268,Single
151092,Bobby,James,1980-01-17,MALE,INDIVIDUAL,231,Married
151093,Steven,Williams,2011-03-16,MALE,INDIVIDUAL,248,Single
151508,Jacqueline,Johnston,1984-02-27,FEMALE,INDIVIDUAL,941,Single
151790,Jeffrey,Hunter,1991-06-04,MALE,INDIVIDUAL,170,Divorced
151875,Russell,Young,2012-09-10,MALE,INDIVIDUAL,424,Single
152064,Caldwell Group,,,,COMPANY,616,
152377,Barbara,Torres,1973-04-10,FEMALE,INDIVIDUAL,36,Married
152686,Carol,Flores,1976-05-14,FEMALE,INDIVIDUAL,705,Single
152735,Bobby,Alvarez,1985-10-25,MALE,INDIVIDUAL,783,Married
152819,Gloria,Hall,1969-06-01,FEMALE,INDIVIDUAL,50,Married
153055,Peter,Montgomery,1974-01-20,MALE,INDIVIDUAL,753,Married
153215,Andrew,Edwards,1975-05-07,MALE,INDIVIDUAL,376,Married
153566,Todd,Fernandez,2007-12-21,MALE,INDIVIDUAL,857,Married
153695,Doris,Burns,1957-07-26,FEMALE,INDIVIDUAL,384,Married
153809,Terry,Howell,2009-07-19,MALE,INDIVIDUAL,555,Married
153849,Harold,Hughes,1966-12-23,MALE,INDIVIDUAL,462,Single
153853,Irene,Bennett,2005-05-19,FEMALE,INDIVIDUAL,986,Single
154041,David,Bennett,1977-06-16,MALE,INDIVIDUAL,440,Single
154645,Philip,Foster,1976-08-20,MALE,INDIVIDUAL,354,Single
154673,Teresa,Hamilton,1956-03-03,FEMALE,INDIVIDUAL,271,Single
155031,John,Harvey,1955-07-08,MALE,INDIVIDUAL,265,Married
155357,Evelyn,Franklin,1972-08-15,FEMALE,INDIVIDUAL,323,Divorced
155378,Emily,Sims,1959-11-28,FEMALE,INDIVIDUAL,919,Married
155395,Julie,Thompson,1978-08-19,FEMALE,INDIVIDUAL,542,Single
155617,Gloria,Fox,1951-09-21,FEMALE,INDIVIDUAL,357,Married
155862,Carlos,Williams,1977-01-02,MALE,INDIVIDUAL,21,Married
155897,Jerry,Henry,1951-01-29,MALE,INDIVIDUAL,977,Married
155898,Clarence,Hudson,1989-03-17,MALE,INDIVIDUAL,363,Single
156096,Elizabeth,Jacobs,1982-02-18,FEMALE,INDIVIDUAL,79,Married
156306,Jesse,Reynolds,1992-06-04,MALE,INDIVIDUAL,600,Married
156308,Brian,Bradley,1952-01-08,MALE,INDIVIDUAL,163,Married
156392,Douglas,Alvarez,1959-06-18,MALE,INDIVIDUAL,341,Married
156785,Lori,Ward,1983-02-11,FEMALE,INDIVIDUAL,864,Married
156868,Roger,Stanley,1963-08-16,MALE,INDIVIDUAL,164,Divorced
157154,Alice,Long,2005-07-26,FEMALE,INDIVIDUAL,334,Single
157166,Bonnie,Jacobs,2000-08-30,FEMALE,INDIVIDUAL,357,Married
157316,Louis,George,2010-09-17,MALE,INDIVIDUAL,804,Divorced
157318,Andrew,Hanson,1976-02-27,MALE,INDIVIDUAL,983,Married
157884,Christine,Tucker,2009-10-25,FEMALE,INDIVIDUAL,206,Married
157939,Diana,Carter,1981-11-14,FEMALE,INDIVIDUAL,350,Single
157991,Martin,Harper,2012-11-05,MALE,INDIVIDUAL,797,Married
158157,Angela,Bradley,1986-06-18,FEMALE,INDIVIDUAL,529,Married
158264,Sean,Riley,1961-03-19,MALE,INDIVIDUAL,236,Divorced
158491,Annie,Welch,1963-03-02,FEMALE,INDIVIDUAL,87,Married
158521,Bonnie,Day,1973-07-27,FEMALE,INDIVIDUAL,321,Married
158634,Lois,Dean,1993-05-22,FEMALE,INDIVIDUAL,345,Married
158774,Billy,Graham,1977-11-11,MALE,INDIVIDUAL,95,Married
158776,Christopher,Bowman,1968-11-07,MALE,INDIVIDUAL,225,Single
158888,Charles,Elliott,2008-12-19,MALE,INDIVIDUAL,102,Married
158907,Eric,Sims,1976-01-17,MALE,INDIVIDUAL,358,Single
159239,Sandra,Hanson,1966-12-26,FEMALE,INDIVIDUAL,979,Single
159376,Craig,Henderson,1961-01-11,MALE,INDIVIDUAL,861,Divorced
159477,John,Bennett,1980-08-26,MALE,INDIVIDUAL,690,Married
160352,Lori,Hall,1975-12-22,FEMALE,INDIVIDUAL,630,Married
160356,Jean,Russell,1971-01-16,FEMALE,INDIVIDUAL,596,Single
160673,Harold,Johnston,1963-09-24,MALE,INDIVIDUAL,606,Single
161297,Earl,Hernandez,1955-09-07,MALE,INDIVIDUAL,351,Married
161380,Antonio,George,1979-02-01,MALE,INDIVIDUAL,587,Divorced
161404,Evelyn,Patterson,2007-08-04,FEMALE,INDIVIDUAL,898,Married
161462,Justin,Gray,1973-07-20,MALE,INDIVIDUAL,661,Single
162812,Frances,White,1976-01-22,FEMALE,INDIVIDUAL,572,Married
163292,Margaret,Burke,1983-06-24,FEMALE,INDIVIDUAL,244,Single
163548,Susan,Wright,1980-06-14,FEMALE,INDIVIDUAL,856,Married
163839,Dennis,Snyder,1957-02-24,MALE,INDIVIDUAL,516,Married
163924,Joyce,Clark,1965-05-12,FEMALE,INDIVIDUAL,75,Single
163928,Shawn,Harper,1976-04-15,MALE,INDIVIDUAL,410,Married
163930,Gerald,Snyder,1972-11-16,MALE,INDIVIDUAL,305,Married
164109,Thomas,Ross,1973-09-26,MALE,INDIVIDUAL,84,Single
164755,Anna,Harris,1987-05-10,FEMALE,INDIVIDUAL,437,Single
165300,Marilyn,Lopez,1973-06-23,FEMALE,INDIVIDUAL,756,Single
165579,Brenda,Wright,1968-07-23,FEMALE,INDIVIDUAL,245,Married
165611,Susan,Griffin,1957-07-18,FEMALE,INDIVIDUAL,377,Married
165641,Bonnie,Dixon,1983-05-03,FEMALE,INDIVIDUAL,395,Single
165687,Brenda,Grant,1971-10-27,FEMALE,INDIVIDUAL,524,Single
165910,Paul,Oliver,1968-05-30,MALE,INDIVIDUAL,801,Single
165936,Wanda,Johnson,2006-05-09,FEMALE,INDIVIDUAL,269,Married
166215,Betty,Price,1992-07-27,FEMALE,INDIVIDUAL,578,Divorced
166640,Walter,Turner,1993-05-10,MALE,INDIVIDUAL,168,Single
166641,Randy,Hudson,1963-12-16,MALE,INDIVIDUAL,432,Divorced
166675,Richard,Peters,1976-03-10,MALE,INDIVIDUAL,753,Married
167034,Joyce,Dean,2011-02-25,FEMALE,INDIVIDUAL,209,Single
167518,Jason,Walker,2008-06-27,MALE,INDIVIDUAL,862,Married
167543,Earl,Garrett,1977-08-28,MALE,INDIVIDUAL,991,Single
167586,Sean,Price,1978-09-19,MALE,INDIVIDUAL,163,Divorced
167692,Carlos,Torres,1970-06-29,MALE,INDIVIDUAL,176,Married
167805,Mildred,Alexander,1957-07-20,FEMALE,INDIVIDUAL,79,Married
168150,Christopher,Fisher,1993-06-29,MALE,INDIVIDUAL,33,Single
168155,Julia,Richardson,1961-12-23,FEMALE,INDIVIDUAL,891,Divorced
168347,Doris,Brooks,1975-09-26,FEMALE,INDIVIDUAL,111,Married
168591,Teresa,Burke,1983-01-14,FEMALE,INDIVIDUAL,649,Married
168664,Rachel,Woods,1978-10-17,FEMALE,INDIVIDUAL,895,Single
169297,Bonnie,Peterson,1960-11-11,FEMALE,INDIVIDUAL,231,Married
169464,Diana,Watkins,2010-07-21,FEMALE,INDIVIDUAL,945,Single
169730,Tina,Moreno,1967-03-02,FEMALE,INDIVIDUAL,842,Married
170010,Janice,Green,1951-03-29,FEMALE,INDIVIDUAL,439,Married
170144,Norma,Rivera,1978-04-24,FEMALE,INDIVIDUAL,490,Single
170158,Anna,Hart,1975-07-08,FEMALE,INDIVIDUAL,765,Single
170278,Pamela,Welch,1976-10-03,FEMALE,INDIVIDUAL,830,Married
170693,Bonnie,Willis,1981-03-30,FEMALE,INDIVIDUAL,381,Married
171281,Brian,Castillo,1968-09-13,MALE,INDIVIDUAL,465,Single
171420,Julia,Woods,1970-04-19,FEMALE,INDIVIDUAL,195,Single
171951,Ashley,Torres,1999-11-05,FEMALE,INDIVIDUAL,325,Single
171985,Brandon,Tucker,1967-06-14,MALE,INDIVIDUAL,94,Married
172037,Phillip,Bishop,2003-04-19,MALE,INDIVIDUAL,602,Married
172074,Jack,Morris,1976-10-08,MALE,INDIVIDUAL,333,Single
172146,James,Olson,1971-09-26,MALE,INDIVIDUAL,51,Single
173054,David,Wright,1969-03-19,MALE,INDIVIDUAL,129,Married
173618,Christina,White,1975-05-19,FEMALE,INDIVIDUAL,411,Single
173621,Jonathan,Ruiz,,,COMPANY,49,
173718,Sandra,Romero,2008-04-26,FEMALE,INDIVIDUAL,152,Divorced
173947,Bobby,Boyd,1981-06-02,MALE,INDIVIDUAL,395,Single
174183,Pamela,Holmes,1979-04-08,FEMALE,INDIVIDUAL,617,Divorced
174443,Patricia,Day,2012-05-02,FEMALE,INDIVIDUAL,99,Married
174446,Beverly,Ferguson,2010-05-10,FEMALE,INDIVIDUAL,204,Single
174457,Martin,Gordon,1975-12-14,MALE,INDIVIDUAL,516,Married
175012,Joseph,Wood,1975-10-12,MALE,INDIVIDUAL,69,Single
175016,Harry,Austin,2009-03-19,MALE,INDIVIDUAL,610,Divorced
175092,Kevin,Willis,1973-01-28,MALE,INDIVIDUAL,578,Married
175371,Robert,Myers,1975-11-06,MALE,INDIVIDUAL,312,Married
175442,"Pharmacyclics, ",,,,COMPANY,560,
175835,Rebecca,Kelly,1977-07-27,FEMALE,INDIVIDUAL,689,Divorced
175996,Juan,Bishop,1967-08-17,MALE,INDIVIDUAL,895,Single
176096,Kevin,Hawkins,1968-09-20,MALE,INDIVIDUAL,720,Single
176295,Doris,Palmer,1981-02-20,FEMALE,INDIVIDUAL,502,Married
176385,Martha,Garrett,1959-12-23,FEMALE,INDIVIDUAL,182,Married
176490,Laura,Morris,1960-07-04,FEMALE,INDIVIDUAL,986,Married
176587,Bruce,Gonzalez,1976-06-21,MALE,INDIVIDUAL,681,Single
177173,Sara,Young,2005-07-16,FEMALE,INDIVIDUAL,469,Divorced
177189,Keith,Wright,1976-04-19,MALE,INDIVIDUAL,938,Single
177427,Justin,Henderson,1965-01-20,MALE,INDIVIDUAL,430,Married
177504,Daniel,Coleman,1963-08-13,MALE,INDIVIDUAL,112,Married
177740,Frances,Bailey,1948-11-29,FEMALE,INDIVIDUAL,4,Single
178097,Thomas,Taylor,1970-05-06,MALE,INDIVIDUAL,814,Single
178776,Craig,Bennett,1961-05-03,MALE,INDIVIDUAL,892,Married
178856,Janet,Hall,1961-06-23,FEMALE,INDIVIDUAL,424,Married
178908,Todd,Fox,1974-06-27,MALE,INDIVIDUAL,759,Married
178909,Bobby,Lewis,2008-10-06,MALE,INDIVIDUAL,791,Married
179054,Eric,Collins,1979-04-26,MALE,INDIVIDUAL,990,Single
179072,Bobby,Medina,1970-05-09,MALE,INDIVIDUAL,935,Married
179514,George,Ramirez,1969-08-13,MALE,INDIVIDUAL,156,Single
179613,Ruby,Simpson,1977-03-22,FEMALE,INDIVIDUAL,287,Single
179667,Angela,Ellis,2007-04-27,FEMALE,INDIVIDUAL,749,Married
179888,Margaret,Meyer,1980-09-10,FEMALE,INDIVIDUAL,886,Married
180523,Brandon,Wagner,1972-01-04,MALE,INDIVIDUAL,291,Married
180878,Matthew,Sanders,1982-04-27,MALE,INDIVIDUAL,714,Single
181414,Theresa,Carpenter,1982-08-10,FEMALE,INDIVIDUAL,817,Single
181433,Bonnie,Gardner,1979-04-14,FEMALE,INDIVIDUAL,176,Married
181541,Joe,Bell,1996-05-08,MALE,INDIVIDUAL,381,Single
181814,Jane,Harper,1961-04-08,FEMALE,INDIVIDUAL,109,Married
182127,George,Mccoy,1977-10-26,MALE,INDIVIDUAL,245,Divorced
182468,Mildred,Reyes,2002-04-03,FEMALE,INDIVIDUAL,11,Married
182494,Andrew,Warren,1968-12-20,MALE,INDIVIDUAL,20,Married
182495,Eric,Garrett,2006-04-12,MALE,INDIVIDUAL,796,Single
182500,Joseph,Hudson,1964-06-14,MALE,INDIVIDUAL,592,Divorced
182673,Harry,Duncan,1977-12-23,MALE,INDIVIDUAL,482,Single
182773,David,Phillips,1950-03-29,MALE,INDIVIDUAL,924,Married
182856,Kevin,Harper,1965-05-20,MALE,INDIVIDUAL,445,Married
183255,Raymond,Vasquez,1969-10-22,MALE,INDIVIDUAL,768,Divorced
183349,Albert,Kennedy,1956-08-23,MALE,INDIVIDUAL,844,Married
183846,Katherine,Rivera,1968-11-04,FEMALE,INDIVIDUAL,151,Married
184363,Cheryl,Garcia,1983-07-04,FEMALE,INDIVIDUAL,376,Married
184730,Julie,Alvarez,1972-09-30,FEMALE,INDIVIDUAL,188,Divorced
184749,Stephanie,Fox,1973-08-21,FEMALE,INDIVIDUAL,974,Divorced
185337,Jennifer,Porter,1976-07-02,FEMALE,INDIVIDUAL,867,Married
185387,Rachel,Richards,1960-09-28,FEMALE,INDIVIDUAL,579,Married
185392,Shawn,Fisher,1990-08-09,MALE,INDIVIDUAL,399,Married
185400,Kevin,Bishop,1961-11-10,MALE,INDIVIDUAL,582,Single
185406,Boehringer Group,,,,COMPANY,867,
185579,Carlos,Gonzalez,2009-01-14,MALE,INDIVIDUAL,944,Married
185603,Henry,Jenkins,1971-01-28,MALE,INDIVIDUAL,791,Married
185698,Jennifer,Andrews,1953-08-08,FEMALE,INDIVIDUAL,726,Married
185765,Daniel,Day,1962-02-11,MALE,INDIVIDUAL,379,Married
185779,Melissa,Harrison,1974-11-25,FEMALE,INDIVIDUAL,145,Married
185994,Joyce,Wright,1964-12-18,FEMALE,INDIVIDUAL,257,Single
185995,Rose,Bradley,1957-05-06,FEMALE,INDIVIDUAL,29,Married
186176,Douglas,Walker,1951-09-23,MALE,INDIVIDUAL,436,Single
186278,Juan,Torres,2001-06-01,MALE,INDIVIDUAL,267,Divorced
186286,Philip,Gomez,1962-09-03,MALE,INDIVIDUAL,458,Single
186320,Catherine,Hamilton,1975-07-08,FEMALE,INDIVIDUAL,823,Married
186412,Anna,Lee,1975-10-05,FEMALE,INDIVIDUAL,779,Single
186552,Cynthia,Price,1981-07-05,FEMALE,INDIVIDUAL,787,Married
187032,Gerald,Medina,1974-08-17,MALE,INDIVIDUAL,768,Single
187783,Brenda,Jenkins,1957-12-22,FEMALE,INDIVIDUAL,331,Single
188249,Donald,Martin,1965-03-01,MALE,INDIVIDUAL,352,Single
188492,Lisa,Fernandez,1968-07-02,FEMALE,INDIVIDUAL,449,Married
188588,Heather,Chapman,1956-05-16,FEMALE,INDIVIDUAL,552,Married
188598,Ruth,Grant,1970-07-15,FEMALE,INDIVIDUAL,799,Single
188623,Marilyn,Riley,1953-04-14,FEMALE,INDIVIDUAL,561,Married
188669,Jesse,Cruz,1972-04-30,MALE,INDIVIDUAL,490,Married
188718,Eugene,Johnston,1993-09-10,MALE,INDIVIDUAL,113,Divorced
188736,Eugene,Robertson,1952-11-25,MALE,INDIVIDUAL,80,Married
188757,Carol,Hill,1974-07-13,FEMALE,INDIVIDUAL,203,Married
188790,Alice,Hansen,1973-08-14,FEMALE,INDIVIDUAL,207,Divorced
189129,Jeffrey,Ortiz,1972-09-03,MALE,INDIVIDUAL,883,Married
189622,Joe,Williams,1978-05-14,MALE,INDIVIDUAL,772,Married
190236,Lois,Adams,1973-05-28,FEMALE,INDIVIDUAL,363,Married
190400,Kimberly,Hall,1985-09-06,FEMALE,INDIVIDUAL,571,Single
190597,Earl,Porter,1976-06-28,MALE,INDIVIDUAL,855,Married
190605,Henry,Reid,1969-09-06,MALE,INDIVIDUAL,293,Married
190828,Rachel,Owens,1983-05-25,FEMALE,INDIVIDUAL,343,Married
190848,Eugene,Griffin,1980-03-02,MALE,INDIVIDUAL,124,Divorced
190856,Edward,Montgomery,1984-08-31,MALE,INDIVIDUAL,670,Single
190929,Evelyn,Austin,1975-06-22,FEMALE,INDIVIDUAL,526,Married
190980,Ruth,Marshall,1974-08-17,FEMALE,INDIVIDUAL,423,Divorced
191274,Stephanie,Cole,1975-11-15,FEMALE,INDIVIDUAL,570,Single
191316,Tina,Gibson,1981-06-20,FEMALE,INDIVIDUAL,50,Single
191707,Paula,Gonzalez,1985-11-22,FEMALE,INDIVIDUAL,545,Married
191849,Randy,Lynch,1984-09-16,MALE,INDIVIDUAL,595,Single
191966,Harry,Boyd,2007-06-13,MALE,INDIVIDUAL,39,Single
191993,Daniel,Robertson,1968-08-04,MALE,INDIVIDUAL,258,Married
192119,Anna,Harvey,1971-06-30,FEMALE,INDIVIDUAL,206,Married
192129,Robin,Mendoza,1979-07-15,FEMALE,INDIVIDUAL,957,Single
192534,Nicole,Duncan,1975-07-25,FEMALE,INDIVIDUAL,928,Single
192684,Larry,Marshall,1963-01-22,MALE,INDIVIDUAL,407,Married
192685,Chris,Cunningham,1963-01-22,MALE,INDIVIDUAL,218,Single
192720,Peter,Stone,1968-12-13,MALE,INDIVIDUAL,951,Divorced
192793,Billy,Moore,2001-06-15,MALE,INDIVIDUAL,427,Married
193286,Harry,Marshall,1975-12-10,MALE,INDIVIDUAL,388,Single
193396,Jean,Parker,1970-11-07,FEMALE,INDIVIDUAL,987,Divorced
193429,Gloria,Garrett,1974-11-14,FEMALE,INDIVIDUAL,835,Single
193430,Juan,Ramirez,1982-07-25,MALE,INDIVIDUAL,56,Married
193488,Nicholas,Sullivan,1949-02-15,MALE,INDIVIDUAL,347,Married
193547,Russell,Bradley,1996-06-30,MALE,INDIVIDUAL,779,Married
193642,L Group,,,,COMPANY,575,
193692,Helen,Butler,2011-09-30,FEMALE,INDIVIDUAL,407,Married
193709,Patrick,Burke,1968-09-11,MALE,INDIVIDUAL,971,Married
193818,Joseph,Payne,1970-05-18,MALE,INDIVIDUAL,593,Single
193822,Shawn,Burns,1999-08-05,MALE,INDIVIDUAL,74,Married
194097,Virginia,Payne,1981-08-16,FEMALE,INDIVIDUAL,801,Married
194193,Debra,Richards,1970-12-03,FEMALE,INDIVIDUAL,984,Divorced
194206,Julia,Fox,1975-07-09,FEMALE,INDIVIDUAL,257,Married
194285,Pamela,Campbell,1983-12-29,FEMALE,INDIVIDUAL,174,Single
194554,James,Tucker,1983-04-10,MALE,INDIVIDUAL,814,Single
194589,Edward,Schmidt,2002-07-30,MALE,INDIVIDUAL,491,Married
194715,Emily,Montgomery,1976-08-19,FEMALE,INDIVIDUAL,691,Married
194751,Betty,Gilbert,2005-07-28,FEMALE,INDIVIDUAL,17,Married
194839,Mary,Garza,1997-10-26,FEMALE,INDIVIDUAL,338,Married
195004,William,Watkins,1973-05-17,MALE,INDIVIDUAL,427,Married
195060,Eric,Miller,2005-09-06,MALE,INDIVIDUAL,674,Married
195670,Anthony,Rodriguez,1968-11-08,MALE,INDIVIDUAL,948,Married
195708,Paul,Thomas,1993-11-10,MALE,INDIVIDUAL,494,Married
195709,Jimmy,Hamilton,1967-07-26,MALE,INDIVIDUAL,444,Married
195794,Thomas,James,2009-02-25,MALE,INDIVIDUAL,789,Married
195802,Scott,Ruiz,1950-12-06,MALE,INDIVIDUAL,355,Married
195824,Frank,Reynolds,1974-12-09,MALE,INDIVIDUAL,289,Married
195939,Nancy,Garza,2011-12-03,FEMALE,INDIVIDUAL,689,Married
196083,Rose,Griffin,1965-05-02,FEMALE,INDIVIDUAL,110,Married
196092,Dennis,Hill,2011-08-27,MALE,INDIVIDUAL,300,Single
196094,Eric,Olson,1972-12-04,MALE,INDIVIDUAL,768,Married
196269,Julie,Hanson,1960-01-06,FEMALE,INDIVIDUAL,110,Married
196746,Donna,Moreno,1978-09-23,FEMALE,INDIVIDUAL,289,Married
196749,Deborah,Williams,1980-08-09,FEMALE,INDIVIDUAL,397,Married
196800,Marilyn,Harrison,1981-02-04,FEMALE,INDIVIDUAL,556,Divorced
196857,Jason,Fox,1962-02-21,MALE,INDIVIDUAL,30,Single
197045,Rose,Miller,1985-04-17,FEMALE,INDIVIDUAL,310,Married
197119,Marilyn,Jordan,1977-09-15,FEMALE,INDIVIDUAL,294,Married
197220,Frank,Bell,1967-09-11,MALE,INDIVIDUAL,685,Married
197309,Anthony,Harrison,1958-04-30,MALE,INDIVIDUAL,109,Married
197565,Brian,Tucker,1991-08-20,MALE,INDIVIDUAL,583,Married
197760,Juan,Stanley,1965-11-02,MALE,INDIVIDUAL,125,Single
197838,Bonnie,Greene,1977-09-06,FEMALE,INDIVIDUAL,804,Married
197868,Robin,Jackson,1970-11-09,FEMALE,INDIVIDUAL,308,Married
197931,Justin,Bishop,1976-03-01,MALE,INDIVIDUAL,38,Single
198018,Catherine,Perkins,1967-09-25,FEMALE,INDIVIDUAL,374,Married
198115,Joseph,Duncan,1966-01-04,MALE,INDIVIDUAL,398,Married
198455,Janet,Sims,1954-10-15,FEMALE,INDIVIDUAL,399,Married
198462,Lisa,Freeman,1982-07-25,FEMALE,INDIVIDUAL,837,Married
198600,Scott,Larson,2012-10-24,MALE,INDIVIDUAL,952,Single
198602,Nicholas,Wagner,1969-12-04,MALE,INDIVIDUAL,535,Single
198723,Annie,Cunningham,1983-09-03,FEMALE,INDIVIDUAL,408,Single
198870,Charles,Johnston,1974-02-18,MALE,INDIVIDUAL,472,Married
198879,Phyllis,Willis,1974-02-08,FEMALE,INDIVIDUAL,721,Married
199030,Ruth,Peterson,1967-07-11,FEMALE,INDIVIDUAL,655,Married
199113,Janet,Garrett,1997-01-25,FEMALE,INDIVIDUAL,404,Divorced
199130,Martin,Hill,1970-07-08,MALE,INDIVIDUAL,318,Single
199186,Diana,Hicks,1968-11-15,FEMALE,INDIVIDUAL,945,Single
199316,Tina,Dunn,1973-05-08,FEMALE,INDIVIDUAL,642,Married
199396,Rose,Carroll,1977-08-26,FEMALE,INDIVIDUAL,513,Married
199492,Michael,Morales,1982-08-27,MALE,INDIVIDUAL,751,Married
199554,Roy,Mills,2010-06-28,MALE,INDIVIDUAL,716,Married
199557,Ralph,Hernandez,1979-06-24,MALE,INDIVIDUAL,445,Married
200429,Patricia,Gordon,1967-11-22,FEMALE,INDIVIDUAL,222,Married
200555,Diane,Scott,1984-01-06,FEMALE,INDIVIDUAL,580,Single
200643,Carlos,Kelly,1980-06-18,MALE,INDIVIDUAL,89,Married
200692,Joshua,Medina,1982-03-03,MALE,INDIVIDUAL,632,Divorced
201020,Melissa,Brown,1967-11-26,FEMALE,INDIVIDUAL,745,Married
201055,Kathryn,Gordon,1975-10-13,FEMALE,INDIVIDUAL,454,Single
201161,Richard,Howell,1975-05-31,MALE,INDIVIDUAL,766,Single
201253,Jennifer,Stewart,1966-01-14,FEMALE,INDIVIDUAL,899,Single
201605,Victor,Moreno,1982-01-27,MALE,INDIVIDUAL,477,Single
201719,Lois,Porter,1973-06-06,FEMALE,INDIVIDUAL,282,Single
202514,Joan,Murphy,1984-06-20,FEMALE,INDIVIDUAL,664,Married
202885,Jeremy,Hicks,1984-01-28,MALE,INDIVIDUAL,696,Single
203308,Sarah,Fields,1966-12-21,FEMALE,INDIVIDUAL,885,Married
203386,Janet,Peters,1981-11-05,FEMALE,INDIVIDUAL,280,Married
203482,Joan,Grant,1993-10-19,FEMALE,INDIVIDUAL,366,Married
203515,Frank,Fernandez,1968-09-04,MALE,INDIVIDUAL,925,Single
203745,Beverly,Griffin,1974-08-13,FEMALE,INDIVIDUAL,15,Married
203982,Paula,Mitchell,1951-11-17,FEMALE,INDIVIDUAL,293,Married
204047,George,Carr,1969-03-29,MALE,INDIVIDUAL,749,Single
204864,Aaron,Sanders,2012-01-05,MALE,INDIVIDUAL,183,Married
205153,Walter,Berry,1966-05-06,MALE,INDIVIDUAL,870,Single
205393,Robert,Butler,1969-04-25,MALE,INDIVIDUAL,783,Married
206085,Evelyn,Fisher,1953-10-12,FEMALE,INDIVIDUAL,979,Married
206093,Cheryl,Cox,1974-11-13,FEMALE,INDIVIDUAL,757,Married
206094,Dorothy,Murphy,1972-07-12,FEMALE,INDIVIDUAL,578,Single
206546,Christopher,Henry,1974-05-10,MALE,INDIVIDUAL,282,Single
206588,Andrew,Matthews,1966-02-23,MALE,INDIVIDUAL,529,Single
206684,Betty,Bryant,1978-02-22,FEMALE,INDIVIDUAL,603,Married
206766,Kelly,Jones,1983-09-04,FEMALE,INDIVIDUAL,267,Single
206832,Arthur,Armstrong,2012-03-07,MALE,INDIVIDUAL,263,Married
206833,Charles,Bishop,1981-06-19,MALE,INDIVIDUAL,563,Married
206835,Earl,Williams,1975-02-03,MALE,INDIVIDUAL,349,Married
206949,Sara,Perry,1956-03-01,FEMALE,INDIVIDUAL,506,Married
207142,Sara,Simpson,1973-07-23,FEMALE,INDIVIDUAL,789,Married
207215,Roger,Gardner,2011-11-22,MALE,INDIVIDUAL,364,Married
207379,Albert,Palmer,1976-04-27,MALE,INDIVIDUAL,900,Single
207458,Benjamin,Meyer,1959-06-15,MALE,INDIVIDUAL,470,Married
207661,Maria,Simpson,1960-10-05,FEMALE,INDIVIDUAL,853,Single
207681,Jennifer,Cruz,1956-03-25,FEMALE,INDIVIDUAL,93,Married
207992,Sean,Alexander,1983-07-07,MALE,INDIVIDUAL,398,Single
208028,Howard,Robinson,1958-03-02,MALE,INDIVIDUAL,164,Single
208063,Lisa,Rogers,1961-05-08,FEMALE,INDIVIDUAL,539,Married
208145,Betty,Austin,1969-12-11,FEMALE,INDIVIDUAL,413,Married
208214,Gloria,Crawford,1973-06-08,FEMALE,INDIVIDUAL,73,Single
208450,Irene,Moore,1979-01-24,FEMALE,INDIVIDUAL,449,Divorced
208566,Teresa,Watson,1989-08-10,FEMALE,INDIVIDUAL,695,Married
208592,Gloria,Chapman,1968-10-25,FEMALE,INDIVIDUAL,497,Married
208769,Judy,Wheeler,2005-12-22,FEMALE,INDIVIDUAL,405,Single
208774,Antonio,Franklin,1954-06-30,MALE,INDIVIDUAL,913,Divorced
208782,Joshua,Harvey,1966-09-27,MALE,INDIVIDUAL,449,Single
208992,Samuel,Foster,1954-01-21,MALE,INDIVIDUAL,654,Married
209623,Louis,Burke,1981-04-18,MALE,INDIVIDUAL,63,Single
209679,Cynthia,Hart,1959-03-01,FEMALE,INDIVIDUAL,940,Married
209694,Diana,Meyer,1972-12-07,FEMALE,INDIVIDUAL,979,Married
209716,Fred,Clark,1987-08-17,MALE,INDIVIDUAL,465,Single
209717,Ronald,Brooks,1990-06-20,MALE,INDIVIDUAL,327,Married
210137,Jose,Rivera,1964-10-28,MALE,INDIVIDUAL,705,Married
210906,Anna,Roberts,1989-09-14,FEMALE,INDIVIDUAL,588,Married
210909,Carl,Scott,1959-09-07,MALE,INDIVIDUAL,111,Single
211217,Benjamin,Armstrong,1974-01-17,MALE,INDIVIDUAL,951,Single
211239,Brandon,Garza,1973-12-26,MALE,INDIVIDUAL,198,Single
211339,Charles,Wallace,1980-08-27,MALE,INDIVIDUAL,329,Married
211369,Philip,Howell,1953-08-15,MALE,INDIVIDUAL,795,Single
211708,Carolyn,Stewart,1985-07-27,FEMALE,INDIVIDUAL,529,Married
211709,Carolyn,Freeman,1982-04-10,FEMALE,INDIVIDUAL,612,Married
211919,Clarence,Medina,1981-07-14,MALE,INDIVIDUAL,486,Single
211928,Debra,Rodriguez,1964-05-14,FEMALE,INDIVIDUAL,89,Married
212286,Joshua,Davis,1970-07-31,MALE,INDIVIDUAL,69,Single
212408,Anna,Palmer,1968-10-03,FEMALE,INDIVIDUAL,184,Single
212856,Nicholas,Richardson,1981-05-23,MALE,INDIVIDUAL,561,Married
212882,Jacqueline,Richards,1971-06-27,FEMALE,INDIVIDUAL,282,Married
213036,Russell,Baker,1974-10-05,MALE,INDIVIDUAL,807,Single
213086,Johnny,Rivera,1977-06-24,MALE,INDIVIDUAL,562,Married
213115,Annie,Harris,2010-08-19,FEMALE,INDIVIDUAL,19,Divorced
213184,Edward,Frazier,1976-01-10,MALE,INDIVIDUAL,746,Married
213334,Eric,Ferguson,1966-02-28,MALE,INDIVIDUAL,45,Single
213335,Chris,Willis,2005-03-05,MALE,INDIVIDUAL,52,Single
213576,Patrick,Gardner,1974-06-06,MALE,INDIVIDUAL,40,Single
214057,Russell,Price,1959-08-25,MALE,INDIVIDUAL,984,Married
214278,Donald,Carr,1974-10-26,MALE,INDIVIDUAL,581,Single
214550,Joyce,Grant,2001-06-28,FEMALE,INDIVIDUAL,152,Married
214571,Walter,Wright,1955-02-23,MALE,INDIVIDUAL,899,Single
214593,Billy,Lynch,1962-09-22,MALE,INDIVIDUAL,320,Married
215273,Jacqueline,Scott,1985-02-18,FEMALE,INDIVIDUAL,418,Married
215293,Alan,Ross,1988-04-27,MALE,INDIVIDUAL,870,Single
215367,Diane,Roberts,1980-04-19,FEMALE,INDIVIDUAL,546,Married
215370,Amy,Bishop,1990-02-10,FEMALE,INDIVIDUAL,556,Single
215467,Katherine,Kelley,1977-09-22,FEMALE,INDIVIDUAL,777,Single
215481,Mary,Medina,1972-05-31,FEMALE,INDIVIDUAL,43,Married
215889,Antonio,Evans,2004-09-10,MALE,INDIVIDUAL,986,Married
216017,Phillip,Nguyen,1965-11-08,MALE,INDIVIDUAL,747,Single
216111,Janet,Marshall,1973-08-03,FEMALE,INDIVIDUAL,404,Single
216452,Rose,Woods,1970-06-09,FEMALE,INDIVIDUAL,59,Married
216580,Stephen,Wagner,1958-04-13,MALE,INDIVIDUAL,824,Single
216798,Kevin,Bailey,1965-07-20,MALE,INDIVIDUAL,459,Divorced
216961,Theresa,Ortiz,1986-05-13,FEMALE,INDIVIDUAL,310,Married
216965,Judy,Jenkins,1972-08-24,FEMALE,INDIVIDUAL,600,Married
217216,Maria,Kelly,1978-04-25,FEMALE,INDIVIDUAL,515,Married
217424,Paul,Shaw,1983-04-14,MALE,INDIVIDUAL,155,Single
217660,Terry,Simmons,1978-03-04,MALE,INDIVIDUAL,732,Married
217900,Dennis,Williams,1965-09-22,MALE,INDIVIDUAL,688,Married
218012,Philip,Murphy,1976-08-08,MALE,INDIVIDUAL,668,Married
218519,Martha,Gonzales,1982-04-21,FEMALE,INDIVIDUAL,593,Single
218770,Daniel,Lawrence,1969-03-30,MALE,INDIVIDUAL,372,Divorced
218859,Brian,Jordan,1956-08-04,MALE,INDIVIDUAL,776,Single
219171,David,Sanchez,1960-11-24,MALE,INDIVIDUAL,702,Married
219207,Edward,Carpenter,2006-08-25,MALE,INDIVIDUAL,430,Married
219237,Barbara,Reynolds,1979-08-26,FEMALE,INDIVIDUAL,328,Married
219277,Joseph,Lawrence,1974-09-04,MALE,INDIVIDUAL,924,Married
219476,Anna,Howell,1970-06-14,FEMALE,INDIVIDUAL,904,Married
219483,Cheryl,Nelson,1970-11-16,FEMALE,INDIVIDUAL,766,Married
220074,Pamela,Ross,1975-11-21,FEMALE,INDIVIDUAL,573,Married
220294,Janet,Thomas,1957-06-18,FEMALE,INDIVIDUAL,430,Married
220373,Phillip,Mcdonald,1983-04-14,MALE,INDIVIDUAL,847,Married
220635,Dorothy,Black,1959-07-25,FEMALE,INDIVIDUAL,729,Married
220681,Paul,Garcia,1978-08-07,MALE,INDIVIDUAL,532,Divorced
220828,Timothy,Richards,1966-03-15,MALE,INDIVIDUAL,67,Single
220912,Jessica,Brown,1995-09-13,FEMALE,INDIVIDUAL,162,Married
220940,Kevin,Matthews,1963-10-08,MALE,INDIVIDUAL,910,Single
221079,Antonio,Davis,1978-03-15,MALE,INDIVIDUAL,474,Divorced
221159,Robert,Dean,1976-04-13,MALE,INDIVIDUAL,162,Married
221207,Eugene,Mitchell,1970-03-24,MALE,INDIVIDUAL,927,Married
221340,Nicole,Kennedy,1983-05-26,FEMALE,INDIVIDUAL,60,Married
221434,Steve,Adams,1969-03-20,MALE,INDIVIDUAL,319,Single
221521,Benjamin,Powell,1956-09-27,MALE,INDIVIDUAL,501,Married
221694,Diana,Freeman,1970-06-11,FEMALE,INDIVIDUAL,242,Single
221739,Charles,Collins,1975-02-17,MALE,INDIVIDUAL,596,Married
221773,Howard,Spencer,1969-09-17,MALE,INDIVIDUAL,313,Married
221873,Phillip,Gordon,1974-04-26,MALE,INDIVIDUAL,350,Married
221874,James,Ferguson,2004-08-02,MALE,INDIVIDUAL,127,Single
222456,Kathleen,Simmons,1969-10-06,FEMALE,INDIVIDUAL,755,Single
222491,Helen,Bailey,1970-03-13,FEMALE,INDIVIDUAL,946,Single
222696,Todd,Matthews,1969-09-26,MALE,INDIVIDUAL,825,Married
222756,Betty,Andrews,1969-02-14,FEMALE,INDIVIDUAL,344,Divorced
222811,Angela,Ramos,1983-08-14,FEMALE,INDIVIDUAL,681,Married
223371,Maria,Ryan,1982-09-25,FEMALE,INDIVIDUAL,787,Married
223396,Kenneth,Pierce,1978-06-29,MALE,INDIVIDUAL,564,Single
223591,Henry,Kelley,1967-01-23,MALE,INDIVIDUAL,13,Married
223769,Tina,Williams,2006-02-28,FEMALE,INDIVIDUAL,36,Married
223775,Lori,Parker,1966-08-03,FEMALE,INDIVIDUAL,790,Single
223977,Andrea,Lane,2006-10-02,FEMALE,INDIVIDUAL,481,Married
224090,Henry,Kennedy,1975-10-16,MALE,INDIVIDUAL,145,Married
224111,Joshua,Watson,2010-10-05,MALE,INDIVIDUAL,23,Married
224172,Maria,Frazier,1985-03-02,FEMALE,INDIVIDUAL,206,Divorced
224721,Judy,Burke,1985-06-01,FEMALE,INDIVIDUAL,599,Married
225074,Wanda,Knight,2001-02-23,FEMALE,INDIVIDUAL,904,Divorced
225080,Shirley,Mcdonald,1979-11-24,FEMALE,INDIVIDUAL,940,Single
225148,Carlos,Gonzales,1971-07-14,MALE,INDIVIDUAL,496,Single
225260,Juan,Sanders,1966-07-19,MALE,INDIVIDUAL,929,Divorced
225377,Timothy,Montgomery,1955-03-20,MALE,INDIVIDUAL,475,Divorced
225456,William,Jordan,1970-01-01,MALE,INDIVIDUAL,974,Single
225475,Jeffrey,Weaver,1973-12-23,MALE,INDIVIDUAL,19,Single
225875,Juan,Mccoy,1973-02-10,MALE,INDIVIDUAL,450,Married
225888,Brandon,Webb,2008-10-19,MALE,INDIVIDUAL,927,Single
226331,Michelle,Ray,1972-02-27,FEMALE,INDIVIDUAL,650,Married
226634,Diana,Marshall,1983-03-10,FEMALE,INDIVIDUAL,15,Married
226678,Harry,Woods,1965-06-08,MALE,INDIVIDUAL,832,Married
226875,Dennis,Ramos,1974-04-27,MALE,INDIVIDUAL,28,Married
227013,James,Cooper,1971-07-30,MALE,INDIVIDUAL,928,Married
227178,Marilyn,Ramos,1967-08-28,FEMALE,INDIVIDUAL,658,Married
227239,Laura,Jacobs,1973-08-14,FEMALE,INDIVIDUAL,959,Married
227264,Beverly,Lewis,1950-11-23,FEMALE,INDIVIDUAL,10,Divorced
227529,Robert,Vasquez,1969-11-03,MALE,INDIVIDUAL,221,Married
227959,Michelle,Watkins,2010-07-22,FEMALE,INDIVIDUAL,948,Married
228089,Fred,Lane,1983-02-14,MALE,INDIVIDUAL,24,Married
228140,Victor,Pierce,1977-11-10,MALE,INDIVIDUAL,549,Single
228149,Martin,Powell,1976-03-15,MALE,INDIVIDUAL,353,Divorced
228436,Amy,Taylor,1976-11-20,FEMALE,INDIVIDUAL,74,Married
228521,Christine,Weaver,1980-08-02,FEMALE,INDIVIDUAL,292,Married
228555,Christopher,Cook,1966-05-09,MALE,INDIVIDUAL,225,Married
228574,Timothy,Marshall,1986-12-06,MALE,INDIVIDUAL,459,Married
228608,Theresa,Collins,1970-01-01,FEMALE,INDIVIDUAL,579,Married
228695,Jerry,Lawrence,1975-11-14,MALE,INDIVIDUAL,141,Single
228885,Carl,Martinez,1988-08-15,MALE,INDIVIDUAL,131,Single
228892,Justin,Freeman,1974-04-30,MALE,INDIVIDUAL,507,Married
228909,Joseph,Hansen,1962-01-01,MALE,INDIVIDUAL,17,Divorced
228957,David,Hughes,1976-03-18,MALE,INDIVIDUAL,503,Married
229450,Michael,Gardner,1968-06-23,MALE,INDIVIDUAL,196,Married
229454,Timothy,Larson,1995-06-17,MALE,INDIVIDUAL,88,Single
229463,Rebecca,Meyer,1983-07-26,FEMALE,INDIVIDUAL,804,Divorced
229466,Marie,Rivera,1980-12-17,FEMALE,INDIVIDUAL,41,Married
230014,Wayne,Lynch,1976-07-09,MALE,INDIVIDUAL,206,Married
230310,Juan,Freeman,1964-10-05,MALE,INDIVIDUAL,405,Married
230487,Betty,Hawkins,1974-06-13,FEMALE,INDIVIDUAL,55,Married
230866,Kathy,Scott,1973-01-29,FEMALE,INDIVIDUAL,561,Single
230893,Maria,Clark,2007-06-06,FEMALE,INDIVIDUAL,313,Single
231178,Diana,Dunn,1979-05-21,FEMALE,INDIVIDUAL,410,Single
231433,Norma,Richards,1994-05-13,FEMALE,INDIVIDUAL,507,Single
231437,Lillian,Alvarez,1989-10-23,FEMALE,INDIVIDUAL,730,Divorced
231524,Thomas,Ramirez,1959-03-22,MALE,INDIVIDUAL,326,Single
231589,Ann,Torres,1972-04-12,FEMALE,INDIVIDUAL,449,Married
231772,Carl,Murray,1975-09-21,MALE,INDIVIDUAL,441,Single
231808,Carolyn,Gray,1973-04-12,FEMALE,INDIVIDUAL,321,Married
232229,Fred,Sanchez,1967-08-09,MALE,INDIVIDUAL,151,Single
232277,Lawrence,Garza,1970-10-04,MALE,INDIVIDUAL,794,Married
232700,William,George,1972-05-17,MALE,INDIVIDUAL,720,Married
232831,Denise,Burns,1976-03-15,FEMALE,INDIVIDUAL,74,Married
232917,Carolyn,Hawkins,1973-11-22,FEMALE,INDIVIDUAL,407,Single
233294,Kathy,Austin,1966-09-05,FEMALE,INDIVIDUAL,570,Married
233412,Tina,Carroll,1968-03-09,FEMALE,INDIVIDUAL,759,Married
233697,Robert,Miller,1977-04-30,MALE,INDIVIDUAL,781,Single
233802,Phyllis,Adams,1969-03-27,FEMALE,INDIVIDUAL,577,Married
234481,Clarence,Knight,1967-06-24,MALE,INDIVIDUAL,771,Married
234926,Billy,Myers,1947-12-25,MALE,INDIVIDUAL,218,Married
234927,Kenneth,Nichols,1976-06-18,MALE,INDIVIDUAL,833,Married
234953,Ruth,Reyes,1976-04-25,FEMALE,INDIVIDUAL,648,Single
235015,Brenda,Collins,2010-04-07,FEMALE,INDIVIDUAL,803,Married
235335,Ronald,Reyes,1977-09-16,MALE,INDIVIDUAL,573,Single
235430,Edward,Sims,1979-11-09,MALE,INDIVIDUAL,262,Married
235431,William,Hill,2009-01-22,MALE,INDIVIDUAL,426,Single
235536,Kevin,Castillo,1964-10-01,MALE,INDIVIDUAL,445,Divorced
235887,Ann,Matthews,1953-09-14,FEMALE,INDIVIDUAL,415,Married
236075,Ruby,Ross,1990-07-10,FEMALE,INDIVIDUAL,793,Married
236079,Howard,Ruiz,1974-04-22,MALE,INDIVIDUAL,286,Single
236145,Gerald,Hansen,1988-01-19,MALE,INDIVIDUAL,756,Married
236486,Ronald,Payne,2011-07-29,MALE,INDIVIDUAL,299,Married
236500,Helen,Gilbert,1951-01-06,FEMALE,INDIVIDUAL,717,Married
236505,Andrew,Davis,1968-09-05,MALE,INDIVIDUAL,985,Married
236510,James,Howard,1960-04-21,MALE,INDIVIDUAL,417,Married
236613,Barbara,Stanley,1988-09-29,FEMALE,INDIVIDUAL,690,Single
236624,Larry,Ford,1972-09-11,MALE,INDIVIDUAL,325,Married
236633,Martin,James,2011-06-28,MALE,INDIVIDUAL,962,Divorced
236854,Brian,Elliott,1983-04-12,MALE,INDIVIDUAL,141,Married
236858,Amy,Simmons,1976-05-23,FEMALE,INDIVIDUAL,727,Married
237026,William,Burns,1981-01-11,MALE,INDIVIDUAL,761,Divorced
237027,Eugene,Thomas,2011-11-04,MALE,INDIVIDUAL,141,Single
237281,Judy,Long,1976-05-15,FEMALE,INDIVIDUAL,192,Single
237409,Robin,Myers,1969-06-20,FEMALE,INDIVIDUAL,770,Single
237475,Jose,Parker,1969-03-17,MALE,INDIVIDUAL,203,Married
237729,Evelyn,Schmidt,1970-09-25,FEMALE,INDIVIDUAL,70,Married
237896,Emily,Rogers,1951-03-30,FEMALE,INDIVIDUAL,247,Married
237973,Stephen,Sullivan,2002-04-11,MALE,INDIVIDUAL,631,Married
238054,Benjamin,Adams,1960-10-04,MALE,INDIVIDUAL,926,Single
238181,Evelyn,Little,1976-10-23,FEMALE,INDIVIDUAL,945,Married
238373,Roy,Thomas,1965-06-27,MALE,INDIVIDUAL,951,Married
238559,Kenneth,Garrett,2008-10-04,MALE,INDIVIDUAL,70,Single
238566,John,Garrett,1963-10-08,MALE,INDIVIDUAL,347,Divorced
238789,Kathleen,Williamson,1970-08-27,FEMALE,INDIVIDUAL,815,Married
238790,Robert,Jones,1973-05-10,MALE,INDIVIDUAL,96,Married
238801,Kathleen,Morrison,1980-10-14,FEMALE,INDIVIDUAL,219,Married
238803,Phyllis,Hughes,1983-12-21,FEMALE,INDIVIDUAL,184,Married
239551,Julia,Larson,1971-03-23,FEMALE,INDIVIDUAL,236,Single
239666,Sharon,Riley,1973-07-26,FEMALE,INDIVIDUAL,920,Married
240398,Teresa,Wallace,1972-01-12,FEMALE,INDIVIDUAL,256,Single
240441,Philip,Williamson,1982-07-07,MALE,INDIVIDUAL,791,Married
241262,Juan,Henderson,1952-02-24,MALE,INDIVIDUAL,802,Married
241351,Christopher,Patterson,1981-08-07,MALE,INDIVIDUAL,627,Married
241445,Bonnie,Chapman,1960-06-30,FEMALE,INDIVIDUAL,255,Married
241465,Frank,Brown,2004-05-21,MALE,INDIVIDUAL,29,Single
241467,Randy,Wheeler,1976-04-14,MALE,INDIVIDUAL,906,Married
241547,Denise,Warren,1994-04-09,FEMALE,INDIVIDUAL,711,Married
241694,Diana,Hart,1958-11-26,FEMALE,INDIVIDUAL,661,Single
241806,Jack,Stanley,1970-07-10,MALE,INDIVIDUAL,962,Single
241812,Billy,Dixon,1960-10-06,MALE,INDIVIDUAL,871,Single
242062,Louis,Rodriguez,1966-09-08,MALE,INDIVIDUAL,355,Married
242163,Alan,Baker,1979-07-06,MALE,INDIVIDUAL,980,Single
242430,Diana,Cox,1971-03-10,FEMALE,INDIVIDUAL,769,Single
242438,Deborah,Burns,1970-02-25,FEMALE,INDIVIDUAL,755,Single
242717,Mary,Diaz,1976-03-16,FEMALE,INDIVIDUAL,307,Single
242816,Terry,Lawrence,1965-09-13,MALE,INDIVIDUAL,813,Married
243495,Keith,Young,1976-06-01,MALE,INDIVIDUAL,354,Married
243718,Jane,Wood,2010-07-20,FEMALE,INDIVIDUAL,820,Married
243979,David,Larson,2007-01-23,MALE,INDIVIDUAL,79,Divorced
243980,Stephen,Cruz,1975-02-04,MALE,INDIVIDUAL,583,Single
244026,Andrea,Fisher,1977-04-25,FEMALE,INDIVIDUAL,715,Single
244043,Margaret,Moore,1982-06-04,FEMALE,INDIVIDUAL,891,Married
244385,Bonnie,Green,1983-11-29,FEMALE,INDIVIDUAL,222,Divorced
244390,Larry,Hicks,1971-10-22,MALE,INDIVIDUAL,963,Married
244496,Doris,Freeman,1982-05-01,FEMALE,INDIVIDUAL,354,Married
244530,Brandon,Brooks,1977-04-23,MALE,INDIVIDUAL,294,Single
244632,Jeremy,Ellis,1979-02-19,MALE,INDIVIDUAL,329,Divorced
245003,Ruby,Jackson,1999-03-02,FEMALE,INDIVIDUAL,550,Married
245039,Sandra,Lawrence,1978-01-04,FEMALE,INDIVIDUAL,354,Single
245331,Barbara,Jones,2011-03-14,FEMALE,INDIVIDUAL,204,Married
245340,Sarah,Martinez,1977-10-19,FEMALE,INDIVIDUAL,576,Married
245369,Keith,Howard,1977-03-08,MALE,INDIVIDUAL,861,Married
245539,Jessica,Jackson,1978-04-01,FEMALE,INDIVIDUAL,627,Married
245831,Barbara,Moreno,1973-08-30,FEMALE,INDIVIDUAL,139,Married
245896,Anthony,Chapman,1951-12-30,MALE,INDIVIDUAL,271,Single
245970,Linda,Bailey,1988-02-11,FEMALE,INDIVIDUAL,61,Married
246212,Jesse,Warren,1962-06-05,MALE,INDIVIDUAL,202,Married
246371,Walter,Jacobs,2010-05-21,MALE,INDIVIDUAL,400,Married
246433,Janet,Armstrong,1968-04-03,FEMALE,INDIVIDUAL,631,Married
246672,Samuel,Warren,1988-08-12,MALE,INDIVIDUAL,517,Divorced
246679,Katherine,Moreno,1966-11-10,FEMALE,INDIVIDUAL,834,Single
246751,Todd,Cooper,1996-01-15,MALE,INDIVIDUAL,955,Married
246770,Martin,Vasquez,1966-09-06,MALE,INDIVIDUAL,444,Married
246840,Aaron,Williamson,1971-11-27,MALE,INDIVIDUAL,2,Married
247312,William,Robertson,1970-12-26,MALE,INDIVIDUAL,977,Single
247613,Edward,Lopez,1976-01-26,MALE,INDIVIDUAL,34,Single
247812,Albert,Robinson,1977-10-04,MALE,INDIVIDUAL,81,Single
248018,Stephen,Williams,1963-05-09,MALE,INDIVIDUAL,768,Single
248066,Carolyn,Fisher,1970-01-23,FEMALE,INDIVIDUAL,638,Married
248092,Alice,Brown,1980-10-02,FEMALE,INDIVIDUAL,423,Single
248261,Carolyn,Phillips,1995-10-09,FEMALE,INDIVIDUAL,186,Married
248299,Annie,Hicks,1958-11-20,FEMALE,INDIVIDUAL,493,Married
248416,Roger,King,1974-08-09,MALE,INDIVIDUAL,884,Married
248647,Stephanie,Hunt,1971-09-10,FEMALE,INDIVIDUAL,968,Single
248706,Mark,Robinson,1971-11-24,MALE,INDIVIDUAL,903,Single
248837,Gary,Cook,1969-11-23,MALE,INDIVIDUAL,927,Single
248919,Shawn,Gutierrez,1979-06-22,MALE,INDIVIDUAL,58,Single
248953,Mildred,Butler,1987-05-13,FEMALE,INDIVIDUAL,765,Single
249091,Terry,Freeman,1971-03-31,MALE,INDIVIDUAL,767,Married
249915,Helen,Ramos,1967-10-14,FEMALE,INDIVIDUAL,379,Married
249982,Gerald,Meyer,1988-01-18,MALE,INDIVIDUAL,294,Married
250782,Joyce,Murphy,1978-12-20,FEMALE,INDIVIDUAL,482,Divorced
251143,Lori,Jones,1999-02-19,FEMALE,INDIVIDUAL,544,Single
251151,Bruce,Johnson,1969-07-26,MALE,INDIVIDUAL,911,Single
251269,Steve,Price,1974-05-29,MALE,INDIVIDUAL,912,Married
251479,Patricia,George,1963-05-08,FEMALE,INDIVIDUAL,670,Married
251829,Stephen,Wood,2012-08-16,MALE,INDIVIDUAL,15,Married
251837,Eric,Harrison,1973-04-27,MALE,INDIVIDUAL,353,Single
252053,Alan,Robinson,1981-09-19,MALE,INDIVIDUAL,619,Single
252131,Fred,Howell,1980-09-26,MALE,INDIVIDUAL,388,Married
252315,Emily,Wheeler,2008-02-07,FEMALE,INDIVIDUAL,38,Single
252546,Deborah,Smith,1973-03-01,FEMALE,INDIVIDUAL,644,Single
252873,Kenneth,Holmes,1975-07-06,MALE,INDIVIDUAL,59,Single
253009,Doris,Vasquez,1977-10-25,FEMALE,INDIVIDUAL,895,Married
253077,Theresa,Gomez,1971-12-13,FEMALE,INDIVIDUAL,339,Married
253277,Susan,Mcdonald,1969-06-19,FEMALE,INDIVIDUAL,117,Married
253467,Cynthia,Carter,1955-12-10,FEMALE,INDIVIDUAL,423,Married
253732,Julia,Sullivan,1979-12-14,FEMALE,INDIVIDUAL,767,Divorced
253912,Raymond,Jacobs,1990-06-27,MALE,INDIVIDUAL,76,Married
253955,Lillian,Kelley,1964-02-14,FEMALE,INDIVIDUAL,356,Single
254002,Kathy,Fernandez,1968-07-27,FEMALE,INDIVIDUAL,410,Single
254068,Anna,Hawkins,1979-02-21,FEMALE,INDIVIDUAL,744,Married
254189,Janice,Schmidt,1947-11-20,FEMALE,INDIVIDUAL,434,Single
254371,Steve,White,1969-04-26,MALE,INDIVIDUAL,145,Married
254590,Donald,Hawkins,1955-04-15,MALE,INDIVIDUAL,16,Married
254832,Jimmy,Hunter,1970-09-15,MALE,INDIVIDUAL,850,Single
254833,Bonnie,Gutierrez,2001-04-10,FEMALE,INDIVIDUAL,716,Married
254910,Jean,Willis,1972-01-11,FEMALE,INDIVIDUAL,504,Married
255251,Robin,Rivera,1982-09-01,FEMALE,INDIVIDUAL,173,Married
255606,Mildred,Wilson,1988-09-30,FEMALE,INDIVIDUAL,277,Divorced
255837,Janet,Ford,1936-09-28,FEMALE,INDIVIDUAL,87,Married
255954,Louis,Matthews,1993-06-01,MALE,INDIVIDUAL,918,Married
255955,Roger,Adams,1960-09-18,MALE,INDIVIDUAL,153,Single
256645,Thomas,Morris,1980-03-15,MALE,INDIVIDUAL,591,Married
256686,Jean,Burns,1984-08-03,FEMALE,INDIVIDUAL,974,Single
257137,Louis,Anderson,1975-11-28,MALE,INDIVIDUAL,560,Married
257856,Norma,Medina,1973-12-16,FEMALE,INDIVIDUAL,282,Married
257903,Amy,Hanson,1972-04-13,FEMALE,INDIVIDUAL,615,Married
258009,Diana,Phillips,1977-03-07,FEMALE,INDIVIDUAL,305,Married
258041,Terry,Wright,1979-09-03,MALE,INDIVIDUAL,720,Married
258166,Benjamin,Sullivan,1975-11-25,MALE,INDIVIDUAL,225,Married
258484,Andrew,Richardson,1968-09-18,MALE,INDIVIDUAL,202,Divorced
258653,Aaron,Garrett,1945-04-23,MALE,INDIVIDUAL,507,Married
258665,Tammy,Larson,1956-04-15,FEMALE,INDIVIDUAL,848,Married
258750,Jeremy,Fox,1975-02-12,MALE,INDIVIDUAL,807,Single
258774,Judy,Mccoy,1981-12-25,FEMALE,INDIVIDUAL,318,Married
258949,Sharon,Ryan,1983-05-14,FEMALE,INDIVIDUAL,791,Divorced
258997,James,Kennedy,1989-11-19,MALE,INDIVIDUAL,423,Married
259697,Phyllis,Gilbert,1979-05-20,FEMALE,INDIVIDUAL,174,Married
260010,Dorothy,Collins,1967-07-30,FEMALE,INDIVIDUAL,299,Married
260267,Johnny,Porter,1962-07-11,MALE,INDIVIDUAL,463,Single
260438,Kathryn,Russell,1984-11-15,FEMALE,INDIVIDUAL,73,Divorced
260451,Jonathan,Fields,1970-03-14,MALE,INDIVIDUAL,388,Married
260738,Christina,Carr,1978-09-19,FEMALE,INDIVIDUAL,491,Married
260739,Jane,Ramirez,1970-07-22,FEMALE,INDIVIDUAL,451,Married
261024,Jeffrey,Kelly,1956-12-07,MALE,INDIVIDUAL,413,Single
261036,Christine,Bell,1991-06-13,FEMALE,INDIVIDUAL,595,Married
261335,Pamela,Simpson,1985-08-15,FEMALE,INDIVIDUAL,31,Married
261487,Karen,Reynolds,1956-05-18,FEMALE,INDIVIDUAL,317,Married
261490,Jeremy,Payne,1952-01-06,MALE,INDIVIDUAL,128,Single
261922,Rebecca,Cox,1966-12-08,FEMALE,INDIVIDUAL,135,Married
262162,Shawn,Barnes,2002-11-07,MALE,INDIVIDUAL,64,Single
262163,Shawn,Gibson,1969-10-15,MALE,INDIVIDUAL,717,Married
262173,Donna,Henry,1980-01-06,FEMALE,INDIVIDUAL,325,Married
262336,Peter,Ferguson,1966-09-24,MALE,INDIVIDUAL,298,Married
262608,Earl,Harper,1975-05-10,MALE,INDIVIDUAL,104,Married
262965,Jacqueline,Larson,1972-04-13,FEMALE,INDIVIDUAL,756,Divorced
262969,Pamela,Bishop,1989-11-20,FEMALE,INDIVIDUAL,624,Single
262979,Benjamin,Gilbert,1959-10-21,MALE,INDIVIDUAL,503,Single
262986,Brandon,Jenkins,1974-04-27,MALE,INDIVIDUAL,538,Married
263167,Rose,Lane,1980-02-10,FEMALE,INDIVIDUAL,958,Divorced
263229,Helen,Thompson,1979-08-14,FEMALE,INDIVIDUAL,823,Single
264324,Carl,Peters,1971-04-17,MALE,INDIVIDUAL,651,Married
264627,Philip,Harvey,1961-11-01,MALE,INDIVIDUAL,835,Married
264731,Gary,Reed,1966-10-22,MALE,INDIVIDUAL,138,Married
264922,George,Porter,1977-01-23,MALE,INDIVIDUAL,366,Married
265598,Jean,Schmidt,1988-03-04,FEMALE,INDIVIDUAL,551,Married
265752,Howard,Wilson,1983-11-17,MALE,INDIVIDUAL,240,Married
266433,Rebecca,Garcia,1975-08-30,FEMALE,INDIVIDUAL,604,Single
266838,Kevin,Hudson,1977-11-17,MALE,INDIVIDUAL,122,Divorced
267145,Samuel,George,1985-08-05,MALE,INDIVIDUAL,415,Married
267248,Catherine,Myers,1980-03-04,FEMALE,INDIVIDUAL,190,Married
268012,Sara,Porter,1977-10-08,FEMALE,INDIVIDUAL,897,Single
268031,Rebecca,Gilbert,2009-01-31,FEMALE,INDIVIDUAL,317,Single
268105,Chris,King,1974-01-14,MALE,INDIVIDUAL,400,Divorced
268419,Lillian,Gomez,2005-07-26,FEMALE,INDIVIDUAL,597,Married
268508,Steve,Powell,1973-05-13,MALE,INDIVIDUAL,770,Married
269196,Betty,Smith,1976-04-21,FEMALE,INDIVIDUAL,594,Married
269571,Shirley,Scott,1978-12-10,FEMALE,INDIVIDUAL,763,Married
269799,George,Collins,1967-10-27,MALE,INDIVIDUAL,858,Married
269814,Marie,Carpenter,2002-08-23,FEMALE,INDIVIDUAL,711,Married
269992,Joseph,Fields,1969-05-06,MALE,INDIVIDUAL,417,Single
270421,Tammy,Gibson,1976-08-18,FEMALE,INDIVIDUAL,683,Single
270589,Amanda,Taylor,1996-08-08,FEMALE,INDIVIDUAL,756,Married
270853,Lori,Hart,1966-06-09,FEMALE,INDIVIDUAL,257,Married
270875,George,Coleman,1973-08-18,MALE,INDIVIDUAL,970,Married
270881,Wayne,Carroll,2010-08-07,MALE,INDIVIDUAL,568,Married
270935,John,Larson,1998-07-10,MALE,INDIVIDUAL,177,Married
270967,Harry,Arnold,1961-05-02,MALE,INDIVIDUAL,605,Married
271079,Robert,Perry,1955-02-11,MALE,INDIVIDUAL,254,Single
271172,Maria,Moreno,1979-04-25,FEMALE,INDIVIDUAL,547,Single
271178,Guerlain Group,,,,COMPANY,1,
271203,Thomas,Alexander,1978-09-12,MALE,INDIVIDUAL,434,Single
271273,Jane,Bryant,1977-05-31,FEMALE,INDIVIDUAL,507,Single
271510,Jacqueline,Cruz,1960-09-16,FEMALE,INDIVIDUAL,562,Married
271555,Phyllis,Davis,1993-06-26,FEMALE,INDIVIDUAL,280,Divorced
271607,Frances,Reid,1983-12-30,FEMALE,INDIVIDUAL,414,Single
271642,Jeremy,Knight,1957-09-15,MALE,INDIVIDUAL,712,Single
271898,Catherine,Lane,1974-02-25,FEMALE,INDIVIDUAL,349,Single
271912,Theresa,Gray,1971-04-10,FEMALE,INDIVIDUAL,967,Divorced
272053,Mildred,Marshall,1974-02-24,FEMALE,INDIVIDUAL,516,Single
272262,Jeffrey,Bailey,1971-01-29,MALE,INDIVIDUAL,848,Single
272267,Michelle,Shaw,1979-06-29,FEMALE,INDIVIDUAL,580,Married
272575,Jason,Robinson,1986-10-14,MALE,INDIVIDUAL,203,Married
272726,Edward,Brown,2012-08-07,MALE,INDIVIDUAL,798,Single
272731,Timothy,Nichols,1976-02-12,MALE,INDIVIDUAL,233,Single
272750,Tina,Hayes,1973-07-14,FEMALE,INDIVIDUAL,463,Married
272836,Stephanie,Chapman,1978-01-13,FEMALE,INDIVIDUAL,32,Divorced
272892,Jesse,Bennett,1976-08-28,MALE,INDIVIDUAL,684,Married
273135,Phillip,Ferguson,1970-01-09,MALE,INDIVIDUAL,767,Married
273215,Jack,Frazier,1968-03-08,MALE,INDIVIDUAL,127,Married
273223,Eric,Sullivan,2005-06-08,MALE,INDIVIDUAL,429,Married
273420,Mark,Stone,1970-03-16,MALE,INDIVIDUAL,832,Married
273568,Joan,Evans,1965-05-10,FEMALE,INDIVIDUAL,376,Single
273763,Patrick,Morrison,1966-04-16,MALE,INDIVIDUAL,355,Single
273857,Thomas,Murray,1967-12-10,MALE,INDIVIDUAL,523,Married
274094,Timothy,Foster,1996-03-11,MALE,INDIVIDUAL,20,Divorced
274099,Douglas,Sanchez,1965-08-11,MALE,INDIVIDUAL,964,Married
274164,Robert,Sanders,1981-06-30,MALE,INDIVIDUAL,506,Married
274277,Billy,Stevens,1954-09-09,MALE,INDIVIDUAL,662,Married
274333,Sarah,Schmidt,2005-01-14,FEMALE,INDIVIDUAL,137,Single
275003,Anna,Mason,1968-10-13,FEMALE,INDIVIDUAL,651,Married
275055,Tammy,Mccoy,1960-01-10,FEMALE,INDIVIDUAL,153,Married
275610,Anna,Phillips,1979-09-22,FEMALE,INDIVIDUAL,197,Married
275874,Sandra,Kelley,1963-06-27,FEMALE,INDIVIDUAL,374,Married
275875,Joe,Garza,2012-11-01,MALE,INDIVIDUAL,59,Married
276164,Frank,Morris,1969-06-08,MALE,INDIVIDUAL,720,Married
276311,Terry,Cruz,1989-06-05,MALE,INDIVIDUAL,874,Single
276696,Gloria,Ferguson,1991-03-19,FEMALE,INDIVIDUAL,96,Married
277101,Janet,Castillo,1948-12-23,FEMALE,INDIVIDUAL,612,Married
277317,Janet,Evans,1995-06-14,FEMALE,INDIVIDUAL,699,Married
277443,Jean,Nelson,1966-01-07,FEMALE,INDIVIDUAL,437,Married
277511,Ronald,Kelley,1982-12-29,MALE,INDIVIDUAL,903,Married
277600,Linda,Ramos,1979-07-28,FEMALE,INDIVIDUAL,419,Single
277972,Julia,Barnes,1991-06-24,FEMALE,INDIVIDUAL,335,Single
277994,Aaron,Price,1967-08-28,MALE,INDIVIDUAL,527,Single
278562,Kelly,Webb,1983-01-15,FEMALE,INDIVIDUAL,697,Married
278682,Joan,Diaz,1952-08-14,FEMALE,INDIVIDUAL,212,Married
278729,Carol,Austin,1995-10-28,FEMALE,INDIVIDUAL,44,Divorced
279478,Gerald,Watkins,1965-01-14,MALE,INDIVIDUAL,963,Married
280127,Jonathan,Butler,1967-03-13,MALE,INDIVIDUAL,419,Married
280186,Ruth,Lewis,1972-09-07,FEMALE,INDIVIDUAL,881,Married
280534,Howard,Cole,1984-12-13,MALE,INDIVIDUAL,692,Married
280869,Carolyn,Ramos,1982-10-13,FEMALE,INDIVIDUAL,43,Married
280976,Deborah,Garcia,1980-09-27,FEMALE,INDIVIDUAL,456,Single
281133,William,Cole,1940-08-17,MALE,INDIVIDUAL,164,Married
281207,Kimberly,Sanchez,1972-01-10,FEMALE,INDIVIDUAL,735,Married
281352,Randy,Reid,1963-02-02,MALE,INDIVIDUAL,318,Single
281669,Robert,Bennett,1962-11-01,MALE,INDIVIDUAL,849,Divorced
281920,Sharon,Webb,1963-04-01,FEMALE,INDIVIDUAL,751,Married
282097,Harold,Hayes,1973-10-03,MALE,INDIVIDUAL,195,Single
282430,Wayne,Pierce,2001-03-07,MALE,INDIVIDUAL,522,Married
282442,Joe,Burns,1973-03-09,MALE,INDIVIDUAL,900,Single
282459,Ronald,Morris,1996-04-10,MALE,INDIVIDUAL,349,Married
282601,Craig,Gordon,1951-10-18,MALE,INDIVIDUAL,190,Married
282958,Sean,Rogers,1953-11-02,MALE,INDIVIDUAL,327,Single
282983,Willie,Hart,1975-08-14,MALE,INDIVIDUAL,380,Married
283002,Cheryl,Vasquez,1980-11-13,FEMALE,INDIVIDUAL,818,Married
283161,Martha,Martinez,1968-04-25,FEMALE,INDIVIDUAL,209,Single
283183,Emily,Torres,1963-03-17,FEMALE,INDIVIDUAL,466,Single
283241,Brenda,Hansen,1981-01-25,FEMALE,INDIVIDUAL,863,Married
283263,Jane,Garza,1999-05-23,FEMALE,INDIVIDUAL,824,Married
283597,Nicholas,Jones,1972-11-18,MALE,INDIVIDUAL,504,Single
283840,Aaron,Burns,1968-01-07,MALE,INDIVIDUAL,214,Married
284266,Stephanie,Bell,2009-10-14,FEMALE,INDIVIDUAL,408,Single
284325,Sarah,Boyd,2009-10-14,FEMALE,INDIVIDUAL,460,Single
284362,Antonio,Ryan,1960-05-19,MALE,INDIVIDUAL,30,Married
284631,Emily,Richards,1980-04-24,FEMALE,INDIVIDUAL,347,Divorced
284827,Ann,Watkins,1993-06-17,FEMALE,INDIVIDUAL,248,Married
284867,Bruce,Warren,1979-12-02,MALE,INDIVIDUAL,200,Married
284927,Gerald,Fisher,1978-06-18,MALE,INDIVIDUAL,528,Married
285163,Patricia,Adams,1958-10-08,FEMALE,INDIVIDUAL,803,Married
285344,Jimmy,Harris,1953-06-30,MALE,INDIVIDUAL,947,Married
285878,Sarah,Garza,1955-04-04,FEMALE,INDIVIDUAL,542,Single
285913,Julia,Hughes,1969-02-12,FEMALE,INDIVIDUAL,536,Married
286419,Gregory,Reed,1966-02-12,MALE,INDIVIDUAL,643,Married
286548,Clarence,White,1970-12-11,MALE,INDIVIDUAL,122,Single
286653,Walter,Powell,1998-08-26,MALE,INDIVIDUAL,700,Single
286832,Samuel,Collins,1958-01-30,MALE,INDIVIDUAL,864,Single
286877,Ryan,Webb,1977-07-02,MALE,INDIVIDUAL,832,Married
286967,Diana,Cooper,2007-02-14,FEMALE,INDIVIDUAL,623,Married
287078,Jesse,Weaver,1973-01-24,MALE,INDIVIDUAL,976,Single
287161,Kevin,Alexander,1977-05-21,MALE,INDIVIDUAL,83,Single
287222,Phyllis,Vasquez,1958-10-17,FEMALE,INDIVIDUAL,88,Married
287393,Frances,Robinson,1955-10-20,FEMALE,INDIVIDUAL,707,Married
287536,Kevin,Jones,1971-03-29,MALE,INDIVIDUAL,109,Married
288358,Keith,Price,1959-02-24,MALE,INDIVIDUAL,229,Married
288427,Joe,Woods,1949-01-01,MALE,INDIVIDUAL,702,Married
288521,Carol,Cruz,1961-01-09,FEMALE,INDIVIDUAL,257,Married
288538,Nicole,Mills,1986-02-21,FEMALE,INDIVIDUAL,58,Single
288573,Martha,Watson,1978-03-14,FEMALE,INDIVIDUAL,274,Single
288651,Larry,Elliott,1960-12-09,MALE,INDIVIDUAL,449,Married
288820,Betty,Hayes,2002-12-23,FEMALE,INDIVIDUAL,955,Married
288838,Willie,Martinez,1970-08-05,MALE,INDIVIDUAL,633,Single
288949,Nicole,Bowman,1974-07-28,FEMALE,INDIVIDUAL,326,Single
289105,Antonio,Thomas,1981-02-16,MALE,INDIVIDUAL,3,Married
289248,Katherine,Mccoy,1974-07-10,FEMALE,INDIVIDUAL,644,Married
289310,Kimberly,Matthews,1970-11-24,FEMALE,INDIVIDUAL,362,Single
289332,Karen,Holmes,1960-06-29,FEMALE,INDIVIDUAL,368,Single
289515,Catherine,Meyer,1985-04-27,FEMALE,INDIVIDUAL,325,Married
289582,Robin,Fuller,1972-05-30,FEMALE,INDIVIDUAL,214,Married
289890,Clarence,Coleman,1973-01-02,MALE,INDIVIDUAL,573,Married
289901,Fred,Fields,1967-06-22,MALE,INDIVIDUAL,520,Single
290083,Donna,Hernandez,1975-01-20,FEMALE,INDIVIDUAL,212,Married
290190,Dennis,Turner,1959-07-11,MALE,INDIVIDUAL,616,Single
290390,Todd,Sullivan,1977-11-24,MALE,INDIVIDUAL,704,Divorced
290886,Karen,Patterson,1976-05-31,FEMALE,INDIVIDUAL,421,Married
291048,Wayne,Mcdonald,2007-11-02,MALE,INDIVIDUAL,745,Married
291112,Debra,Alexander,1974-12-12,FEMALE,INDIVIDUAL,614,Single
291363,Ronald,Welch,1972-12-19,MALE,INDIVIDUAL,394,Married
291509,Sarah,Scott,1979-05-02,FEMALE,INDIVIDUAL,241,Married
291579,Maria,Ross,1981-02-02,FEMALE,INDIVIDUAL,683,Single
291916,Jimmy,Kim,1965-11-03,MALE,INDIVIDUAL,78,Married
291925,Patricia,Duncan,1979-05-10,FEMALE,INDIVIDUAL,587,Married
291999,Bruce,Marshall,1972-03-28,MALE,INDIVIDUAL,349,Married
292174,Ralph,Johnston,1969-02-17,MALE,INDIVIDUAL,16,Married
292177,Jason,Kelly,2000-06-30,MALE,INDIVIDUAL,254,Single
292210,Todd,Powell,1979-01-06,MALE,INDIVIDUAL,764,Married
292214,Benjamin,Romero,1968-04-11,MALE,INDIVIDUAL,717,Married
292320,Gloria,Bell,1977-08-29,FEMALE,INDIVIDUAL,600,Single
292625,Victor,Bradley,1979-11-26,MALE,INDIVIDUAL,819,Married
293304,Dorothy,Sanders,2009-05-20,FEMALE,INDIVIDUAL,79,Divorced
293319,Nancy,Jackson,1982-11-15,FEMALE,INDIVIDUAL,45,Married
293333,Albert,Garza,1980-01-20,MALE,INDIVIDUAL,324,Married
293608,Gerald,Wheeler,1976-01-07,MALE,INDIVIDUAL,329,Married
293709,Willie,Wells,1976-08-13,MALE,INDIVIDUAL,963,Married
293712,Edward,Wilson,1971-10-29,MALE,INDIVIDUAL,533,Single
293714,Adam,Frazier,2010-07-22,MALE,INDIVIDUAL,75,Single
293740,Peter,Morris,1965-06-30,MALE,INDIVIDUAL,667,Married
293829,Emily,Edwards,1972-10-16,FEMALE,INDIVIDUAL,153,Divorced
293847,Patrick,Vasquez,1955-10-24,MALE,INDIVIDUAL,428,Divorced
294005,Jean,Patterson,1960-09-19,FEMALE,INDIVIDUAL,245,Married
294346,Irene,Ford,1999-09-23,FEMALE,INDIVIDUAL,397,Divorced
294390,Lawrence,Nelson,1991-10-10,MALE,INDIVIDUAL,947,Single
294526,Michael,Garcia,1964-05-11,MALE,INDIVIDUAL,665,Single
294628,Jeremy,Nichols,1967-02-02,MALE,INDIVIDUAL,606,Divorced
294740,Margaret,Ray,1989-04-06,FEMALE,INDIVIDUAL,581,Single
294920,Kevin,Edwards,1955-07-19,MALE,INDIVIDUAL,707,Married
295007,Russell,Knight,1991-11-22,MALE,INDIVIDUAL,74,Married
295087,Betty,Edwards,1962-01-31,FEMALE,INDIVIDUAL,286,Single
295406,Sarah,Howard,1983-03-08,FEMALE,INDIVIDUAL,832,Divorced
295767,Cynthia,Kennedy,1972-07-25,FEMALE,INDIVIDUAL,893,Single
295775,Tammy,Chavez,1997-02-07,FEMALE,INDIVIDUAL,524,Married
295793,Irene,Mills,1974-09-05,FEMALE,INDIVIDUAL,386,Single
295832,Janice,Banks,1978-10-24,FEMALE,INDIVIDUAL,3,Married
296159,Kelly,Jenkins,1959-02-06,FEMALE,INDIVIDUAL,250,Married
296168,Mark,Ellis,1968-12-18,MALE,INDIVIDUAL,665,Single
296588,Kathy,Lynch,1975-07-11,FEMALE,INDIVIDUAL,162,Single
296782,Lisa,Wagner,1969-11-13,FEMALE,INDIVIDUAL,642,Married
297125,Carl,Tucker,1957-11-09,MALE,INDIVIDUAL,763,Divorced
297293,Shawn,Carpenter,1975-09-29,MALE,INDIVIDUAL,9,Single
297607,William,Williamson,1956-08-05,MALE,INDIVIDUAL,114,Single
298622,Lois,Wright,1967-04-22,FEMALE,INDIVIDUAL,976,Married
299279,Rebecca,Schmidt,1965-01-01,FEMALE,INDIVIDUAL,311,Married
299352,Annie,Hansen,1958-01-01,FEMALE,INDIVIDUAL,240,Married
299438,Jimmy,George,1964-02-16,MALE,INDIVIDUAL,988,Divorced
299993,Deborah,Cruz,1969-04-23,FEMALE,INDIVIDUAL,874,Married
300028,Theresa,Morrison,1986-04-05,FEMALE,INDIVIDUAL,129,Single
300244,Evelyn,Meyer,1981-02-11,FEMALE,INDIVIDUAL,567,Married
300681,Benjamin,Williams,1979-07-15,MALE,INDIVIDUAL,704,Divorced
300910,Cynthia,West,1975-10-02,FEMALE,INDIVIDUAL,604,Married
301059,Willie,Ortiz,1976-06-06,MALE,INDIVIDUAL,693,Married
301177,Betty,Martin,1978-01-26,FEMALE,INDIVIDUAL,607,Divorced
301207,Helen,Turner,1969-06-24,FEMALE,INDIVIDUAL,690,Married
301332,Dorothy,Montgomery,1968-03-03,FEMALE,INDIVIDUAL,845,Single
301826,Joshua,Wallace,1990-05-16,MALE,INDIVIDUAL,767,Married
302023,Willie,Owens,1952-04-20,MALE,INDIVIDUAL,113,Single
302096,Judith,Mendoza,1970-05-19,FEMALE,INDIVIDUAL,97,Divorced
302296,Judy,Ray,1973-03-25,FEMALE,INDIVIDUAL,393,Married
302320,Kenneth,Carter,2005-11-11,MALE,INDIVIDUAL,326,Married
302332,Peter,Wilson,1971-07-12,MALE,INDIVIDUAL,146,Married
302592,Lori,Perez,2010-12-03,FEMALE,INDIVIDUAL,818,Divorced
302654,Jesse,Flores,1971-09-03,MALE,INDIVIDUAL,734,Married
302958,Juan,Hudson,1967-10-03,MALE,INDIVIDUAL,507,Single
302988,Jack,Reyes,1967-10-03,MALE,INDIVIDUAL,495,Single
303072,Barbara,Washington,1974-07-29,FEMALE,INDIVIDUAL,267,Single
303811,Shawn,Castillo,1967-05-06,MALE,INDIVIDUAL,807,Married
303942,Theresa,Montgomery,1960-03-25,FEMALE,INDIVIDUAL,675,Married
303974,Christopher,Dixon,2012-03-17,MALE,INDIVIDUAL,469,Divorced
303977,Jack,Robinson,1978-12-09,MALE,INDIVIDUAL,373,Married
304332,Ronald,Vasquez,1976-04-03,MALE,INDIVIDUAL,946,Single
304436,Gregory,Schmidt,1979-01-30,MALE,INDIVIDUAL,547,Single
304568,Larry,Kelly,1996-10-05,MALE,INDIVIDUAL,206,Married
304605,Donald,Williamson,1974-08-07,MALE,INDIVIDUAL,564,Single
304717,Evelyn,Nguyen,1979-08-13,FEMALE,INDIVIDUAL,394,Married
304758,Bonnie,Long,1975-03-27,FEMALE,INDIVIDUAL,830,Single
304859,Annie,Stone,1976-04-14,FEMALE,INDIVIDUAL,431,Single
304865,Susan,Nelson,1986-05-11,FEMALE,INDIVIDUAL,831,Married
304930,Timothy,Reyes,1958-09-11,MALE,INDIVIDUAL,427,Divorced
305390,Annie,Spencer,1981-10-21,FEMALE,INDIVIDUAL,218,Married
305593,Diane,Fields,1962-01-01,FEMALE,INDIVIDUAL,727,Married
305594,Emily,Cunningham,1986-06-20,FEMALE,INDIVIDUAL,894,Married
306156,Jacqueline,Anderson,1980-10-14,FEMALE,INDIVIDUAL,217,Married
306323,Rose,Cunningham,1972-02-10,FEMALE,INDIVIDUAL,977,Single
306351,Anna,Ryan,1983-12-24,FEMALE,INDIVIDUAL,960,Married
306354,Amy,Welch,1961-08-19,FEMALE,INDIVIDUAL,867,Married
306359,Beverly,Diaz,1988-02-27,FEMALE,INDIVIDUAL,520,Single
306529,Christopher,Dunn,1974-09-13,MALE,INDIVIDUAL,205,Single
306544,Gregory,Smith,1976-05-11,MALE,INDIVIDUAL,222,Married
306750,Rebecca,Cooper,1975-07-28,FEMALE,INDIVIDUAL,648,Married
307141,Kevin,Vasquez,1986-01-16,MALE,INDIVIDUAL,808,Married
307246,James,Hamilton,1958-08-13,MALE,INDIVIDUAL,64,Married
307357,Wayne,White,2010-08-26,MALE,INDIVIDUAL,437,Married
307717,Betty,Alvarez,1981-08-05,FEMALE,INDIVIDUAL,454,Married
307755,Harry,Johnston,1961-09-22,MALE,INDIVIDUAL,356,Single
307766,Harry,Morris,1990-10-16,MALE,INDIVIDUAL,156,Married
307829,Mark,Jenkins,2012-11-08,MALE,INDIVIDUAL,29,Married
307830,Martin,Kelly,1974-09-25,MALE,INDIVIDUAL,793,Married
308004,Sarah,Russell,1979-11-15,FEMALE,INDIVIDUAL,156,Divorced
308084,Juan,Andrews,1977-06-15,MALE,INDIVIDUAL,772,Married
308317,Julie,Bowman,1969-05-15,FEMALE,INDIVIDUAL,640,Married
308919,Susan,Hayes,1956-09-08,FEMALE,INDIVIDUAL,609,Married
309013,Catherine,Reyes,2010-04-16,FEMALE,INDIVIDUAL,849,Married
309155,Maria,Willis,2012-03-05,FEMALE,INDIVIDUAL,366,Married
309170,Joe,Bradley,1975-12-14,MALE,INDIVIDUAL,670,Single
309372,Kathleen,Stewart,1988-01-24,FEMALE,INDIVIDUAL,53,Single
309489,Gary,Castillo,1968-02-09,MALE,INDIVIDUAL,418,Single
309596,Henry,Black,1984-08-08,MALE,INDIVIDUAL,51,Single
310058,Kelly,Richards,1960-02-21,FEMALE,INDIVIDUAL,503,Divorced
310696,Forest Group,,,,COMPANY,794,
310824,Douglas,Jenkins,1958-06-11,MALE,INDIVIDUAL,975,Married
311136,Andrew,Grant,1980-10-05,MALE,INDIVIDUAL,408,Married
311670,Betty,Shaw,1970-06-28,FEMALE,INDIVIDUAL,55,Single
312277,Judy,Pierce,1983-07-31,FEMALE,INDIVIDUAL,373,Married
312292,Nicholas,Lawrence,1968-05-20,MALE,INDIVIDUAL,401,Single
312354,Joshua,Stanley,1974-02-05,MALE,INDIVIDUAL,763,Single
312795,Jeremy,Adams,2012-08-31,MALE,INDIVIDUAL,84,Married
312813,Johnny,Taylor,1976-07-08,MALE,INDIVIDUAL,595,Married
312977,Jennifer,Elliott,1958-04-06,FEMALE,INDIVIDUAL,449,Married
313017,Cynthia,Foster,1980-10-06,FEMALE,INDIVIDUAL,297,Married
313092,Douglas,Ramos,1973-04-02,MALE,INDIVIDUAL,599,Married
313188,Ronald,Knight,1966-10-19,MALE,INDIVIDUAL,138,Married
313419,Phillip,Riley,2007-10-23,MALE,INDIVIDUAL,316,Divorced
313683,Paula,Bradley,1976-09-14,FEMALE,INDIVIDUAL,963,Married
313906,Jose,Carpenter,1972-01-22,MALE,INDIVIDUAL,99,Married
313971,Jennifer,Johnson,2012-02-11,FEMALE,INDIVIDUAL,13,Married
314218,Paul,Hill,1970-12-18,MALE,INDIVIDUAL,733,Married
314440,Michael,Simpson,1967-07-23,MALE,INDIVIDUAL,63,Married
314501,Carolyn,Mason,1967-01-16,FEMALE,INDIVIDUAL,647,Married
314518,Jean,Daniels,2008-04-05,FEMALE,INDIVIDUAL,611,Divorced
314668,Wanda,Stephens,1976-06-08,FEMALE,INDIVIDUAL,531,Single
315213,Amanda,Roberts,1973-01-18,FEMALE,INDIVIDUAL,30,Single
315258,James,Jordan,2010-07-24,MALE,INDIVIDUAL,799,Married
315260,Todd,Scott,1977-04-16,MALE,INDIVIDUAL,115,Single
315301,Alice,Chavez,1954-04-21,FEMALE,INDIVIDUAL,713,Single
315350,Evelyn,Roberts,1972-04-29,FEMALE,INDIVIDUAL,313,Married
315583,Mark,Lawson,1952-10-30,MALE,INDIVIDUAL,518,Divorced
315609,Christina,Bradley,1976-02-11,FEMALE,INDIVIDUAL,976,Married
315757,Albert,Jenkins,1966-02-04,MALE,INDIVIDUAL,468,Single
315862,Walter,Russell,1972-07-29,MALE,INDIVIDUAL,562,Married
315981,Patricia,Pierce,1974-08-12,FEMALE,INDIVIDUAL,290,Married
316334,Randy,Pierce,1959-07-22,MALE,INDIVIDUAL,136,Single
316378,Ruby,Hunter,1973-08-07,FEMALE,INDIVIDUAL,363,Single
316403,Emily,Roberts,1971-12-24,FEMALE,INDIVIDUAL,320,Single
316412,Marilyn,Wright,1953-11-01,FEMALE,INDIVIDUAL,352,Single
316535,Dennis,Gutierrez,1974-05-24,MALE,INDIVIDUAL,788,Married
316542,Brian,Brooks,2001-06-12,MALE,INDIVIDUAL,493,Married
316801,Eugene,Ortiz,2001-05-09,MALE,INDIVIDUAL,461,Married
316905,Jimmy,Henderson,1966-06-25,MALE,INDIVIDUAL,19,Married
316911,Frank,Fuller,1962-12-12,MALE,INDIVIDUAL,908,Married
316921,Eugene,Miller,1965-12-23,MALE,INDIVIDUAL,730,Single
317106,Harold,Garrett,1962-05-12,MALE,INDIVIDUAL,192,Single
317256,William,Sims,1966-11-17,MALE,INDIVIDUAL,737,Single
317637,Jeremy,Garrett,1984-06-10,MALE,INDIVIDUAL,263,Single
317668,Theresa,Peterson,1964-07-25,FEMALE,INDIVIDUAL,770,Single
318284,Paul,Cook,1983-01-16,MALE,INDIVIDUAL,375,Married
318387,Adam,Armstrong,2010-03-30,MALE,INDIVIDUAL,432,Divorced
318814,Heather,Gonzalez,1967-08-16,FEMALE,INDIVIDUAL,925,Married
318894,Jesse,Murphy,1960-06-12,MALE,INDIVIDUAL,753,Married
319083,Joyce,Harper,1975-08-28,FEMALE,INDIVIDUAL,334,Married
319294,Helen,Ross,1974-11-04,FEMALE,INDIVIDUAL,928,Married
320041,Judy,Lawson,2010-05-25,FEMALE,INDIVIDUAL,385,Married
320166,Beverly,Cunningham,2012-11-04,FEMALE,INDIVIDUAL,227,Married
320301,Amy,Lopez,1959-02-23,FEMALE,INDIVIDUAL,283,Married
320545,Joe,Harvey,1954-05-31,MALE,INDIVIDUAL,238,Divorced
320941,Shirley,Lewis,1990-07-24,FEMALE,INDIVIDUAL,808,Divorced
320975,Jimmy,Gardner,1972-09-29,MALE,INDIVIDUAL,631,Married
321256,Albert,Ward,1957-05-01,MALE,INDIVIDUAL,365,Single
321257,Samuel,Stephens,2009-11-12,MALE,INDIVIDUAL,97,Married
321336,Anthony,Morgan,1977-05-17,MALE,INDIVIDUAL,59,Single
321390,Helen,Russell,1969-08-18,FEMALE,INDIVIDUAL,822,Married
321392,Rebecca,Pierce,1977-01-01,FEMALE,INDIVIDUAL,917,Divorced
321575,Patricia,Peters,1967-12-01,FEMALE,INDIVIDUAL,406,Married
321748,Jesse,Knight,1974-08-31,MALE,INDIVIDUAL,902,Divorced
321982,Carlos,Stewart,1971-08-14,MALE,INDIVIDUAL,598,Married
322011,Jason,Thomas,2009-05-05,MALE,INDIVIDUAL,485,Single
322241,Maria,Evans,1977-04-23,FEMALE,INDIVIDUAL,74,Married
322251,Brandon,Knight,1960-09-14,MALE,INDIVIDUAL,851,Married
322437,Lois,Oliver,1966-09-20,FEMALE,INDIVIDUAL,387,Married
322635,Kelly,West,1988-09-14,FEMALE,INDIVIDUAL,439,Married
322693,Ruby,Moreno,1978-06-01,FEMALE,INDIVIDUAL,479,Single
322801,Walter,Lawrence,1964-09-29,MALE,INDIVIDUAL,856,Single
323087,Shawn,Rogers,1980-08-08,MALE,INDIVIDUAL,945,Single
323138,Ronald,Jones,1972-05-16,MALE,INDIVIDUAL,55,Divorced
323155,Donald,Myers,2009-07-20,MALE,INDIVIDUAL,561,Divorced
323376,Jesse,Wilson,1974-01-07,MALE,INDIVIDUAL,755,Married
323379,Carlos,Cooper,2003-03-22,MALE,INDIVIDUAL,439,Married
323389,Brenda,Garcia,1982-12-01,FEMALE,INDIVIDUAL,210,Married
323390,Mildred,Johnston,1974-10-06,FEMALE,INDIVIDUAL,157,Divorced
323424,Jeffrey,Wells,1979-04-24,MALE,INDIVIDUAL,276,Married
323513,Jane,Banks,2009-10-02,FEMALE,INDIVIDUAL,841,Married
323605,Kathleen,Morris,1975-12-26,FEMALE,INDIVIDUAL,385,Married
323703,Richard,Price,1969-07-03,MALE,INDIVIDUAL,58,Married
323756,Raymond,Mason,1986-08-14,MALE,INDIVIDUAL,35,Divorced
323862,Carlos,Ford,1980-05-23,MALE,INDIVIDUAL,581,Married
323873,Nicholas,Bishop,1955-10-19,MALE,INDIVIDUAL,190,Married
323918,Clarence,Harper,1991-05-05,MALE,INDIVIDUAL,546,Divorced
323920,Raymond,Peters,1963-11-08,MALE,INDIVIDUAL,124,Married
324000,Jonathan,Hicks,2012-06-16,MALE,INDIVIDUAL,879,Divorced
324573,Dennis,Fuller,2008-01-02,MALE,INDIVIDUAL,832,Single
324966,Marilyn,Kelly,1967-11-26,FEMALE,INDIVIDUAL,383,Married
325058,Frances,Warren,1999-10-20,FEMALE,INDIVIDUAL,209,Single
325059,Jane,Warren,2001-07-05,FEMALE,INDIVIDUAL,215,Married
325090,Helen,Welch,2008-09-14,FEMALE,INDIVIDUAL,943,Married
325215,Mildred,Griffin,1985-09-13,FEMALE,INDIVIDUAL,937,Married
325334,Ruth,Young,1971-06-21,FEMALE,INDIVIDUAL,70,Married
325408,Nicole,Roberts,1974-01-02,FEMALE,INDIVIDUAL,290,Single
325876,Kevin,Austin,1970-09-17,MALE,INDIVIDUAL,217,Single
325898,Sarah,Harrison,2007-05-05,FEMALE,INDIVIDUAL,3,Divorced
326191,Janet,Hanson,1977-09-28,FEMALE,INDIVIDUAL,179,Married
326218,Juan,Gilbert,2009-03-12,MALE,INDIVIDUAL,538,Married
326393,Peter,Foster,1982-10-12,MALE,INDIVIDUAL,608,Single
326429,Albert,Barnes,1977-05-20,MALE,INDIVIDUAL,967,Married
326441,George,Holmes,1950-10-17,MALE,INDIVIDUAL,112,Married
326576,Laura,Davis,1980-05-19,FEMALE,INDIVIDUAL,408,Married
326789,Craig,Ross,1994-02-09,MALE,INDIVIDUAL,206,Single
327087,Charles,Torres,1965-06-07,MALE,INDIVIDUAL,808,Divorced
327161,Arthur,Scott,1978-02-01,MALE,INDIVIDUAL,16,Divorced
327201,Victor,Watkins,1967-01-25,MALE,INDIVIDUAL,283,Married
327340,Brian,Ford,1996-04-23,MALE,INDIVIDUAL,30,Married
327410,Scott,Ortiz,2002-06-27,MALE,INDIVIDUAL,577,Married
327840,James,Perkins,2008-06-09,MALE,INDIVIDUAL,256,Single
327843,Craig,Foster,1974-02-26,MALE,INDIVIDUAL,180,Married
327852,Joseph,Phillips,1980-03-14,MALE,INDIVIDUAL,726,Married
327855,John,Allen,2012-09-14,MALE,INDIVIDUAL,561,Married
327964,Thomas,Long,1988-01-24,MALE,INDIVIDUAL,304,Divorced
328006,Gregory,Bailey,2006-11-15,MALE,INDIVIDUAL,284,Single
328167,Debra,Shaw,1981-03-18,FEMALE,INDIVIDUAL,366,Single
328285,Andrea,Moore,1969-05-13,FEMALE,INDIVIDUAL,729,Single
328291,Julia,Ferguson,1978-06-15,FEMALE,INDIVIDUAL,357,Married
328419,Catherine,Stewart,1976-04-17,FEMALE,INDIVIDUAL,7,Single
328676,Johnny,Graham,1967-06-12,MALE,INDIVIDUAL,914,Married
328734,James,Little,1987-06-15,MALE,INDIVIDUAL,737,Single
328778,Mark,Harper,1980-06-14,MALE,INDIVIDUAL,791,Single
328946,Richard,Rose,1964-08-20,MALE,INDIVIDUAL,8,Married
329011,Janice,Hunter,1984-11-19,FEMALE,INDIVIDUAL,427,Married
329021,Kathleen,King,1983-04-26,FEMALE,INDIVIDUAL,247,Divorced
329022,Amanda,Fields,1984-08-11,FEMALE,INDIVIDUAL,967,Married
329160,Anne,Lawrence,1998-09-18,FEMALE,INDIVIDUAL,936,Married
329240,Howard,Gutierrez,1966-02-10,MALE,INDIVIDUAL,426,Divorced
329363,Rose,Gilbert,1981-06-17,FEMALE,INDIVIDUAL,541,Divorced
329368,Jacqueline,Morgan,1989-12-20,FEMALE,INDIVIDUAL,400,Single
329509,Steven,Allen,2011-05-17,MALE,INDIVIDUAL,425,Single
329776,Shawn,Stephens,2005-08-02,MALE,INDIVIDUAL,335,Married
330006,Jeremy,Carr,1974-08-02,MALE,INDIVIDUAL,822,Married
330261,Teresa,Richards,1974-11-17,FEMALE,INDIVIDUAL,262,Single
331060,Janet,Harrison,1981-12-14,FEMALE,INDIVIDUAL,53,Single
331233,Diana,Thompson,1975-09-17,FEMALE,INDIVIDUAL,501,Divorced
331524,Jane,Gibson,1988-03-30,FEMALE,INDIVIDUAL,879,Married
331790,Victor,Marshall,2011-07-30,MALE,INDIVIDUAL,884,Single
332033,Scott,Sims,1970-08-05,MALE,INDIVIDUAL,544,Married
332132,Lori,Watson,1975-01-15,FEMALE,INDIVIDUAL,979,Married
332347,Mark,Lynch,1971-04-09,MALE,INDIVIDUAL,720,Married
332361,Steven,Davis,1974-01-26,MALE,INDIVIDUAL,673,Single
332653,Martha,Williams,1983-10-05,FEMALE,INDIVIDUAL,641,Divorced
332913,Julie,Peterson,1996-03-02,FEMALE,INDIVIDUAL,711,Single
332989,Victor,Fox,1980-09-22,MALE,INDIVIDUAL,553,Single
333012,Lawrence,King,1988-06-15,MALE,INDIVIDUAL,145,Single
333278,Eric,Murphy,1974-11-19,MALE,INDIVIDUAL,380,Married
333313,Patrick,Wood,2011-02-24,MALE,INDIVIDUAL,589,Married
333355,Doris,Alexander,1972-03-25,FEMALE,INDIVIDUAL,533,Married
333495,Brandon,Shaw,1964-07-26,MALE,INDIVIDUAL,387,Married
333842,Denise,Hudson,1976-10-24,FEMALE,INDIVIDUAL,415,Single
334350,Brandon,Burke,1982-02-19,MALE,INDIVIDUAL,155,Married
334366,Amy,Cole,1968-04-29,FEMALE,INDIVIDUAL,432,Single
334405,Charles,Long,2010-02-08,MALE,INDIVIDUAL,74,Divorced
334624,Martha,Woods,1978-07-17,FEMALE,INDIVIDUAL,339,Single
334645,Scott,Gonzalez,1988-12-30,MALE,INDIVIDUAL,594,Single
334736,Jessica,Kim,1968-04-01,FEMALE,INDIVIDUAL,932,Married
334770,Thomas,Franklin,1959-12-11,MALE,INDIVIDUAL,378,Married
334943,Paula,Frazier,1973-11-18,FEMALE,INDIVIDUAL,633,Divorced
335012,Nicole,Lane,1962-07-26,FEMALE,INDIVIDUAL,751,Divorced
335100,Linda,Burke,1987-06-22,FEMALE,INDIVIDUAL,681,Married
335112,Bonnie,Sanchez,1994-10-04,FEMALE,INDIVIDUAL,229,Married
335431,Marie,Mendoza,1973-11-01,FEMALE,INDIVIDUAL,30,Single
335526,Daniel,Hill,1984-01-02,MALE,INDIVIDUAL,412,Single
335874,Jerry,Brown,1954-11-22,MALE,INDIVIDUAL,849,Married
336003,Doris,Hart,1974-11-19,FEMALE,INDIVIDUAL,15,Married
336028,Victor,Daniels,1978-06-10,MALE,INDIVIDUAL,840,Married
336303,Betty,Morgan,1984-03-26,FEMALE,INDIVIDUAL,837,Divorced
336310,Cynthia,Chavez,2001-01-23,FEMALE,INDIVIDUAL,197,Married
336331,Douglas,Moreno,1940-09-22,MALE,INDIVIDUAL,131,Married
336385,Stephen,Jones,1977-07-30,MALE,INDIVIDUAL,921,Married
336681,Raymond,Wright,1963-11-20,MALE,INDIVIDUAL,265,Married
336862,Anne,Ray,1980-04-19,FEMALE,INDIVIDUAL,55,Single
336884,Joyce,Ruiz,1973-10-11,FEMALE,INDIVIDUAL,392,Married
337585,Kimberly,Ruiz,1974-04-14,FEMALE,INDIVIDUAL,578,Married
337892,Phillip,Hicks,2010-12-26,MALE,INDIVIDUAL,9,Single
338019,Evelyn,Hernandez,1982-02-27,FEMALE,INDIVIDUAL,592,Married
338203,Terry,Willis,1966-01-19,MALE,INDIVIDUAL,680,Single
338221,Dennis,Lawson,1983-04-28,MALE,INDIVIDUAL,381,Married
338350,Henry,Andrews,1964-10-27,MALE,INDIVIDUAL,800,Single
338355,Bruce,Bell,1975-11-10,MALE,INDIVIDUAL,920,Married
338434,Bobby,Rose,1968-11-21,MALE,INDIVIDUAL,592,Single
338576,Amy,Snyder,1981-11-12,FEMALE,INDIVIDUAL,264,Single
338728,Patricia,Lopez,1978-01-10,FEMALE,INDIVIDUAL,798,Divorced
338790,Mary,Mason,1976-11-08,FEMALE,INDIVIDUAL,487,Divorced
338868,Martin,Harrison,1964-12-18,MALE,INDIVIDUAL,918,Divorced
338893,Melissa,Richards,1960-05-18,FEMALE,INDIVIDUAL,720,Divorced
339039,Benjamin,Harvey,1977-02-19,MALE,INDIVIDUAL,607,Married
339164,Fred,Rose,1973-12-11,MALE,INDIVIDUAL,476,Married
339173,Jacqueline,Duncan,1974-05-25,FEMALE,INDIVIDUAL,565,Married
339178,Annie,Robertson,2005-12-09,FEMALE,INDIVIDUAL,78,Single
339229,Janice,Graham,1977-06-12,FEMALE,INDIVIDUAL,360,Single
339264,Jacqueline,Myers,1980-07-24,FEMALE,INDIVIDUAL,260,Married
339273,Gloria,Barnes,1986-05-17,FEMALE,INDIVIDUAL,739,Married
339749,Willie,West,1968-08-08,MALE,INDIVIDUAL,267,Single
340063,Rebecca,Myers,1966-08-30,FEMALE,INDIVIDUAL,441,Married
340149,Jennifer,Evans,1956-03-14,FEMALE,INDIVIDUAL,837,Single
340298,Willie,Jordan,1951-01-10,MALE,INDIVIDUAL,152,Married
340967,Bobby,Hunter,1953-07-26,MALE,INDIVIDUAL,426,Married
341115,Brandon,Thompson,1967-03-25,MALE,INDIVIDUAL,746,Divorced
341125,Fred,Hicks,1965-06-27,MALE,INDIVIDUAL,524,Divorced
341487,George,Medina,1970-06-06,MALE,INDIVIDUAL,408,Single
341494,Debra,Martinez,1969-06-16,FEMALE,INDIVIDUAL,337,Single
341806,Lisa,White,1953-09-11,FEMALE,INDIVIDUAL,207,Married
341807,Joyce,King,1982-07-15,FEMALE,INDIVIDUAL,209,Married
341827,Joshua,Howard,2011-12-24,MALE,INDIVIDUAL,804,Married
341845,Debra,Carpenter,1972-06-14,FEMALE,INDIVIDUAL,311,Married
341883,Christopher,Stone,1962-08-23,MALE,INDIVIDUAL,399,Single
341967,Marie,Roberts,1961-07-30,FEMALE,INDIVIDUAL,865,Married
342050,Willie,Wright,1975-09-02,MALE,INDIVIDUAL,444,Single
342079,Stephanie,Roberts,1974-09-02,FEMALE,INDIVIDUAL,34,Single
342186,Susan,Lopez,1993-12-01,FEMALE,INDIVIDUAL,722,Single
342192,Andrew,Diaz,1961-07-17,MALE,INDIVIDUAL,278,Single
342247,Christine,Sims,1982-10-15,FEMALE,INDIVIDUAL,37,Married
342314,Jose,Martin,1958-04-15,MALE,INDIVIDUAL,557,Married
342346,John,Hawkins,1964-10-18,MALE,INDIVIDUAL,316,Married
342499,Jerry,Warren,1981-08-18,MALE,INDIVIDUAL,432,Married
342613,Cheryl,Howard,1984-12-19,FEMALE,INDIVIDUAL,129,Married
342758,Ann,Mendoza,1973-06-15,FEMALE,INDIVIDUAL,209,Married
342808,Lawrence,Ward,1983-10-11,MALE,INDIVIDUAL,356,Married
343340,Jason,Hall,1961-07-30,MALE,INDIVIDUAL,451,Married
343375,Mildred,Tucker,1967-06-14,FEMALE,INDIVIDUAL,582,Single
343744,Diane,Stanley,1979-11-27,FEMALE,INDIVIDUAL,545,Divorced
343965,Helen,Hudson,1976-01-07,FEMALE,INDIVIDUAL,577,Single
343984,Ashley,Hanson,1972-03-12,FEMALE,INDIVIDUAL,160,Married
343995,Michelle,Bishop,1986-08-20,FEMALE,INDIVIDUAL,77,Married
343999,Kathryn,Rogers,1981-09-28,FEMALE,INDIVIDUAL,288,Single
344458,Irene,Burton,1968-02-16,FEMALE,INDIVIDUAL,945,Single
344864,Patricia,Fowler,1963-12-07,FEMALE,INDIVIDUAL,508,Married
345657,Nicholas,James,2007-01-04,MALE,INDIVIDUAL,497,Single
345668,Raymond,Berry,1978-07-05,MALE,INDIVIDUAL,548,Single
346170,Doris,Campbell,1972-02-03,FEMALE,INDIVIDUAL,886,Married
346577,Paula,Daniels,1980-02-02,FEMALE,INDIVIDUAL,506,Married
346781,Bonnie,Franklin,1980-08-04,FEMALE,INDIVIDUAL,563,Divorced
346900,Lois,Flores,1972-10-07,FEMALE,INDIVIDUAL,100,Single
347134,Earl,Fuller,1965-06-16,MALE,INDIVIDUAL,270,Single
347227,Ventura Ltd,,,,COMPANY,837,
347248,CSL ,,,,COMPANY,942,
347277,Katherine,Frazier,1958-09-17,FEMALE,INDIVIDUAL,67,Married
347394,Fred,Harrison,1967-06-28,MALE,INDIVIDUAL,175,Married
347419,Lisa,Young,2006-11-18,FEMALE,INDIVIDUAL,391,Single
347692,Ashley,Peterson,1981-11-05,FEMALE,INDIVIDUAL,917,Single
348017,Doris,Griffin,1987-11-27,FEMALE,INDIVIDUAL,250,Married
348149,Norma,Anderson,2008-06-28,FEMALE,INDIVIDUAL,202,Single
348150,Billy,Bennett,1979-04-27,MALE,INDIVIDUAL,201,Single
348364,Stephen,Ray,1968-03-09,MALE,INDIVIDUAL,94,Single
348390,Rose,Payne,1979-02-12,FEMALE,INDIVIDUAL,462,Divorced
348490,Edward,Oliver,1968-01-01,MALE,INDIVIDUAL,934,Single
348535,Jesse,Nguyen,1970-08-17,MALE,INDIVIDUAL,526,Single
348536,Todd,Morrison,2010-06-11,MALE,INDIVIDUAL,324,Single
348537,Roger,Perry,1972-10-14,MALE,INDIVIDUAL,423,Married
348916,Bruce,Dixon,1979-05-13,MALE,INDIVIDUAL,89,Married
348930,Earl,Myers,1979-11-19,MALE,INDIVIDUAL,884,Single
349518,Jean,Gilbert,1967-02-16,FEMALE,INDIVIDUAL,514,Married
349804,Johnny,George,1973-08-23,MALE,INDIVIDUAL,56,Single
349838,Theresa,Wheeler,2002-04-16,FEMALE,INDIVIDUAL,282,Single
349943,Roy,Butler,1966-08-28,MALE,INDIVIDUAL,48,Single
350115,Pamela,Meyer,1983-09-25,FEMALE,INDIVIDUAL,899,Married
350116,Evelyn,George,1953-06-04,FEMALE,INDIVIDUAL,218,Divorced
350241,Andrew,Hawkins,1973-05-08,MALE,INDIVIDUAL,28,Married
350288,Mildred,Howard,1972-11-22,FEMALE,INDIVIDUAL,923,Married
350785,Jane,Jackson,1980-03-15,FEMALE,INDIVIDUAL,276,Married
351005,Lawrence,Owens,1963-05-25,MALE,INDIVIDUAL,901,Married
351043,Robert,Gibson,1974-04-18,MALE,INDIVIDUAL,753,Single
351248,Carol,Wallace,1950-08-23,FEMALE,INDIVIDUAL,486,Married
351620,Frank,Snyder,1966-01-01,MALE,INDIVIDUAL,929,Married
351623,Larry,Simpson,1997-04-24,MALE,INDIVIDUAL,645,Single
351654,Mildred,Dean,1968-01-04,FEMALE,INDIVIDUAL,16,Single
351702,William,Powell,1963-07-01,MALE,INDIVIDUAL,455,Married
351720,Daniel,Riley,1961-12-02,MALE,INDIVIDUAL,110,Single
351826,Benjamin,Little,1962-05-08,MALE,INDIVIDUAL,103,Single
351896,Justin,Jacobs,1968-01-10,MALE,INDIVIDUAL,700,Single
352098,Billy,Hunter,1970-10-28,MALE,INDIVIDUAL,846,Married
352138,Jeffrey,Williamson,1975-12-27,MALE,INDIVIDUAL,501,Single
352233,Marilyn,Ruiz,1979-04-09,FEMALE,INDIVIDUAL,139,Single
352751,Paula,Flores,1962-04-28,FEMALE,INDIVIDUAL,93,Single
352955,Mark,Ramos,1967-12-09,MALE,INDIVIDUAL,451,Single
353058,Virginia,Chavez,1968-12-17,FEMALE,INDIVIDUAL,934,Married
353214,Lisa,Lynch,1984-01-19,FEMALE,INDIVIDUAL,217,Single
353215,Janice,Cunningham,2010-11-02,FEMALE,INDIVIDUAL,121,Married
353250,Doris,Hawkins,1973-12-14,FEMALE,INDIVIDUAL,632,Married
353294,Wanda,Stone,1979-11-01,FEMALE,INDIVIDUAL,107,Single
353380,Margaret,Harper,1969-06-20,FEMALE,INDIVIDUAL,583,Single
353448,INNOVATION ,,,,COMPANY,989,
353698,James,Carter,1979-12-22,MALE,INDIVIDUAL,315,Single
353973,Anna,Montgomery,2003-06-12,FEMALE,INDIVIDUAL,651,Married
353982,Marilyn,James,1970-08-02,FEMALE,INDIVIDUAL,365,Married
354072,Christine,Martinez,1979-02-11,FEMALE,INDIVIDUAL,163,Married
354206,Bobby,Long,1974-11-24,MALE,INDIVIDUAL,277,Married
354317,Irene,Reid,1967-07-24,FEMALE,INDIVIDUAL,911,Married
354546,Peter,Young,1963-06-12,MALE,INDIVIDUAL,671,Divorced
354570,Nancy,Owens,1984-04-30,FEMALE,INDIVIDUAL,414,Married
354684,Willie,Alexander,2003-06-12,MALE,INDIVIDUAL,828,Single
354717,Carl,Hansen,1956-09-14,MALE,INDIVIDUAL,745,Married
354890,Donna,Lee,1978-02-17,FEMALE,INDIVIDUAL,76,Single
354911,Henry,Little,1946-04-03,MALE,INDIVIDUAL,515,Divorced
354970,Benjamin,Duncan,1955-07-17,MALE,INDIVIDUAL,597,Divorced
355064,Antonio,Carroll,1969-05-14,MALE,INDIVIDUAL,374,Married
355113,Christopher,Garza,1968-08-07,MALE,INDIVIDUAL,412,Married
355119,Arthur,Johnston,1979-01-08,MALE,INDIVIDUAL,883,Single
355260,Harold,Harvey,2007-12-19,MALE,INDIVIDUAL,633,Married
355262,Harry,Scott,1970-02-25,MALE,INDIVIDUAL,75,Married
355383,Adam,Sanders,1982-09-02,MALE,INDIVIDUAL,147,Single
355534,Elizabeth,Howell,1967-03-13,FEMALE,INDIVIDUAL,304,Married
355654,Judith,Adams,1953-02-13,FEMALE,INDIVIDUAL,926,Married
355678,Walter,Allen,1968-12-28,MALE,INDIVIDUAL,449,Single
355793,Brandon,Murphy,1980-06-16,MALE,INDIVIDUAL,905,Married
355934,Edward,Armstrong,2009-05-20,MALE,INDIVIDUAL,608,Married
356148,Victor,Campbell,1954-06-07,MALE,INDIVIDUAL,712,Married
356193,Edward,Little,1959-12-16,MALE,INDIVIDUAL,463,Married
356223,Benjamin,George,1973-10-05,MALE,INDIVIDUAL,954,Married
356346,Chris,Taylor,1965-06-20,MALE,INDIVIDUAL,430,Married
356353,Stephen,Roberts,1955-12-16,MALE,INDIVIDUAL,584,Married
356484,Jerry,Andrews,1974-09-11,MALE,INDIVIDUAL,89,Married
356537,Brenda,Shaw,1980-05-15,FEMALE,INDIVIDUAL,298,Single
357170,Marie,Nichols,1990-09-28,FEMALE,INDIVIDUAL,888,Married
357243,Peter,Roberts,1977-09-07,MALE,INDIVIDUAL,622,Married
357246,Joshua,Ellis,1980-04-01,MALE,INDIVIDUAL,83,Married
357341,Carlos,Hansen,1972-01-01,MALE,INDIVIDUAL,942,Married
357480,Mary,Taylor,1966-04-03,FEMALE,INDIVIDUAL,703,Married
357563,Annie,Butler,1970-02-07,FEMALE,INDIVIDUAL,419,Single
357591,Kimberly,Gibson,1978-03-10,FEMALE,INDIVIDUAL,991,Single
357678,David,Perez,1967-05-12,MALE,INDIVIDUAL,329,Married
357680,Gerald,Martinez,1966-08-23,MALE,INDIVIDUAL,188,Married
357716,Roger,Fuller,1965-04-25,MALE,INDIVIDUAL,772,Married
357821,Joshua,Elliott,1957-08-29,MALE,INDIVIDUAL,955,Single
357938,Susan,Stewart,1957-10-12,FEMALE,INDIVIDUAL,550,Married
357946,Joyce,Fields,1971-04-09,FEMALE,INDIVIDUAL,719,Married
358155,Andrew,Green,1963-11-10,MALE,INDIVIDUAL,255,Married
358206,Paula,Riley,1988-09-05,FEMALE,INDIVIDUAL,630,Married
358258,Albert,Howard,1974-12-24,MALE,INDIVIDUAL,762,Married
358302,Todd,Patterson,2010-03-05,MALE,INDIVIDUAL,230,Single
358324,Angela,Smith,2010-03-05,FEMALE,INDIVIDUAL,821,Married
358332,Dorothy,Reyes,2010-03-05,FEMALE,INDIVIDUAL,909,Single
358533,Willie,Woods,2005-11-03,MALE,INDIVIDUAL,288,Married
358546,John,Harris,2008-07-16,MALE,INDIVIDUAL,439,Single
358589,Nicholas,Mccoy,1971-11-12,MALE,INDIVIDUAL,940,Married
358644,Jeremy,King,1967-02-24,MALE,INDIVIDUAL,738,Single
358709,Walter,Boyd,1980-05-30,MALE,INDIVIDUAL,855,Married
358746,Antonio,Lane,1960-11-04,MALE,INDIVIDUAL,667,Single
358747,Martin,Morgan,1970-03-13,MALE,INDIVIDUAL,677,Single
358793,Theresa,Morales,1971-06-12,FEMALE,INDIVIDUAL,340,Married
358883,Jennifer,Ellis,1984-09-21,FEMALE,INDIVIDUAL,911,Married
359057,Michelle,Mccoy,1952-08-15,FEMALE,INDIVIDUAL,805,Divorced
359058,Ernest,Carroll,1981-09-02,MALE,INDIVIDUAL,509,Single
359075,Andrea,Lee,1970-06-24,FEMALE,INDIVIDUAL,718,Married
359426,Harold,Williams,1980-12-02,MALE,INDIVIDUAL,871,Single
359525,Jacqueline,Warren,1975-06-16,FEMALE,INDIVIDUAL,885,Single
359721,Aaron,Cruz,2003-09-14,MALE,INDIVIDUAL,893,Single
359773,Martha,Cooper,2009-03-09,FEMALE,INDIVIDUAL,600,Married
359948,Tina,Watson,1957-01-04,FEMALE,INDIVIDUAL,2,Married
360013,Jimmy,Frazier,1965-04-26,MALE,INDIVIDUAL,427,Single
360204,Alice,Medina,2011-12-02,FEMALE,INDIVIDUAL,623,Single
360427,Keith,Elliott,1977-07-15,MALE,INDIVIDUAL,228,Single
360497,Paula,Murray,1976-10-26,FEMALE,INDIVIDUAL,976,Divorced
360615,Todd,Burke,1971-07-29,MALE,INDIVIDUAL,84,Married
360854,Shawn,Williamson,1969-11-09,MALE,INDIVIDUAL,439,Single
360961,Willie,Watkins,1982-10-11,MALE,INDIVIDUAL,542,Married
361041,Christina,Bowman,1992-11-06,FEMALE,INDIVIDUAL,162,Single
361049,Justin,Campbell,1988-06-28,MALE,INDIVIDUAL,891,Single
361077,Victor,Sanchez,1957-07-11,MALE,INDIVIDUAL,291,Single
361108,Sara,Harrison,1987-08-06,FEMALE,INDIVIDUAL,68,Single
361328,Harry,West,1974-11-04,MALE,INDIVIDUAL,439,Single
361382,Pamela,Spencer,1972-10-25,FEMALE,INDIVIDUAL,443,Married
361604,Mark,Boyd,2007-11-25,MALE,INDIVIDUAL,912,Single
361680,Heather,Parker,1965-06-12,FEMALE,INDIVIDUAL,723,Single
361797,Joseph,Thomas,1981-08-06,MALE,INDIVIDUAL,900,Single
361980,Henry,Hansen,2010-06-24,MALE,INDIVIDUAL,132,Single
361985,Benjamin,Kennedy,2008-12-05,MALE,INDIVIDUAL,562,Married
362029,Judith,Owens,2012-06-05,FEMALE,INDIVIDUAL,577,Single
362058,Kevin,Franklin,1978-07-14,MALE,INDIVIDUAL,858,Single
362181,Nicholas,Tucker,1956-03-10,MALE,INDIVIDUAL,368,Divorced
362218,Emily,Campbell,1969-06-16,FEMALE,INDIVIDUAL,111,Single
362449,Amanda,Carpenter,1976-03-26,FEMALE,INDIVIDUAL,676,Married
362537,Bobby,Williamson,1965-06-19,MALE,INDIVIDUAL,78,Single
362654,Kathryn,Carter,1980-10-22,FEMALE,INDIVIDUAL,178,Married
363472,Diana,Jacobs,1980-08-19,FEMALE,INDIVIDUAL,3,Single
363476,Ann,Chapman,1974-03-31,FEMALE,INDIVIDUAL,747,Single
363648,Scott,Garza,2009-11-07,MALE,INDIVIDUAL,948,Single
363716,Mark,Edwards,1972-05-12,MALE,INDIVIDUAL,265,Married
363768,Douglas,Thomas,1994-01-25,MALE,INDIVIDUAL,698,Single
363780,Carlos,Arnold,2007-03-22,MALE,INDIVIDUAL,706,Married
363805,Kevin,Owens,1949-06-16,MALE,INDIVIDUAL,429,Married
363858,Heather,Fisher,1980-01-05,FEMALE,INDIVIDUAL,282,Married
364065,Diana,Myers,1970-06-17,FEMALE,INDIVIDUAL,44,Married
364413,Donna,Mitchell,1981-07-12,FEMALE,INDIVIDUAL,627,Single
364596,Kathy,Montgomery,1969-02-16,FEMALE,INDIVIDUAL,451,Married
364733,Virginia,Marshall,1954-11-11,FEMALE,INDIVIDUAL,671,Divorced
364911,Patrick,Stevens,1953-07-17,MALE,INDIVIDUAL,963,Married
365026,William,Smith,1972-02-17,MALE,INDIVIDUAL,435,Married
365072,Kevin,Garcia,1960-05-20,MALE,INDIVIDUAL,227,Married
365113,Mark,Fisher,1972-03-14,MALE,INDIVIDUAL,950,Divorced
365116,Steve,Hunt,2011-06-28,MALE,INDIVIDUAL,408,Married
365490,Kathleen,Williams,2012-10-25,FEMALE,INDIVIDUAL,625,Single
365610,Martin,Dean,1978-12-28,MALE,INDIVIDUAL,316,Married
365639,Wanda,Crawford,1998-12-26,FEMALE,INDIVIDUAL,849,Single
365738,Joyce,Webb,1971-06-16,FEMALE,INDIVIDUAL,104,Married
365864,Martin,Cruz,1979-07-26,MALE,INDIVIDUAL,221,Divorced
365946,David,Peterson,1978-01-27,MALE,INDIVIDUAL,319,Single
366017,Jessica,Welch,1981-05-16,FEMALE,INDIVIDUAL,4,Married
366226,Shawn,Collins,1971-06-05,MALE,INDIVIDUAL,519,Single
366262,Terry,Franklin,2000-11-14,MALE,INDIVIDUAL,612,Married
366269,Earl,Brooks,1963-10-04,MALE,INDIVIDUAL,682,Single
366358,Andrea,Schmidt,1948-09-10,FEMALE,INDIVIDUAL,44,Married
366483,Scott,Little,1975-05-31,MALE,INDIVIDUAL,111,Single
366545,Dr. Ltd,,,,COMPANY,691,
367286,Tammy,Gonzales,1998-08-30,FEMALE,INDIVIDUAL,646,Married
367493,Mildred,Lane,2010-01-08,FEMALE,INDIVIDUAL,839,Married
367495,Kenneth,Davis,1979-08-28,MALE,INDIVIDUAL,857,Married
368184,Arthur,Simmons,1975-05-02,MALE,INDIVIDUAL,710,Single
368475,Daniel,Willis,2012-04-11,MALE,INDIVIDUAL,278,Divorced
368531,Kenneth,Wood,1971-03-19,MALE,INDIVIDUAL,898,Single
368586,Gerald,Ross,1982-11-06,MALE,INDIVIDUAL,11,Divorced
368772,Annie,Marshall,1972-04-26,FEMALE,INDIVIDUAL,664,Married
369121,Carlos,Elliott,1975-09-18,MALE,INDIVIDUAL,932,Single
369124,Cheryl,Dean,2011-03-22,FEMALE,INDIVIDUAL,659,Single
369190,Kathy,Fuller,1988-06-16,FEMALE,INDIVIDUAL,212,Divorced
369739,Scott,Lopez,1970-05-30,MALE,INDIVIDUAL,845,Single
370125,Carlos,Sims,2009-11-03,MALE,INDIVIDUAL,718,Married
370126,Ryan,Perez,1971-09-05,MALE,INDIVIDUAL,209,Single
370128,John,Hicks,2003-04-04,MALE,INDIVIDUAL,619,Married
370130,Walter,Thomas,1977-04-02,MALE,INDIVIDUAL,194,Single
370197,Betty,Martinez,1979-11-05,FEMALE,INDIVIDUAL,137,Single
370310,Michael,Edwards,1971-10-29,MALE,INDIVIDUAL,736,Single
370658,Cheryl,Fuller,1977-03-27,FEMALE,INDIVIDUAL,75,Divorced
370745,Nicholas,Boyd,1962-10-16,MALE,INDIVIDUAL,252,Married
370761,Dennis,Hunt,1962-10-16,MALE,INDIVIDUAL,451,Married
371206,Howard,Larson,1969-11-21,MALE,INDIVIDUAL,74,Married
371207,Keith,Fields,2004-02-01,MALE,INDIVIDUAL,232,Married
371393,Paul,Roberts,1978-07-29,MALE,INDIVIDUAL,621,Single
371398,Peter,Gonzales,2011-02-25,MALE,INDIVIDUAL,36,Married
371511,Margaret,Hunter,2008-03-26,FEMALE,INDIVIDUAL,814,Married
371517,Charles,Powell,1971-06-02,MALE,INDIVIDUAL,481,Divorced
371712,Scott,Payne,1973-11-13,MALE,INDIVIDUAL,778,Single
371722,Jeffrey,Hughes,2007-08-25,MALE,INDIVIDUAL,888,Single
371776,Lillian,Peterson,1974-12-23,FEMALE,INDIVIDUAL,854,Single
372105,Judith,Carter,1959-02-28,FEMALE,INDIVIDUAL,112,Single
372453,Thomas,Kelley,1980-04-15,MALE,INDIVIDUAL,724,Single
372542,Gerald,Holmes,1966-01-20,MALE,INDIVIDUAL,163,Single
372587,Michelle,Davis,1953-04-02,FEMALE,INDIVIDUAL,662,Married
372589,Judy,Hernandez,1958-08-03,FEMALE,INDIVIDUAL,754,Single
372651,Sara,Hunter,1972-02-03,FEMALE,INDIVIDUAL,154,Married
372752,Samuel,Carpenter,1960-11-13,MALE,INDIVIDUAL,725,Single
372774,Diane,Larson,2001-10-05,FEMALE,INDIVIDUAL,126,Married
372776,Janice,Bradley,1980-06-03,FEMALE,INDIVIDUAL,169,Divorced
372777,Linda,Richards,1967-01-05,FEMALE,INDIVIDUAL,846,Divorced
372962,Mary,Black,1961-01-19,FEMALE,INDIVIDUAL,311,Single
373127,Kenneth,Hamilton,1993-10-03,MALE,INDIVIDUAL,350,Married
373201,Deborah,Mills,1990-01-09,FEMALE,INDIVIDUAL,601,Married
373266,Martin,Nguyen,1976-09-19,MALE,INDIVIDUAL,711,Single
373407,Larry,Little,1967-07-08,MALE,INDIVIDUAL,365,Married
373562,Frances,Cole,1975-04-30,FEMALE,INDIVIDUAL,130,Married
373782,Craig,Weaver,1966-09-13,MALE,INDIVIDUAL,868,Married
373914,Benjamin,Garrett,1999-09-01,MALE,INDIVIDUAL,900,Married
373918,Jesse,Anderson,1967-07-18,MALE,INDIVIDUAL,340,Married
374151,Bruce,Harper,1961-10-25,MALE,INDIVIDUAL,870,Married
374198,Rachel,Wagner,1983-04-26,FEMALE,INDIVIDUAL,31,Married
374565,Amanda,Henry,1979-06-19,FEMALE,INDIVIDUAL,827,Divorced
374658,Kevin,Carter,1949-09-29,MALE,INDIVIDUAL,431,Divorced
374723,Melissa,Bradley,1951-07-07,FEMALE,INDIVIDUAL,112,Married
374878,Brandon,Walker,1987-08-20,MALE,INDIVIDUAL,215,Married
375071,Patrick,Hudson,1963-04-04,MALE,INDIVIDUAL,682,Single
375386,Walter,Ward,1957-11-22,MALE,INDIVIDUAL,264,Single
375479,Andrew,Lynch,1987-06-12,MALE,INDIVIDUAL,244,Married
375832,Craig,Clark,1952-03-03,MALE,INDIVIDUAL,89,Single
376276,Philip,Armstrong,1972-10-20,MALE,INDIVIDUAL,389,Single
376539,Beverly,Morrison,1973-12-05,FEMALE,INDIVIDUAL,660,Single
376552,Christina,Sanders,1982-11-06,FEMALE,INDIVIDUAL,511,Married
376611,Norma,Jones,1958-11-07,FEMALE,INDIVIDUAL,386,Married
376736,Gerald,Griffin,1977-09-27,MALE,INDIVIDUAL,419,Married
377050,Karen,Kennedy,1974-03-31,FEMALE,INDIVIDUAL,680,Single
377122,Shawn,Lane,1973-08-18,MALE,INDIVIDUAL,213,Single
377330,Henry,Fields,1955-07-06,MALE,INDIVIDUAL,119,Single
377348,Bruce,Stewart,1973-10-11,MALE,INDIVIDUAL,736,Single
377651,Anne,Richards,1962-09-26,FEMALE,INDIVIDUAL,475,Single
377951,Amanda,Wagner,2007-02-08,FEMALE,INDIVIDUAL,733,Married
378005,Cynthia,Wood,1959-08-16,FEMALE,INDIVIDUAL,969,Single
378667,Aaron,Edwards,1971-03-12,MALE,INDIVIDUAL,303,Single
378844,Eugene,James,1975-05-26,MALE,INDIVIDUAL,21,Single
378934,Ryan,Perry,1968-02-29,MALE,INDIVIDUAL,573,Married
379119,Dennis,Watkins,1962-06-22,MALE,INDIVIDUAL,982,Married
379138,Mark,Stevens,1961-09-03,MALE,INDIVIDUAL,961,Single
379261,Justin,Thomas,2004-05-29,MALE,INDIVIDUAL,76,Married
379672,Joseph,Fernandez,2009-05-02,MALE,INDIVIDUAL,542,Married
379689,Jane,Alvarez,2012-08-04,FEMALE,INDIVIDUAL,400,Married
380000,Louis,Schmidt,1978-11-20,MALE,INDIVIDUAL,929,Married
380144,Robin,Bradley,1982-05-21,FEMALE,INDIVIDUAL,135,Married
380271,Raymond,Bell,1964-07-10,MALE,INDIVIDUAL,809,Single
380667,Harold,Wilson,1972-10-01,MALE,INDIVIDUAL,712,Divorced
380774,Wanda,Burke,1978-01-16,FEMALE,INDIVIDUAL,569,Single
380905,Norma,Mendoza,1959-01-31,FEMALE,INDIVIDUAL,291,Single
380984,Rachel,Ward,2012-06-02,FEMALE,INDIVIDUAL,226,Married
381417,Jennifer,Gonzalez,1980-01-22,FEMALE,INDIVIDUAL,571,Divorced
381427,Gregory,Ramirez,1968-12-23,MALE,INDIVIDUAL,320,Married
381570,Jack,Freeman,1973-06-09,MALE,INDIVIDUAL,754,Single
381620,Laura,Holmes,1963-07-23,FEMALE,INDIVIDUAL,769,Divorced
381668,Philip,Jacobs,1967-10-27,MALE,INDIVIDUAL,127,Married
382006,Kimberly,Lane,2008-09-09,FEMALE,INDIVIDUAL,391,Single
382067,Kenneth,Ellis,1972-08-18,MALE,INDIVIDUAL,662,Single
382182,Kenneth,Harper,1962-01-29,MALE,INDIVIDUAL,50,Single
382212,Arthur,Woods,1975-12-29,MALE,INDIVIDUAL,91,Single
382308,Katherine,Gardner,1984-05-28,FEMALE,INDIVIDUAL,70,Married
382517,Nicholas,Rogers,1967-10-12,MALE,INDIVIDUAL,820,Single
382532,Sarah,Torres,1972-06-13,FEMALE,INDIVIDUAL,862,Married
382664,Rebecca,Spencer,1972-04-21,FEMALE,INDIVIDUAL,677,Single
382747,Brenda,Hudson,1977-03-09,FEMALE,INDIVIDUAL,560,Married
382765,Alan,Ramos,2011-02-18,MALE,INDIVIDUAL,731,Single
382989,Betty,Johnson,1963-02-27,FEMALE,INDIVIDUAL,126,Married
383199,Chris,Gonzales,1958-04-21,MALE,INDIVIDUAL,609,Married
383206,Evelyn,Baker,1993-01-20,FEMALE,INDIVIDUAL,239,Married
383443,Peter,Wheeler,1985-09-05,MALE,INDIVIDUAL,346,Single
383810,David,Powell,1967-02-20,MALE,INDIVIDUAL,474,Married
384333,Gary,Morris,1965-08-12,MALE,INDIVIDUAL,768,Single
384341,Alice,Morris,2002-02-08,FEMALE,INDIVIDUAL,176,Married
384346,Joan,Hall,1998-09-13,FEMALE,INDIVIDUAL,471,Single
384512,Judith,Simpson,2001-10-20,FEMALE,INDIVIDUAL,450,Married
384565,Benjamin,Simpson,1967-11-04,MALE,INDIVIDUAL,768,Married
384589,Paula,Morris,1974-01-03,FEMALE,INDIVIDUAL,340,Married
384920,Timothy,Bradley,1974-01-02,MALE,INDIVIDUAL,299,Married
385198,Victor,Washington,1961-03-21,MALE,INDIVIDUAL,569,Divorced
385446,Scott,Mccoy,1976-08-22,MALE,INDIVIDUAL,867,Married
385469,Andrew,Allen,2005-01-17,MALE,INDIVIDUAL,559,Married
385613,Gregory,Green,1978-10-26,MALE,INDIVIDUAL,908,Married
385877,Sandra,Murphy,1954-12-25,FEMALE,INDIVIDUAL,880,Single
386013,Stephanie,Cook,1962-12-12,FEMALE,INDIVIDUAL,560,Married
386562,Larry,Lawson,2012-10-25,MALE,INDIVIDUAL,37,Married
386570,Joshua,Stone,1967-02-12,MALE,INDIVIDUAL,819,Single
386585,Craig,Miller,1946-09-08,MALE,INDIVIDUAL,921,Divorced
386760,Robin,Gutierrez,1964-08-31,FEMALE,INDIVIDUAL,787,Married
386818,Joseph,Ferguson,1995-04-08,MALE,INDIVIDUAL,412,Single
386931,Randy,Cruz,1948-04-03,MALE,INDIVIDUAL,988,Single
387579,Janet,Ruiz,1972-07-22,FEMALE,INDIVIDUAL,747,Single
388006,Willie,Payne,1980-04-27,MALE,INDIVIDUAL,810,Married
388036,Acella Corp,,,,COMPANY,255,
388230,Donna,Phillips,1976-08-15,FEMALE,INDIVIDUAL,622,Single
388289,Christopher,Jacobs,1962-07-24,MALE,INDIVIDUAL,609,Married
388357,Antonio,Porter,1974-12-08,MALE,INDIVIDUAL,626,Married
388405,Ann,Thompson,1982-12-06,FEMALE,INDIVIDUAL,679,Divorced
388463,Philip,Bennett,1974-09-09,MALE,INDIVIDUAL,781,Single
388514,Raymond,Johnson,2009-12-21,MALE,INDIVIDUAL,385,Married
388517,Henry,Sims,1982-11-27,MALE,INDIVIDUAL,306,Married
388520,Craig,Fisher,2012-03-10,MALE,INDIVIDUAL,551,Married
388548,Laura,Hanson,1979-11-06,FEMALE,INDIVIDUAL,651,Married
388752,Wakefern ,,,,COMPANY,25,
388753,Tal Ltd,,,,COMPANY,49,
388875,Lillian,Mitchell,1979-09-25,FEMALE,INDIVIDUAL,745,Married
389298,Kathleen,Rogers,1975-05-14,FEMALE,INDIVIDUAL,120,Married
389543,Cheryl,Fowler,1974-05-03,FEMALE,INDIVIDUAL,978,Single
389900,Jeffrey,Martinez,1974-04-05,MALE,INDIVIDUAL,230,Married
389952,Carlos,Rivera,2011-08-13,MALE,INDIVIDUAL,635,Married
390079,Mary,Mitchell,2012-08-30,FEMALE,INDIVIDUAL,643,Married
390159,Susan,Palmer,1990-01-29,FEMALE,INDIVIDUAL,331,Single
390186,Paul,Hicks,2012-12-01,MALE,INDIVIDUAL,34,Married
390280,Douglas,Ryan,1964-01-19,MALE,INDIVIDUAL,185,Single
390465,Christopher,Bradley,1990-01-21,MALE,INDIVIDUAL,151,Married
390469,Robin,Bell,1988-11-03,FEMALE,INDIVIDUAL,935,Married
390470,Clarence,Harris,2000-01-17,MALE,INDIVIDUAL,670,Single
390473,Nicholas,Rose,1966-04-29,MALE,INDIVIDUAL,782,Married
390517,Andrea,Mcdonald,1976-07-25,FEMALE,INDIVIDUAL,63,Married
390588,Sean,Mitchell,1969-03-12,MALE,INDIVIDUAL,600,Married
390685,Judy,Thomas,1970-10-17,FEMALE,INDIVIDUAL,46,Married
390964,George,Pierce,1980-10-18,MALE,INDIVIDUAL,128,Married
390966,Johnny,Washington,1978-07-07,MALE,INDIVIDUAL,310,Single
391130,Mildred,Brooks,1969-09-22,FEMALE,INDIVIDUAL,477,Single
391828,Albert,Campbell,1981-06-27,MALE,INDIVIDUAL,422,Single
391944,Kevin,Shaw,2012-09-16,MALE,INDIVIDUAL,288,Married
391949,William,Thomas,2010-09-01,MALE,INDIVIDUAL,518,Single
392325,Louis,Lewis,1970-06-16,MALE,INDIVIDUAL,33,Married
392342,Stephanie,Morris,1993-02-15,FEMALE,INDIVIDUAL,710,Single
392345,Sara,Bell,1962-08-05,FEMALE,INDIVIDUAL,344,Married
392635,Jack,Ortiz,1968-11-19,MALE,INDIVIDUAL,807,Single
392685,Chris,Marshall,1962-09-26,MALE,INDIVIDUAL,710,Married
393018,Robin,Young,1960-09-16,FEMALE,INDIVIDUAL,628,Married
393054,Marie,Boyd,1972-06-12,FEMALE,INDIVIDUAL,662,Married
393081,Nancy,Fernandez,1986-11-20,FEMALE,INDIVIDUAL,575,Single
393326,Thomas,Carr,1964-02-09,MALE,INDIVIDUAL,728,Single
393687,Jason,Daniels,1974-08-04,MALE,INDIVIDUAL,190,Single
394110,Tammy,Wheeler,1967-12-06,FEMALE,INDIVIDUAL,732,Married
394362,Heather,Alvarez,1996-11-23,FEMALE,INDIVIDUAL,758,Married
394366,Earl,Phillips,1968-12-09,MALE,INDIVIDUAL,208,Single
394483,Cynthia,Henry,1991-12-12,FEMALE,INDIVIDUAL,624,Married
394674,Jennifer,Weaver,1987-10-28,FEMALE,INDIVIDUAL,878,Divorced
394749,Catherine,Scott,1975-11-13,FEMALE,INDIVIDUAL,495,Divorced
394829,Joyce,Carroll,1991-06-13,FEMALE,INDIVIDUAL,698,Divorced
394988,Kevin,Gray,1975-10-02,MALE,INDIVIDUAL,159,Single
395020,Gloria,Reynolds,1974-01-08,FEMALE,INDIVIDUAL,381,Single
395222,Patrick,Wells,1969-08-29,MALE,INDIVIDUAL,723,Divorced
395334,Lois,Moreno,1980-12-21,FEMALE,INDIVIDUAL,141,Married
395383,David,Turner,1959-09-10,MALE,INDIVIDUAL,454,Married
395388,Roger,Mills,1989-12-11,MALE,INDIVIDUAL,908,Married
395524,Judy,Mason,1970-09-24,FEMALE,INDIVIDUAL,399,Single
395716,Thomas,Edwards,1957-12-06,MALE,INDIVIDUAL,797,Divorced
395912,Wayne,Ruiz,1967-02-26,MALE,INDIVIDUAL,790,Married
396095,Linda,Hall,2003-10-23,FEMALE,INDIVIDUAL,202,Married
396097,John,Ellis,1963-10-26,MALE,INDIVIDUAL,523,Single
396186,Roger,Wright,1960-02-03,MALE,INDIVIDUAL,144,Single
396191,Edward,Gray,1972-10-09,MALE,INDIVIDUAL,35,Married
396253,Joan,Nguyen,1965-07-25,FEMALE,INDIVIDUAL,488,Divorced
396574,Jennifer,Meyer,1975-01-25,FEMALE,INDIVIDUAL,234,Married
396721,Chris,Simmons,1979-10-23,MALE,INDIVIDUAL,559,Married
396907,Northwind Ltd,,,,COMPANY,922,
397481,Ann,Gonzalez,1993-01-02,FEMALE,INDIVIDUAL,114,Single
397483,Jonathan,Hansen,1961-03-18,MALE,INDIVIDUAL,74,Married
397574,Judith,Lawrence,1960-10-10,FEMALE,INDIVIDUAL,327,Single
397577,Mildred,Knight,1982-02-13,FEMALE,INDIVIDUAL,568,Married
397628,Steven,Moore,1958-03-05,MALE,INDIVIDUAL,194,Married
397787,Anna,Smith,1966-09-01,FEMALE,INDIVIDUAL,864,Married
397807,Earl,Baker,1979-11-24,MALE,INDIVIDUAL,50,Married
398198,Judith,Vasquez,1972-07-08,FEMALE,INDIVIDUAL,833,Single
398546,Stephen,Greene,1977-09-17,MALE,INDIVIDUAL,266,Single
398601,Martin,Flores,1954-10-17,MALE,INDIVIDUAL,950,Married
398680,Michelle,Long,1960-06-18,FEMALE,INDIVIDUAL,533,Married
398932,Kevin,Chapman,1975-12-10,MALE,INDIVIDUAL,807,Married
398937,Wayne,Fowler,2011-11-08,MALE,INDIVIDUAL,663,Single
399208,Arthur,Moreno,1960-01-01,MALE,INDIVIDUAL,266,Single
399559,Gregory,Carpenter,1977-07-10,MALE,INDIVIDUAL,655,Married
399687,Patricia,Simpson,1970-07-23,FEMALE,INDIVIDUAL,69,Married
399770,Anna,Ward,1984-06-11,FEMALE,INDIVIDUAL,269,Married
399848,Joyce,Gomez,1978-11-19,FEMALE,INDIVIDUAL,200,Divorced
400115,Joseph,Collins,1980-03-07,MALE,INDIVIDUAL,837,Married
400188,Bonnie,Hernandez,1965-09-26,FEMALE,INDIVIDUAL,993,Married
400435,Martin,Carroll,1959-08-16,MALE,INDIVIDUAL,404,Married
400651,Kathryn,Jordan,1974-02-06,FEMALE,INDIVIDUAL,269,Divorced
401522,Denise,Stevens,2008-12-22,FEMALE,INDIVIDUAL,143,Divorced
401552,Wayne,Roberts,1975-02-02,MALE,INDIVIDUAL,803,Married
401912,Alice,Lopez,1973-12-24,FEMALE,INDIVIDUAL,398,Single
402010,Phyllis,Gonzalez,1968-04-23,FEMALE,INDIVIDUAL,191,Married
402076,Barbara,Rivera,1950-03-18,FEMALE,INDIVIDUAL,564,Married
402120,Timothy,Chapman,1954-05-25,MALE,INDIVIDUAL,9,Divorced
402232,David,Bryant,1958-03-16,MALE,INDIVIDUAL,121,Married
402350,Alan,Rivera,1971-01-31,MALE,INDIVIDUAL,818,Married
402394,Keith,Reynolds,1958-06-17,MALE,INDIVIDUAL,38,Single
402525,Donald,Martinez,1968-01-21,MALE,INDIVIDUAL,122,Married
402593,Lori,Palmer,1966-01-25,FEMALE,INDIVIDUAL,871,Married
402783,Clarence,Jenkins,2009-07-30,MALE,INDIVIDUAL,613,Single
402784,Edward,Hunter,1970-05-27,MALE,INDIVIDUAL,82,Single
402857,Slate Corp,,,,COMPANY,624,
402984,Lillian,Moreno,1965-05-18,FEMALE,INDIVIDUAL,587,Divorced
402994,Christine,Parker,1978-09-08,FEMALE,INDIVIDUAL,711,Single
403072,Eugene,Mccoy,1974-12-22,MALE,INDIVIDUAL,275,Single
403178,Jerry,Evans,1978-07-24,MALE,INDIVIDUAL,604,Married
403309,Stephen,Carr,2010-06-26,MALE,INDIVIDUAL,809,Married
403367,Emily,Hunt,1972-04-20,FEMALE,INDIVIDUAL,967,Single
403396,Aaron,Ray,1963-10-12,MALE,INDIVIDUAL,783,Married
403537,Sandra,Evans,1969-07-17,FEMALE,INDIVIDUAL,980,Married
403576,Bonnie,Rose,1980-12-05,FEMALE,INDIVIDUAL,520,Married
403643,Gerald,Fox,1973-02-10,MALE,INDIVIDUAL,522,Divorced
404296,Rose,Kelly,1980-07-29,FEMALE,INDIVIDUAL,369,Married
404424,Anthony,Ortiz,1966-03-26,MALE,INDIVIDUAL,19,Married
404654,Anne,Hill,1973-03-28,FEMALE,INDIVIDUAL,885,Married
404657,Carolyn,Oliver,2008-03-31,FEMALE,INDIVIDUAL,827,Single
404659,Howard,Hill,1975-07-14,MALE,INDIVIDUAL,357,Single
404699,Charles,Harrison,1984-05-16,MALE,INDIVIDUAL,59,Married
404702,Phyllis,Fernandez,1965-09-09,FEMALE,INDIVIDUAL,440,Single
404825,Charles,Franklin,1948-07-07,MALE,INDIVIDUAL,235,Married
404853,Theresa,Bishop,1985-07-29,FEMALE,INDIVIDUAL,492,Married
404931,Debra,Little,1976-10-30,FEMALE,INDIVIDUAL,124,Married
404940,Thomas,Gardner,1962-05-21,MALE,INDIVIDUAL,558,Single
404946,Mark,Jordan,2004-06-04,MALE,INDIVIDUAL,948,Married
404975,Janice,Stone,1966-01-14,FEMALE,INDIVIDUAL,557,Married
405060,James,Brown,1970-11-12,MALE,INDIVIDUAL,856,Divorced
405311,Joan,Larson,1972-08-26,FEMALE,INDIVIDUAL,218,Married
405385,Tammy,Dixon,1979-12-28,FEMALE,INDIVIDUAL,531,Married
405865,Karen,Bowman,1953-05-11,FEMALE,INDIVIDUAL,149,Divorced
405867,Margaret,Weaver,1976-05-20,FEMALE,INDIVIDUAL,308,Married
406035,Alan,Edwards,1955-01-01,MALE,INDIVIDUAL,327,Married
406210,Deborah,Ray,1975-02-10,FEMALE,INDIVIDUAL,742,Single
406415,Mark,Harris,2002-04-01,MALE,INDIVIDUAL,42,Married
406470,Janet,Richards,1961-11-01,FEMALE,INDIVIDUAL,867,Married
406493,Scott,Evans,1976-08-14,MALE,INDIVIDUAL,485,Married
406734,Mildred,Davis,1962-05-12,FEMALE,INDIVIDUAL,620,Married
406872,Teresa,Wright,1959-01-23,FEMALE,INDIVIDUAL,664,Single
406929,Scott,Ramirez,1973-11-30,MALE,INDIVIDUAL,577,Married
406935,Jimmy,Walker,2000-10-27,MALE,INDIVIDUAL,450,Married
407236,Gary,Freeman,1971-09-24,MALE,INDIVIDUAL,73,Single
407440,Irene,Scott,1966-03-03,FEMALE,INDIVIDUAL,574,Married
407493,Janice,Ward,1980-06-29,FEMALE,INDIVIDUAL,906,Married
407858,Jane,Campbell,1960-11-16,FEMALE,INDIVIDUAL,156,Divorced
408034,Barbara,Ruiz,1960-08-23,FEMALE,INDIVIDUAL,367,Married
408035,Mark,Campbell,1982-02-08,MALE,INDIVIDUAL,434,Single
408103,David,Lewis,1978-12-18,MALE,INDIVIDUAL,851,Married
408104,Daniel,Richardson,1979-06-09,MALE,INDIVIDUAL,502,Single
408118,Steve,Lopez,1954-01-07,MALE,INDIVIDUAL,523,Single
408128,Elizabeth,Wallace,1983-06-04,FEMALE,INDIVIDUAL,814,Divorced
408291,Frances,Palmer,1969-02-09,FEMALE,INDIVIDUAL,394,Married
408355,Melissa,Ellis,1980-05-17,FEMALE,INDIVIDUAL,322,Single
408399,Peter,Long,1974-05-11,MALE,INDIVIDUAL,496,Married
408996,Jesse,Gibson,1992-01-24,MALE,INDIVIDUAL,652,Married
409000,Jack,Lopez,1965-07-12,MALE,INDIVIDUAL,393,Married
409068,Douglas,Harrison,2006-07-24,MALE,INDIVIDUAL,233,Married
409077,Gloria,Turner,2008-03-18,FEMALE,INDIVIDUAL,252,Married
409160,Beverly,Elliott,1977-10-22,FEMALE,INDIVIDUAL,267,Single
409178,Jerry,Hunter,2011-09-07,MALE,INDIVIDUAL,484,Married
409197,Samuel,Hill,1979-05-07,MALE,INDIVIDUAL,602,Divorced
409284,Arthur,Young,1968-12-16,MALE,INDIVIDUAL,61,Married
409336,Daniel,Hart,1974-01-17,MALE,INDIVIDUAL,941,Single
409688,Ruth,Butler,1964-08-19,FEMALE,INDIVIDUAL,991,Married
409735,Jerry,Russell,1957-02-16,MALE,INDIVIDUAL,465,Married
409944,Gary,Henry,1946-04-08,MALE,INDIVIDUAL,560,Married
409953,Lillian,Holmes,1975-07-07,FEMALE,INDIVIDUAL,924,Single
409968,Samuel,Oliver,1975-03-11,MALE,INDIVIDUAL,732,Married
410154,Adam,Harper,1968-12-02,MALE,INDIVIDUAL,525,Single
410186,Emily,Baker,1998-01-01,FEMALE,INDIVIDUAL,461,Married
410646,Joseph,Alexander,1968-01-26,MALE,INDIVIDUAL,154,Divorced
411168,Frances,Gilbert,1991-06-17,FEMALE,INDIVIDUAL,801,Married
411184,Keith,Carroll,1963-09-14,MALE,INDIVIDUAL,451,Single
411316,Christine,Phillips,1988-03-22,FEMALE,INDIVIDUAL,132,Married
411481,Steven,Cox,1973-07-19,MALE,INDIVIDUAL,458,Married
411490,Steven,Shaw,1967-12-19,MALE,INDIVIDUAL,416,Married
411542,Terry,Davis,1958-05-03,MALE,INDIVIDUAL,544,Married
411624,Johnny,Powell,1974-07-22,MALE,INDIVIDUAL,340,Married
411693,Marie,Stephens,1990-07-15,FEMALE,INDIVIDUAL,525,Married
411764,Jacqueline,Alexander,1963-11-30,FEMALE,INDIVIDUAL,896,Divorced
411838,Ryan,Stewart,1968-02-02,MALE,INDIVIDUAL,846,Divorced
411880,Brian,Lawson,2010-09-14,MALE,INDIVIDUAL,326,Single
411896,Catherine,Spencer,1970-05-31,FEMALE,INDIVIDUAL,36,Single
411913,Margaret,Taylor,1997-05-19,FEMALE,INDIVIDUAL,51,Single
411971,Jeffrey,Bradley,1974-06-09,MALE,INDIVIDUAL,815,Married
412044,Steve,Hudson,1965-02-01,MALE,INDIVIDUAL,759,Single
412197,Jesse,Olson,1998-07-20,MALE,INDIVIDUAL,115,Married
412235,Irene,Alvarez,1976-07-01,FEMALE,INDIVIDUAL,184,Married
412249,Bonnie,Welch,1978-02-19,FEMALE,INDIVIDUAL,928,Married
412980,Samuel,Pierce,1975-01-08,MALE,INDIVIDUAL,197,Married
413406,Deborah,Richardson,2006-10-05,FEMALE,INDIVIDUAL,178,Single
413441,Denise,Ward,1969-08-04,FEMALE,INDIVIDUAL,160,Married
413443,Rachel,Cunningham,1977-04-08,FEMALE,INDIVIDUAL,493,Married
413616,Shawn,Russell,1974-05-20,MALE,INDIVIDUAL,464,Married
413730,Robin,Ray,1983-11-26,FEMALE,INDIVIDUAL,336,Married
413738,Mary,Hunt,1968-09-04,FEMALE,INDIVIDUAL,207,Single
414203,Steven,Price,1967-05-26,MALE,INDIVIDUAL,298,Single
414243,Julia,Lee,2009-08-07,FEMALE,INDIVIDUAL,598,Married
414281,Irene,Kennedy,1953-10-02,FEMALE,INDIVIDUAL,843,Married
414724,"Byotrol, Group",,,,COMPANY,952,
414911,Bonnie,Riley,1980-05-31,FEMALE,INDIVIDUAL,510,Single
415012,Ernest,Ford,1970-10-19,MALE,INDIVIDUAL,317,Married
415045,Helen,Ford,1963-01-01,FEMALE,INDIVIDUAL,240,Married
415162,Timothy,Burns,1977-04-07,MALE,INDIVIDUAL,396,Single
415342,Rachel,Barnes,1975-06-15,FEMALE,INDIVIDUAL,77,Married
415444,Marie,Carter,1966-02-12,FEMALE,INDIVIDUAL,934,Divorced
415451,Nicole,Hicks,1984-07-25,FEMALE,INDIVIDUAL,922,Single
415663,Michelle,Watson,2001-01-20,FEMALE,INDIVIDUAL,183,Single
415709,Thomas,Martin,1983-11-09,MALE,INDIVIDUAL,686,Married
415749,Roy,Kelly,1972-01-08,MALE,INDIVIDUAL,409,Married
416656,Phyllis,Jones,1969-03-12,FEMALE,INDIVIDUAL,931,Married
416740,Lori,Bowman,1946-10-24,FEMALE,INDIVIDUAL,539,Divorced
416805,Lois,Collins,1974-05-10,FEMALE,INDIVIDUAL,820,Single
417054,Shirley,Crawford,1981-02-28,FEMALE,INDIVIDUAL,617,Married
417160,Ralph,Burns,1971-06-07,MALE,INDIVIDUAL,890,Married
417498,Janice,Snyder,1967-02-15,FEMALE,INDIVIDUAL,492,Married
417724,Diane,Fisher,1975-06-20,FEMALE,INDIVIDUAL,519,Single
417864,Chris,Carroll,1979-03-24,MALE,INDIVIDUAL,182,Divorced
417962,Amy,Turner,1990-09-26,FEMALE,INDIVIDUAL,175,Single
418028,Deborah,Richards,2011-03-18,FEMALE,INDIVIDUAL,942,Divorced
418037,Russell,Henry,1967-05-23,MALE,INDIVIDUAL,38,Single
418160,Denise,Snyder,1973-06-30,FEMALE,INDIVIDUAL,612,Married
418336,Ruth,Cooper,1972-02-17,FEMALE,INDIVIDUAL,97,Married
418361,Linda,Adams,1983-07-03,FEMALE,INDIVIDUAL,878,Single
418996,Rachel,Powell,1972-07-30,FEMALE,INDIVIDUAL,770,Single
419079,Carolyn,Welch,1970-07-15,FEMALE,INDIVIDUAL,537,Married
419240,Deborah,Simmons,2006-12-15,FEMALE,INDIVIDUAL,359,Married
419258,Amy,Duncan,1974-01-26,FEMALE,INDIVIDUAL,230,Divorced
419289,Douglas,Robertson,1964-05-19,MALE,INDIVIDUAL,507,Married
419298,Paul,Gonzales,1981-03-07,MALE,INDIVIDUAL,418,Single
419777,Kenneth,Barnes,1967-07-09,MALE,INDIVIDUAL,391,Single
419955,Jason,Sims,1971-08-30,MALE,INDIVIDUAL,299,Divorced
420009,Larry,Hanson,1977-04-14,MALE,INDIVIDUAL,290,Married
420061,Randy,Hart,1973-08-23,MALE,INDIVIDUAL,617,Single
420903,Heather,Pierce,1977-03-04,FEMALE,INDIVIDUAL,554,Single
420971,Stephanie,Wells,1980-07-09,FEMALE,INDIVIDUAL,956,Divorced
421010,Craig,Tucker,1971-11-06,MALE,INDIVIDUAL,409,Single
421252,Pamela,Black,1983-06-10,FEMALE,INDIVIDUAL,44,Single
421508,Billy,Young,1969-01-31,MALE,INDIVIDUAL,642,Married
421810,Diana,Murray,1977-02-23,FEMALE,INDIVIDUAL,590,Single
421814,Kathryn,Walker,1978-06-21,FEMALE,INDIVIDUAL,487,Married
421856,Michael,Armstrong,1971-07-27,MALE,INDIVIDUAL,309,Married
421944,Willie,Dixon,2003-01-16,MALE,INDIVIDUAL,638,Married
421980,Barbara,Campbell,1987-12-13,FEMALE,INDIVIDUAL,354,Married
421988,Peter,Palmer,1972-03-25,MALE,INDIVIDUAL,357,Married
421992,Gregory,Greene,2009-01-11,MALE,INDIVIDUAL,15,Single
422081,Irene,Murphy,1979-08-29,FEMALE,INDIVIDUAL,526,Divorced
422107,Michelle,Owens,1960-03-14,FEMALE,INDIVIDUAL,379,Single
422206,Judith,Crawford,1982-09-09,FEMALE,INDIVIDUAL,645,Married
422542,Diane,Moreno,1960-05-24,FEMALE,INDIVIDUAL,558,Married
422544,Randy,Hamilton,1983-12-05,MALE,INDIVIDUAL,808,Married
422592,Martin,Jenkins,1970-06-18,MALE,INDIVIDUAL,562,Married
422615,Harold,Wagner,1958-01-11,MALE,INDIVIDUAL,556,Married
422639,Roy,Reyes,2003-01-16,MALE,INDIVIDUAL,753,Single
422642,Mark,Price,1958-05-27,MALE,INDIVIDUAL,802,Single
422657,Heather,Howard,2008-03-12,FEMALE,INDIVIDUAL,118,Single
422978,Fred,Perry,1953-04-01,MALE,INDIVIDUAL,169,Married
423001,Raymond,Burke,1961-08-17,MALE,INDIVIDUAL,230,Married
423119,Larry,Chavez,1952-04-06,MALE,INDIVIDUAL,523,Single
423353,Howard,Daniels,1952-10-25,MALE,INDIVIDUAL,396,Divorced
423436,Mark,Hughes,1982-08-13,MALE,INDIVIDUAL,949,Married
423566,Robin,Sims,1983-03-11,FEMALE,INDIVIDUAL,250,Single
423567,Patricia,Fuller,1980-06-24,FEMALE,INDIVIDUAL,377,Divorced
423638,Gregory,Harris,1969-11-10,MALE,INDIVIDUAL,445,Married
423914,Gary,Morales,1968-03-02,MALE,INDIVIDUAL,412,Single
425638,Julie,Hill,1984-12-17,FEMALE,INDIVIDUAL,598,Married
425696,Rachel,Boyd,1976-08-02,FEMALE,INDIVIDUAL,545,Single
425760,Julia,West,1963-09-04,FEMALE,INDIVIDUAL,551,Married
425843,Bobby,Collins,1965-01-12,MALE,INDIVIDUAL,364,Married
425939,Angela,Austin,1960-02-13,FEMALE,INDIVIDUAL,933,Married
425942,Julie,Wells,1964-01-30,FEMALE,INDIVIDUAL,765,Single
426250,Irene,Cox,2008-10-10,FEMALE,INDIVIDUAL,753,Single
426338,Elizabeth,Hicks,1988-09-19,FEMALE,INDIVIDUAL,41,Single
426466,Jeffrey,Moreno,1973-02-28,MALE,INDIVIDUAL,395,Married
426471,Fred,West,2005-08-08,MALE,INDIVIDUAL,335,Married
426481,Jeremy,Black,2008-07-11,MALE,INDIVIDUAL,350,Single
426553,Sarah,Vasquez,1970-06-06,FEMALE,INDIVIDUAL,383,Divorced
426699,Antonio,Reid,1979-07-16,MALE,INDIVIDUAL,983,Married
426701,Albert,Ellis,1982-04-14,MALE,INDIVIDUAL,469,Married
426740,Ronald,Gardner,1967-01-25,MALE,INDIVIDUAL,533,Single
426962,Sandra,Wilson,1968-07-24,FEMALE,INDIVIDUAL,946,Married
427480,Clarence,Olson,1975-10-09,MALE,INDIVIDUAL,736,Single
427483,Donald,Bell,1977-04-19,MALE,INDIVIDUAL,124,Married
427725,Jeffrey,Murray,1968-05-06,MALE,INDIVIDUAL,414,Married
427981,Jason,Brown,1987-05-16,MALE,INDIVIDUAL,888,Divorced
428116,Adam,Simmons,1960-07-19,MALE,INDIVIDUAL,342,Single
428125,John,Wilson,1982-11-13,MALE,INDIVIDUAL,536,Single
428277,Marie,Alvarez,1983-01-18,FEMALE,INDIVIDUAL,892,Single
428342,Harold,Jenkins,1957-09-13,MALE,INDIVIDUAL,743,Married
428348,Christine,Mitchell,1979-06-04,FEMALE,INDIVIDUAL,813,Married
428610,Nancy,Scott,1978-07-01,FEMALE,INDIVIDUAL,716,Married
428645,Elizabeth,Fowler,1982-07-16,FEMALE,INDIVIDUAL,205,Divorced
428749,Paula,Williamson,1966-05-25,FEMALE,INDIVIDUAL,599,Married
429221,Jean,Richards,1969-09-13,FEMALE,INDIVIDUAL,538,Married
429405,Karen,Peterson,1976-03-26,FEMALE,INDIVIDUAL,276,Divorced
429727,Sarah,Hernandez,1970-10-11,FEMALE,INDIVIDUAL,591,Married
429761,Michelle,Lane,1967-03-14,FEMALE,INDIVIDUAL,502,Married
429766,Virginia,Murphy,1978-02-15,FEMALE,INDIVIDUAL,877,Married
429771,Terry,Carr,1977-10-22,MALE,INDIVIDUAL,420,Married
429925,Irene,Washington,1975-05-27,FEMALE,INDIVIDUAL,363,Single
430094,Laura,Fowler,2012-11-03,FEMALE,INDIVIDUAL,255,Married
430099,Johnny,Perry,1979-09-30,MALE,INDIVIDUAL,431,Married
430317,Richard,Fox,1971-05-09,MALE,INDIVIDUAL,481,Married
430326,Keith,Clark,1958-11-27,MALE,INDIVIDUAL,523,Single
430436,Karen,Collins,1972-05-27,FEMALE,INDIVIDUAL,992,Married
430502,Carol,Riley,1977-03-14,FEMALE,INDIVIDUAL,218,Married
430559,William,Bradley,1986-03-23,MALE,INDIVIDUAL,504,Single
430628,Jennifer,Mitchell,1978-04-24,FEMALE,INDIVIDUAL,154,Married
430680,Bruce,Gilbert,1979-03-26,MALE,INDIVIDUAL,174,Married
430811,Brian,Bell,1980-02-09,MALE,INDIVIDUAL,518,Single
431378,Jeremy,Stone,1976-07-20,MALE,INDIVIDUAL,865,Single
431439,Karen,Garcia,1972-11-06,FEMALE,INDIVIDUAL,733,Married
431558,Alice,Cooper,2009-08-06,FEMALE,INDIVIDUAL,253,Married
431752,Sean,Wagner,1975-06-19,MALE,INDIVIDUAL,348,Single
431756,Henry,Dunn,1971-02-01,MALE,INDIVIDUAL,270,Married
431769,Michelle,Jackson,1966-04-28,FEMALE,INDIVIDUAL,594,Married
431811,Dennis,Montgomery,1963-12-05,MALE,INDIVIDUAL,605,Married
431869,Emily,Hicks,1983-07-28,FEMALE,INDIVIDUAL,819,Married
432231,Christine,Kim,1979-08-06,FEMALE,INDIVIDUAL,567,Single
432240,Wraser Group,,,,COMPANY,368,
432775,Howard,Graham,1984-11-23,MALE,INDIVIDUAL,721,Single
432870,Julie,Gilbert,1981-03-23,FEMALE,INDIVIDUAL,488,Divorced
433199,Ashley,Ruiz,1976-07-01,FEMALE,INDIVIDUAL,925,Married
433495,Phillip,Williams,1966-10-31,MALE,INDIVIDUAL,674,Married
433713,Kelly,Watson,1970-05-10,FEMALE,INDIVIDUAL,937,Divorced
434099,Norma,Carroll,1967-03-06,FEMALE,INDIVIDUAL,100,Married
434163,Christine,Jenkins,1986-09-10,FEMALE,INDIVIDUAL,481,Married
434171,Phyllis,Warren,1970-02-02,FEMALE,INDIVIDUAL,452,Married
434262,Anthony,Evans,1980-07-12,MALE,INDIVIDUAL,847,Married
434340,Gary,Carr,1992-08-04,MALE,INDIVIDUAL,420,Married
434938,Gerald,Payne,1960-03-16,MALE,INDIVIDUAL,872,Single
435047,Billy,Collins,1960-12-30,MALE,INDIVIDUAL,694,Married
435112,Julia,Arnold,1966-05-16,FEMALE,INDIVIDUAL,121,Single
435359,Gerald,Washington,1972-05-31,MALE,INDIVIDUAL,608,Married
435818,Julie,Tucker,1984-03-23,FEMALE,INDIVIDUAL,562,Single
435832,Janice,Rogers,1971-03-16,FEMALE,INDIVIDUAL,331,Divorced
436300,Jose,Tucker,1966-11-17,MALE,INDIVIDUAL,928,Single
437013,Raymond,Hayes,1954-12-17,MALE,INDIVIDUAL,218,Single
437089,Denise,Dunn,1967-08-15,FEMALE,INDIVIDUAL,424,Married
437115,Peter,Dean,1974-06-28,MALE,INDIVIDUAL,294,Married
437242,Laura,Jenkins,1975-04-11,FEMALE,INDIVIDUAL,891,Married
437392,Ronald,Garza,1957-06-29,MALE,INDIVIDUAL,204,Divorced
437519,Kelly,Rivera,1962-10-20,FEMALE,INDIVIDUAL,419,Married
438219,Maria,Boyd,1985-12-14,FEMALE,INDIVIDUAL,478,Married
438222,Marie,Bailey,1986-01-11,FEMALE,INDIVIDUAL,84,Married
438410,Susan,Mills,1975-06-12,FEMALE,INDIVIDUAL,862,Married
438430,Douglas,Campbell,1970-04-18,MALE,INDIVIDUAL,242,Married
438454,Richard,Lewis,1953-03-18,MALE,INDIVIDUAL,262,Married
438614,Virginia,Carpenter,1985-05-08,FEMALE,INDIVIDUAL,918,Married
439401,Gloria,Ford,1976-02-14,FEMALE,INDIVIDUAL,970,Single
439432,Ryan,Carr,1965-05-09,MALE,INDIVIDUAL,487,Single
439716,Jessica,Fuller,1984-01-09,FEMALE,INDIVIDUAL,840,Married
440022,Russell,Day,1977-11-18,MALE,INDIVIDUAL,882,Married
440283,Julia,Tucker,1957-09-23,FEMALE,INDIVIDUAL,96,Married
440468,Henry,Phillips,1965-09-29,MALE,INDIVIDUAL,651,Single
440706,Irene,Armstrong,1966-03-24,FEMALE,INDIVIDUAL,946,Married
440729,Susan,Jordan,1968-01-05,FEMALE,INDIVIDUAL,983,Married
440763,Betty,Rose,1984-12-11,FEMALE,INDIVIDUAL,755,Divorced
440967,Gloria,Johnson,1978-08-21,FEMALE,INDIVIDUAL,739,Divorced
441017,Bonnie,Little,1976-03-31,FEMALE,INDIVIDUAL,92,Married
441126,Robert,Ramos,1976-09-23,MALE,INDIVIDUAL,908,Divorced
441376,Kathy,Sullivan,1989-10-10,FEMALE,INDIVIDUAL,574,Married
441550,Janice,Nichols,1985-05-08,FEMALE,INDIVIDUAL,214,Married
441579,Albert,Gilbert,1957-02-06,MALE,INDIVIDUAL,138,Single
441801,Cynthia,Frazier,1959-10-30,FEMALE,INDIVIDUAL,951,Married
441945,Scott,Fox,2003-01-31,MALE,INDIVIDUAL,395,Divorced
442086,Patrick,Payne,1985-05-05,MALE,INDIVIDUAL,4,Single
442336,David,Warren,1975-08-12,MALE,INDIVIDUAL,471,Married
442391,Dorothy,Hawkins,1981-03-21,FEMALE,INDIVIDUAL,955,Married
442458,Anthony,Mccoy,1982-10-28,MALE,INDIVIDUAL,883,Married
442639,Louise,Cook,1974-02-20,FEMALE,INDIVIDUAL,700,Married
443051,Jason,James,1981-01-08,MALE,INDIVIDUAL,109,Married
443735,Joseph,Harrison,1971-08-20,MALE,INDIVIDUAL,235,Married
443952,Kathleen,Hart,1961-03-18,FEMALE,INDIVIDUAL,886,Single
444130,David,Kennedy,1978-08-17,MALE,INDIVIDUAL,913,Single
444172,Kathy,Adams,1973-07-12,FEMALE,INDIVIDUAL,13,Married
444196,Matthew,Wheeler,1982-08-30,MALE,INDIVIDUAL,376,Married
444845,Ryan,Payne,1984-05-10,MALE,INDIVIDUAL,414,Married
445211,Anna,Garza,1968-02-03,FEMALE,INDIVIDUAL,780,Married
445381,Judith,Jordan,1976-06-18,FEMALE,INDIVIDUAL,495,Married
445652,Martha,Hansen,1976-05-29,FEMALE,INDIVIDUAL,953,Married
445654,Kathleen,Wilson,2007-03-12,FEMALE,INDIVIDUAL,709,Divorced
445700,Harry,Hamilton,1969-05-27,MALE,INDIVIDUAL,235,Single
445743,Jason,Moore,1984-01-25,MALE,INDIVIDUAL,404,Married
445874,Christopher,Wallace,2010-09-15,MALE,INDIVIDUAL,691,Married
446930,Adam,Ferguson,1970-12-07,MALE,INDIVIDUAL,369,Married
446979,Kevin,Bell,1973-01-17,MALE,INDIVIDUAL,901,Single
447137,Pamela,Larson,1970-01-17,FEMALE,INDIVIDUAL,229,Divorced
447222,Larry,Martin,1956-06-12,MALE,INDIVIDUAL,47,Married
447223,Jose,Fisher,1965-11-17,MALE,INDIVIDUAL,74,Married
447268,Amanda,Rose,1972-03-26,FEMALE,INDIVIDUAL,770,Married
447283,Louise,Day,1962-05-15,FEMALE,INDIVIDUAL,532,Married
447519,Judy,Shaw,1965-03-26,FEMALE,INDIVIDUAL,16,Married
447931,Paula,Reynolds,1971-09-22,FEMALE,INDIVIDUAL,478,Married
448547,Susan,Snyder,1998-01-02,FEMALE,INDIVIDUAL,795,Married
449023,Patricia,Alexander,1979-11-27,FEMALE,INDIVIDUAL,384,Single
449288,Debra,Bowman,1980-05-24,FEMALE,INDIVIDUAL,928,Divorced
449497,Joan,Murray,1978-07-12,FEMALE,INDIVIDUAL,559,Single
449937,Harry,Cruz,1976-11-22,MALE,INDIVIDUAL,576,Married
450027,Scott,Davis,1976-10-30,MALE,INDIVIDUAL,488,Married
450563,Barbara,Sims,2010-12-17,FEMALE,INDIVIDUAL,302,Single
450638,Steve,Alexander,1969-11-02,MALE,INDIVIDUAL,909,Married
450760,Christine,Harrison,1949-01-06,FEMALE,INDIVIDUAL,877,Married
451058,Christina,Davis,2001-01-11,FEMALE,INDIVIDUAL,666,Married
451107,Lois,Garza,1974-03-31,FEMALE,INDIVIDUAL,919,Married
451111,Beverly,Hunt,1974-03-31,FEMALE,INDIVIDUAL,745,Married
451203,Randy,Davis,1962-06-04,MALE,INDIVIDUAL,850,Married
451271,Christopher,Wagner,2001-09-08,MALE,INDIVIDUAL,337,Married
451559,Doris,Morris,1977-08-08,FEMALE,INDIVIDUAL,198,Divorced
451978,Willie,Williams,1952-06-04,MALE,INDIVIDUAL,159,Married
452053,Cynthia,Romero,1956-03-03,FEMALE,INDIVIDUAL,13,Single
452677,Phyllis,Kelly,2002-05-16,FEMALE,INDIVIDUAL,267,Single
452678,Matthew,Meyer,1971-09-10,MALE,INDIVIDUAL,314,Married
453015,Amanda,Dean,2011-09-19,FEMALE,INDIVIDUAL,718,Divorced
453024,Susan,Murray,1965-03-29,FEMALE,INDIVIDUAL,276,Married
453347,John,Washington,1978-10-24,MALE,INDIVIDUAL,744,Single
453645,Barbara,Wheeler,2012-11-19,FEMALE,INDIVIDUAL,532,Single
453890,Jerry,Washington,1974-06-11,MALE,INDIVIDUAL,382,Married
454288,Richard,Wheeler,1974-01-14,MALE,INDIVIDUAL,904,Married
454291,Christopher,Harrison,1972-01-22,MALE,INDIVIDUAL,223,Single
454335,Anthony,Ward,1982-03-03,MALE,INDIVIDUAL,49,Married
454406,Gerald,Torres,1967-04-02,MALE,INDIVIDUAL,944,Married
454462,Fred,Washington,1951-10-20,MALE,INDIVIDUAL,57,Divorced
454570,Benjamin,Scott,1973-09-26,MALE,INDIVIDUAL,498,Single
454593,Frances,James,1965-10-13,FEMALE,INDIVIDUAL,182,Divorced
454902,Wayne,Jackson,1982-02-08,MALE,INDIVIDUAL,305,Married
455190,Antonio,Greene,1984-02-20,MALE,INDIVIDUAL,165,Married
455267,Mark,Holmes,2010-09-18,MALE,INDIVIDUAL,688,Single
455595,Michelle,Baker,1989-08-06,FEMALE,INDIVIDUAL,409,Married
455845,Wayne,Lewis,1966-12-13,MALE,INDIVIDUAL,986,Married
455953,Edward,Cole,1983-05-08,MALE,INDIVIDUAL,887,Married
456122,Sarah,Ford,2012-04-23,FEMALE,INDIVIDUAL,889,Married
456316,Benjamin,Richards,1963-05-13,MALE,INDIVIDUAL,478,Married
456352,Annie,Miller,1993-04-07,FEMALE,INDIVIDUAL,878,Single
456458,Jose,Carroll,1963-06-26,MALE,INDIVIDUAL,779,Divorced
456514,Jonathan,Howell,1964-05-09,MALE,INDIVIDUAL,847,Married
456537,Chris,Jenkins,1976-11-06,MALE,INDIVIDUAL,157,Single
456684,Carlos,Thompson,1983-01-16,MALE,INDIVIDUAL,397,Married
456736,Ernest,Elliott,1967-07-30,MALE,INDIVIDUAL,134,Married
456743,Dennis,Duncan,1949-04-18,MALE,INDIVIDUAL,729,Single
456765,Justin,Hunter,1968-08-12,MALE,INDIVIDUAL,949,Married
456855,Doris,Perkins,1972-09-29,FEMALE,INDIVIDUAL,787,Single
456952,Gloria,Banks,1979-04-07,FEMALE,INDIVIDUAL,866,Married
457204,Frank,Phillips,1980-03-27,MALE,INDIVIDUAL,926,Married
457266,Altura Group,,,,COMPANY,47,
457267,Terry,Foster,1993-04-10,MALE,INDIVIDUAL,22,Divorced
457333,Amy,Moore,2006-07-14,FEMALE,INDIVIDUAL,900,Married
457385,Todd,Tucker,1971-05-19,MALE,INDIVIDUAL,866,Divorced
457552,Ann,Cunningham,1980-01-07,FEMALE,INDIVIDUAL,920,Divorced
457572,Louise,Tucker,1952-04-12,FEMALE,INDIVIDUAL,679,Single
457579,Victor,Freeman,1986-12-06,MALE,INDIVIDUAL,393,Single
457788,Ruth,Hanson,1954-05-23,FEMALE,INDIVIDUAL,392,Divorced
457791,Virginia,Reynolds,1976-12-08,FEMALE,INDIVIDUAL,991,Married
458023,Brian,Rose,1958-02-23,MALE,INDIVIDUAL,300,Single
458051,Joseph,Anderson,1968-09-15,MALE,INDIVIDUAL,86,Married
458053,Jose,Williams,1993-11-06,MALE,INDIVIDUAL,402,Single
458059,Sharon,Stevens,1979-09-17,FEMALE,INDIVIDUAL,914,Married
458064,Maria,Reid,1988-03-09,FEMALE,INDIVIDUAL,145,Single
458193,Kelly,Palmer,1962-10-13,FEMALE,INDIVIDUAL,921,Married
458795,Nancy,Harper,1959-09-17,FEMALE,INDIVIDUAL,889,Married
458797,Kathy,Hunter,1970-11-22,FEMALE,INDIVIDUAL,2,Married
459054,Helen,Kennedy,1977-08-28,FEMALE,INDIVIDUAL,824,Married
459079,Marie,Hunter,1997-10-18,FEMALE,INDIVIDUAL,330,Divorced
459088,Mark,Greene,1968-07-28,MALE,INDIVIDUAL,865,Married
459342,Chris,Chavez,1979-03-26,MALE,INDIVIDUAL,894,Married
459480,Helen,Frazier,1972-01-16,FEMALE,INDIVIDUAL,560,Married
459532,Ann,Phillips,1963-08-28,FEMALE,INDIVIDUAL,579,Married
460227,Lisa,Little,1978-07-15,FEMALE,INDIVIDUAL,566,Married
460244,APOLLO Corp,,,,COMPANY,278,
460313,Shirley,Armstrong,1985-10-13,FEMALE,INDIVIDUAL,905,Married
460605,Fred,Barnes,1958-10-24,MALE,INDIVIDUAL,470,Married
460624,Ernest,Cox,2005-06-06,MALE,INDIVIDUAL,954,Divorced
461007,Nicholas,Hart,1965-09-02,MALE,INDIVIDUAL,314,Married
461068,Phillip,Carroll,1952-02-01,MALE,INDIVIDUAL,478,Divorced
461155,Annie,Bailey,1986-06-05,FEMALE,INDIVIDUAL,666,Married
461760,Christopher,Lane,1967-04-12,MALE,INDIVIDUAL,220,Married
461813,Mary,Phillips,1958-01-03,FEMALE,INDIVIDUAL,975,Married
461914,Walter,Chapman,1971-05-10,MALE,INDIVIDUAL,473,Married
462158,Gerald,Hart,1970-10-12,MALE,INDIVIDUAL,721,Married
462160,Howard,Flores,2007-11-06,MALE,INDIVIDUAL,622,Married
462205,Janice,Ferguson,1981-09-02,FEMALE,INDIVIDUAL,470,Single
462287,Joan,Hart,1975-09-24,FEMALE,INDIVIDUAL,162,Divorced
462588,Annie,Lee,1975-02-19,FEMALE,INDIVIDUAL,277,Married
462694,Sandra,Webb,1976-03-23,FEMALE,INDIVIDUAL,314,Married
463086,Virginia,Miller,1978-06-21,FEMALE,INDIVIDUAL,237,Divorced
463141,Jimmy,Kelley,1982-07-20,MALE,INDIVIDUAL,906,Married
463195,Albert,Fields,1972-01-25,MALE,INDIVIDUAL,282,Single
463198,Albert,Fisher,2006-10-16,MALE,INDIVIDUAL,915,Single
463250,Linda,Carter,1975-05-13,FEMALE,INDIVIDUAL,798,Single
463725,Janet,Greene,1962-10-10,FEMALE,INDIVIDUAL,799,Married
463733,William,Simmons,1987-01-21,MALE,INDIVIDUAL,434,Married
463997,Antonio,Rice,1980-09-06,MALE,INDIVIDUAL,542,Married
464247,Adam,Stewart,1978-06-10,MALE,INDIVIDUAL,431,Married
464277,Charles,Hawkins,1977-06-20,MALE,INDIVIDUAL,557,Married
464304,Craig,Myers,1975-03-24,MALE,INDIVIDUAL,490,Married
464610,Annie,Howard,1984-09-12,FEMALE,INDIVIDUAL,649,Single
464678,Bobby,Cruz,1979-06-30,MALE,INDIVIDUAL,691,Married
464832,Virginia,Greene,1977-06-03,FEMALE,INDIVIDUAL,732,Divorced
464912,David,Campbell,1997-11-25,MALE,INDIVIDUAL,274,Single
464969,Rachel,Coleman,1977-02-24,FEMALE,INDIVIDUAL,28,Married
465065,Howard,Hudson,1972-05-21,MALE,INDIVIDUAL,411,Single
465156,Russell,James,1970-06-25,MALE,INDIVIDUAL,56,Divorced
465204,Randy,Ellis,1975-01-05,MALE,INDIVIDUAL,885,Single
465428,Janet,Burton,1961-01-01,FEMALE,INDIVIDUAL,217,Married
465470,Timothy,Anderson,1980-09-01,MALE,INDIVIDUAL,280,Married
465479,Daniel,Matthews,2005-03-31,MALE,INDIVIDUAL,862,Single
465502,Debra,Carroll,1970-08-09,FEMALE,INDIVIDUAL,386,Married
465544,Nancy,Miller,1966-08-04,FEMALE,INDIVIDUAL,836,Single
465851,Anna,Hunter,1975-08-17,FEMALE,INDIVIDUAL,32,Married
466014,Linda,Hughes,1970-01-04,FEMALE,INDIVIDUAL,500,Married
466100,Russell,Wagner,2012-08-31,MALE,INDIVIDUAL,519,Married
466158,Sarah,Powell,1962-06-08,FEMALE,INDIVIDUAL,887,Single
466467,Eric,Howard,1963-12-12,MALE,INDIVIDUAL,258,Single
466583,Denise,Butler,1985-03-16,FEMALE,INDIVIDUAL,501,Married
466848,Juan,Barnes,2004-10-11,MALE,INDIVIDUAL,131,Single
466854,Anne,Austin,1983-12-09,FEMALE,INDIVIDUAL,767,Married
467057,Nicole,Cook,1968-05-18,FEMALE,INDIVIDUAL,349,Married
467198,Martha,Morris,2001-08-18,FEMALE,INDIVIDUAL,397,Single
467200,Anna,Pierce,1955-03-13,FEMALE,INDIVIDUAL,83,Single
467205,John,Watson,1965-01-16,MALE,INDIVIDUAL,696,Married
467414,Amanda,Grant,1983-12-28,FEMALE,INDIVIDUAL,976,Single
467688,Nancy,Henderson,1977-10-30,FEMALE,INDIVIDUAL,119,Single
467795,William,Flores,1976-03-30,MALE,INDIVIDUAL,121,Divorced
467819,Brandon,Stephens,1971-07-30,MALE,INDIVIDUAL,415,Divorced
467896,Paul,Kim,1967-04-09,MALE,INDIVIDUAL,37,Single
467926,Tina,King,2008-11-26,FEMALE,INDIVIDUAL,147,Married
467995,Fred,Roberts,1958-07-27,MALE,INDIVIDUAL,92,Single
468007,Larry,Wells,2012-04-23,MALE,INDIVIDUAL,871,Married
468637,Jennifer,Lawrence,1960-05-29,FEMALE,INDIVIDUAL,920,Single
468716,Terry,Murphy,1956-12-08,MALE,INDIVIDUAL,610,Married
468853,Carolyn,Hill,1976-09-18,FEMALE,INDIVIDUAL,439,Single
468960,Keith,Warren,1966-08-16,MALE,INDIVIDUAL,316,Married
469138,Linda,Palmer,1978-12-28,FEMALE,INDIVIDUAL,34,Married
469395,Lillian,Lawson,1958-05-28,FEMALE,INDIVIDUAL,769,Single
470037,Denise,Cooper,1979-01-01,FEMALE,INDIVIDUAL,187,Married
470138,Arthur,Lawson,1974-06-03,MALE,INDIVIDUAL,887,Married
470277,Gerald,Fowler,1970-07-23,MALE,INDIVIDUAL,796,Divorced
470505,Christopher,Moore,1956-04-05,MALE,INDIVIDUAL,115,Married
470564,Tammy,Welch,1970-08-09,FEMALE,INDIVIDUAL,485,Married
470656,Alice,Davis,1938-10-22,FEMALE,INDIVIDUAL,639,Married
470674,Mary,Perkins,1972-06-21,FEMALE,INDIVIDUAL,941,Divorced
470722,Frances,Grant,1969-12-03,FEMALE,INDIVIDUAL,914,Single
470742,Rebecca,Moore,1975-08-22,FEMALE,INDIVIDUAL,782,Married
471007,Anthony,Bell,1983-10-15,MALE,INDIVIDUAL,232,Married
471037,Steven,Brown,1979-09-01,MALE,INDIVIDUAL,133,Single
471084,Stephen,Matthews,1967-05-01,MALE,INDIVIDUAL,356,Single
471348,Anne,Weaver,1974-04-30,FEMALE,INDIVIDUAL,514,Single
471619,Chris,Sullivan,1967-12-04,MALE,INDIVIDUAL,846,Married
471641,Norma,Reed,1977-09-08,FEMALE,INDIVIDUAL,265,Divorced
471727,Mildred,Ford,1969-12-16,FEMALE,INDIVIDUAL,388,Married
471829,Judy,Lawrence,1987-02-12,FEMALE,INDIVIDUAL,340,Married
471841,Joan,Simmons,1991-05-09,FEMALE,INDIVIDUAL,204,Married
472175,Jimmy,Alexander,1992-11-09,MALE,INDIVIDUAL,61,Married
472409,Virginia,Warren,1963-07-02,FEMALE,INDIVIDUAL,394,Married
472502,Betty,Fox,1981-01-10,FEMALE,INDIVIDUAL,662,Married
472524,Carlos,King,1972-01-12,MALE,INDIVIDUAL,796,Married
472545,Joe,Evans,1965-09-26,MALE,INDIVIDUAL,156,Married
472816,Carol,Reid,1969-03-18,FEMALE,INDIVIDUAL,758,Married
473390,Roger,Castillo,1982-02-02,MALE,INDIVIDUAL,299,Single
473412,Irene,Cole,1955-01-27,FEMALE,INDIVIDUAL,435,Married
473447,Katherine,Owens,1976-08-17,FEMALE,INDIVIDUAL,457,Divorced
473751,Phyllis,Edwards,1989-06-08,FEMALE,INDIVIDUAL,440,Married
473786,Antonio,Hayes,1978-11-13,MALE,INDIVIDUAL,419,Single
473792,Willie,Mccoy,1960-02-27,MALE,INDIVIDUAL,839,Divorced
474082,Sandra,Rose,2000-11-18,FEMALE,INDIVIDUAL,779,Divorced
474261,Timothy,Meyer,1949-01-31,MALE,INDIVIDUAL,906,Married
474434,Benjamin,Bell,1951-01-01,MALE,INDIVIDUAL,634,Divorced
474509,Ernest,Long,1966-09-16,MALE,INDIVIDUAL,852,Married
475188,Sara,Dean,1980-01-18,FEMALE,INDIVIDUAL,574,Married
475294,Judith,Lee,1974-07-22,FEMALE,INDIVIDUAL,675,Single
475329,Aaron,Gomez,2010-08-13,MALE,INDIVIDUAL,441,Married
475373,Bobby,Welch,1970-09-17,MALE,INDIVIDUAL,637,Married
475476,Gregory,Lynch,1971-07-21,MALE,INDIVIDUAL,118,Married
475543,Juan,Johnston,1974-02-03,MALE,INDIVIDUAL,660,Married
475807,Victor,Simpson,1956-06-17,MALE,INDIVIDUAL,525,Married
475964,Kimberly,Ferguson,1975-11-28,FEMALE,INDIVIDUAL,114,Married
476186,Matthew,Perez,1975-05-02,MALE,INDIVIDUAL,121,Married
476296,Emily,Foster,1980-09-17,FEMALE,INDIVIDUAL,25,Married
476439,Keith,Phillips,1959-12-26,MALE,INDIVIDUAL,717,Single
476472,Aaron,King,1997-01-04,MALE,INDIVIDUAL,960,Single
476593,Jonathan,George,1967-08-12,MALE,INDIVIDUAL,535,Single
476671,Eugene,Hansen,1976-07-15,MALE,INDIVIDUAL,590,Married
476871,Ruth,Jackson,1975-09-20,FEMALE,INDIVIDUAL,324,Divorced
477200,Susan,Mendoza,1970-02-10,FEMALE,INDIVIDUAL,263,Single
477249,Jimmy,Bryant,2007-04-26,MALE,INDIVIDUAL,41,Married
477378,Denise,Harrison,1980-03-31,FEMALE,INDIVIDUAL,113,Single
477448,Lisa,Brown,1983-07-19,FEMALE,INDIVIDUAL,11,Single
477723,Donald,Howell,1975-10-25,MALE,INDIVIDUAL,43,Divorced
477868,Jessica,West,1976-09-17,FEMALE,INDIVIDUAL,669,Divorced
478138,Christine,Gilbert,1958-08-16,FEMALE,INDIVIDUAL,555,Married
478197,Susan,George,1955-07-29,FEMALE,INDIVIDUAL,475,Married
478219,Maria,Fields,1962-12-06,FEMALE,INDIVIDUAL,432,Married
478275,Lori,Richardson,1969-11-22,FEMALE,INDIVIDUAL,103,Married
478349,Timothy,Castillo,1977-08-06,MALE,INDIVIDUAL,442,Single
478407,Debra,Reyes,1962-11-22,FEMALE,INDIVIDUAL,418,Married
478522,Dorothy,Duncan,1980-02-01,FEMALE,INDIVIDUAL,683,Married
478568,Ernest,Ray,1979-12-05,MALE,INDIVIDUAL,708,Married
478644,Edward,Barnes,1960-02-10,MALE,INDIVIDUAL,424,Married
478765,Clarence,Flores,1950-11-25,MALE,INDIVIDUAL,907,Married
479000,Maria,Hicks,1969-06-09,FEMALE,INDIVIDUAL,668,Single
479552,Nancy,Torres,1996-10-25,FEMALE,INDIVIDUAL,45,Divorced
479874,David,Edwards,1954-07-19,MALE,INDIVIDUAL,8,Married
480112,Jonathan,Allen,1975-07-23,MALE,INDIVIDUAL,746,Married
480366,Joan,Kim,2009-10-29,FEMALE,INDIVIDUAL,868,Single
480369,Willie,Holmes,1974-06-30,MALE,INDIVIDUAL,370,Married
480450,Jimmy,West,1956-04-28,MALE,INDIVIDUAL,153,Married
480530,Jeffrey,Cole,1965-01-19,MALE,INDIVIDUAL,302,Single
480620,Kimberly,Thomas,1981-11-08,FEMALE,INDIVIDUAL,731,Married
480701,Andrea,Phillips,1964-03-24,FEMALE,INDIVIDUAL,550,Single
480823,Martin,Simpson,2012-03-10,MALE,INDIVIDUAL,51,Married
480831,Stephen,Gordon,1969-08-11,MALE,INDIVIDUAL,156,Married
480965,Adam,Ford,1960-08-14,MALE,INDIVIDUAL,983,Married
481200,Lori,Sanchez,1982-05-17,FEMALE,INDIVIDUAL,576,Married
481389,Craig,Anderson,1980-06-29,MALE,INDIVIDUAL,476,Single
481785,Paul,Nguyen,1986-04-24,MALE,INDIVIDUAL,729,Married
481916,Phillip,Pierce,1986-07-22,MALE,INDIVIDUAL,734,Divorced
482407,Jeremy,Gutierrez,1962-05-02,MALE,INDIVIDUAL,606,Married
483005,Debra,Ellis,1958-03-18,FEMALE,INDIVIDUAL,987,Single
483056,Nicole,Williams,1981-07-08,FEMALE,INDIVIDUAL,459,Single
483189,Norma,Foster,1974-12-02,FEMALE,INDIVIDUAL,368,Married
483343,Howard,Stanley,1981-04-23,MALE,INDIVIDUAL,768,Married
483344,Diana,Wright,2012-01-29,FEMALE,INDIVIDUAL,386,Single
483660,Russell,Jacobs,1978-04-08,MALE,INDIVIDUAL,639,Married
483785,Bobby,Black,1962-08-16,MALE,INDIVIDUAL,886,Single
483811,Albert,Knight,1961-05-28,MALE,INDIVIDUAL,749,Married
483815,Nicholas,Hamilton,2008-04-05,MALE,INDIVIDUAL,775,Divorced
483837,Anne,Stevens,1986-02-14,FEMALE,INDIVIDUAL,44,Married
483891,Mary,Moreno,1979-01-12,FEMALE,INDIVIDUAL,129,Married
483901,Terry,Grant,1982-05-04,MALE,INDIVIDUAL,553,Single
484314,Elizabeth,Stewart,1978-08-21,FEMALE,INDIVIDUAL,147,Married
484320,Julie,Perry,1969-07-11,FEMALE,INDIVIDUAL,952,Single
484417,Todd,Gomez,1991-12-28,MALE,INDIVIDUAL,595,Single
484507,Steve,Richards,1969-10-04,MALE,INDIVIDUAL,533,Single
484718,Lillian,Fernandez,2011-04-09,FEMALE,INDIVIDUAL,872,Married
484724,Gregory,Lee,1978-03-31,MALE,INDIVIDUAL,961,Single
485216,Ruth,Schmidt,1975-11-14,FEMALE,INDIVIDUAL,252,Married
485218,Carolyn,Russell,1982-06-19,FEMALE,INDIVIDUAL,157,Married
485220,Lawrence,Hill,1977-09-26,MALE,INDIVIDUAL,631,Single
485302,Alan,Gardner,1960-08-17,MALE,INDIVIDUAL,687,Married
485454,Diane,Cruz,1975-09-27,FEMALE,INDIVIDUAL,35,Married
485542,Jennifer,Reed,1979-08-14,FEMALE,INDIVIDUAL,563,Single
485601,Jacqueline,Marshall,2006-11-30,FEMALE,INDIVIDUAL,670,Single
485630,Ruth,Jacobs,1972-07-11,FEMALE,INDIVIDUAL,682,Married
486063,Joe,Palmer,1973-08-11,MALE,INDIVIDUAL,524,Single
486118,Adam,Mills,1978-04-08,MALE,INDIVIDUAL,437,Married
486221,Justin,Vasquez,1964-12-04,MALE,INDIVIDUAL,124,Married
486225,Denise,Webb,2010-10-18,FEMALE,INDIVIDUAL,327,Married
486235,Angela,Oliver,1975-06-11,FEMALE,INDIVIDUAL,296,Married
486456,Jesse,Wallace,1968-12-03,MALE,INDIVIDUAL,734,Married
486923,Carol,Hunt,1983-04-22,FEMALE,INDIVIDUAL,886,Married
487115,Marilyn,Grant,1981-04-16,FEMALE,INDIVIDUAL,46,Single
487329,Jessica,Austin,1983-05-11,FEMALE,INDIVIDUAL,459,Divorced
488018,Bobby,Watkins,1987-03-24,MALE,INDIVIDUAL,78,Married
488208,Elizabeth,Stephens,1975-12-28,FEMALE,INDIVIDUAL,511,Single
488410,Judith,Cruz,1978-12-11,FEMALE,INDIVIDUAL,638,Single
488454,Sharon,Harvey,1969-03-31,FEMALE,INDIVIDUAL,838,Married
488837,Jennifer,Lopez,1981-02-20,FEMALE,INDIVIDUAL,175,Single
489136,Ronald,Fisher,1975-01-27,MALE,INDIVIDUAL,952,Single
489376,Diana,Clark,1970-01-05,FEMALE,INDIVIDUAL,303,Divorced
489819,Sara,Willis,1971-11-28,FEMALE,INDIVIDUAL,719,Single
489918,Anne,Stephens,1977-04-25,FEMALE,INDIVIDUAL,492,Married
489921,Bobby,Hall,1968-03-05,MALE,INDIVIDUAL,313,Married
489996,Wanda,Alexander,1971-10-06,FEMALE,INDIVIDUAL,780,Single
490009,Timothy,Thompson,1964-03-11,MALE,INDIVIDUAL,191,Divorced
490016,Thomas,Robertson,2000-07-10,MALE,INDIVIDUAL,894,Married
490464,Eugene,Jordan,1972-10-20,MALE,INDIVIDUAL,195,Single
490538,Lisa,Rodriguez,1966-02-15,FEMALE,INDIVIDUAL,42,Married
490582,Gregory,Cunningham,1966-05-31,MALE,INDIVIDUAL,730,Married
490587,Frances,Price,2000-12-01,FEMALE,INDIVIDUAL,76,Married
490738,Sean,Green,1971-01-02,MALE,INDIVIDUAL,767,Married
490999,Annie,Frazier,1981-03-06,FEMALE,INDIVIDUAL,986,Divorced
491135,Amy,Spencer,1973-09-14,FEMALE,INDIVIDUAL,869,Single
491248,Judith,Walker,1973-03-19,FEMALE,INDIVIDUAL,276,Married
491358,Heather,Ferguson,1961-04-22,FEMALE,INDIVIDUAL,110,Single
491423,Lisa,Washington,1978-10-22,FEMALE,INDIVIDUAL,913,Married
491584,Victor,Evans,1983-06-17,MALE,INDIVIDUAL,888,Single
491908,Annie,Anderson,1975-09-18,FEMALE,INDIVIDUAL,257,Married
491981,Ruby,Wood,1948-10-02,FEMALE,INDIVIDUAL,874,Single
491995,Philip,Duncan,1970-06-10,MALE,INDIVIDUAL,268,Married
492027,Paula,Russell,2009-10-27,FEMALE,INDIVIDUAL,282,Married
492389,Christine,Bradley,1981-05-11,FEMALE,INDIVIDUAL,709,Single
492400,Frank,Hall,1973-09-11,MALE,INDIVIDUAL,608,Single
492565,Margaret,Spencer,1992-10-01,FEMALE,INDIVIDUAL,184,Single
492682,James,Gordon,1966-06-29,MALE,INDIVIDUAL,110,Single
493232,Gary,Knight,1976-03-07,MALE,INDIVIDUAL,223,Single
493763,Brandon,Jacobs,2011-03-22,MALE,INDIVIDUAL,484,Married
493764,Gloria,Coleman,1981-12-09,FEMALE,INDIVIDUAL,421,Married
494220,Anna,Ortiz,1952-03-18,FEMALE,INDIVIDUAL,924,Single
494256,Robert,Smith,1965-08-18,MALE,INDIVIDUAL,568,Single
494595,Andrea,Harper,1981-08-29,FEMALE,INDIVIDUAL,185,Single
494718,Nicole,Johnson,1975-03-03,FEMALE,INDIVIDUAL,777,Single
495014,Shawn,Bradley,1999-09-27,MALE,INDIVIDUAL,637,Married
495518,Bonnie,Vasquez,1967-05-03,FEMALE,INDIVIDUAL,831,Married
495522,Susan,Bell,1962-05-20,FEMALE,INDIVIDUAL,334,Single
495540,Margaret,Larson,1964-09-17,FEMALE,INDIVIDUAL,285,Married
495568,Jason,Greene,1981-03-12,MALE,INDIVIDUAL,652,Married
495639,Carlos,Little,1961-08-17,MALE,INDIVIDUAL,376,Married
495907,Willie,Nelson,1956-07-12,MALE,INDIVIDUAL,589,Married
496066,George,Sanders,1963-03-11,MALE,INDIVIDUAL,734,Married
496247,Jimmy,Nelson,1970-02-25,MALE,INDIVIDUAL,120,Married
496364,Carl,Simpson,1977-05-24,MALE,INDIVIDUAL,947,Single
496553,John,Marshall,1970-12-12,MALE,INDIVIDUAL,210,Single
496646,Robert,Harrison,1967-02-22,MALE,INDIVIDUAL,113,Married
496919,Shirley,Perry,1975-06-24,FEMALE,INDIVIDUAL,761,Married
497011,Marilyn,Richardson,1977-04-18,FEMALE,INDIVIDUAL,277,Married
497163,Nicole,Stevens,1970-07-07,FEMALE,INDIVIDUAL,74,Married
497166,Emily,Gibson,1982-12-20,FEMALE,INDIVIDUAL,116,Divorced
497311,Howard,Hunt,1972-04-02,MALE,INDIVIDUAL,552,Single
497351,Lawrence,Little,1977-07-06,MALE,INDIVIDUAL,214,Married
497424,Chris,Campbell,1978-06-19,MALE,INDIVIDUAL,963,Married
497444,Richard,Reid,1969-08-29,MALE,INDIVIDUAL,446,Married
497734,Jesse,Boyd,1977-10-29,MALE,INDIVIDUAL,969,Single
498021,Arthur,Ferguson,1981-06-10,MALE,INDIVIDUAL,931,Single
498925,Sara,Reynolds,1981-09-08,FEMALE,INDIVIDUAL,389,Married
498961,Teresa,Sanders,1970-04-13,FEMALE,INDIVIDUAL,297,Married
499808,Kevin,Gomez,1975-12-22,MALE,INDIVIDUAL,121,Single
499881,Patricia,Stanley,1948-05-15,FEMALE,INDIVIDUAL,570,Divorced
500139,Kimberly,Bryant,1963-01-02,FEMALE,INDIVIDUAL,197,Single
500281,Lori,Tucker,1956-03-01,FEMALE,INDIVIDUAL,656,Single
500666,Gary,Bowman,1981-06-02,MALE,INDIVIDUAL,289,Single
500967,Angela,Carter,1993-04-20,FEMALE,INDIVIDUAL,206,Single
501008,Howard,Lawson,1985-12-12,MALE,INDIVIDUAL,794,Single
501074,Laura,Lynch,1974-03-28,FEMALE,INDIVIDUAL,948,Married
501091,Maria,Bradley,1972-05-30,FEMALE,INDIVIDUAL,980,Single
501185,Kathryn,Bailey,1976-07-04,FEMALE,INDIVIDUAL,761,Single
501301,Ashley,Miller,1977-10-10,FEMALE,INDIVIDUAL,728,Single
501422,Jack,Ryan,1966-05-03,MALE,INDIVIDUAL,660,Married
501598,Keith,Porter,1970-03-20,MALE,INDIVIDUAL,586,Married
501615,Adam,Hayes,1974-06-06,MALE,INDIVIDUAL,190,Single
501728,Tammy,Black,1990-11-03,FEMALE,INDIVIDUAL,99,Divorced
501739,Frances,Mills,1967-11-21,FEMALE,INDIVIDUAL,632,Married
501828,Doris,Castillo,1971-12-26,FEMALE,INDIVIDUAL,800,Divorced
502105,Eugene,Shaw,1972-12-04,MALE,INDIVIDUAL,434,Single
502138,Roy,Howard,1984-06-18,MALE,INDIVIDUAL,982,Single
502223,Anthony,Mendoza,1966-10-25,MALE,INDIVIDUAL,160,Married
502438,John,Richards,1966-02-01,MALE,INDIVIDUAL,97,Married
502446,Teresa,Reyes,2012-07-03,FEMALE,INDIVIDUAL,895,Single
502506,Jimmy,Wagner,1991-12-04,MALE,INDIVIDUAL,106,Single
502513,Raymond,Lee,1974-01-30,MALE,INDIVIDUAL,59,Married
502519,Carlos,Martinez,1961-11-01,MALE,INDIVIDUAL,940,Married
502703,Kathryn,Perry,1975-03-25,FEMALE,INDIVIDUAL,985,Single
502865,Jonathan,Burton,1991-03-09,MALE,INDIVIDUAL,987,Single
503129,Douglas,Powell,1961-06-02,MALE,INDIVIDUAL,917,Divorced
503203,Frances,Barnes,1986-07-06,FEMALE,INDIVIDUAL,20,Single
503320,William,Nelson,1965-07-25,MALE,INDIVIDUAL,353,Married
503369,Julia,Greene,1999-05-20,FEMALE,INDIVIDUAL,719,Married
503372,Steven,Mccoy,1953-09-13,MALE,INDIVIDUAL,77,Divorced
503620,Nicholas,Carr,1969-03-26,MALE,INDIVIDUAL,783,Married
503773,Kevin,Gutierrez,1996-01-12,MALE,INDIVIDUAL,214,Single
503929,Arthur,Hamilton,1969-11-23,MALE,INDIVIDUAL,688,Married
504155,Howard,Adams,1976-02-19,MALE,INDIVIDUAL,664,Married
504375,Juan,Ray,1972-10-08,MALE,INDIVIDUAL,457,Married
504405,Carl,Castillo,1977-11-26,MALE,INDIVIDUAL,115,Married
505406,Teresa,Morrison,1965-11-19,FEMALE,INDIVIDUAL,181,Married
505422,Joseph,Watson,1961-09-22,MALE,INDIVIDUAL,491,Single
505522,Jose,Robertson,1974-07-05,MALE,INDIVIDUAL,10,Divorced
505542,Harold,Nichols,1970-11-23,MALE,INDIVIDUAL,442,Single
505618,Keith,King,1970-06-27,MALE,INDIVIDUAL,376,Single
505820,Kelly,Hansen,1978-02-21,FEMALE,INDIVIDUAL,281,Married
506055,Samuel,Jenkins,1940-07-09,MALE,INDIVIDUAL,303,Married
506295,Judith,Hawkins,1983-07-31,FEMALE,INDIVIDUAL,985,Single
506371,Shawn,Martinez,1963-06-26,MALE,INDIVIDUAL,29,Single
506426,Lori,Richards,1992-09-09,FEMALE,INDIVIDUAL,523,Single
506456,Martin,Montgomery,1971-10-21,MALE,INDIVIDUAL,275,Single
506690,Jason,White,2008-01-03,MALE,INDIVIDUAL,460,Married
506722,Larry,Mccoy,1973-11-20,MALE,INDIVIDUAL,556,Divorced
507012,Robin,Foster,1955-10-01,FEMALE,INDIVIDUAL,874,Single
507124,Patrick,Riley,1980-08-05,MALE,INDIVIDUAL,983,Divorced
507219,Helen,Willis,1975-10-24,FEMALE,INDIVIDUAL,127,Single
507364,Rachel,Peters,1978-10-25,FEMALE,INDIVIDUAL,893,Married
507601,Louis,Hamilton,1953-01-15,MALE,INDIVIDUAL,476,Married
507609,Emily,Bowman,1967-09-26,FEMALE,INDIVIDUAL,720,Single
507841,Alice,Harris,1977-05-30,FEMALE,INDIVIDUAL,764,Married
508153,Phillip,Evans,2006-12-09,MALE,INDIVIDUAL,857,Married
508191,Scott,Coleman,1964-12-25,MALE,INDIVIDUAL,590,Single
508291,Lori,Washington,1987-06-09,FEMALE,INDIVIDUAL,258,Single
508294,Benjamin,Carr,1957-01-08,MALE,INDIVIDUAL,440,Married
508432,Barbara,Griffin,2010-06-13,FEMALE,INDIVIDUAL,354,Married
508660,Shirley,Cook,1983-06-07,FEMALE,INDIVIDUAL,42,Single
508693,Catherine,Clark,1977-07-25,FEMALE,INDIVIDUAL,984,Married
509052,Larry,Jones,1971-04-03,MALE,INDIVIDUAL,701,Married
509070,Julia,Hanson,1991-03-03,FEMALE,INDIVIDUAL,316,Single
509384,Kathleen,Hudson,1991-12-13,FEMALE,INDIVIDUAL,254,Single
509532,Phyllis,Wright,1985-06-10,FEMALE,INDIVIDUAL,366,Single
510186,Shirley,Ramos,1983-11-26,FEMALE,INDIVIDUAL,190,Married
510436,Harry,Gonzales,1967-06-19,MALE,INDIVIDUAL,674,Married
510580,Clarence,Johnston,1961-11-24,MALE,INDIVIDUAL,907,Married
510867,Teresa,Nelson,1988-05-29,FEMALE,INDIVIDUAL,427,Single
510869,Ryan,Mccoy,1947-02-24,MALE,INDIVIDUAL,432,Single
510920,Marie,Torres,1971-10-10,FEMALE,INDIVIDUAL,31,Married
511106,Mildred,Nelson,1962-12-24,FEMALE,INDIVIDUAL,954,Married
511238,Russell,Bryant,1994-05-10,MALE,INDIVIDUAL,128,Married
511291,Lori,Edwards,1983-03-30,FEMALE,INDIVIDUAL,905,Married
511299,Jacqueline,Simmons,1968-06-24,FEMALE,INDIVIDUAL,33,Divorced
511333,Eric,Carpenter,1966-06-09,MALE,INDIVIDUAL,449,Married
511388,Marie,Burke,2012-02-25,FEMALE,INDIVIDUAL,176,Divorced
511401,Kathy,Ford,1970-04-09,FEMALE,INDIVIDUAL,890,Married
511479,Christina,Burke,1979-04-11,FEMALE,INDIVIDUAL,226,Single
511889,Katherine,Morgan,1989-06-13,FEMALE,INDIVIDUAL,955,Single
511907,Raymond,Murphy,2008-06-10,MALE,INDIVIDUAL,702,Single
511924,Matthew,Wright,1977-10-20,MALE,INDIVIDUAL,954,Married
511926,Carol,Hanson,2012-08-23,FEMALE,INDIVIDUAL,15,Single
512217,Gloria,Foster,1976-03-31,FEMALE,INDIVIDUAL,774,Single
512218,Carol,Schmidt,1979-06-28,FEMALE,INDIVIDUAL,641,Single
512342,Bobby,Lawrence,1977-07-25,MALE,INDIVIDUAL,85,Married
512616,Brandon,Lynch,1976-12-10,MALE,INDIVIDUAL,239,Single
512620,Care Ltd,,,,COMPANY,841,
512910,Raymond,King,1977-08-09,MALE,INDIVIDUAL,612,Single
513098,Phillip,Ramirez,1968-10-26,MALE,INDIVIDUAL,654,Single
513099,Frank,Webb,1999-04-30,MALE,INDIVIDUAL,956,Divorced
513121,Edward,Taylor,1976-11-04,MALE,INDIVIDUAL,940,Married
513475,Sharon,Gonzales,1979-01-09,FEMALE,INDIVIDUAL,757,Married
513749,Roy,Washington,1955-12-26,MALE,INDIVIDUAL,742,Married
513876,Larry,Gomez,1974-12-02,MALE,INDIVIDUAL,770,Single
513997,Joseph,Boyd,1985-03-22,MALE,INDIVIDUAL,335,Married
514059,Joe,Jackson,1978-12-09,MALE,INDIVIDUAL,888,Married
514135,Brenda,Meyer,2007-01-22,FEMALE,INDIVIDUAL,700,Married
514319,Judy,Jackson,1969-11-10,FEMALE,INDIVIDUAL,685,Single
514720,Harold,Garcia,2007-05-31,MALE,INDIVIDUAL,929,Divorced
514782,Virginia,Phillips,1977-04-02,FEMALE,INDIVIDUAL,233,Married
514783,Lawrence,Nichols,1983-07-23,MALE,INDIVIDUAL,358,Married
514922,Patrick,Cox,1961-05-20,MALE,INDIVIDUAL,370,Married
515657,Nicole,Wood,1979-07-15,FEMALE,INDIVIDUAL,282,Single
515742,Louise,Hart,1962-11-22,FEMALE,INDIVIDUAL,508,Divorced
515881,Philip,Morales,1967-07-16,MALE,INDIVIDUAL,656,Married
515945,Gary,Peterson,1969-10-26,MALE,INDIVIDUAL,266,Single
516355,Linda,Gardner,1980-04-08,FEMALE,INDIVIDUAL,385,Married
516380,Roger,Harper,1973-04-16,MALE,INDIVIDUAL,719,Single
516386,Kenneth,Turner,1972-03-25,MALE,INDIVIDUAL,452,Married
516389,Denise,Rivera,1980-11-13,FEMALE,INDIVIDUAL,25,Married
516494,Fred,Stephens,1975-08-18,MALE,INDIVIDUAL,148,Single
516536,Steven,Coleman,1979-07-16,MALE,INDIVIDUAL,835,Married
516786,Louise,Richards,1976-11-12,FEMALE,INDIVIDUAL,501,Married
516897,Kelly,Hart,1975-05-26,FEMALE,INDIVIDUAL,325,Married
517344,Jason,Freeman,1962-09-14,MALE,INDIVIDUAL,134,Married
517356,Peter,Burke,1990-06-26,MALE,INDIVIDUAL,83,Single
517653,Jesse,Ryan,1964-05-05,MALE,INDIVIDUAL,918,Married
517701,Roy,Larson,1968-05-02,MALE,INDIVIDUAL,774,Single
517705,Raymond,Grant,2010-03-12,MALE,INDIVIDUAL,775,Divorced
517773,Gloria,Rivera,1968-11-28,FEMALE,INDIVIDUAL,764,Single
518054,Dennis,Parker,1953-07-21,MALE,INDIVIDUAL,15,Single
518253,Stephen,Harris,1965-06-13,MALE,INDIVIDUAL,777,Single
518386,Craig,Castillo,1973-01-09,MALE,INDIVIDUAL,500,Single
518472,Teresa,Gordon,1983-08-06,FEMALE,INDIVIDUAL,642,Married
519031,Anne,Frazier,1984-01-05,FEMALE,INDIVIDUAL,594,Married
519115,Sharon,Powell,1950-05-21,FEMALE,INDIVIDUAL,425,Single
519199,Louise,Cooper,1983-02-08,FEMALE,INDIVIDUAL,562,Single
519200,Ruby,Cole,1982-08-23,FEMALE,INDIVIDUAL,211,Single
519922,Teresa,Williamson,1980-02-29,FEMALE,INDIVIDUAL,277,Married
520065,Michelle,Marshall,1975-07-08,FEMALE,INDIVIDUAL,490,Married
520420,Jane,Mccoy,2012-07-31,FEMALE,INDIVIDUAL,296,Divorced
520528,Jean,Hanson,1972-10-14,FEMALE,INDIVIDUAL,470,Married
520818,Beverly,Schmidt,1972-07-14,FEMALE,INDIVIDUAL,364,Married
520975,Robin,Murray,1951-07-08,FEMALE,INDIVIDUAL,868,Married
521102,Anne,Torres,1983-12-26,FEMALE,INDIVIDUAL,480,Single
521252,Ralph,Peterson,2010-12-30,MALE,INDIVIDUAL,957,Single
521286,Ralph,Phillips,1976-03-31,MALE,INDIVIDUAL,644,Divorced
521453,Christine,Fisher,1959-08-20,FEMALE,INDIVIDUAL,194,Married
521908,Brian,Jackson,1988-03-12,MALE,INDIVIDUAL,580,Single
522456,Bonnie,Morrison,1980-01-30,FEMALE,INDIVIDUAL,616,Married
522482,Joyce,Garcia,1977-05-29,FEMALE,INDIVIDUAL,100,Married
522573,David,Watson,1959-04-03,MALE,INDIVIDUAL,240,Married
522860,Anna,Morgan,1972-08-12,FEMALE,INDIVIDUAL,80,Single
523074,Ryan,Green,1953-10-29,MALE,INDIVIDUAL,556,Married
523119,Judy,George,1977-11-28,FEMALE,INDIVIDUAL,803,Single
523244,Diana,Ramos,1989-01-02,FEMALE,INDIVIDUAL,811,Married
523246,Theresa,Washington,1984-02-14,FEMALE,INDIVIDUAL,657,Married
523333,Jack,Johnston,1971-09-23,MALE,INDIVIDUAL,666,Married
523575,Martin,Stewart,1967-09-06,MALE,INDIVIDUAL,331,Married
523743,Matthew,Flores,1947-11-10,MALE,INDIVIDUAL,794,Married
524220,Brenda,Hamilton,1949-11-17,FEMALE,INDIVIDUAL,201,Divorced
524280,Phillip,Medina,1974-06-17,MALE,INDIVIDUAL,715,Single
524626,Anthony,Powell,1976-03-14,MALE,INDIVIDUAL,938,Married
524633,Craig,Little,1969-03-11,MALE,INDIVIDUAL,499,Single
524662,Juan,Carroll,1999-10-27,MALE,INDIVIDUAL,567,Married
524786,Janice,Carroll,1961-12-13,FEMALE,INDIVIDUAL,289,Married
524894,Aaron,Miller,2006-05-02,MALE,INDIVIDUAL,815,Single
525054,Rachel,Brown,1986-12-17,FEMALE,INDIVIDUAL,76,Married
525443,Andrew,Powell,2001-11-05,MALE,INDIVIDUAL,646,Single
525487,Daniel,Hall,1958-03-30,MALE,INDIVIDUAL,608,Married
525538,Barbara,Bradley,1984-08-30,FEMALE,INDIVIDUAL,2,Divorced
525788,Julie,Nichols,1955-08-24,FEMALE,INDIVIDUAL,60,Single
526033,Walter,Rose,1991-07-21,MALE,INDIVIDUAL,802,Divorced
526063,Rose,Pierce,1965-08-07,FEMALE,INDIVIDUAL,315,Married
526536,Martin,Murray,1976-03-08,MALE,INDIVIDUAL,664,Married
526847,Frances,Lane,1974-03-29,FEMALE,INDIVIDUAL,441,Divorced
526960,Norma,Arnold,1963-07-03,FEMALE,INDIVIDUAL,802,Married
526995,Carolyn,Brown,1986-07-01,FEMALE,INDIVIDUAL,173,Single
527047,Rose,Morgan,1980-01-15,FEMALE,INDIVIDUAL,639,Married
527144,George,Dunn,1984-05-12,MALE,INDIVIDUAL,674,Divorced
527370,Robin,Peters,1975-05-26,FEMALE,INDIVIDUAL,710,Divorced
527378,Sharon,Ford,1948-03-20,FEMALE,INDIVIDUAL,500,Married
527592,Daniel,Stephens,1967-03-11,MALE,INDIVIDUAL,56,Married
527601,Andrea,Garcia,2000-11-10,FEMALE,INDIVIDUAL,816,Single
527844,Helen,Clark,1984-03-31,FEMALE,INDIVIDUAL,744,Married
528076,Rebecca,Dunn,1976-05-28,FEMALE,INDIVIDUAL,506,Married
528186,Jonathan,Cooper,1975-04-09,MALE,INDIVIDUAL,132,Single
528219,Ernest,Coleman,2008-12-15,MALE,INDIVIDUAL,951,Married
528228,Craig,Snyder,1956-01-22,MALE,INDIVIDUAL,264,Married
528373,Jeffrey,Ramos,1974-10-10,MALE,INDIVIDUAL,187,Single
528422,Susan,Alexander,1984-05-08,FEMALE,INDIVIDUAL,31,Single
528511,Carolyn,Mendoza,1961-10-28,FEMALE,INDIVIDUAL,736,Married
529114,Nicholas,Day,1956-02-27,MALE,INDIVIDUAL,307,Single
529155,Laura,Mason,1963-12-01,FEMALE,INDIVIDUAL,722,Single
529510,Earl,Stanley,1973-12-04,MALE,INDIVIDUAL,958,Married
529895,Energizer Group,,,,COMPANY,538,
530442,Diana,Stone,1970-11-09,FEMALE,INDIVIDUAL,609,Married
530621,Rebecca,Arnold,1985-05-17,FEMALE,INDIVIDUAL,856,Single
530629,Jason,Anderson,1984-09-22,MALE,INDIVIDUAL,882,Divorced
530646,Pamela,Ellis,1959-05-05,FEMALE,INDIVIDUAL,87,Married
530962,Gary,Thomas,1954-01-18,MALE,INDIVIDUAL,636,Married
531126,Sara,Arnold,1981-04-21,FEMALE,INDIVIDUAL,424,Married
531160,Betty,Young,1982-11-17,FEMALE,INDIVIDUAL,535,Single
531161,Dorothy,Green,1982-11-17,FEMALE,INDIVIDUAL,254,Single
531216,Todd,Bryant,1978-07-23,MALE,INDIVIDUAL,249,Single
531308,Carol,Hall,1962-05-03,FEMALE,INDIVIDUAL,631,Single
531481,Bonnie,Hayes,1982-09-25,FEMALE,INDIVIDUAL,837,Married
531724,Barbara,Palmer,2009-04-26,FEMALE,INDIVIDUAL,366,Married
531738,Benjamin,Wells,1972-02-03,MALE,INDIVIDUAL,505,Married
531745,Raymond,Palmer,1963-10-01,MALE,INDIVIDUAL,400,Single
531825,Amy,Mccoy,1957-05-03,FEMALE,INDIVIDUAL,783,Divorced
532061,Walter,Lopez,1965-10-01,MALE,INDIVIDUAL,897,Married
532088,Joan,Medina,1983-04-12,FEMALE,INDIVIDUAL,225,Married
532160,Frances,Coleman,1967-11-01,FEMALE,INDIVIDUAL,749,Married
532361,Willie,Wood,1968-03-05,MALE,INDIVIDUAL,288,Single
532954,Robert,Jackson,1974-08-28,MALE,INDIVIDUAL,151,Single
532968,Jesse,Murray,1979-04-13,MALE,INDIVIDUAL,433,Married
533060,Paramesh ,,,,COMPANY,710,
533106,Anthony,King,1968-01-27,MALE,INDIVIDUAL,159,Divorced
533355,Benjamin,Mitchell,1956-10-08,MALE,INDIVIDUAL,691,Married
533490,Wanda,Medina,1981-04-20,FEMALE,INDIVIDUAL,818,Married
533502,Michael,Lane,2000-06-03,MALE,INDIVIDUAL,648,Single
533503,Harold,Bell,1969-04-01,MALE,INDIVIDUAL,26,Married
533809,Donald,Butler,1971-11-02,MALE,INDIVIDUAL,356,Married
533881,Douglas,Hicks,1966-12-15,MALE,INDIVIDUAL,434,Single
534367,Joan,Jordan,1950-02-28,FEMALE,INDIVIDUAL,104,Single
534439,Anthony,Coleman,1971-06-02,MALE,INDIVIDUAL,664,Married
534686,Louise,Henry,1969-02-08,FEMALE,INDIVIDUAL,478,Married
534828,Raymond,Parker,1961-01-09,MALE,INDIVIDUAL,511,Single
535047,Timothy,Rice,1964-08-22,MALE,INDIVIDUAL,538,Married
535430,Rose,Tucker,1976-07-02,FEMALE,INDIVIDUAL,615,Married
535504,Kathleen,Knight,1976-05-24,FEMALE,INDIVIDUAL,589,Single
535538,Bonnie,Alexander,1984-02-27,FEMALE,INDIVIDUAL,941,Married
535701,Aaron,Ortiz,1976-03-08,MALE,INDIVIDUAL,195,Married
535899,Roy,Garrett,1971-02-10,MALE,INDIVIDUAL,704,Married
536060,Mark,Crawford,1975-03-09,MALE,INDIVIDUAL,677,Single
536087,Joshua,Lawson,1959-02-19,MALE,INDIVIDUAL,423,Married
536091,Mildred,Gonzalez,1997-06-18,FEMALE,INDIVIDUAL,740,Married
536301,Brandon,Franklin,2010-01-12,MALE,INDIVIDUAL,638,Divorced
536315,Keith,Austin,1977-10-23,MALE,INDIVIDUAL,337,Single
536355,Louise,Nguyen,1986-02-04,FEMALE,INDIVIDUAL,707,Single
536363,Nancy,Evans,1985-03-19,FEMALE,INDIVIDUAL,913,Married
536401,Scott,Marshall,1976-06-29,MALE,INDIVIDUAL,143,Single
536452,Barbara,Hansen,1973-09-27,FEMALE,INDIVIDUAL,406,Married
536807,Richard,Reed,1954-04-10,MALE,INDIVIDUAL,224,Married
537205,James,Peters,1961-02-19,MALE,INDIVIDUAL,928,Single
537206,Kevin,Meyer,1961-02-19,MALE,INDIVIDUAL,631,Divorced
537510,Theresa,Robertson,2012-04-24,FEMALE,INDIVIDUAL,291,Single
537525,Lawrence,Castillo,1972-06-26,MALE,INDIVIDUAL,983,Married
537763,Kathryn,Washington,1981-12-14,FEMALE,INDIVIDUAL,511,Married
537786,Justin,Castillo,1974-01-28,MALE,INDIVIDUAL,734,Married
537803,Anne,Peters,1960-08-20,FEMALE,INDIVIDUAL,412,Married
537850,Andrew,Hamilton,1983-08-16,MALE,INDIVIDUAL,495,Married
537855,Martha,Collins,1979-09-10,FEMALE,INDIVIDUAL,455,Single
538325,Douglas,Brooks,2008-09-19,MALE,INDIVIDUAL,878,Married
538355,Stephen,West,1973-01-15,MALE,INDIVIDUAL,667,Single
538968,George,Vasquez,1963-06-14,MALE,INDIVIDUAL,662,Divorced
539034,Emily,Meyer,1983-02-03,FEMALE,INDIVIDUAL,783,Single
539272,Brandon,Gordon,1977-12-12,MALE,INDIVIDUAL,39,Single
539443,Tammy,Garcia,1971-10-15,FEMALE,INDIVIDUAL,357,Married
539567,Walter,Day,1954-06-19,MALE,INDIVIDUAL,530,Married
540040,Sean,Cole,1976-03-09,MALE,INDIVIDUAL,147,Married
540071,Wayne,Hart,1973-02-12,MALE,INDIVIDUAL,197,Single
540214,Evelyn,Wheeler,1989-03-10,FEMALE,INDIVIDUAL,149,Divorced
540336,Paul,Montgomery,1977-12-09,MALE,INDIVIDUAL,799,Married
540677,Philip,Gonzalez,1962-03-18,MALE,INDIVIDUAL,404,Divorced
540680,Harry,Weaver,2004-10-04,MALE,INDIVIDUAL,272,Single
540712,Janice,Gordon,1982-11-08,FEMALE,INDIVIDUAL,694,Married
540789,Charles,Harvey,1960-12-20,MALE,INDIVIDUAL,830,Divorced
540801,Bare Ltd,,,,COMPANY,106,
540969,Frank,Jones,1988-01-13,MALE,INDIVIDUAL,100,Single
541160,Douglas,Adams,1979-10-13,MALE,INDIVIDUAL,143,Married
541804,Juan,Holmes,1975-05-27,MALE,INDIVIDUAL,435,Married
541805,Patrick,Kelley,1972-11-10,MALE,INDIVIDUAL,469,Married
541808,Jason,Dunn,2004-03-09,MALE,INDIVIDUAL,59,Single
541914,Ryan,Roberts,1954-09-24,MALE,INDIVIDUAL,904,Divorced
542085,Heather,Harris,1968-01-31,FEMALE,INDIVIDUAL,969,Married
542231,Charles,Clark,1971-09-14,MALE,INDIVIDUAL,453,Married
542234,Patrick,Tucker,1962-10-22,MALE,INDIVIDUAL,716,Single
542259,Jose,Coleman,1976-01-15,MALE,INDIVIDUAL,652,Married
542388,Denise,Russell,1948-03-25,FEMALE,INDIVIDUAL,313,Married
542446,Virginia,Wilson,1978-07-13,FEMALE,INDIVIDUAL,970,Married
542457,Judy,Garrett,1960-09-04,FEMALE,INDIVIDUAL,388,Single
542465,Mary,Carr,1969-01-02,FEMALE,INDIVIDUAL,639,Single
542592,Alan,Miller,1974-08-26,MALE,INDIVIDUAL,345,Married
542848,Patricia,Miller,2011-12-22,FEMALE,INDIVIDUAL,330,Divorced
542889,Johnny,Garrett,1970-05-26,MALE,INDIVIDUAL,708,Single
542926,Tina,Campbell,1969-06-25,FEMALE,INDIVIDUAL,103,Single
542944,Juan,Fowler,1968-08-30,MALE,INDIVIDUAL,488,Married
543136,Annie,Thompson,1947-11-21,FEMALE,INDIVIDUAL,705,Married
543673,Nicole,Turner,1984-05-11,FEMALE,INDIVIDUAL,818,Married
543698,Shawn,Taylor,1977-02-19,MALE,INDIVIDUAL,963,Married
543863,Willie,Porter,1970-05-27,MALE,INDIVIDUAL,775,Single
543887,Kevin,Rose,1972-08-23,MALE,INDIVIDUAL,546,Married
543994,Samuel,Montgomery,2009-11-28,MALE,INDIVIDUAL,817,Married
544060,Eugene,Cunningham,1977-04-07,MALE,INDIVIDUAL,696,Divorced
544295,Patrick,Grant,1962-02-17,MALE,INDIVIDUAL,662,Single
544341,Lois,Bradley,1973-05-28,FEMALE,INDIVIDUAL,629,Divorced
544346,Walter,Dunn,2000-12-31,MALE,INDIVIDUAL,902,Single
544542,Beverly,Lee,1982-07-22,FEMALE,INDIVIDUAL,929,Married
544758,Kelly,White,2011-06-25,FEMALE,INDIVIDUAL,266,Divorced
544956,Henry,Campbell,1966-04-21,MALE,INDIVIDUAL,948,Married
545061,Joe,Chavez,1967-11-30,MALE,INDIVIDUAL,933,Married
545188,Carlos,Hunt,1967-07-12,MALE,INDIVIDUAL,297,Married
545332,Bobby,Ruiz,1973-07-31,MALE,INDIVIDUAL,214,Single
545341,Tina,Watkins,1982-07-26,FEMALE,INDIVIDUAL,239,Married
545368,Brenda,Harrison,1969-11-18,FEMALE,INDIVIDUAL,346,Single
545376,Catherine,Sullivan,1981-08-12,FEMALE,INDIVIDUAL,135,Divorced
545624,Linda,George,1977-12-26,FEMALE,INDIVIDUAL,873,Married
545628,Howard,Dixon,1987-03-07,MALE,INDIVIDUAL,656,Married
545654,Norma,Sims,1980-03-14,FEMALE,INDIVIDUAL,22,Married
545658,Jacqueline,Allen,1967-02-21,FEMALE,INDIVIDUAL,409,Married
545794,Kathleen,Mccoy,1980-08-24,FEMALE,INDIVIDUAL,961,Single
546071,Henry,Knight,1962-05-13,MALE,INDIVIDUAL,176,Single
546219,Amy,Stephens,1979-09-07,FEMALE,INDIVIDUAL,565,Divorced
546393,Robin,Ford,1971-03-27,FEMALE,INDIVIDUAL,644,Married
546553,Teresa,Green,1975-09-22,FEMALE,INDIVIDUAL,695,Married
546560,Wanda,Cole,1983-05-06,FEMALE,INDIVIDUAL,859,Married
546776,Samuel,Gibson,1974-07-27,MALE,INDIVIDUAL,758,Married
547441,Jeremy,Dixon,1973-03-04,MALE,INDIVIDUAL,531,Married
547515,Louise,Young,1967-01-02,FEMALE,INDIVIDUAL,842,Married
547578,Brian,Hamilton,1983-06-20,MALE,INDIVIDUAL,819,Married
547636,Rose,Weaver,1986-02-12,FEMALE,INDIVIDUAL,150,Single
547695,Annie,Ramos,1968-09-13,FEMALE,INDIVIDUAL,418,Divorced
547741,Brian,Burton,1969-05-07,MALE,INDIVIDUAL,574,Divorced
547775,Ryan,Garrett,1979-08-02,MALE,INDIVIDUAL,134,Single
547805,Richard,Clark,1995-11-26,MALE,INDIVIDUAL,937,Single
548220,Robin,Weaver,1981-03-02,FEMALE,INDIVIDUAL,260,Single
548302,Jane,Howell,1963-04-22,FEMALE,INDIVIDUAL,221,Divorced
548457,Carlos,Schmidt,1973-09-15,MALE,INDIVIDUAL,266,Married
548531,Wayne,Peterson,1984-04-26,MALE,INDIVIDUAL,484,Divorced
548604,Lawrence,Peters,1969-04-17,MALE,INDIVIDUAL,934,Married
548986,Mary,Mills,1971-01-27,FEMALE,INDIVIDUAL,571,Married
549022,Ernest,Olson,1977-08-04,MALE,INDIVIDUAL,182,Married
549532,Anne,Mccoy,1982-01-23,FEMALE,INDIVIDUAL,753,Married
550134,Ernest,Harrison,1977-11-02,MALE,INDIVIDUAL,824,Married
550291,Victor,Patterson,1973-02-04,MALE,INDIVIDUAL,199,Married
550361,Henry,Flores,1963-04-04,MALE,INDIVIDUAL,845,Married
550385,Catherine,Green,1954-02-23,FEMALE,INDIVIDUAL,671,Married
550454,Nicholas,Hunt,1968-04-12,MALE,INDIVIDUAL,545,Married
550590,Patrick,Graham,1975-06-13,MALE,INDIVIDUAL,689,Divorced
550933,Margaret,Phillips,1978-01-31,FEMALE,INDIVIDUAL,955,Married
551114,Doris,Nichols,1980-07-25,FEMALE,INDIVIDUAL,670,Single
551450,Billy,Arnold,1958-12-31,MALE,INDIVIDUAL,974,Married
551543,Justin,Frazier,1963-05-11,MALE,INDIVIDUAL,639,Single
552032,Frances,Richards,1951-07-30,FEMALE,INDIVIDUAL,753,Single
552473,Barbara,Austin,1984-02-14,FEMALE,INDIVIDUAL,25,Married
552545,Anthony,Bowman,1968-06-20,MALE,INDIVIDUAL,23,Single
552622,VOLUME Corp,,,,COMPANY,130,
552916,Gary,Ortiz,1969-01-21,MALE,INDIVIDUAL,960,Divorced
552924,Raymond,Reid,1976-07-29,MALE,INDIVIDUAL,319,Married
553148,Matthew,Peterson,2000-05-31,MALE,INDIVIDUAL,395,Married
553407,Brian,Carroll,1972-09-24,MALE,INDIVIDUAL,673,Single
553713,Janet,Flores,1953-10-29,FEMALE,INDIVIDUAL,111,Married
553822,Larry,Mitchell,1953-12-19,MALE,INDIVIDUAL,500,Married
554190,Walter,Wood,1981-12-06,MALE,INDIVIDUAL,461,Married
554191,Johnny,Tucker,2009-10-17,MALE,INDIVIDUAL,949,Single
555273,Karen,Gardner,1964-12-01,FEMALE,INDIVIDUAL,866,Single
555526,Phyllis,Chavez,1960-01-15,FEMALE,INDIVIDUAL,469,Single
555947,Clarence,Hanson,2012-07-30,MALE,INDIVIDUAL,299,Married
555952,Johnny,Little,1980-04-16,MALE,INDIVIDUAL,986,Married
556363,Russell,Garza,1994-04-04,MALE,INDIVIDUAL,160,Married
556654,George,Robertson,1954-04-14,MALE,INDIVIDUAL,613,Married
556804,Patrick,Russell,1977-11-20,MALE,INDIVIDUAL,300,Married
556945,Frances,Lawrence,1975-04-17,FEMALE,INDIVIDUAL,217,Married
556946,Sandra,Ray,1986-03-11,FEMALE,INDIVIDUAL,761,Married
556987,Stephanie,Fisher,1968-07-10,FEMALE,INDIVIDUAL,449,Single
557071,Norma,Lee,1959-01-04,FEMALE,INDIVIDUAL,347,Married
557253,Andrew,Watson,1977-06-18,MALE,INDIVIDUAL,275,Divorced
557618,Susan,Montgomery,1969-11-11,FEMALE,INDIVIDUAL,971,Married
557670,Steve,West,1960-11-21,MALE,INDIVIDUAL,691,Divorced
557713,Robert,Gordon,1967-09-10,MALE,INDIVIDUAL,100,Married
557715,Gregory,Chavez,1999-11-11,MALE,INDIVIDUAL,836,Single
557833,Amanda,Walker,1979-01-26,FEMALE,INDIVIDUAL,570,Married
557918,Michelle,Hall,2002-11-07,FEMALE,INDIVIDUAL,27,Single
558042,Ashley,Nelson,1959-06-20,FEMALE,INDIVIDUAL,866,Married
558102,Robert,Harvey,1974-04-03,MALE,INDIVIDUAL,930,Divorced
558243,Louis,Carter,1951-12-19,MALE,INDIVIDUAL,141,Single
558657,Carolyn,Long,2008-03-13,FEMALE,INDIVIDUAL,906,Married
558671,Marie,Morales,1980-12-09,FEMALE,INDIVIDUAL,509,Married
558697,Rachel,Long,1986-07-02,FEMALE,INDIVIDUAL,230,Single
559082,Edward,Grant,1984-12-20,MALE,INDIVIDUAL,738,Married
559200,Debra,Hunter,1964-02-16,FEMALE,INDIVIDUAL,447,Married
559232,Jeffrey,Welch,1956-12-13,MALE,INDIVIDUAL,223,Married
559324,Kelly,Harrison,1984-05-18,FEMALE,INDIVIDUAL,850,Married
559328,Dorothy,Jackson,1988-07-09,FEMALE,INDIVIDUAL,893,Divorced
559338,Helen,Knight,1988-07-09,FEMALE,INDIVIDUAL,672,Divorced
559455,Charles,Price,1979-01-03,MALE,INDIVIDUAL,111,Married
559764,Joyce,Burton,1977-06-17,FEMALE,INDIVIDUAL,558,Single
560036,Philip,Stephens,1956-10-28,MALE,INDIVIDUAL,880,Married
560279,Jeremy,Willis,1963-06-30,MALE,INDIVIDUAL,942,Married
560613,Henry,Riley,1978-03-09,MALE,INDIVIDUAL,543,Single
560625,Mildred,Patterson,1978-02-06,FEMALE,INDIVIDUAL,434,Single
560780,Raymond,Meyer,1975-09-15,MALE,INDIVIDUAL,584,Married
560802,Raymond,Gibson,1978-04-11,MALE,INDIVIDUAL,386,Single
561259,William,Mccoy,1967-06-10,MALE,INDIVIDUAL,892,Married
561527,Christina,Hawkins,1976-04-13,FEMALE,INDIVIDUAL,651,Married
561549,Rebel Group,,,,COMPANY,640,
561624,Carol,Alvarez,1966-06-11,FEMALE,INDIVIDUAL,152,Married
561639,Jerry,Foster,1967-09-29,MALE,INDIVIDUAL,571,Married
561724,Janice,Gilbert,1963-07-10,FEMALE,INDIVIDUAL,141,Single
561822,Steven,Sullivan,1990-03-20,MALE,INDIVIDUAL,117,Single
561832,Joseph,Carter,1993-04-11,MALE,INDIVIDUAL,199,Married
561852,Ruby,Watkins,2009-10-06,FEMALE,INDIVIDUAL,907,Single
561855,Christopher,Phillips,1970-02-03,MALE,INDIVIDUAL,497,Married
561858,Henry,Chavez,2008-02-13,MALE,INDIVIDUAL,891,Single
562321,Andrew,Johnston,1982-09-08,MALE,INDIVIDUAL,4,Single
562322,Scott,Gonzales,1951-07-15,MALE,INDIVIDUAL,228,Single
562323,Jeffrey,Thomas,1983-10-06,MALE,INDIVIDUAL,593,Single
562371,Henry,Ramirez,2007-12-27,MALE,INDIVIDUAL,306,Single
562375,Samuel,Peters,1970-01-19,MALE,INDIVIDUAL,919,Married
562520,Harold,Murphy,1953-10-14,MALE,INDIVIDUAL,255,Divorced
562596,Samuel,Wagner,1991-10-02,MALE,INDIVIDUAL,405,Married
562606,Louis,Campbell,1961-06-23,MALE,INDIVIDUAL,450,Married
562662,Pamela,Roberts,1980-10-04,FEMALE,INDIVIDUAL,822,Married
562699,Marilyn,Fields,1969-01-13,FEMALE,INDIVIDUAL,88,Married
562700,Sara,Powell,1969-01-13,FEMALE,INDIVIDUAL,224,Married
562798,Ann,Alvarez,1954-10-04,FEMALE,INDIVIDUAL,240,Married
562855,Lawrence,Watson,2012-05-31,MALE,INDIVIDUAL,9,Divorced
562859,Diane,Vasquez,1956-11-18,FEMALE,INDIVIDUAL,347,Single
563256,Patrick,Crawford,2011-08-05,MALE,INDIVIDUAL,693,Married
563673,Joshua,Fowler,1959-12-26,MALE,INDIVIDUAL,242,Married
563774,Arthur,Thomas,1972-01-31,MALE,INDIVIDUAL,708,Married
564049,Ruby,Garcia,1985-06-14,FEMALE,INDIVIDUAL,244,Married
564540,William,Cunningham,1979-08-21,MALE,INDIVIDUAL,172,Married
564544,Sharon,Duncan,2010-10-12,FEMALE,INDIVIDUAL,831,Married
564546,Mary,Richards,1980-07-14,FEMALE,INDIVIDUAL,413,Single
564853,Nicole,Adams,1985-12-18,FEMALE,INDIVIDUAL,57,Single
564949,Emily,Boyd,1958-11-04,FEMALE,INDIVIDUAL,673,Married
564955,Larry,Watkins,1958-06-09,MALE,INDIVIDUAL,621,Single
565362,Michelle,Nguyen,1986-09-26,FEMALE,INDIVIDUAL,126,Married
565911,Christina,Johnston,1959-07-04,FEMALE,INDIVIDUAL,38,Single
566150,Heather,Hicks,1961-01-18,FEMALE,INDIVIDUAL,950,Single
566166,Jimmy,Elliott,1980-10-01,MALE,INDIVIDUAL,452,Divorced
566326,Donna,Ramos,1974-06-13,FEMALE,INDIVIDUAL,924,Single
566327,Patricia,Hudson,1967-06-12,FEMALE,INDIVIDUAL,766,Married
566357,Amy,Kelly,1971-01-16,FEMALE,INDIVIDUAL,149,Married
566558,Timothy,Bryant,1964-02-16,MALE,INDIVIDUAL,348,Divorced
566851,Brandon,Gonzales,2009-12-28,MALE,INDIVIDUAL,687,Married
566853,Thomas,Burton,1975-07-30,MALE,INDIVIDUAL,27,Single
566905,Shawn,Moore,2003-08-11,MALE,INDIVIDUAL,631,Single
567057,Kathleen,Andrews,1970-04-01,FEMALE,INDIVIDUAL,732,Married
567078,Jane,Lane,1986-01-30,FEMALE,INDIVIDUAL,492,Single
567188,Marie,Jordan,1977-01-25,FEMALE,INDIVIDUAL,601,Married
567341,Charles,Peters,1979-03-30,MALE,INDIVIDUAL,895,Married
567449,Gary,Murphy,1994-06-20,MALE,INDIVIDUAL,24,Married
567498,Rachel,Bell,1966-04-14,FEMALE,INDIVIDUAL,306,Single
567825,Bruce,Castillo,1976-11-28,MALE,INDIVIDUAL,327,Married
567930,Sandra,Riley,1963-07-12,FEMALE,INDIVIDUAL,535,Married
567936,Arthur,Martin,2009-02-04,MALE,INDIVIDUAL,72,Single
568129,Angela,Hall,1986-12-18,FEMALE,INDIVIDUAL,512,Married
568395,Denise,Chavez,1957-09-02,FEMALE,INDIVIDUAL,511,Married
568604,Kathleen,Banks,1949-03-30,FEMALE,INDIVIDUAL,908,Single
568665,Norma,Harris,1968-02-03,FEMALE,INDIVIDUAL,961,Married
568719,Randy,Stewart,1993-09-03,MALE,INDIVIDUAL,801,Divorced
568720,Joe,Fields,1969-10-13,MALE,INDIVIDUAL,897,Divorced
569050,Angela,Hawkins,1959-09-05,FEMALE,INDIVIDUAL,732,Single
569098,Eugene,Bradley,1981-03-14,MALE,INDIVIDUAL,155,Married
569250,Kathleen,Mills,1979-03-03,FEMALE,INDIVIDUAL,575,Single
569769,Adam,Lawrence,1956-08-09,MALE,INDIVIDUAL,453,Single
569801,Terry,Miller,2012-04-19,MALE,INDIVIDUAL,312,Married
569803,Roger,Hill,1974-11-24,MALE,INDIVIDUAL,647,Married
569862,Marie,Mills,1955-10-15,FEMALE,INDIVIDUAL,788,Married
569994,Donna,Watkins,1963-05-24,FEMALE,INDIVIDUAL,359,Single
570231,Ernest,Smith,1968-08-26,MALE,INDIVIDUAL,345,Married
570483,Doris,Richardson,1975-04-29,FEMALE,INDIVIDUAL,702,Married
570516,Shirley,Foster,1987-03-12,FEMALE,INDIVIDUAL,457,Single
570711,Ruth,Cole,1971-10-18,FEMALE,INDIVIDUAL,22,Married
570748,Clarence,Payne,1961-02-24,MALE,INDIVIDUAL,823,Married
570856,Lillian,Dixon,1980-05-18,FEMALE,INDIVIDUAL,303,Married
570866,Janet,Duncan,1984-03-20,FEMALE,INDIVIDUAL,234,Married
570900,David,Griffin,1970-11-20,MALE,INDIVIDUAL,609,Single
571158,Patricia,Crawford,1972-06-11,FEMALE,INDIVIDUAL,44,Divorced
571168,Janet,Stevens,1974-03-05,FEMALE,INDIVIDUAL,5,Married
571723,Jeffrey,Scott,1975-12-15,MALE,INDIVIDUAL,760,Divorced
571888,Ralph,Evans,1951-10-08,MALE,INDIVIDUAL,224,Married
571927,Charles,Rice,1988-01-27,MALE,INDIVIDUAL,779,Divorced
572064,Kelly,Fernandez,1978-10-16,FEMALE,INDIVIDUAL,393,Single
572360,Donna,Jacobs,1975-02-20,FEMALE,INDIVIDUAL,93,Married
572503,Roy,Porter,1975-01-26,MALE,INDIVIDUAL,222,Married
572721,Sara,Hicks,1978-05-24,FEMALE,INDIVIDUAL,330,Married
573353,Andrew,Reid,1962-01-28,MALE,INDIVIDUAL,738,Married
574433,Jimmy,Perry,1983-11-23,MALE,INDIVIDUAL,108,Married
574912,Jeffrey,Bishop,2002-02-15,MALE,INDIVIDUAL,925,Married
574997,Joshua,Mccoy,1975-03-28,MALE,INDIVIDUAL,638,Single
575220,Shirley,Collins,1969-04-02,FEMALE,INDIVIDUAL,801,Married
575345,Rachel,Frazier,1968-01-07,FEMALE,INDIVIDUAL,256,Married
575572,Laura,Shaw,1974-10-31,FEMALE,INDIVIDUAL,962,Married
575832,Edward,Howard,1981-01-22,MALE,INDIVIDUAL,161,Single
575953,Dennis,Simmons,1972-04-27,MALE,INDIVIDUAL,78,Divorced
576091,Angela,Miller,1981-07-06,FEMALE,INDIVIDUAL,574,Single
576093,Teresa,Stone,1971-03-04,FEMALE,INDIVIDUAL,716,Married
576378,Fred,Ruiz,1974-06-16,MALE,INDIVIDUAL,582,Married
576425,Diana,Daniels,1975-05-10,FEMALE,INDIVIDUAL,807,Married
576484,Jane,Flores,1974-03-31,FEMALE,INDIVIDUAL,656,Married
576605,Phillip,Gonzales,1970-10-11,MALE,INDIVIDUAL,226,Divorced
577028,Lillian,Black,1991-09-30,FEMALE,INDIVIDUAL,677,Married
577143,Alan,Dean,1952-03-12,MALE,INDIVIDUAL,6,Married
577167,Donna,Hughes,1987-09-21,FEMALE,INDIVIDUAL,110,Divorced
577168,Melissa,Arnold,1990-03-01,FEMALE,INDIVIDUAL,782,Single
577171,Craig,Thomas,1984-08-24,MALE,INDIVIDUAL,991,Married
577205,Rachel,Washington,1964-03-06,FEMALE,INDIVIDUAL,545,Single
577536,Ruby,Holmes,1981-04-15,FEMALE,INDIVIDUAL,824,Single
577544,Sarah,Allen,1984-07-02,FEMALE,INDIVIDUAL,476,Divorced
577700,Paul,Moore,1974-07-28,MALE,INDIVIDUAL,727,Married
577824,Pamela,Cox,1981-05-22,FEMALE,INDIVIDUAL,484,Divorced
577825,Sarah,Olson,1979-11-21,FEMALE,INDIVIDUAL,278,Single
577943,Roy,Brooks,1963-04-11,MALE,INDIVIDUAL,341,Single
578228,Samuel,Garrett,2009-06-07,MALE,INDIVIDUAL,243,Married
578440,Anne,Chavez,2012-09-10,FEMALE,INDIVIDUAL,384,Married
578691,Harry,Torres,1981-07-31,MALE,INDIVIDUAL,760,Single
578851,Barbara,Ford,1975-08-11,FEMALE,INDIVIDUAL,794,Divorced
578865,Deborah,Jones,2002-04-30,FEMALE,INDIVIDUAL,802,Divorced
578870,Daniel,Torres,1971-09-23,MALE,INDIVIDUAL,218,Married
578913,Mark,Berry,1973-03-18,MALE,INDIVIDUAL,746,Married
578990,Virginia,Medina,1995-01-21,FEMALE,INDIVIDUAL,729,Married
579117,Daniel,Hicks,1961-02-09,MALE,INDIVIDUAL,658,Married
579501,Diana,Burton,1963-04-18,FEMALE,INDIVIDUAL,32,Divorced
579731,Juan,Rodriguez,1966-10-27,MALE,INDIVIDUAL,843,Divorced
580205,Terry,Carroll,1973-06-25,MALE,INDIVIDUAL,219,Married
580595,Bruce,Griffin,1967-01-04,MALE,INDIVIDUAL,244,Single
580604,Kimberly,Reid,1991-02-01,FEMALE,INDIVIDUAL,88,Divorced
580802,Thomas,Olson,1954-01-13,MALE,INDIVIDUAL,925,Married
580913,Laura,Black,1954-03-22,FEMALE,INDIVIDUAL,496,Married
580989,Barbara,Porter,1991-04-07,FEMALE,INDIVIDUAL,216,Single
581074,Joshua,Shaw,1976-02-27,MALE,INDIVIDUAL,34,Married
581090,Maria,Webb,2010-05-14,FEMALE,INDIVIDUAL,155,Married
581311,Kathy,Willis,1957-01-17,FEMALE,INDIVIDUAL,246,Single
581701,Dorothy,Jones,2010-07-22,FEMALE,INDIVIDUAL,682,Single
581847,Melissa,Kennedy,2009-04-03,FEMALE,INDIVIDUAL,916,Single
581849,Russell,Hart,1970-06-06,MALE,INDIVIDUAL,927,Married
582299,Ryan,Wood,1976-04-22,MALE,INDIVIDUAL,546,Single
582583,Ruth,Williams,2006-06-05,FEMALE,INDIVIDUAL,492,Divorced
582687,Helen,Wallace,1967-02-16,FEMALE,INDIVIDUAL,122,Single
582742,Diane,Mitchell,1984-06-04,FEMALE,INDIVIDUAL,626,Divorced
583094,Robert,Grant,1979-02-12,MALE,INDIVIDUAL,941,Married
583107,Gloria,Shaw,1988-01-04,FEMALE,INDIVIDUAL,622,Married
583286,Christine,Foster,1961-12-02,FEMALE,INDIVIDUAL,26,Married
583323,Roy,Lawrence,1979-08-05,MALE,INDIVIDUAL,449,Married
583742,Eugene,Wells,1973-06-29,MALE,INDIVIDUAL,527,Married
583948,Dennis,Robertson,1971-05-07,MALE,INDIVIDUAL,450,Married
583971,Martin,Anderson,2002-04-03,MALE,INDIVIDUAL,399,Single
583982,Wanda,Mills,1984-01-31,FEMALE,INDIVIDUAL,844,Married
584328,Debra,Jackson,1966-05-26,FEMALE,INDIVIDUAL,740,Married
584367,Kathryn,Fuller,1990-02-03,FEMALE,INDIVIDUAL,645,Married
584396,Marie,Brooks,1964-11-25,FEMALE,INDIVIDUAL,104,Single
584553,John,Thompson,1968-10-09,MALE,INDIVIDUAL,834,Single
584697,Barbara,Daniels,1967-08-11,FEMALE,INDIVIDUAL,417,Single
584740,Ruby,Chapman,2000-03-16,FEMALE,INDIVIDUAL,859,Single
584845,Fred,Ortiz,1969-12-16,MALE,INDIVIDUAL,364,Married
585269,Denise,Hernandez,1967-11-18,FEMALE,INDIVIDUAL,52,Single
585290,Amy,Chavez,1977-08-21,FEMALE,INDIVIDUAL,854,Married
585343,Martha,Hanson,1973-08-08,FEMALE,INDIVIDUAL,511,Married
585369,Denise,Bishop,1985-08-29,FEMALE,INDIVIDUAL,752,Married
585412,Barbara,Rodriguez,1974-11-05,FEMALE,INDIVIDUAL,93,Single
585422,Helen,Andrews,1962-04-02,FEMALE,INDIVIDUAL,822,Married
585563,Joan,Powell,1962-11-04,FEMALE,INDIVIDUAL,579,Married
585609,Judy,Johnston,1989-04-21,FEMALE,INDIVIDUAL,885,Divorced
585733,Roy,Wright,1971-11-16,MALE,INDIVIDUAL,203,Divorced
585835,Henry,Wagner,1983-12-14,MALE,INDIVIDUAL,610,Single
585915,Walter,Burns,1988-09-23,MALE,INDIVIDUAL,51,Married
586278,Willie,Bennett,1985-09-21,MALE,INDIVIDUAL,428,Married
586284,Jeffrey,Hanson,1968-10-31,MALE,INDIVIDUAL,150,Married
586289,Clarence,Miller,1969-12-21,MALE,INDIVIDUAL,601,Married
586290,Janice,Turner,1982-02-14,FEMALE,INDIVIDUAL,926,Married
586701,Lawrence,Larson,1950-10-29,MALE,INDIVIDUAL,832,Single
586884,Clarence,Holmes,1988-03-18,MALE,INDIVIDUAL,49,Married
587497,Roger,Boyd,1974-07-27,MALE,INDIVIDUAL,624,Single
587589,Joseph,Lynch,1952-12-13,MALE,INDIVIDUAL,428,Married
587635,James,Carr,1991-04-14,MALE,INDIVIDUAL,837,Married
587736,Theresa,Edwards,1971-04-30,FEMALE,INDIVIDUAL,843,Single
588500,Janice,Allen,1981-09-21,FEMALE,INDIVIDUAL,165,Married
588518,Cynthia,Garrett,1983-10-03,FEMALE,INDIVIDUAL,447,Married
588627,Ashley,Greene,1954-04-07,FEMALE,INDIVIDUAL,572,Married
588949,Martha,Boyd,1979-01-02,FEMALE,INDIVIDUAL,203,Divorced
589275,Andrea,James,1962-09-06,FEMALE,INDIVIDUAL,478,Married
589469,Gregory,Hernandez,1952-12-06,MALE,INDIVIDUAL,831,Married
589609,Jimmy,Henry,2010-11-25,MALE,INDIVIDUAL,101,Single
589673,Adam,Mccoy,1967-01-06,MALE,INDIVIDUAL,750,Divorced
589687,Henry,Elliott,1974-05-16,MALE,INDIVIDUAL,882,Single
589823,Mildred,Bowman,1961-04-16,FEMALE,INDIVIDUAL,595,Married
590346,Craig,Johnston,1975-05-31,MALE,INDIVIDUAL,896,Single
590488,Roger,Kennedy,1958-01-01,MALE,INDIVIDUAL,554,Married
590689,James,Phillips,1973-05-30,MALE,INDIVIDUAL,676,Single
590740,Nicholas,Kelly,1960-10-17,MALE,INDIVIDUAL,471,Married
591232,William,Willis,1963-02-21,MALE,INDIVIDUAL,297,Single
591388,Theresa,Clark,1980-05-02,FEMALE,INDIVIDUAL,91,Divorced
591592,Eric,Hunter,1972-07-08,MALE,INDIVIDUAL,144,Married
591611,Frances,Russell,1972-10-27,FEMALE,INDIVIDUAL,12,Married
591669,Raymond,Davis,1978-01-29,MALE,INDIVIDUAL,823,Married
591902,Craig,Murphy,2004-05-01,MALE,INDIVIDUAL,550,Single
591904,Jason,Rodriguez,1969-08-09,MALE,INDIVIDUAL,730,Divorced
592254,Gary,Griffin,1979-02-27,MALE,INDIVIDUAL,61,Married
592260,Tammy,Wilson,2010-06-05,FEMALE,INDIVIDUAL,242,Married
592295,Betty,Taylor,1977-09-09,FEMALE,INDIVIDUAL,2,Single
592396,Albert,Parker,1970-09-05,MALE,INDIVIDUAL,659,Single
592431,Donna,Davis,1984-03-02,FEMALE,INDIVIDUAL,53,Married
592644,Peter,Rodriguez,1956-03-09,MALE,INDIVIDUAL,543,Married
592765,Ernest,Cole,1959-06-18,MALE,INDIVIDUAL,511,Married
592818,Debra,Gilbert,1985-12-27,FEMALE,INDIVIDUAL,854,Married
592820,Carl,Harper,1994-05-13,MALE,INDIVIDUAL,695,Married
592821,Benjamin,Fowler,1960-11-14,MALE,INDIVIDUAL,72,Single
592822,Arthur,Hanson,1957-03-17,MALE,INDIVIDUAL,599,Married
592823,Todd,Ramirez,1982-07-12,MALE,INDIVIDUAL,745,Divorced
592989,Jane,Freeman,1975-10-17,FEMALE,INDIVIDUAL,746,Single
593027,Mildred,Fernandez,1966-07-19,FEMALE,INDIVIDUAL,581,Divorced
593132,Ruth,Campbell,1977-08-03,FEMALE,INDIVIDUAL,247,Divorced
593215,Kathleen,Lawrence,1963-01-29,FEMALE,INDIVIDUAL,696,Single
593218,Mark,Torres,1993-05-24,MALE,INDIVIDUAL,33,Married
593639,Kathy,Carr,1968-07-27,FEMALE,INDIVIDUAL,203,Married
594011,Melissa,Fields,1979-11-27,FEMALE,INDIVIDUAL,546,Married
594049,Brian,Riley,1971-10-05,MALE,INDIVIDUAL,193,Single
594193,Alan,Price,1984-02-28,MALE,INDIVIDUAL,117,Married
594287,Ronald,Collins,1968-11-01,MALE,INDIVIDUAL,809,Married
594289,Harold,Boyd,2004-07-24,MALE,INDIVIDUAL,259,Married
594293,Roy,Hawkins,2007-04-22,MALE,INDIVIDUAL,493,Married
594666,Helen,Riley,1990-09-11,FEMALE,INDIVIDUAL,624,Married
594675,Evelyn,Washington,1974-06-16,FEMALE,INDIVIDUAL,986,Married
596017,Earl,Gray,2001-03-06,MALE,INDIVIDUAL,499,Married
596036,Louis,Nelson,1970-11-28,MALE,INDIVIDUAL,40,Divorced
596294,Rachel,Garcia,1963-09-28,FEMALE,INDIVIDUAL,291,Married
596338,Phillip,Lawrence,1964-03-20,MALE,INDIVIDUAL,692,Married
596388,David,Brown,2008-10-20,MALE,INDIVIDUAL,102,Single
596545,Ashley,Myers,1960-08-07,FEMALE,INDIVIDUAL,641,Married
597204,Sara,Rice,1957-05-03,FEMALE,INDIVIDUAL,507,Single
597206,Alice,Lawson,1990-05-08,FEMALE,INDIVIDUAL,87,Single
598190,Julia,White,1976-12-27,FEMALE,INDIVIDUAL,18,Married
598435,Jason,Wallace,1978-06-19,MALE,INDIVIDUAL,192,Single
598465,Diane,Holmes,1973-01-31,FEMALE,INDIVIDUAL,673,Married
598478,Lawrence,Russell,1980-07-25,MALE,INDIVIDUAL,671,Single
599020,Ralph,Watkins,1970-10-28,MALE,INDIVIDUAL,900,Single
599089,Joyce,Baker,1996-06-28,FEMALE,INDIVIDUAL,38,Married
599138,Harry,Simmons,1976-06-03,MALE,INDIVIDUAL,373,Single
599214,Annie,Porter,1961-06-24,FEMALE,INDIVIDUAL,873,Single
599215,Patricia,Martinez,1984-06-06,FEMALE,INDIVIDUAL,769,Single
599238,Emily,Hernandez,1977-11-02,FEMALE,INDIVIDUAL,278,Single
599330,Helen,Austin,1985-11-14,FEMALE,INDIVIDUAL,871,Married
599920,Donna,Bennett,1989-03-06,FEMALE,INDIVIDUAL,676,Married
599963,Carl,Sullivan,1962-09-11,MALE,INDIVIDUAL,919,Divorced
599965,Andrew,Ford,1977-05-13,MALE,INDIVIDUAL,87,Single
600145,Carol,Mendoza,1987-10-15,FEMALE,INDIVIDUAL,668,Married
600208,Andrea,Greene,1972-04-22,FEMALE,INDIVIDUAL,919,Married
600314,Amy,Russell,1960-11-07,FEMALE,INDIVIDUAL,166,Married
600422,Teresa,Jacobs,1986-07-27,FEMALE,INDIVIDUAL,374,Married
600558,Jonathan,Snyder,1994-10-28,MALE,INDIVIDUAL,102,Single
600559,Victor,Phillips,1961-08-18,MALE,INDIVIDUAL,732,Single
600685,Christina,Howell,1969-04-10,FEMALE,INDIVIDUAL,124,Single
600700,Mildred,James,1972-01-22,FEMALE,INDIVIDUAL,191,Single
600802,Russell,Williams,1960-10-30,MALE,INDIVIDUAL,236,Single
600878,Janice,Patterson,1974-07-17,FEMALE,INDIVIDUAL,731,Married
601034,Willie,Burns,1973-11-01,MALE,INDIVIDUAL,213,Married
601077,Howard,Rivera,1960-10-08,MALE,INDIVIDUAL,781,Divorced
601183,Margaret,Hill,1964-08-06,FEMALE,INDIVIDUAL,804,Married
601510,Sean,Gilbert,1980-02-01,MALE,INDIVIDUAL,747,Single
601658,Sandra,Lewis,1967-05-10,FEMALE,INDIVIDUAL,665,Married
602001,Timothy,Lynch,1972-04-15,MALE,INDIVIDUAL,245,Single
602093,Douglas,Chapman,1980-07-23,MALE,INDIVIDUAL,265,Married
602130,Patricia,Rodriguez,2011-11-11,FEMALE,INDIVIDUAL,283,Married
602338,Diana,Ross,1971-10-09,FEMALE,INDIVIDUAL,534,Single
602922,Jacqueline,Cox,1973-10-12,FEMALE,INDIVIDUAL,416,Single
603143,Sharon,Fisher,1966-09-01,FEMALE,INDIVIDUAL,45,Married
603179,Cynthia,Richardson,2011-03-28,FEMALE,INDIVIDUAL,786,Single
603183,Anthony,Freeman,1979-03-15,MALE,INDIVIDUAL,627,Married
603246,Helen,Lewis,2011-11-02,FEMALE,INDIVIDUAL,365,Single
603258,Roy,Peters,2009-11-15,MALE,INDIVIDUAL,453,Married
603270,Victor,Duncan,1964-03-30,MALE,INDIVIDUAL,658,Single
603284,Willie,Duncan,1975-08-23,MALE,INDIVIDUAL,681,Married
603287,Donna,Brown,1989-01-15,FEMALE,INDIVIDUAL,134,Married
603832,Jesse,Carter,1982-10-10,MALE,INDIVIDUAL,628,Divorced
603850,Craig,Lynch,1977-10-03,MALE,INDIVIDUAL,927,Married
604333,Bobby,Stanley,1973-10-06,MALE,INDIVIDUAL,46,Married
604878,Sara,Tucker,1972-07-27,FEMALE,INDIVIDUAL,523,Single
604908,Daniel,Ray,1979-11-28,MALE,INDIVIDUAL,338,Divorced
605574,Walter,Harper,1972-08-04,MALE,INDIVIDUAL,486,Married
605760,Angela,Scott,1971-06-12,FEMALE,INDIVIDUAL,699,Divorced
605807,David,Mason,1962-02-25,MALE,INDIVIDUAL,139,Single
605925,Donald,Henderson,1976-01-10,MALE,INDIVIDUAL,334,Single
606154,Kathleen,Moore,1975-03-09,FEMALE,INDIVIDUAL,804,Married
606172,Donald,Scott,1998-04-13,MALE,INDIVIDUAL,981,Divorced
606205,Joshua,White,1968-06-03,MALE,INDIVIDUAL,251,Married
606444,Harry,Clark,2003-07-18,MALE,INDIVIDUAL,985,Single
606468,Wanda,Hall,1969-07-31,FEMALE,INDIVIDUAL,515,Married
606623,Bobby,Reyes,1957-10-29,MALE,INDIVIDUAL,602,Married
606688,Eugene,Coleman,1975-05-31,MALE,INDIVIDUAL,959,Married
607158,Virginia,Ramirez,1969-09-23,FEMALE,INDIVIDUAL,494,Married
607381,Jason,Riley,1977-03-24,MALE,INDIVIDUAL,211,Married
607566,Laura,Harrison,1962-02-13,FEMALE,INDIVIDUAL,680,Married
608152,Brian,Wells,1972-10-02,MALE,INDIVIDUAL,676,Single
608346,Robert,Hansen,1969-07-15,MALE,INDIVIDUAL,80,Single
608492,Carl,Roberts,1974-10-19,MALE,INDIVIDUAL,155,Single
608725,Deborah,Hayes,1978-01-27,FEMALE,INDIVIDUAL,439,Married
608908,Joseph,Elliott,1988-07-15,MALE,INDIVIDUAL,37,Married
609064,Willie,Fisher,1996-05-13,MALE,INDIVIDUAL,262,Single
609154,Louise,Kim,1971-02-02,FEMALE,INDIVIDUAL,147,Married
609282,Roy,Welch,1972-02-13,MALE,INDIVIDUAL,406,Single
609464,Katherine,Holmes,1980-03-21,FEMALE,INDIVIDUAL,276,Divorced
609487,Joseph,Garrett,1972-07-06,MALE,INDIVIDUAL,183,Married
609816,Keith,George,1955-03-10,MALE,INDIVIDUAL,165,Divorced
609850,Gloria,Murray,1999-05-10,FEMALE,INDIVIDUAL,575,Single
610105,Irene,Martin,1982-07-15,FEMALE,INDIVIDUAL,286,Married
610129,Roy,Hanson,1975-05-30,MALE,INDIVIDUAL,483,Married
610167,Rebecca,Mitchell,1970-11-11,FEMALE,INDIVIDUAL,263,Married
610288,Albert,Brooks,1976-12-18,MALE,INDIVIDUAL,169,Married
610553,Thomas,Freeman,1966-06-26,MALE,INDIVIDUAL,866,Married
610599,Carlos,Knight,1968-09-10,MALE,INDIVIDUAL,446,Married
610846,Craig,Woods,1955-07-10,MALE,INDIVIDUAL,852,Divorced
610958,Mildred,Chavez,1972-04-13,FEMALE,INDIVIDUAL,208,Married
610980,Amanda,Brooks,1962-08-19,FEMALE,INDIVIDUAL,184,Single
611074,Joyce,Williamson,1969-07-23,FEMALE,INDIVIDUAL,517,Single
611530,Diane,Carter,1952-03-16,FEMALE,INDIVIDUAL,659,Single
611756,Pamela,Gonzalez,1978-04-18,FEMALE,INDIVIDUAL,968,Married
611860,Gerald,Burton,2011-05-05,MALE,INDIVIDUAL,640,Married
611968,Harold,Lopez,1960-07-07,MALE,INDIVIDUAL,930,Divorced
612463,Philip,Palmer,1975-05-16,MALE,INDIVIDUAL,39,Divorced
612493,Brandon,Fisher,1959-04-01,MALE,INDIVIDUAL,976,Married
612522,Terry,Palmer,1979-10-02,MALE,INDIVIDUAL,824,Married
612606,Phillip,Bailey,1976-09-30,MALE,INDIVIDUAL,945,Single
612771,Russell,Bell,1968-12-26,MALE,INDIVIDUAL,529,Single
612970,Julie,Welch,1973-01-08,FEMALE,INDIVIDUAL,263,Married
613147,Roy,Hernandez,1981-10-09,MALE,INDIVIDUAL,138,Single
613262,Walter,Lee,1977-12-07,MALE,INDIVIDUAL,699,Married
614002,Steven,Martinez,1981-10-23,MALE,INDIVIDUAL,542,Married
614106,Craig,Walker,1992-07-25,MALE,INDIVIDUAL,352,Divorced
614129,Roy,Garza,1956-11-17,MALE,INDIVIDUAL,107,Married
614270,Robin,Murphy,1981-09-02,FEMALE,INDIVIDUAL,413,Divorced
614285,Jessica,Burton,1977-12-18,FEMALE,INDIVIDUAL,823,Married
614466,Patricia,Robertson,1966-08-10,FEMALE,INDIVIDUAL,176,Married
614679,Mary,Banks,1973-10-28,FEMALE,INDIVIDUAL,805,Married
614793,Richard,Wilson,1971-01-26,MALE,INDIVIDUAL,736,Married
614864,Terry,Mccoy,1969-03-01,MALE,INDIVIDUAL,850,Married
615323,Lillian,Knight,1971-06-02,FEMALE,INDIVIDUAL,552,Single
615324,Todd,Hicks,1980-11-26,MALE,INDIVIDUAL,406,Married
615616,Nicole,Pierce,1984-04-14,FEMALE,INDIVIDUAL,325,Single
615679,Irene,Williamson,1953-05-24,FEMALE,INDIVIDUAL,177,Married
615712,Louise,Wagner,1991-03-10,FEMALE,INDIVIDUAL,561,Married
615899,Margaret,Hicks,1967-05-17,FEMALE,INDIVIDUAL,277,Single
615990,Jennifer,Payne,1952-03-03,FEMALE,INDIVIDUAL,450,Married
616019,Tammy,Hunter,1996-01-12,FEMALE,INDIVIDUAL,160,Single
616040,Shawn,Graham,1959-02-22,MALE,INDIVIDUAL,244,Divorced
616069,Tammy,Spencer,1958-12-09,FEMALE,INDIVIDUAL,774,Married
616478,Alice,Hamilton,1979-06-01,FEMALE,INDIVIDUAL,386,Married
616532,Kelly,Peterson,1974-06-07,FEMALE,INDIVIDUAL,112,Divorced
616628,Nicole,Brown,1979-04-19,FEMALE,INDIVIDUAL,469,Single
616701,Andrea,Howard,1985-06-15,FEMALE,INDIVIDUAL,235,Married
616751,Bobby,Carroll,2008-12-19,MALE,INDIVIDUAL,675,Divorced
616756,Jesse,Hayes,1980-01-23,MALE,INDIVIDUAL,228,Divorced
616905,Phillip,Moore,1965-11-19,MALE,INDIVIDUAL,953,Married
617092,Joe,Stanley,2011-05-11,MALE,INDIVIDUAL,813,Married
617160,Janice,Gibson,2003-12-22,FEMALE,INDIVIDUAL,100,Married
617168,Phyllis,Ross,1969-08-01,FEMALE,INDIVIDUAL,960,Divorced
617185,Brian,Wagner,1964-12-05,MALE,INDIVIDUAL,533,Single
617313,Evelyn,Brown,1973-01-02,FEMALE,INDIVIDUAL,186,Married
617377,Sandra,Hernandez,1975-01-08,FEMALE,INDIVIDUAL,510,Single
617833,Catherine,Welch,1973-11-19,FEMALE,INDIVIDUAL,250,Married
617981,Timothy,Patterson,1964-02-28,MALE,INDIVIDUAL,182,Married
618232,Louise,Payne,1976-04-22,FEMALE,INDIVIDUAL,815,Single
618260,Jessica,Stone,1975-01-28,FEMALE,INDIVIDUAL,945,Married
618269,Dorothy,Wells,1972-02-17,FEMALE,INDIVIDUAL,491,Married
618293,Robert,West,1978-10-25,MALE,INDIVIDUAL,772,Single
618354,Benjamin,Torres,1983-07-28,MALE,INDIVIDUAL,573,Single
618577,Aaron,Matthews,1972-07-18,MALE,INDIVIDUAL,865,Married
618729,Earl,Tucker,2006-12-28,MALE,INDIVIDUAL,594,Married
618730,Frank,Moreno,1974-08-26,MALE,INDIVIDUAL,526,Married
618862,Judith,Gomez,1987-11-14,FEMALE,INDIVIDUAL,744,Divorced
619081,Ashley,Dixon,1980-11-13,FEMALE,INDIVIDUAL,267,Married
619180,Deborah,Gardner,1981-05-11,FEMALE,INDIVIDUAL,45,Single
619286,Melissa,Anderson,1977-12-12,FEMALE,INDIVIDUAL,138,Single
619300,Patrick,Mcdonald,1973-07-24,MALE,INDIVIDUAL,582,Married
619307,Bonnie,Robertson,2002-09-17,FEMALE,INDIVIDUAL,269,Married
619308,Ann,Williams,1976-04-11,FEMALE,INDIVIDUAL,576,Married
619347,Carol,Harris,2010-10-20,FEMALE,INDIVIDUAL,722,Single
619565,Nicholas,Webb,1962-02-22,MALE,INDIVIDUAL,301,Married
619567,Eugene,Arnold,2005-12-15,MALE,INDIVIDUAL,176,Married
619795,Arthur,Patterson,1968-04-27,MALE,INDIVIDUAL,414,Married
619846,Adam,Howard,2009-10-25,MALE,INDIVIDUAL,298,Married
619905,Jerry,Holmes,1949-03-21,MALE,INDIVIDUAL,276,Married
620113,Lois,Knight,1982-10-09,FEMALE,INDIVIDUAL,497,Married
620204,Amanda,Alvarez,1972-02-24,FEMALE,INDIVIDUAL,226,Married
620216,Antonio,Baker,1968-03-23,MALE,INDIVIDUAL,147,Married
620307,Helen,Murphy,1971-05-10,FEMALE,INDIVIDUAL,837,Married
620353,Kathy,Mendoza,2008-09-05,FEMALE,INDIVIDUAL,790,Married
620853,Wayne,Hanson,1972-02-04,MALE,INDIVIDUAL,68,Single
621215,Harold,Harris,1971-11-23,MALE,INDIVIDUAL,891,Divorced
621331,Randy,Willis,2001-03-13,MALE,INDIVIDUAL,79,Married
621877,James,Cox,1970-10-25,MALE,INDIVIDUAL,215,Single
621961,Steven,Garcia,1970-07-14,MALE,INDIVIDUAL,678,Single
622326,Matthew,Duncan,1972-07-28,MALE,INDIVIDUAL,842,Married
622516,Angela,Carroll,1977-07-01,FEMALE,INDIVIDUAL,978,Married
622706,Louise,Franklin,1977-06-23,FEMALE,INDIVIDUAL,952,Single
622894,Diana,Davis,2011-01-08,FEMALE,INDIVIDUAL,347,Married
622898,Deborah,Brown,1967-08-21,FEMALE,INDIVIDUAL,425,Single
622962,Ralph,Thomas,1973-01-28,MALE,INDIVIDUAL,102,Single
622967,Johnny,Black,2008-10-14,MALE,INDIVIDUAL,764,Single
622988,Anne,Willis,1970-01-10,FEMALE,INDIVIDUAL,867,Married
623039,Keith,Gibson,2005-10-01,MALE,INDIVIDUAL,408,Divorced
623040,Terry,Woods,1954-05-27,MALE,INDIVIDUAL,748,Married
623257,Willie,Fields,1966-10-27,MALE,INDIVIDUAL,358,Married
623283,Angela,Duncan,1978-08-12,FEMALE,INDIVIDUAL,183,Divorced
623541,Juan,Dixon,1956-01-02,MALE,INDIVIDUAL,323,Married
623630,Wanda,White,1987-09-11,FEMALE,INDIVIDUAL,244,Divorced
623664,Ryan,Cruz,1953-06-27,MALE,INDIVIDUAL,8,Single
623703,Sandra,Lane,1970-06-15,FEMALE,INDIVIDUAL,255,Single
623844,Carol,Bailey,1994-01-11,FEMALE,INDIVIDUAL,80,Single
623977,Kathryn,Brooks,1980-04-19,FEMALE,INDIVIDUAL,714,Married
624175,Lisa,Scott,1978-04-22,FEMALE,INDIVIDUAL,411,Single
624313,Judy,Hanson,1973-03-27,FEMALE,INDIVIDUAL,692,Single
624836,Edward,Coleman,1974-04-01,MALE,INDIVIDUAL,414,Divorced
624990,Judy,Simmons,2006-11-27,FEMALE,INDIVIDUAL,181,Divorced
625005,Daniel,Fowler,1973-05-08,MALE,INDIVIDUAL,253,Married
625011,Stephen,King,1974-02-21,MALE,INDIVIDUAL,239,Married
625481,Sarah,Bradley,1983-12-19,FEMALE,INDIVIDUAL,406,Divorced
625505,Paula,Welch,1967-04-16,FEMALE,INDIVIDUAL,612,Married
625509,Eric,Armstrong,1967-01-01,MALE,INDIVIDUAL,712,Single
626468,Pamela,Cole,1964-06-13,FEMALE,INDIVIDUAL,517,Single
626565,Louis,Dean,1974-08-11,MALE,INDIVIDUAL,172,Single
627199,Janet,Dixon,2012-01-26,FEMALE,INDIVIDUAL,660,Married
627270,Patrick,Foster,2010-09-22,MALE,INDIVIDUAL,586,Divorced
627277,Scott,Smith,1971-05-24,MALE,INDIVIDUAL,660,Divorced
627543,Steve,Campbell,1958-10-23,MALE,INDIVIDUAL,405,Single
627958,Paul,Franklin,1949-01-18,MALE,INDIVIDUAL,467,Single
628105,Gloria,Cunningham,2012-10-26,FEMALE,INDIVIDUAL,346,Married
628106,Bobby,Graham,1984-04-02,MALE,INDIVIDUAL,836,Married
628122,Margaret,Rodriguez,1962-03-19,FEMALE,INDIVIDUAL,881,Divorced
628123,Lois,Fisher,1958-01-02,FEMALE,INDIVIDUAL,687,Married
628142,Jeremy,Sims,1978-01-15,MALE,INDIVIDUAL,730,Divorced
628269,Teresa,Bryant,2007-07-06,FEMALE,INDIVIDUAL,450,Single
628270,Aaron,Ramirez,1967-08-09,MALE,INDIVIDUAL,968,Divorced
628504,Dennis,Barnes,1971-07-29,MALE,INDIVIDUAL,687,Married
628774,Theresa,Spencer,1980-12-09,FEMALE,INDIVIDUAL,324,Married
628966,Jeremy,Duncan,2001-04-10,MALE,INDIVIDUAL,663,Married
628977,Eric,Stanley,1967-08-05,MALE,INDIVIDUAL,37,Single
629272,Gerald,Wells,2012-10-30,MALE,INDIVIDUAL,963,Married
629377,Margaret,Simpson,1973-09-13,FEMALE,INDIVIDUAL,168,Divorced
629731,Jane,Johnston,1977-01-23,FEMALE,INDIVIDUAL,436,Single
630068,Shirley,Clark,1975-12-01,FEMALE,INDIVIDUAL,668,Single
630297,Kathy,Williams,1961-06-25,FEMALE,INDIVIDUAL,529,Married
630387,Victor,Knight,1979-05-16,MALE,INDIVIDUAL,236,Single
630407,Anthony,Simpson,1980-04-02,MALE,INDIVIDUAL,673,Married
630649,Tina,Evans,1958-01-20,FEMALE,INDIVIDUAL,209,Married
630695,Chris,Austin,1973-12-06,MALE,INDIVIDUAL,308,Married
630942,Eugene,Hamilton,1975-04-10,MALE,INDIVIDUAL,496,Single
631100,Carolyn,Ellis,1979-12-27,FEMALE,INDIVIDUAL,584,Married
631395,Lisa,Nichols,1978-08-13,FEMALE,INDIVIDUAL,658,Divorced
631415,Diane,Rodriguez,1975-12-05,FEMALE,INDIVIDUAL,504,Married
631441,Wanda,Parker,1965-01-06,FEMALE,INDIVIDUAL,694,Married
631533,Joseph,Dunn,1950-05-19,MALE,INDIVIDUAL,851,Married
632310,Lawrence,Ramos,1975-09-11,MALE,INDIVIDUAL,442,Married
632407,Victor,Larson,1972-07-10,MALE,INDIVIDUAL,386,Divorced
632492,Julie,Ferguson,1965-03-09,FEMALE,INDIVIDUAL,132,Married
632553,Mildred,Scott,1979-02-27,FEMALE,INDIVIDUAL,244,Married
632645,YBK Corp,,,,COMPANY,787,
632733,Dorothy,Ortiz,1983-11-01,FEMALE,INDIVIDUAL,346,Married
632799,Johnny,Brooks,1982-09-14,MALE,INDIVIDUAL,360,Single
632997,Jesse,Matthews,1967-05-08,MALE,INDIVIDUAL,213,Single
633016,Heather,Wagner,1984-11-16,FEMALE,INDIVIDUAL,651,Married
633314,Steve,Wood,1978-03-26,MALE,INDIVIDUAL,773,Married
633439,Earl,Little,1965-12-28,MALE,INDIVIDUAL,416,Single
633481,Susan,Flores,1966-01-27,FEMALE,INDIVIDUAL,73,Divorced
633653,Jimmy,Porter,1962-03-20,MALE,INDIVIDUAL,436,Married
633690,Pamela,Hall,1956-04-06,FEMALE,INDIVIDUAL,238,Divorced
634007,Peter,Fisher,1974-03-07,MALE,INDIVIDUAL,728,Divorced
634071,Clarence,Howard,1972-12-13,MALE,INDIVIDUAL,226,Single
634119,Earl,Davis,1979-06-06,MALE,INDIVIDUAL,301,Single
634175,Bobby,Johnson,1983-02-07,MALE,INDIVIDUAL,332,Married
634215,Jeremy,Jenkins,1974-01-17,MALE,INDIVIDUAL,656,Single
634296,Shirley,Hunter,1975-08-17,FEMALE,INDIVIDUAL,160,Married
634315,Irene,Bowman,1973-01-06,FEMALE,INDIVIDUAL,75,Married
634443,Patrick,Oliver,1964-04-17,MALE,INDIVIDUAL,857,Single
635181,Karen,Walker,1979-09-14,FEMALE,INDIVIDUAL,484,Divorced
635195,Johnny,Carter,1969-05-09,MALE,INDIVIDUAL,402,Married
635381,Carolyn,Shaw,1994-05-03,FEMALE,INDIVIDUAL,227,Married
635406,Craig,Flores,1975-11-06,MALE,INDIVIDUAL,264,Single
635961,Brenda,Gray,1972-04-06,FEMALE,INDIVIDUAL,759,Divorced
636062,Alan,Perkins,1965-05-06,MALE,INDIVIDUAL,399,Single
636141,Kenneth,Cruz,1969-02-18,MALE,INDIVIDUAL,272,Divorced
636286,Jeremy,Wright,1974-05-18,MALE,INDIVIDUAL,501,Married
636287,Lampton Ltd,,,,COMPANY,968,
636288,Sara,Diaz,1973-02-27,FEMALE,INDIVIDUAL,814,Married
636556,Ryan,Sullivan,1965-08-31,MALE,INDIVIDUAL,207,Single
636559,Samuel,Griffin,1999-08-31,MALE,INDIVIDUAL,99,Single
636658,Kathy,Henry,1978-07-07,FEMALE,INDIVIDUAL,851,Single
636891,Antonio,Jacobs,1971-08-30,MALE,INDIVIDUAL,847,Single
636951,Carolyn,Kelly,1951-01-13,FEMALE,INDIVIDUAL,566,Single
637028,Donna,Torres,1971-09-28,FEMALE,INDIVIDUAL,634,Single
637278,Judy,Lee,1955-07-28,FEMALE,INDIVIDUAL,745,Single
637475,Mildred,Mccoy,1960-08-08,FEMALE,INDIVIDUAL,648,Single
637798,Lisa,Gilbert,1955-10-18,FEMALE,INDIVIDUAL,664,Married
638140,Terry,Dunn,1978-04-06,MALE,INDIVIDUAL,993,Single
638393,Nicole,Gibson,1980-12-15,FEMALE,INDIVIDUAL,134,Married
638457,Kenneth,James,1961-08-13,MALE,INDIVIDUAL,279,Single
639086,Evelyn,Perkins,1972-04-06,FEMALE,INDIVIDUAL,127,Married
639348,Deborah,Peterson,2010-07-26,FEMALE,INDIVIDUAL,156,Married
639711,Gerald,Crawford,1970-01-01,MALE,INDIVIDUAL,456,Single
639857,Jeffrey,Pierce,1969-07-29,MALE,INDIVIDUAL,293,Single
639862,Ronald,Reed,2002-12-27,MALE,INDIVIDUAL,357,Married
639909,Marie,Gomez,2008-01-18,FEMALE,INDIVIDUAL,484,Married
639914,Bobby,Gonzales,1974-06-13,MALE,INDIVIDUAL,386,Married
640161,Anthony,Jenkins,1977-03-02,MALE,INDIVIDUAL,821,Divorced
640162,Timothy,Russell,2004-02-09,MALE,INDIVIDUAL,373,Married
640229,Eugene,Barnes,1964-12-26,MALE,INDIVIDUAL,822,Married
640412,George,Stanley,1974-01-01,MALE,INDIVIDUAL,112,Married
640550,Susan,Garcia,1970-11-02,FEMALE,INDIVIDUAL,922,Married
640671,Earl,Sullivan,1967-06-12,MALE,INDIVIDUAL,514,Divorced
640776,Stephen,Henry,1979-05-10,MALE,INDIVIDUAL,950,Single
640913,Scott,Hart,2009-07-25,MALE,INDIVIDUAL,372,Single
641063,Philip,Greene,1963-11-15,MALE,INDIVIDUAL,850,Married
641170,Samuel,Campbell,1963-02-01,MALE,INDIVIDUAL,394,Married
641348,Harold,Rose,1989-08-11,MALE,INDIVIDUAL,256,Married
641368,Robert,Collins,1947-02-25,MALE,INDIVIDUAL,896,Divorced
641369,Amanda,Hanson,1956-03-12,FEMALE,INDIVIDUAL,247,Married
641379,Terry,Carpenter,1981-08-04,MALE,INDIVIDUAL,219,Married
641729,Harry,Myers,1991-10-26,MALE,INDIVIDUAL,699,Married
641734,Aaron,Clark,2002-04-28,MALE,INDIVIDUAL,371,Married
642014,Evelyn,Griffin,2006-04-21,FEMALE,INDIVIDUAL,542,Single
642016,Jose,Barnes,1971-08-04,MALE,INDIVIDUAL,691,Married
642018,Steve,Warren,1972-06-26,MALE,INDIVIDUAL,663,Single
642020,Douglas,Kennedy,1980-07-15,MALE,INDIVIDUAL,131,Single
642550,Roy,Stone,1970-04-08,MALE,INDIVIDUAL,33,Married
642574,Norma,Owens,1971-01-21,FEMALE,INDIVIDUAL,314,Single
642892,Jesse,Rodriguez,1971-12-24,MALE,INDIVIDUAL,127,Married
642986,Kathleen,Riley,1975-06-08,FEMALE,INDIVIDUAL,708,Single
643271,Rebecca,Johnston,1972-08-17,FEMALE,INDIVIDUAL,334,Married
643299,Aaron,Payne,1969-04-04,MALE,INDIVIDUAL,386,Married
643458,Doris,Hansen,1986-10-08,FEMALE,INDIVIDUAL,210,Single
643491,Antonio,Gutierrez,2012-10-27,MALE,INDIVIDUAL,159,Single
643512,Earl,Fox,1969-02-02,MALE,INDIVIDUAL,616,Married
643559,Louise,Hansen,1962-04-11,FEMALE,INDIVIDUAL,778,Married
643568,Patricia,Harvey,1981-03-03,FEMALE,INDIVIDUAL,162,Married
644015,Sandra,Larson,1988-02-03,FEMALE,INDIVIDUAL,675,Married
644088,Lisa,Hall,1999-01-29,FEMALE,INDIVIDUAL,346,Married
644158,Kelly,Hicks,1987-01-01,FEMALE,INDIVIDUAL,124,Married
644688,Bobby,Coleman,1978-09-09,MALE,INDIVIDUAL,607,Married
644706,Raymond,Carter,1969-12-10,MALE,INDIVIDUAL,459,Married
644740,Jeremy,Walker,1968-07-26,MALE,INDIVIDUAL,619,Single
644808,Gregory,Webb,1962-04-14,MALE,INDIVIDUAL,433,Single
644888,Jimmy,Reed,1985-11-03,MALE,INDIVIDUAL,796,Married
645305,Thomas,Moore,1971-03-10,MALE,INDIVIDUAL,230,Single
645534,David,Mendoza,1975-10-27,MALE,INDIVIDUAL,542,Married
645724,Timothy,Matthews,2007-09-13,MALE,INDIVIDUAL,216,Married
646013,Carlos,Marshall,1979-06-01,MALE,INDIVIDUAL,48,Married
646014,Nicholas,Lynch,1976-09-10,MALE,INDIVIDUAL,949,Divorced
646149,Larry,Tucker,1976-06-24,MALE,INDIVIDUAL,220,Single
646182,Robin,Larson,1969-10-29,FEMALE,INDIVIDUAL,133,Married
646579,Gerald,Sanchez,1971-08-03,MALE,INDIVIDUAL,897,Divorced
646686,Carlos,Henry,1964-01-26,MALE,INDIVIDUAL,106,Single
646879,Sarah,Day,1970-03-25,FEMALE,INDIVIDUAL,26,Single
646888,Katherine,Phillips,1969-07-10,FEMALE,INDIVIDUAL,768,Married
646897,Susan,Myers,1964-01-01,FEMALE,INDIVIDUAL,695,Married
647092,Denise,Cruz,1986-03-10,FEMALE,INDIVIDUAL,114,Single
647318,Joseph,Matthews,1977-09-10,MALE,INDIVIDUAL,687,Married
647410,Ryan,Rivera,1979-08-03,MALE,INDIVIDUAL,533,Single
647483,Alan,Johnston,1975-08-19,MALE,INDIVIDUAL,640,Single
647683,David,Woods,1983-04-27,MALE,INDIVIDUAL,77,Single
647743,Bobby,Simmons,2010-03-10,MALE,INDIVIDUAL,437,Married
647747,Timothy,Bell,1970-09-30,MALE,INDIVIDUAL,545,Married
647750,Johnny,Davis,1969-05-10,MALE,INDIVIDUAL,75,Married
647759,Gregory,Harvey,2008-09-16,MALE,INDIVIDUAL,619,Married
647787,Ronald,Alvarez,1976-08-24,MALE,INDIVIDUAL,533,Single
647837,Benjamin,Hall,1968-07-16,MALE,INDIVIDUAL,318,Married
647849,Heather,Sanders,1998-06-15,FEMALE,INDIVIDUAL,224,Married
648231,Bobby,Wood,1978-03-31,MALE,INDIVIDUAL,824,Married
648661,Arthur,Stephens,1980-05-15,MALE,INDIVIDUAL,405,Single
648844,Edward,Hill,1978-05-03,MALE,INDIVIDUAL,286,Married
649754,Kathy,Mcdonald,1988-07-14,FEMALE,INDIVIDUAL,8,Married
649944,Amanda,Oliver,2000-04-01,FEMALE,INDIVIDUAL,747,Single
650097,Karen,Nguyen,1957-10-22,FEMALE,INDIVIDUAL,924,Single
650128,Theresa,Day,1973-05-01,FEMALE,INDIVIDUAL,109,Single
650372,Denise,Mendoza,1969-02-07,FEMALE,INDIVIDUAL,605,Married
650644,Lawrence,Miller,2003-03-08,MALE,INDIVIDUAL,983,Married
650717,Jennifer,Black,1986-01-28,FEMALE,INDIVIDUAL,428,Married
650718,Debra,Gonzalez,1989-03-14,FEMALE,INDIVIDUAL,691,Married
650738,Joseph,Sanders,1953-07-01,MALE,INDIVIDUAL,297,Married
650837,Jane,Grant,1986-07-17,FEMALE,INDIVIDUAL,644,Married
651131,Donna,Freeman,1976-12-13,FEMALE,INDIVIDUAL,735,Married
651234,Scott,Stevens,1974-03-16,MALE,INDIVIDUAL,810,Married
651437,Sharon,Reid,1987-01-03,FEMALE,INDIVIDUAL,56,Married
651693,Tammy,Cook,1972-07-04,FEMALE,INDIVIDUAL,20,Married
651748,Donna,Castillo,1972-03-12,FEMALE,INDIVIDUAL,323,Single
652076,Shirley,Bailey,1980-04-26,FEMALE,INDIVIDUAL,4,Married
652097,Phyllis,Butler,1982-07-29,FEMALE,INDIVIDUAL,625,Single
652280,Ronald,Fields,1967-06-26,MALE,INDIVIDUAL,861,Married
652369,Thomas,Greene,1979-04-27,MALE,INDIVIDUAL,103,Divorced
652413,Donald,Barnes,1960-01-24,MALE,INDIVIDUAL,654,Married
652425,William,Stephens,1967-10-04,MALE,INDIVIDUAL,884,Single
652624,Carol,Welch,1960-01-17,FEMALE,INDIVIDUAL,457,Single
652635,Russell,Bailey,1980-12-06,MALE,INDIVIDUAL,446,Single
652737,Arthur,Robertson,1982-04-06,MALE,INDIVIDUAL,193,Married
653058,Teresa,Montgomery,1981-11-22,FEMALE,INDIVIDUAL,784,Married
653170,Joseph,Jackson,1970-01-20,MALE,INDIVIDUAL,120,Single
653261,Joseph,Hernandez,2012-03-14,MALE,INDIVIDUAL,540,Married
653663,Christine,Mills,1972-08-05,FEMALE,INDIVIDUAL,518,Single
653947,Stephen,Spencer,1974-11-22,MALE,INDIVIDUAL,604,Divorced
654049,Betty,Williams,1980-01-29,FEMALE,INDIVIDUAL,598,Single
654050,Alice,Lee,1983-11-22,FEMALE,INDIVIDUAL,216,Married
654180,Carlos,Cunningham,1973-04-09,MALE,INDIVIDUAL,604,Single
654430,Douglas,Davis,1974-09-22,MALE,INDIVIDUAL,462,Married
654497,Nicholas,Dixon,1959-02-28,MALE,INDIVIDUAL,11,Single
654716,Laura,Clark,1968-04-29,FEMALE,INDIVIDUAL,734,Married
654769,Lisa,Jackson,1958-05-03,FEMALE,INDIVIDUAL,255,Single
654886,Deborah,Wright,1969-09-15,FEMALE,INDIVIDUAL,888,Single
654942,Jennifer,Hayes,2001-01-13,FEMALE,INDIVIDUAL,99,Single
654943,John,Henry,1969-08-06,MALE,INDIVIDUAL,945,Single
654969,Amanda,Morrison,1977-08-24,FEMALE,INDIVIDUAL,65,Single
655082,Ronald,Matthews,1973-04-04,MALE,INDIVIDUAL,576,Single
655104,Donald,Lopez,2006-12-01,MALE,INDIVIDUAL,786,Divorced
655258,Amanda,Torres,2010-04-17,FEMALE,INDIVIDUAL,593,Married
655514,Joan,Gardner,2011-04-04,FEMALE,INDIVIDUAL,153,Married
655764,Rose,Williams,1981-12-06,FEMALE,INDIVIDUAL,716,Married
655808,Jason,Lynch,1980-06-30,MALE,INDIVIDUAL,551,Divorced
656011,Willie,Chavez,1961-11-17,MALE,INDIVIDUAL,14,Divorced
656299,Phyllis,Young,1991-12-05,FEMALE,INDIVIDUAL,244,Married
656400,Justin,Sanchez,1980-02-08,MALE,INDIVIDUAL,565,Married
656578,Carl,Knight,1978-06-21,MALE,INDIVIDUAL,537,Married
656651,Sandra,Hall,1975-05-10,FEMALE,INDIVIDUAL,180,Single
656898,Sean,Watkins,1969-07-25,MALE,INDIVIDUAL,405,Single
657000,Diana,Peters,1967-05-25,FEMALE,INDIVIDUAL,278,Single
657088,Sarah,Hanson,1970-10-17,FEMALE,INDIVIDUAL,945,Married
657127,Rachel,Simmons,1982-06-04,FEMALE,INDIVIDUAL,970,Single
657415,Barbara,Bennett,1959-08-04,FEMALE,INDIVIDUAL,972,Married
657610,John,Reid,1945-04-20,MALE,INDIVIDUAL,397,Married
657625,Karen,Gilbert,1982-12-09,FEMALE,INDIVIDUAL,181,Single
657710,Teresa,Wilson,2003-08-12,FEMALE,INDIVIDUAL,620,Single
657806,Bobby,Phillips,1969-08-05,MALE,INDIVIDUAL,823,Single
657871,Donna,Warren,1970-02-04,FEMALE,INDIVIDUAL,68,Married
657960,Gloria,Young,1988-02-27,FEMALE,INDIVIDUAL,606,Married
658107,Catherine,Grant,1971-03-21,FEMALE,INDIVIDUAL,793,Single
658267,Douglas,Gomez,1984-06-17,MALE,INDIVIDUAL,757,Married
658398,Justin,Jackson,1958-02-24,MALE,INDIVIDUAL,982,Single
658430,Susan,Mccoy,2008-03-28,FEMALE,INDIVIDUAL,485,Single
658655,David,Coleman,1977-01-01,MALE,INDIVIDUAL,167,Single
658665,Larry,Nelson,2011-09-17,MALE,INDIVIDUAL,238,Married
659082,Jason,Harris,1968-12-09,MALE,INDIVIDUAL,622,Divorced
659192,Heather,Brooks,1970-09-16,FEMALE,INDIVIDUAL,589,Divorced
659466,Steven,Dunn,1975-10-10,MALE,INDIVIDUAL,346,Married
659882,Lisa,Gonzales,1996-08-13,FEMALE,INDIVIDUAL,933,Single
659905,Bobby,Flores,1966-07-05,MALE,INDIVIDUAL,476,Married
660569,Heather,Johnston,1981-03-23,FEMALE,INDIVIDUAL,357,Single
660890,Jane,Hudson,1975-06-25,FEMALE,INDIVIDUAL,408,Divorced
661085,Bruce,Butler,2001-09-10,MALE,INDIVIDUAL,385,Divorced
661089,Jeffrey,Morales,1965-02-10,MALE,INDIVIDUAL,191,Married
661439,Benjamin,Roberts,1978-04-22,MALE,INDIVIDUAL,869,Single
661516,Phyllis,Rivera,1965-07-26,FEMALE,INDIVIDUAL,259,Married
661657,Jose,Ortiz,1973-08-25,MALE,INDIVIDUAL,477,Married
661782,Brandon,Nichols,1966-10-01,MALE,INDIVIDUAL,884,Single
661974,Kelly,Carter,1980-01-27,FEMALE,INDIVIDUAL,883,Married
662401,Eugene,Schmidt,1963-03-20,MALE,INDIVIDUAL,417,Married
662434,Janet,Parker,1972-02-29,FEMALE,INDIVIDUAL,902,Married
662675,Ernest,Perkins,2008-08-03,MALE,INDIVIDUAL,244,Single
662678,Eric,Peterson,1999-07-06,MALE,INDIVIDUAL,448,Divorced
662955,Kelly,Jordan,1975-05-21,FEMALE,INDIVIDUAL,822,Married
662957,Debra,Allen,1979-08-25,FEMALE,INDIVIDUAL,70,Married
662979,Kathleen,Hughes,1977-04-20,FEMALE,INDIVIDUAL,519,Single
663270,Shawn,Bishop,1967-02-09,MALE,INDIVIDUAL,965,Single
663376,Virginia,Rice,1986-01-15,FEMALE,INDIVIDUAL,60,Married
663492,Christina,Lawrence,1979-06-07,FEMALE,INDIVIDUAL,449,Married
663744,Susan,Day,1972-05-18,FEMALE,INDIVIDUAL,198,Single
663777,Kenneth,Jacobs,1970-06-17,MALE,INDIVIDUAL,437,Married
663804,Jason,Chavez,1946-01-19,MALE,INDIVIDUAL,629,Divorced
663805,Harry,Schmidt,1975-06-09,MALE,INDIVIDUAL,189,Married
664046,Willie,Bowman,1974-09-18,MALE,INDIVIDUAL,298,Married
664190,Sean,Thompson,1974-01-02,MALE,INDIVIDUAL,68,Single
664273,Steve,Hayes,2008-10-01,MALE,INDIVIDUAL,154,Married
664387,Mary,Long,1958-02-23,FEMALE,INDIVIDUAL,375,Divorced
664512,Chris,Hughes,1976-12-09,MALE,INDIVIDUAL,653,Married
664539,Jack,Long,1973-04-18,MALE,INDIVIDUAL,57,Divorced
664921,Scott,Rose,1975-07-28,MALE,INDIVIDUAL,567,Married
665069,Jeffrey,Fox,1971-08-31,MALE,INDIVIDUAL,573,Divorced
665145,Nicole,Romero,1979-09-16,FEMALE,INDIVIDUAL,24,Married
665226,Steven,Wagner,1972-03-20,MALE,INDIVIDUAL,858,Married
665656,Steven,Evans,2005-11-26,MALE,INDIVIDUAL,270,Single
665659,Clarence,Roberts,1978-06-17,MALE,INDIVIDUAL,671,Married
665666,Jeffrey,Long,1995-08-26,MALE,INDIVIDUAL,266,Married
665669,Phillip,Ramos,1959-05-01,MALE,INDIVIDUAL,14,Single
665745,John,Dunn,1978-01-16,MALE,INDIVIDUAL,389,Married
665801,Donald,Berry,1985-10-15,MALE,INDIVIDUAL,842,Single
665978,Benjamin,Anderson,2006-05-27,MALE,INDIVIDUAL,402,Divorced
666112,Patrick,Henry,1958-01-29,MALE,INDIVIDUAL,891,Married
666182,Helen,Rivera,1982-11-15,FEMALE,INDIVIDUAL,223,Divorced
666213,Judy,Tucker,1959-11-28,FEMALE,INDIVIDUAL,138,Married
666290,Lisa,Ramos,1981-12-07,FEMALE,INDIVIDUAL,35,Single
666378,Brandon,Jones,1977-10-21,MALE,INDIVIDUAL,118,Single
666483,Betty,Peterson,1982-11-25,FEMALE,INDIVIDUAL,858,Married
666640,Andrew,Mills,1968-04-09,MALE,INDIVIDUAL,791,Married
666749,Thomas,Hunter,1955-01-01,MALE,INDIVIDUAL,418,Married
666990,Kimberly,Wagner,1957-06-22,FEMALE,INDIVIDUAL,511,Married
667173,Fred,King,1965-01-19,MALE,INDIVIDUAL,517,Single
667375,BD Ltd,,,,COMPANY,483,
667724,Daniel,Spencer,1971-08-10,MALE,INDIVIDUAL,481,Divorced
667835,Albert,Cooper,2009-11-07,MALE,INDIVIDUAL,240,Married
667848,Robert,Fernandez,1958-02-01,MALE,INDIVIDUAL,707,Single
667993,Sean,Holmes,1970-03-13,MALE,INDIVIDUAL,11,Married
668348,Jeffrey,Mason,1966-06-01,MALE,INDIVIDUAL,172,Divorced
668366,Louis,Gonzalez,1953-01-16,MALE,INDIVIDUAL,931,Single
668518,Norma,Patterson,2005-05-12,FEMALE,INDIVIDUAL,92,Single
669155,Frances,Olson,1985-03-18,FEMALE,INDIVIDUAL,950,Single
669339,Jason,Myers,1982-10-02,MALE,INDIVIDUAL,583,Married
669627,Walter,Romero,1983-03-15,MALE,INDIVIDUAL,745,Married
669800,Pamela,Fuller,2010-03-25,FEMALE,INDIVIDUAL,15,Single
669824,Jose,Lewis,2007-01-12,MALE,INDIVIDUAL,109,Married
669836,Alan,Fowler,1953-07-04,MALE,INDIVIDUAL,919,Divorced
669952,Jacqueline,Riley,2004-06-04,FEMALE,INDIVIDUAL,573,Divorced
670046,Diana,Grant,1951-04-18,FEMALE,INDIVIDUAL,604,Married
670084,Carl,Garcia,1981-05-05,MALE,INDIVIDUAL,475,Married
670214,Jesse,White,1968-01-30,MALE,INDIVIDUAL,755,Married
670597,Michelle,Willis,1983-01-25,FEMALE,INDIVIDUAL,547,Married
671058,Jimmy,Shaw,1966-02-01,MALE,INDIVIDUAL,278,Single
671841,Paula,Kennedy,1979-11-09,FEMALE,INDIVIDUAL,51,Married
671909,Aaron,Wallace,1967-10-21,MALE,INDIVIDUAL,60,Married
672018,Walter,Ryan,2007-09-04,MALE,INDIVIDUAL,381,Divorced
672165,Keith,Gardner,1976-11-15,MALE,INDIVIDUAL,352,Married
672297,Steve,Murray,2001-09-04,MALE,INDIVIDUAL,806,Married
672308,Philip,Mason,1960-08-10,MALE,INDIVIDUAL,768,Married
672325,Martin,Lawson,1965-03-23,MALE,INDIVIDUAL,576,Married
672681,Philip,Ruiz,1984-09-30,MALE,INDIVIDUAL,21,Single
672684,Jimmy,Ellis,1960-01-03,MALE,INDIVIDUAL,299,Married
672871,Anna,Parker,1975-07-26,FEMALE,INDIVIDUAL,250,Married
673206,Alan,Franklin,1976-02-07,MALE,INDIVIDUAL,81,Single
673246,Billy,Garza,1997-11-10,MALE,INDIVIDUAL,563,Married
673382,Justin,Reed,1972-05-21,MALE,INDIVIDUAL,563,Single
673385,TAYLOR ,,,,COMPANY,951,
673670,Dennis,White,1971-02-23,MALE,INDIVIDUAL,392,Married
673865,Edward,Watson,1990-11-18,MALE,INDIVIDUAL,859,Married
673952,Diana,Romero,1957-10-19,FEMALE,INDIVIDUAL,473,Single
674238,Marilyn,Richards,1964-07-25,FEMALE,INDIVIDUAL,512,Married
674517,Joshua,Burke,1971-03-31,MALE,INDIVIDUAL,277,Single
674601,Jeremy,Baker,1979-03-29,MALE,INDIVIDUAL,500,Married
674755,Jeffrey,Rice,1958-06-27,MALE,INDIVIDUAL,610,Single
674769,Carl,Hawkins,2011-10-11,MALE,INDIVIDUAL,366,Divorced
675584,David,Parker,1954-04-06,MALE,INDIVIDUAL,529,Married
675629,Nicholas,Frazier,1975-07-24,MALE,INDIVIDUAL,690,Married
675753,Rebecca,Peterson,1970-03-10,FEMALE,INDIVIDUAL,697,Married
675784,Gregory,Parker,1995-11-03,MALE,INDIVIDUAL,431,Married
676021,Frank,Graham,1978-10-20,MALE,INDIVIDUAL,974,Single
676065,Sara,Garrett,1981-07-20,FEMALE,INDIVIDUAL,916,Divorced
676077,Laura,Gonzales,1955-11-29,FEMALE,INDIVIDUAL,860,Single
676157,Kathryn,Henry,1969-02-13,FEMALE,INDIVIDUAL,403,Single
677168,Timothy,Bailey,1960-09-10,MALE,INDIVIDUAL,727,Divorced
677340,Jack,Ramirez,1963-10-10,MALE,INDIVIDUAL,239,Married
677434,Johnny,Cole,2010-06-21,MALE,INDIVIDUAL,608,Married
677440,Arthur,Rose,2001-08-02,MALE,INDIVIDUAL,239,Married
677704,Brandon,Butler,1981-01-13,MALE,INDIVIDUAL,814,Single
677708,Juan,Rice,2010-05-12,MALE,INDIVIDUAL,621,Married
678183,Norma,Perry,1965-06-01,FEMALE,INDIVIDUAL,108,Single
678259,Karen,Roberts,2009-11-07,FEMALE,INDIVIDUAL,706,Single
678336,Marilyn,West,2007-02-20,FEMALE,INDIVIDUAL,710,Single
678645,Frank,Young,1974-07-11,MALE,INDIVIDUAL,761,Single
678979,Jessica,Berry,1963-03-01,FEMALE,INDIVIDUAL,463,Married
678985,Emily,Porter,1970-07-23,FEMALE,INDIVIDUAL,354,Married
679583,William,White,1954-08-07,MALE,INDIVIDUAL,106,Single
679780,Lawrence,Hunter,1962-11-09,MALE,INDIVIDUAL,480,Single
679955,Heather,Hudson,1982-09-23,FEMALE,INDIVIDUAL,932,Married
680059,Donna,Tucker,1974-11-20,FEMALE,INDIVIDUAL,372,Married
680223,Donna,Taylor,1985-09-14,FEMALE,INDIVIDUAL,701,Single
680226,Ernest,Gordon,1955-01-29,MALE,INDIVIDUAL,98,Married
680722,Julie,Cole,1972-06-10,FEMALE,INDIVIDUAL,222,Single
680807,Margaret,Mcdonald,1982-05-15,FEMALE,INDIVIDUAL,819,Single
680906,William,Simpson,2004-05-20,MALE,INDIVIDUAL,202,Single
680908,Arthur,Roberts,1972-03-26,MALE,INDIVIDUAL,469,Married
681301,Pamela,Bowman,1972-08-17,FEMALE,INDIVIDUAL,495,Divorced
681362,Lillian,Burke,1982-01-29,FEMALE,INDIVIDUAL,230,Single
681927,Jack,Hawkins,1962-11-17,MALE,INDIVIDUAL,601,Single
682385,Shawn,Gray,1982-10-18,MALE,INDIVIDUAL,322,Married
682405,Douglas,Allen,1983-07-29,MALE,INDIVIDUAL,990,Divorced
682414,Frances,Bishop,1956-01-28,FEMALE,INDIVIDUAL,206,Single
682460,Ruth,Davis,1984-11-12,FEMALE,INDIVIDUAL,440,Married
682535,Jeremy,Robertson,1979-04-20,MALE,INDIVIDUAL,924,Single
682543,Paula,Gray,2007-10-27,FEMALE,INDIVIDUAL,179,Married
682673,Martha,Wheeler,1963-02-07,FEMALE,INDIVIDUAL,815,Single
682825,Jason,Welch,1963-09-16,MALE,INDIVIDUAL,963,Married
682844,Nicole,White,2006-12-24,FEMALE,INDIVIDUAL,781,Married
682883,Robin,Jones,1966-08-02,FEMALE,INDIVIDUAL,916,Married
683077,Teresa,Martin,2007-12-28,FEMALE,INDIVIDUAL,346,Single
683090,Brenda,Anderson,1977-08-27,FEMALE,INDIVIDUAL,746,Married
683298,Thomas,Reynolds,1970-02-21,MALE,INDIVIDUAL,266,Married
683428,Craig,Olson,1970-10-23,MALE,INDIVIDUAL,311,Single
683567,Donald,Russell,1961-07-26,MALE,INDIVIDUAL,785,Married
683730,Catherine,Gardner,1986-12-27,FEMALE,INDIVIDUAL,929,Married
684096,Helen,Green,1980-07-26,FEMALE,INDIVIDUAL,892,Divorced
684543,Mary,Stewart,1976-08-03,FEMALE,INDIVIDUAL,402,Single
684578,Alan,Walker,1982-07-21,MALE,INDIVIDUAL,208,Married
684873,Andrea,Hunt,1984-12-03,FEMALE,INDIVIDUAL,878,Married
684921,Jennifer,Snyder,1994-11-15,FEMALE,INDIVIDUAL,886,Single
684959,Sara,Wood,1978-12-16,FEMALE,INDIVIDUAL,219,Divorced
685509,Jeremy,Brown,1999-01-01,MALE,INDIVIDUAL,334,Divorced
685518,Victor,Adams,1969-02-13,MALE,INDIVIDUAL,987,Single
685556,Carol,Ellis,2010-10-12,FEMALE,INDIVIDUAL,112,Married
685689,Martha,Hill,1998-08-28,FEMALE,INDIVIDUAL,976,Married
685742,Laura,Peterson,2007-02-20,FEMALE,INDIVIDUAL,170,Married
685878,Sara,Meyer,1990-05-29,FEMALE,INDIVIDUAL,897,Single
685935,Kenneth,Reyes,1963-06-12,MALE,INDIVIDUAL,341,Married
686188,Samuel,Daniels,1975-02-25,MALE,INDIVIDUAL,16,Married
686190,Tammy,Richards,1972-05-05,FEMALE,INDIVIDUAL,741,Divorced
686368,Anthony,Watkins,1970-04-25,MALE,INDIVIDUAL,764,Single
687498,Anna,Hunt,1971-09-17,FEMALE,INDIVIDUAL,295,Single
687640,Angela,Williams,1962-06-21,FEMALE,INDIVIDUAL,831,Single
687744,Gary,Rivera,1990-09-10,MALE,INDIVIDUAL,378,Married
688549,Clarence,Edwards,1979-02-23,MALE,INDIVIDUAL,373,Single
688557,Ruby,Ruiz,1998-11-26,FEMALE,INDIVIDUAL,324,Married
689019,Thomas,Washington,1964-01-08,MALE,INDIVIDUAL,586,Single
689064,Wanda,Bryant,1981-12-09,FEMALE,INDIVIDUAL,465,Single
689097,Julie,Ryan,1969-11-17,FEMALE,INDIVIDUAL,391,Married
689150,Martha,Price,2010-11-30,FEMALE,INDIVIDUAL,4,Married
689151,Marilyn,Stephens,2012-09-01,FEMALE,INDIVIDUAL,692,Divorced
689168,Marilyn,Bailey,1978-05-11,FEMALE,INDIVIDUAL,976,Single
689536,Daniel,Little,1958-02-20,MALE,INDIVIDUAL,279,Single
689555,Jack,Roberts,1979-08-30,MALE,INDIVIDUAL,391,Married
689634,Ralph,Perry,1971-10-28,MALE,INDIVIDUAL,933,Married
690019,Alan,Harper,1950-12-11,MALE,INDIVIDUAL,340,Divorced
690127,Matthew,Jordan,1975-08-11,MALE,INDIVIDUAL,944,Married
690277,Gerald,Andrews,2009-04-25,MALE,INDIVIDUAL,856,Divorced
690319,Dennis,Mcdonald,1978-05-07,MALE,INDIVIDUAL,359,Married
690399,Robert,Ferguson,1962-06-23,MALE,INDIVIDUAL,843,Divorced
690888,Victor,Sims,1960-02-21,MALE,INDIVIDUAL,357,Married
690894,Bobby,Stevens,1968-05-29,MALE,INDIVIDUAL,96,Married
691102,Annie,Burke,1981-01-19,FEMALE,INDIVIDUAL,226,Married
691351,Rose,Little,1990-05-26,FEMALE,INDIVIDUAL,618,Married
691423,Laura,Gomez,1970-12-05,FEMALE,INDIVIDUAL,735,Married
691424,Kathryn,Watson,1953-06-24,FEMALE,INDIVIDUAL,415,Married
691590,Kimberly,Lee,1965-05-30,FEMALE,INDIVIDUAL,471,Married
691634,Gregory,Mitchell,1952-03-13,MALE,INDIVIDUAL,512,Married
691708,Janet,Coleman,1983-08-19,FEMALE,INDIVIDUAL,470,Single
691711,Irene,Medina,1988-01-03,FEMALE,INDIVIDUAL,658,Married
691715,George,Kelly,1956-11-16,MALE,INDIVIDUAL,54,Married
692052,Laura,Bishop,1974-09-26,FEMALE,INDIVIDUAL,468,Married
692214,David,Bowman,1968-10-15,MALE,INDIVIDUAL,981,Single
692276,Gary,Garrett,1985-11-27,MALE,INDIVIDUAL,722,Married
692830,Keith,Meyer,1961-05-10,MALE,INDIVIDUAL,331,Married
692914,Aaron,Collins,1960-03-03,MALE,INDIVIDUAL,721,Single
693008,Carl,Thomas,1983-10-14,MALE,INDIVIDUAL,843,Married
693112,Patricia,Simmons,1987-05-16,FEMALE,INDIVIDUAL,106,Single
693525,Joseph,Hill,1981-08-09,MALE,INDIVIDUAL,765,Married
693599,Stephen,George,1975-09-05,MALE,INDIVIDUAL,569,Married
693642,Rose,Barnes,1972-04-05,FEMALE,INDIVIDUAL,448,Married
693755,Jerry,Sims,1961-06-22,MALE,INDIVIDUAL,151,Single
693784,Peter,Marshall,1963-12-19,MALE,INDIVIDUAL,383,Single
694001,Raymond,Willis,1987-09-18,MALE,INDIVIDUAL,958,Married
694031,David,Rose,1968-09-05,MALE,INDIVIDUAL,827,Single
694036,Timothy,Medina,2007-08-27,MALE,INDIVIDUAL,101,Married
694082,Jack,Gomez,1970-09-14,MALE,INDIVIDUAL,601,Single
694237,Cynthia,Hanson,1974-01-01,FEMALE,INDIVIDUAL,347,Married
694418,Robin,Hernandez,1976-08-24,FEMALE,INDIVIDUAL,791,Divorced
694530,Marie,Fernandez,2011-07-22,FEMALE,INDIVIDUAL,223,Divorced
694572,Julie,Stephens,1975-05-01,FEMALE,INDIVIDUAL,70,Single
694656,Clarence,Snyder,2008-09-14,MALE,INDIVIDUAL,342,Single
694692,Todd,Banks,1968-07-02,MALE,INDIVIDUAL,810,Married
694728,Eugene,West,1968-03-21,MALE,INDIVIDUAL,23,Single
694864,Jean,Evans,1954-06-15,FEMALE,INDIVIDUAL,816,Married
695007,Steve,Reed,1977-06-04,MALE,INDIVIDUAL,473,Single
695009,Keith,Nelson,2010-12-26,MALE,INDIVIDUAL,74,Divorced
695175,Mark,Powell,1968-10-23,MALE,INDIVIDUAL,844,Single
695510,Larry,Campbell,1972-07-22,MALE,INDIVIDUAL,496,Single
695612,Raymond,Hill,2007-11-28,MALE,INDIVIDUAL,559,Married
695952,Steve,Flores,1970-11-16,MALE,INDIVIDUAL,516,Married
696060,Martha,Ross,1951-01-05,FEMALE,INDIVIDUAL,641,Single
696378,Brandon,Sanchez,1968-05-21,MALE,INDIVIDUAL,645,Married
696792,Laura,Patterson,1980-05-14,FEMALE,INDIVIDUAL,131,Married
697303,Katherine,Barnes,2006-07-19,FEMALE,INDIVIDUAL,230,Single
697682,Rose,Rivera,1970-12-06,FEMALE,INDIVIDUAL,929,Married
697690,Anne,Rogers,1966-06-24,FEMALE,INDIVIDUAL,756,Married
697786,Paula,Bell,1968-11-03,FEMALE,INDIVIDUAL,661,Married
698088,Rebecca,Torres,1967-05-11,FEMALE,INDIVIDUAL,240,Married
698238,Joseph,Howell,2012-05-17,MALE,INDIVIDUAL,943,Single
698246,Frank,Payne,1978-06-24,MALE,INDIVIDUAL,915,Married
698456,Bruce,Jones,1990-07-18,MALE,INDIVIDUAL,574,Single
698459,Ernest,Price,1958-03-10,MALE,INDIVIDUAL,329,Married
698515,Frank,Ryan,1953-01-22,MALE,INDIVIDUAL,578,Single
698876,Philip,Sanders,1965-11-02,MALE,INDIVIDUAL,232,Married
699040,Stephen,Smith,1995-01-05,MALE,INDIVIDUAL,256,Married
699060,Fresno Ltd,,,,COMPANY,953,
699494,Lori,Bailey,1956-01-21,FEMALE,INDIVIDUAL,334,Divorced
699526,Louise,Ferguson,1960-06-29,FEMALE,INDIVIDUAL,513,Divorced
699557,Doris,Lewis,1987-08-19,FEMALE,INDIVIDUAL,763,Single
699570,Doris,Daniels,1983-01-17,FEMALE,INDIVIDUAL,72,Single
700452,Jane,Perry,2009-10-16,FEMALE,INDIVIDUAL,662,Single
700468,Rose,Crawford,1979-07-11,FEMALE,INDIVIDUAL,301,Married
700510,George,Green,1960-08-31,MALE,INDIVIDUAL,679,Single
700561,Jason,Rivera,1964-09-02,MALE,INDIVIDUAL,595,Married
700644,Nicole,Reed,1969-08-04,FEMALE,INDIVIDUAL,325,Single
700784,Lois,Hamilton,1971-01-04,FEMALE,INDIVIDUAL,880,Married
700863,Irene,Bradley,1957-11-17,FEMALE,INDIVIDUAL,10,Married
700888,Michelle,Lynch,1970-06-08,FEMALE,INDIVIDUAL,175,Married
701035,Keith,Greene,1959-11-25,MALE,INDIVIDUAL,206,Single
701078,Sean,Hernandez,1976-10-09,MALE,INDIVIDUAL,503,Single
701132,Jose,Clark,2011-07-08,MALE,INDIVIDUAL,673,Married
701388,Christina,Thompson,1973-11-03,FEMALE,INDIVIDUAL,241,Married
701870,Amy,Rivera,2009-02-25,FEMALE,INDIVIDUAL,782,Married
701902,Nicole,Banks,1979-05-24,FEMALE,INDIVIDUAL,601,Married
702441,Mary,Simpson,1960-07-21,FEMALE,INDIVIDUAL,735,Married
702605,Patrick,Sanders,1956-10-12,MALE,INDIVIDUAL,647,Married
702681,Jessica,Rose,1973-02-14,FEMALE,INDIVIDUAL,757,Married
702999,Stephen,Kelly,1976-02-11,MALE,INDIVIDUAL,207,Married
703018,Marilyn,Jacobs,1977-03-21,FEMALE,INDIVIDUAL,849,Married
703250,Dennis,Harrison,1952-07-31,MALE,INDIVIDUAL,285,Single
703604,Denise,Bowman,1999-04-16,FEMALE,INDIVIDUAL,783,Single
703610,Alan,Nichols,1968-01-26,MALE,INDIVIDUAL,231,Married
703889,Kathy,Franklin,1966-07-04,FEMALE,INDIVIDUAL,290,Married
703973,Robin,Wood,1955-05-05,FEMALE,INDIVIDUAL,51,Divorced
704005,Patricia,Smith,1978-02-26,FEMALE,INDIVIDUAL,389,Single
704052,Joseph,Cunningham,1951-01-26,MALE,INDIVIDUAL,531,Married
704071,Donald,Armstrong,1986-02-14,MALE,INDIVIDUAL,153,Married
704073,Ronald,Kennedy,1962-06-07,MALE,INDIVIDUAL,904,Married
704078,Paul,Lane,2009-05-28,MALE,INDIVIDUAL,236,Single
704080,Stephen,Gonzales,1982-04-24,MALE,INDIVIDUAL,150,Married
704289,Christina,Kelly,1950-12-25,FEMALE,INDIVIDUAL,201,Single
704317,Keith,Little,1977-12-21,MALE,INDIVIDUAL,651,Married
704374,Harold,Martin,1967-01-21,MALE,INDIVIDUAL,600,Single
704628,Jonathan,Howard,1984-06-06,MALE,INDIVIDUAL,807,Divorced
704696,Ernest,Welch,1952-07-31,MALE,INDIVIDUAL,702,Married
705329,Susan,Torres,1976-10-24,FEMALE,INDIVIDUAL,213,Single
705591,Adam,Nelson,1966-06-25,MALE,INDIVIDUAL,402,Divorced
705842,Steven,Wells,1961-03-01,MALE,INDIVIDUAL,351,Married
705909,Juan,Duncan,1976-06-12,MALE,INDIVIDUAL,815,Married
706181,Susan,Berry,1982-04-02,FEMALE,INDIVIDUAL,32,Single
706249,Edward,Evans,1975-06-21,MALE,INDIVIDUAL,166,Single
706343,Craig,Rogers,1980-05-14,MALE,INDIVIDUAL,815,Married
706554,Harry,Bryant,1969-08-10,MALE,INDIVIDUAL,962,Married
706738,Roy,Gutierrez,1976-05-27,MALE,INDIVIDUAL,637,Single
706884,Nicholas,Olson,1982-01-27,MALE,INDIVIDUAL,953,Single
707035,Karen,West,1966-05-27,FEMALE,INDIVIDUAL,450,Single
707090,Stephanie,Berry,1993-01-06,FEMALE,INDIVIDUAL,251,Married
707153,Dennis,Anderson,1964-06-28,MALE,INDIVIDUAL,927,Married
707227,Norma,Boyd,1948-12-08,FEMALE,INDIVIDUAL,607,Single
707303,Wayne,Watson,1947-03-24,MALE,INDIVIDUAL,414,Married
707348,Frances,Hamilton,1976-02-04,FEMALE,INDIVIDUAL,451,Married
707404,Kimberly,Barnes,1967-12-15,FEMALE,INDIVIDUAL,601,Single
707481,Anthony,Day,1972-04-21,MALE,INDIVIDUAL,180,Single
707485,Carolyn,Green,1958-09-22,FEMALE,INDIVIDUAL,796,Married
707494,Howard,Cunningham,1989-09-18,MALE,INDIVIDUAL,918,Married
707502,Andrea,Gonzales,1957-05-21,FEMALE,INDIVIDUAL,200,Married
707503,Judith,Garcia,1957-05-21,FEMALE,INDIVIDUAL,220,Married
707596,Walter,Ross,1954-07-17,MALE,INDIVIDUAL,525,Single
707598,Donald,Duncan,1992-04-16,MALE,INDIVIDUAL,402,Single
708373,Dennis,Baker,1966-06-07,MALE,INDIVIDUAL,141,Single
708704,Jack,Wells,1959-04-23,MALE,INDIVIDUAL,519,Divorced
708719,Paul,Matthews,1963-07-07,MALE,INDIVIDUAL,536,Married
709203,Robin,Gardner,1970-07-13,FEMALE,INDIVIDUAL,935,Married
709300,Randy,Berry,2012-02-25,MALE,INDIVIDUAL,196,Married
709301,Juan,Wallace,1978-05-07,MALE,INDIVIDUAL,530,Married
709512,Wanda,Murray,1956-09-14,FEMALE,INDIVIDUAL,129,Single
709603,Laura,Reid,2008-07-10,FEMALE,INDIVIDUAL,455,Single
709611,Antonio,Mason,1978-06-06,MALE,INDIVIDUAL,285,Married
709667,Victor,Ray,1986-10-22,MALE,INDIVIDUAL,679,Married
710417,Rebecca,Richards,2010-02-08,FEMALE,INDIVIDUAL,970,Single
710567,Elizabeth,Kelly,1988-07-24,FEMALE,INDIVIDUAL,347,Married
710647,Billy,Stone,1979-06-05,MALE,INDIVIDUAL,701,Divorced
710738,Carol,Richards,1978-03-09,FEMALE,INDIVIDUAL,134,Married
710754,Catherine,Murray,1998-10-02,FEMALE,INDIVIDUAL,1,Married
710764,Marilyn,Gonzalez,1982-11-07,FEMALE,INDIVIDUAL,918,Married
710788,Christine,Ford,1994-01-28,FEMALE,INDIVIDUAL,28,Married
710836,Ronald,Moore,1990-03-06,MALE,INDIVIDUAL,438,Married
710864,Robert,Carter,1991-05-30,MALE,INDIVIDUAL,519,Divorced
711190,Gloria,Elliott,1971-07-19,FEMALE,INDIVIDUAL,780,Married
711354,Sara,Riley,2001-02-24,FEMALE,INDIVIDUAL,234,Single
711377,Ashley,Gonzalez,1978-01-20,FEMALE,INDIVIDUAL,904,Divorced
711405,Anna,Johnston,1972-04-27,FEMALE,INDIVIDUAL,249,Married
712181,Randy,Richards,1956-09-14,MALE,INDIVIDUAL,353,Single
712202,Joshua,Thompson,1963-09-30,MALE,INDIVIDUAL,802,Divorced
712265,Russell,Morgan,1967-09-23,MALE,INDIVIDUAL,40,Married
712334,Gerald,Frazier,1966-04-16,MALE,INDIVIDUAL,261,Single
712335,Carl,Palmer,1966-04-16,MALE,INDIVIDUAL,761,Married
712336,David,Rogers,1966-04-16,MALE,INDIVIDUAL,923,Married
712448,Martin,Owens,1986-07-08,MALE,INDIVIDUAL,859,Married
712676,Louis,Wallace,1982-08-09,MALE,INDIVIDUAL,469,Married
713418,Paul,Howell,1956-09-18,MALE,INDIVIDUAL,334,Married
713753,Angela,Barnes,2000-12-14,FEMALE,INDIVIDUAL,820,Married
713763,Kelly,Garza,1975-09-01,FEMALE,INDIVIDUAL,242,Single
713823,Gary,Ward,1976-08-24,MALE,INDIVIDUAL,867,Married
713848,Justin,Cruz,1993-03-26,MALE,INDIVIDUAL,317,Married
714152,Keith,Jenkins,1970-09-06,MALE,INDIVIDUAL,496,Married
714165,Robert,Nguyen,1977-12-21,MALE,INDIVIDUAL,332,Married
714312,Clarence,Stewart,1969-06-21,MALE,INDIVIDUAL,890,Single
714448,David,Gordon,1972-02-22,MALE,INDIVIDUAL,444,Married
714572,Jerry,Moreno,1976-09-24,MALE,INDIVIDUAL,772,Single
714632,Steve,Wilson,1950-01-01,MALE,INDIVIDUAL,764,Single
715186,Andrew,Olson,1957-09-12,MALE,INDIVIDUAL,36,Divorced
715295,Carl,Wagner,1974-10-27,MALE,INDIVIDUAL,937,Married
715363,Matthew,Simmons,2000-08-06,MALE,INDIVIDUAL,777,Divorced
715377,Stephen,Lee,1958-03-04,MALE,INDIVIDUAL,523,Single
715436,Joshua,Perez,1970-03-27,MALE,INDIVIDUAL,690,Divorced
715868,Marilyn,Sims,1981-01-20,FEMALE,INDIVIDUAL,746,Single
715980,Margaret,Reed,1982-02-02,FEMALE,INDIVIDUAL,378,Married
715981,Judith,Reed,1970-04-27,FEMALE,INDIVIDUAL,721,Single
716048,Tammy,Ortiz,2006-04-13,FEMALE,INDIVIDUAL,919,Single
716102,Karen,Bishop,2006-10-02,FEMALE,INDIVIDUAL,806,Single
716523,Antonio,Flores,1965-04-01,MALE,INDIVIDUAL,419,Married
716773,Jack,Hudson,1979-04-29,MALE,INDIVIDUAL,230,Married
716864,Paul,Gilbert,1961-06-16,MALE,INDIVIDUAL,761,Single
717057,Cynthia,Davis,1983-06-04,FEMALE,INDIVIDUAL,137,Married
717170,Ralph,Tucker,1963-01-30,MALE,INDIVIDUAL,455,Married
717199,Teresa,Matthews,1975-03-25,FEMALE,INDIVIDUAL,882,Married
717417,Richard,Garza,1980-05-10,MALE,INDIVIDUAL,928,Married
717418,Steven,Rice,2009-10-01,MALE,INDIVIDUAL,537,Married
717633,Peter,Sanchez,1948-07-28,MALE,INDIVIDUAL,554,Single
717917,Alice,Hill,1983-05-01,FEMALE,INDIVIDUAL,384,Single
718069,Elizabeth,Henry,1971-05-02,FEMALE,INDIVIDUAL,826,Married
718152,Kathy,Roberts,1987-05-05,FEMALE,INDIVIDUAL,114,Single
718692,Lois,Hughes,1996-08-18,FEMALE,INDIVIDUAL,97,Married
719177,Sara,Stevens,1984-06-19,FEMALE,INDIVIDUAL,581,Single
719283,Michelle,Mitchell,1966-11-09,FEMALE,INDIVIDUAL,4,Married
719375,Norma,Willis,1979-12-01,FEMALE,INDIVIDUAL,538,Single
719412,Kevin,Payne,2010-07-30,MALE,INDIVIDUAL,180,Single
719415,Ryan,Young,1959-08-28,MALE,INDIVIDUAL,723,Married
719619,Sandra,Fisher,1986-12-08,FEMALE,INDIVIDUAL,226,Single
719624,Louis,Alexander,1975-09-02,MALE,INDIVIDUAL,519,Married
719773,Louise,Williams,1964-11-19,FEMALE,INDIVIDUAL,213,Divorced
719851,Theresa,Torres,1978-05-04,FEMALE,INDIVIDUAL,305,Divorced
719853,Judy,Stanley,2008-07-16,FEMALE,INDIVIDUAL,300,Single
719882,Kimberly,Simmons,1973-06-10,FEMALE,INDIVIDUAL,188,Married
720015,Richard,Castillo,1968-03-18,MALE,INDIVIDUAL,766,Single
720122,Virginia,Bishop,1971-06-08,FEMALE,INDIVIDUAL,847,Married
720232,Ralph,Carpenter,1955-05-19,MALE,INDIVIDUAL,310,Married
720233,Alan,Alexander,1990-10-30,MALE,INDIVIDUAL,267,Divorced
720234,Peter,Day,1994-06-13,MALE,INDIVIDUAL,342,Single
720325,Robert,Brown,1975-06-19,MALE,INDIVIDUAL,219,Married
720520,Judy,White,1971-03-22,FEMALE,INDIVIDUAL,76,Single
720551,George,Howell,1979-03-16,MALE,INDIVIDUAL,470,Married
720572,Brian,Rogers,2010-05-30,MALE,INDIVIDUAL,501,Single
720798,Ryan,Jacobs,2002-08-06,MALE,INDIVIDUAL,722,Single
720806,David,Garcia,1979-08-15,MALE,INDIVIDUAL,52,Single
721103,Stephen,Arnold,1961-12-21,MALE,INDIVIDUAL,286,Single
721172,Joan,Arnold,1957-08-21,FEMALE,INDIVIDUAL,196,Married
721478,Frances,Freeman,1977-01-18,FEMALE,INDIVIDUAL,138,Married
721486,Diana,Chavez,1991-03-09,FEMALE,INDIVIDUAL,340,Single
721524,Alice,Allen,1974-08-18,FEMALE,INDIVIDUAL,833,Married
721531,Emily,Webb,1980-05-31,FEMALE,INDIVIDUAL,463,Married
721656,Judy,Walker,1966-06-05,FEMALE,INDIVIDUAL,922,Married
721709,Walter,Stewart,1974-11-16,MALE,INDIVIDUAL,376,Married
721823,Adam,Montgomery,2012-01-24,MALE,INDIVIDUAL,399,Single
721851,Antonio,Jones,1970-05-31,MALE,INDIVIDUAL,385,Married
721991,Virginia,Clark,1974-09-03,FEMALE,INDIVIDUAL,440,Married
722042,Randy,Jordan,1966-02-27,MALE,INDIVIDUAL,455,Married
722429,Frank,Cole,1971-10-14,MALE,INDIVIDUAL,594,Married
722553,Emily,Hart,1967-05-09,FEMALE,INDIVIDUAL,380,Married
722623,George,Reid,1969-05-16,MALE,INDIVIDUAL,805,Married
722735,Willie,Larson,1977-07-05,MALE,INDIVIDUAL,208,Married
723109,Stephen,Rivera,1977-10-20,MALE,INDIVIDUAL,91,Married
723449,Frances,Mendoza,1985-08-20,FEMALE,INDIVIDUAL,540,Single
723634,Albert,Ray,1962-09-05,MALE,INDIVIDUAL,643,Married
723928,Nicholas,Fernandez,1967-07-07,MALE,INDIVIDUAL,62,Divorced
724223,Lisa,Matthews,1979-08-25,FEMALE,INDIVIDUAL,803,Single
724330,Barbara,Welch,2004-08-02,FEMALE,INDIVIDUAL,708,Single
724344,Dennis,Ryan,2009-08-04,MALE,INDIVIDUAL,505,Married
724676,Phyllis,Howard,1969-04-27,FEMALE,INDIVIDUAL,97,Married
724777,Christina,Green,1983-06-16,FEMALE,INDIVIDUAL,83,Single
724821,Martha,Murphy,1970-04-02,FEMALE,INDIVIDUAL,380,Married
724987,Evelyn,Cooper,1990-10-08,FEMALE,INDIVIDUAL,647,Married
725009,Louis,Chapman,2002-03-28,MALE,INDIVIDUAL,282,Married
725065,Cheryl,Andrews,1973-09-19,FEMALE,INDIVIDUAL,539,Single
725077,Robert,Porter,1963-08-13,MALE,INDIVIDUAL,54,Single
725100,Joe,Wright,1973-01-28,MALE,INDIVIDUAL,131,Single
725181,Lisa,Robinson,1988-08-31,FEMALE,INDIVIDUAL,219,Divorced
725469,Julie,Scott,1974-01-05,FEMALE,INDIVIDUAL,807,Married
725542,Walter,Edwards,2008-01-18,MALE,INDIVIDUAL,663,Married
725614,Carl,Richards,1995-10-16,MALE,INDIVIDUAL,938,Single
725615,Philip,Flores,1965-08-02,MALE,INDIVIDUAL,904,Married
725638,Norma,Chapman,1975-01-20,FEMALE,INDIVIDUAL,92,Single
725875,Jeremy,Gordon,1956-10-29,MALE,INDIVIDUAL,316,Single
725924,Johnny,Romero,1972-12-28,MALE,INDIVIDUAL,109,Married
726915,Gerald,Kelly,2003-02-17,MALE,INDIVIDUAL,864,Married
726926,Brian,Washington,1969-10-09,MALE,INDIVIDUAL,621,Married
727069,Aaron,Hayes,1966-01-06,MALE,INDIVIDUAL,935,Married
727263,Elizabeth,Nelson,1970-12-19,FEMALE,INDIVIDUAL,274,Married
727347,Pamela,Peterson,1975-11-25,FEMALE,INDIVIDUAL,85,Married
727883,John,Gardner,1966-11-01,MALE,INDIVIDUAL,180,Married
727990,Lawrence,Jenkins,1969-12-19,MALE,INDIVIDUAL,80,Married
728146,Tammy,Woods,1969-08-31,FEMALE,INDIVIDUAL,262,Married
728354,Arthur,Carpenter,2008-01-28,MALE,INDIVIDUAL,950,Single
728355,Antonio,Willis,1977-12-09,MALE,INDIVIDUAL,298,Married
728666,Virginia,Ferguson,2012-03-28,FEMALE,INDIVIDUAL,841,Single
728728,Jeremy,Stewart,2001-03-25,MALE,INDIVIDUAL,297,Single
728765,Deborah,Little,1975-01-15,FEMALE,INDIVIDUAL,934,Married
728852,Sandra,Ramos,1974-03-11,FEMALE,INDIVIDUAL,570,Single
728860,Deborah,Lawrence,2008-03-20,FEMALE,INDIVIDUAL,614,Single
729075,Thomas,Griffin,1953-10-10,MALE,INDIVIDUAL,393,Single
729285,Stephanie,Rose,1959-11-12,FEMALE,INDIVIDUAL,579,Married
729297,Chris,Duncan,1968-04-21,MALE,INDIVIDUAL,261,Married
729340,Steve,Ellis,1988-06-10,MALE,INDIVIDUAL,870,Married
729356,Jerry,Perry,1957-06-27,MALE,INDIVIDUAL,332,Single
729513,Jennifer,Greene,1986-02-23,FEMALE,INDIVIDUAL,575,Single
729534,Janice,Mills,2011-10-20,FEMALE,INDIVIDUAL,353,Single
729618,Helen,Duncan,1969-02-11,FEMALE,INDIVIDUAL,418,Single
729641,Jane,Anderson,1967-03-01,FEMALE,INDIVIDUAL,974,Divorced
731025,Joan,Dean,1951-10-01,FEMALE,INDIVIDUAL,225,Married
731212,Clarence,Thomas,1972-08-22,MALE,INDIVIDUAL,255,Single
731922,Beverly,Allen,1975-03-28,FEMALE,INDIVIDUAL,148,Married
732093,Brandon,Hunter,1980-08-06,MALE,INDIVIDUAL,29,Divorced
732844,Catherine,Fields,1974-10-27,FEMALE,INDIVIDUAL,83,Married
733475,Harold,Henderson,1982-08-12,MALE,INDIVIDUAL,775,Single
733600,Norma,Cox,1984-06-27,FEMALE,INDIVIDUAL,108,Married
733811,Diana,Hanson,1983-07-08,FEMALE,INDIVIDUAL,723,Single
734360,Louise,Bell,1966-06-16,FEMALE,INDIVIDUAL,227,Single
734423,Evelyn,Reid,1985-07-15,FEMALE,INDIVIDUAL,342,Single
734684,Walter,Gutierrez,1969-07-09,MALE,INDIVIDUAL,258,Single
734702,Ruby,Brown,1965-04-27,FEMALE,INDIVIDUAL,79,Married
734897,Julia,Sanders,2007-08-29,FEMALE,INDIVIDUAL,814,Married
734922,Edward,Daniels,1971-07-03,MALE,INDIVIDUAL,806,Married
735421,Annie,Morgan,1979-02-14,FEMALE,INDIVIDUAL,196,Married
735705,Sara,Lee,1981-09-07,FEMALE,INDIVIDUAL,953,Married
735720,Victor,Wright,1991-09-07,MALE,INDIVIDUAL,621,Divorced
735824,Harold,Lawson,1964-01-30,MALE,INDIVIDUAL,462,Married
736516,Chris,Gardner,2006-01-02,MALE,INDIVIDUAL,35,Single
736597,Katherine,Williams,1986-02-21,FEMALE,INDIVIDUAL,920,Single
736637,Robert,Jacobs,1977-02-23,MALE,INDIVIDUAL,237,Married
736910,Walter,Spencer,1972-05-23,MALE,INDIVIDUAL,323,Married
736980,Judy,Bennett,1977-02-21,FEMALE,INDIVIDUAL,456,Married
737054,Catherine,Cooper,1973-02-20,FEMALE,INDIVIDUAL,990,Married
737241,Mary,Fields,1991-11-08,FEMALE,INDIVIDUAL,661,Married
737320,Edward,Owens,1974-11-09,MALE,INDIVIDUAL,667,Single
737413,Howard,Ford,1972-08-02,MALE,INDIVIDUAL,749,Married
737807,Victor,Hunt,1986-04-16,MALE,INDIVIDUAL,326,Married
737811,Harry,Dixon,1961-01-28,MALE,INDIVIDUAL,568,Married
737928,Steve,Schmidt,1976-04-12,MALE,INDIVIDUAL,627,Married
738177,Patricia,Stone,1997-04-19,FEMALE,INDIVIDUAL,746,Single
738204,Ronald,White,1962-08-17,MALE,INDIVIDUAL,25,Single
738514,Jean,King,1966-08-26,FEMALE,INDIVIDUAL,397,Single
739237,Anna,Fox,1981-02-01,FEMALE,INDIVIDUAL,171,Married
739340,Harold,Williamson,1952-03-17,MALE,INDIVIDUAL,308,Married
739573,Howard,Ramirez,1966-09-28,MALE,INDIVIDUAL,489,Married
739682,Gary,Rose,2012-01-07,MALE,INDIVIDUAL,522,Single
739791,Scott,King,1957-07-02,MALE,INDIVIDUAL,618,Married
739792,Anthony,Morales,1975-08-28,MALE,INDIVIDUAL,921,Married
739814,Jane,Ortiz,1973-09-30,FEMALE,INDIVIDUAL,378,Married
739849,Brian,Carr,1955-03-11,MALE,INDIVIDUAL,660,Married
739942,Diana,Medina,1961-11-03,FEMALE,INDIVIDUAL,114,Single
740121,Edward,Collins,1956-05-17,MALE,INDIVIDUAL,183,Single
740287,Adam,Kelly,1963-03-10,MALE,INDIVIDUAL,367,Single
740704,Harold,Clark,1980-02-16,MALE,INDIVIDUAL,765,Married
740847,Jessica,Hayes,1968-01-15,FEMALE,INDIVIDUAL,24,Married
741004,Anna,Morales,1966-08-30,FEMALE,INDIVIDUAL,396,Married
741246,Jose,Montgomery,1961-01-22,MALE,INDIVIDUAL,132,Married
741277,Gregory,Gray,2007-09-28,MALE,INDIVIDUAL,37,Married
741278,John,Bailey,1972-07-27,MALE,INDIVIDUAL,281,Married
741558,Albert,Jackson,1973-01-11,MALE,INDIVIDUAL,846,Married
741748,Stephen,Ramirez,1957-01-03,MALE,INDIVIDUAL,667,Married
741939,Joyce,Fernandez,1986-07-12,FEMALE,INDIVIDUAL,652,Married
742734,Juan,Thomas,1967-03-12,MALE,INDIVIDUAL,323,Married
742934,Scott,Turner,1981-02-12,MALE,INDIVIDUAL,957,Single
743005,Carl,Larson,2006-06-27,MALE,INDIVIDUAL,432,Divorced
743006,Robert,Baker,2006-06-27,MALE,INDIVIDUAL,300,Married
743008,Walter,Morales,1971-02-09,MALE,INDIVIDUAL,539,Married
743325,Annie,Coleman,1978-06-05,FEMALE,INDIVIDUAL,673,Single
743572,Matthew,Hudson,1963-02-06,MALE,INDIVIDUAL,231,Married
743703,Eric,Stone,1973-08-17,MALE,INDIVIDUAL,111,Married
743974,Bobby,Wilson,1957-09-12,MALE,INDIVIDUAL,59,Married
743981,Katherine,Weaver,1971-03-08,FEMALE,INDIVIDUAL,414,Married
744152,Theresa,Butler,1978-08-10,FEMALE,INDIVIDUAL,230,Married
744281,Brian,Peterson,1971-04-24,MALE,INDIVIDUAL,147,Single
744383,Christine,Ward,1982-03-13,FEMALE,INDIVIDUAL,378,Married
744599,Lois,Cunningham,1984-04-26,FEMALE,INDIVIDUAL,87,Married
744803,Gary,Clark,1976-01-24,MALE,INDIVIDUAL,29,Married
745141,Paul,Austin,1983-10-13,MALE,INDIVIDUAL,133,Single
745392,Peter,Greene,1958-08-11,MALE,INDIVIDUAL,8,Married
745425,Janet,Gardner,2011-11-11,FEMALE,INDIVIDUAL,689,Married
745515,Judy,Howell,1987-08-08,FEMALE,INDIVIDUAL,132,Single
745626,Carl,Henderson,1990-04-04,MALE,INDIVIDUAL,511,Married
745632,Paul,Gray,1964-11-24,MALE,INDIVIDUAL,543,Divorced
745899,Alice,Knight,1991-07-03,FEMALE,INDIVIDUAL,726,Divorced
746130,George,Harvey,2004-03-27,MALE,INDIVIDUAL,979,Married
746152,Earl,Payne,1971-05-21,MALE,INDIVIDUAL,500,Single
746262,Russell,Chavez,1989-02-14,MALE,INDIVIDUAL,133,Married
746274,Amanda,Gomez,1949-10-03,FEMALE,INDIVIDUAL,122,Married
746293,Robert,Moreno,1953-04-01,MALE,INDIVIDUAL,617,Married
746337,Matthew,Reid,1985-01-27,MALE,INDIVIDUAL,212,Divorced
746798,Julia,Fernandez,2011-06-25,FEMALE,INDIVIDUAL,578,Married
746947,Martha,Nguyen,1983-03-11,FEMALE,INDIVIDUAL,729,Single
746958,Todd,Bennett,1979-12-01,MALE,INDIVIDUAL,708,Married
747246,Jeremy,Bryant,1963-11-26,MALE,INDIVIDUAL,69,Single
747266,Carlos,Moore,2002-02-06,MALE,INDIVIDUAL,374,Married
747614,Earl,Bishop,1983-01-04,MALE,INDIVIDUAL,507,Single
747628,Jerry,Anderson,1975-12-05,MALE,INDIVIDUAL,375,Single
747751,Bruce,Howell,1982-01-29,MALE,INDIVIDUAL,653,Married
748506,Theresa,Gilbert,2008-01-23,FEMALE,INDIVIDUAL,375,Married
748507,Teresa,James,2008-01-23,FEMALE,INDIVIDUAL,82,Single
748508,Frank,James,1973-08-23,MALE,INDIVIDUAL,114,Married
748671,Teresa,Anderson,1972-02-07,FEMALE,INDIVIDUAL,247,Married
748862,Kathy,Hughes,1952-09-12,FEMALE,INDIVIDUAL,346,Married
748903,Christina,Henderson,2011-09-03,FEMALE,INDIVIDUAL,934,Married
749388,Nicole,Hughes,1969-01-13,FEMALE,INDIVIDUAL,423,Single
749395,Amy,Myers,1980-01-03,FEMALE,INDIVIDUAL,373,Married
749845,Jose,Edwards,1970-08-30,MALE,INDIVIDUAL,35,Married
749953,Bruce,Miller,1983-09-19,MALE,INDIVIDUAL,825,Married
750037,Mary,Cunningham,1966-02-19,FEMALE,INDIVIDUAL,738,Married
750039,Daniel,Dunn,1977-10-18,MALE,INDIVIDUAL,460,Married
750052,Joyce,Jacobs,1975-02-13,FEMALE,INDIVIDUAL,680,Married
750236,Adam,Hernandez,1969-08-29,MALE,INDIVIDUAL,451,Single
750454,Arthur,Jordan,1969-02-08,MALE,INDIVIDUAL,991,Single
750456,Mark,Carr,2004-06-26,MALE,INDIVIDUAL,258,Married
750506,Albert,Hughes,1952-01-08,MALE,INDIVIDUAL,479,Single
750822,Aaron,Stewart,1963-01-26,MALE,INDIVIDUAL,716,Married
750859,Jacqueline,Ford,2003-11-21,FEMALE,INDIVIDUAL,662,Single
750928,Ashley,Cole,1982-12-19,FEMALE,INDIVIDUAL,486,Married
750995,Stephanie,Castillo,1963-03-30,FEMALE,INDIVIDUAL,146,Married
751392,Lori,George,1981-09-30,FEMALE,INDIVIDUAL,476,Married
751949,Jacqueline,Cook,1971-03-23,FEMALE,INDIVIDUAL,503,Married
752111,Henry,Thomas,1993-04-10,MALE,INDIVIDUAL,475,Single
752171,Teresa,Garza,1967-07-02,FEMALE,INDIVIDUAL,538,Married
752197,Douglas,Matthews,1983-02-07,MALE,INDIVIDUAL,226,Married
752230,Albert,Collins,1958-03-06,MALE,INDIVIDUAL,590,Married
752253,Cheryl,King,1963-07-08,FEMALE,INDIVIDUAL,521,Divorced
752274,Robin,Spencer,1975-02-16,FEMALE,INDIVIDUAL,994,Married
752553,Julia,Lawrence,1973-04-15,FEMALE,INDIVIDUAL,232,Married
752642,Bruce,Riley,1977-06-29,MALE,INDIVIDUAL,584,Married
752743,Christine,Adams,1973-09-17,FEMALE,INDIVIDUAL,727,Married
752884,Kathleen,Patterson,1966-01-19,FEMALE,INDIVIDUAL,83,Single
753024,Susan,Williamson,1966-06-19,FEMALE,INDIVIDUAL,181,Divorced
753030,Lisa,Jenkins,1979-08-30,FEMALE,INDIVIDUAL,358,Married
753649,Janet,Moreno,1978-04-26,FEMALE,INDIVIDUAL,587,Single
753698,Virginia,Ryan,1976-11-09,FEMALE,INDIVIDUAL,47,Married
754658,Terry,Adams,1973-03-28,MALE,INDIVIDUAL,514,Married
754714,Stephen,Weaver,1969-07-09,MALE,INDIVIDUAL,430,Divorced
755007,Guerlain Corp,,,,COMPANY,400,
755081,Marilyn,Anderson,1979-04-08,FEMALE,INDIVIDUAL,914,Married
755121,Maria,Spencer,1972-12-04,FEMALE,INDIVIDUAL,506,Married
755315,Kevin,Nichols,1969-08-27,MALE,INDIVIDUAL,262,Married
755945,David,Jones,1967-01-16,MALE,INDIVIDUAL,966,Divorced
756340,Shawn,Young,1983-04-27,MALE,INDIVIDUAL,431,Married
756458,Todd,Cook,1994-05-27,MALE,INDIVIDUAL,723,Single
756561,Thomas,Richards,1971-11-08,MALE,INDIVIDUAL,495,Married
756749,Amy,Torres,1965-05-24,FEMALE,INDIVIDUAL,303,Married
756831,Helen,King,2012-11-07,FEMALE,INDIVIDUAL,662,Single
757095,Michael,Butler,1999-12-26,MALE,INDIVIDUAL,165,Single
757171,Lillian,Banks,1979-06-21,FEMALE,INDIVIDUAL,24,Single
757597,Timothy,Morales,1963-06-24,MALE,INDIVIDUAL,406,Married
757655,Joyce,Cunningham,1970-08-14,FEMALE,INDIVIDUAL,558,Married
757666,Eric,Ruiz,1962-10-10,MALE,INDIVIDUAL,379,Married
757680,Gregory,Reynolds,2009-01-09,MALE,INDIVIDUAL,47,Married
757751,Gloria,Sullivan,1985-09-30,FEMALE,INDIVIDUAL,296,Married
758054,Peter,Reid,2000-07-11,MALE,INDIVIDUAL,233,Married
758084,Nicholas,Morgan,2004-06-23,MALE,INDIVIDUAL,309,Single
758110,Gary,Hanson,1969-10-20,MALE,INDIVIDUAL,598,Married
758227,Denise,Alexander,1968-01-19,FEMALE,INDIVIDUAL,481,Single
758252,Kenneth,Kennedy,1969-08-22,MALE,INDIVIDUAL,850,Married
758267,Lillian,Barnes,2000-08-22,FEMALE,INDIVIDUAL,423,Single
758268,Christine,Davis,1981-06-18,FEMALE,INDIVIDUAL,42,Divorced
758656,Todd,Perry,1975-06-28,MALE,INDIVIDUAL,649,Single
758700,Michelle,Fernandez,1959-11-18,FEMALE,INDIVIDUAL,56,Divorced
758758,Lawrence,Peterson,1976-12-22,MALE,INDIVIDUAL,771,Married
758787,Lori,Mitchell,1972-03-27,FEMALE,INDIVIDUAL,851,Married
758934,Barbara,Cooper,2002-05-21,FEMALE,INDIVIDUAL,618,Married
758962,Kimberly,Fisher,1996-04-08,FEMALE,INDIVIDUAL,759,Single
759441,Anthony,Weaver,1971-05-11,MALE,INDIVIDUAL,292,Married
759516,Anne,Daniels,1979-04-17,FEMALE,INDIVIDUAL,205,Married
759775,Anna,Jones,1972-04-08,FEMALE,INDIVIDUAL,707,Married
759903,William,Reed,1961-04-20,MALE,INDIVIDUAL,763,Divorced
760028,Maria,Warren,1978-05-12,FEMALE,INDIVIDUAL,387,Married
760218,Maria,Hunt,1957-06-04,FEMALE,INDIVIDUAL,710,Married
760794,Frances,Matthews,1979-03-20,FEMALE,INDIVIDUAL,842,Single
761079,Kevin,Gonzalez,1975-08-19,MALE,INDIVIDUAL,198,Married
761081,Raymond,Kelly,2010-10-02,MALE,INDIVIDUAL,531,Single
761084,Jessica,Holmes,1985-01-21,FEMALE,INDIVIDUAL,565,Married
761186,Nicholas,Schmidt,1977-02-06,MALE,INDIVIDUAL,79,Single
761257,Jesse,Stephens,1976-11-14,MALE,INDIVIDUAL,480,Married
761667,Joshua,Franklin,1964-04-13,MALE,INDIVIDUAL,92,Single
761735,Janice,Rivera,1967-07-09,FEMALE,INDIVIDUAL,726,Single
761837,Alice,Jackson,1967-03-10,FEMALE,INDIVIDUAL,197,Married
761964,Brian,Willis,2011-11-21,MALE,INDIVIDUAL,982,Single
762206,Charles,Watkins,2012-01-01,MALE,INDIVIDUAL,557,Married
762641,Eugene,Fisher,1969-03-14,MALE,INDIVIDUAL,748,Married
762915,David,Ross,1968-01-15,MALE,INDIVIDUAL,384,Married
763023,Jonathan,Dixon,1970-05-23,MALE,INDIVIDUAL,43,Married
763423,Ruby,Andrews,1985-09-07,FEMALE,INDIVIDUAL,121,Married
764071,Raymond,Patterson,1956-06-21,MALE,INDIVIDUAL,834,Single
764110,Clarence,Campbell,1962-12-24,MALE,INDIVIDUAL,836,Single
764384,Jack,Meyer,1984-02-18,MALE,INDIVIDUAL,603,Married
764397,Tina,Moore,1975-03-18,FEMALE,INDIVIDUAL,801,Single
764473,Jean,Rose,1969-10-14,FEMALE,INDIVIDUAL,77,Married
764759,Paula,Knight,1979-05-30,FEMALE,INDIVIDUAL,230,Single
765099,Theresa,Porter,1980-10-13,FEMALE,INDIVIDUAL,54,Married
765267,Irene,Torres,1968-01-25,FEMALE,INDIVIDUAL,170,Single
765382,Gloria,Lane,1958-10-01,FEMALE,INDIVIDUAL,743,Single
765518,Martha,Sims,1976-06-17,FEMALE,INDIVIDUAL,173,Married
765613,Stephanie,Harrison,1983-04-02,FEMALE,INDIVIDUAL,614,Married
765712,Harold,Riley,1975-06-23,MALE,INDIVIDUAL,181,Married
766054,Kathleen,Peters,1966-11-24,FEMALE,INDIVIDUAL,548,Married
766109,Teresa,Welch,1988-12-12,FEMALE,INDIVIDUAL,640,Married
766584,Craig,Grant,1967-05-08,MALE,INDIVIDUAL,275,Divorced
766673,Antonio,Peters,1965-12-22,MALE,INDIVIDUAL,219,Single
766882,Helen,Chapman,1977-04-19,FEMALE,INDIVIDUAL,625,Single
766982,Willie,Gardner,1974-06-16,MALE,INDIVIDUAL,640,Single
767022,Louis,Carroll,1971-08-26,MALE,INDIVIDUAL,789,Married
767105,Ashley,Nguyen,2008-07-18,FEMALE,INDIVIDUAL,71,Married
767110,Kelly,Harvey,2012-01-12,FEMALE,INDIVIDUAL,979,Married
767609,Martha,Kim,2011-04-05,FEMALE,INDIVIDUAL,209,Single
767848,Howard,Sims,1987-04-02,MALE,INDIVIDUAL,511,Married
767871,Cynthia,Watkins,1983-06-20,FEMALE,INDIVIDUAL,574,Single
767904,Ruth,Carr,1990-05-08,FEMALE,INDIVIDUAL,529,Married
767915,Roger,Barnes,1996-08-01,MALE,INDIVIDUAL,526,Single
767947,Robert,Phillips,1969-05-26,MALE,INDIVIDUAL,889,Married
767955,Adam,Bailey,1959-04-12,MALE,INDIVIDUAL,752,Married
768137,Eugene,Frazier,1950-03-19,MALE,INDIVIDUAL,734,Married
768497,Jesse,Marshall,1978-10-09,MALE,INDIVIDUAL,772,Single
768992,Sandra,Gardner,1972-10-25,FEMALE,INDIVIDUAL,925,Single
769508,Nicholas,Cox,1980-09-02,MALE,INDIVIDUAL,645,Single
769552,Michelle,Ross,2010-01-12,FEMALE,INDIVIDUAL,629,Married
769691,Kathleen,Allen,1972-06-24,FEMALE,INDIVIDUAL,767,Married
769735,Eugene,Brown,1962-05-18,MALE,INDIVIDUAL,256,Divorced
769987,Christine,Jackson,1983-05-15,FEMALE,INDIVIDUAL,803,Married
770291,Victor,Rice,1975-07-24,MALE,INDIVIDUAL,191,Married
770477,Martin,Woods,1961-10-27,MALE,INDIVIDUAL,785,Married
770607,Harold,Gibson,1955-05-31,MALE,INDIVIDUAL,729,Single
770620,Carolyn,Kim,1974-01-02,FEMALE,INDIVIDUAL,778,Single
770957,Juan,Owens,1989-04-18,MALE,INDIVIDUAL,874,Married
771151,Dennis,Ross,1975-06-23,MALE,INDIVIDUAL,941,Married
771351,Lois,Owens,1983-11-29,FEMALE,INDIVIDUAL,295,Married
771531,Judy,Ellis,1959-02-13,FEMALE,INDIVIDUAL,373,Married
771934,Betty,Holmes,1980-01-26,FEMALE,INDIVIDUAL,467,Married
771998,Helen,Perez,1989-09-15,FEMALE,INDIVIDUAL,630,Married
772068,Eugene,Knight,1962-01-09,MALE,INDIVIDUAL,916,Married
772828,Anna,Murray,1993-04-20,FEMALE,INDIVIDUAL,480,Married
773044,Adam,Cooper,1963-10-17,MALE,INDIVIDUAL,402,Married
773079,John,Webb,1979-06-19,MALE,INDIVIDUAL,916,Single
773230,Ernest,Frazier,1962-09-29,MALE,INDIVIDUAL,906,Married
773340,Brian,Shaw,2004-01-17,MALE,INDIVIDUAL,2,Single
773828,Mildred,Mitchell,1979-09-20,FEMALE,INDIVIDUAL,846,Married
773836,Sandra,Berry,1967-02-18,FEMALE,INDIVIDUAL,186,Single
773975,Louis,Perkins,1963-05-21,MALE,INDIVIDUAL,478,Married
773979,Scott,Bryant,2003-10-10,MALE,INDIVIDUAL,976,Married
774208,Laura,Hughes,1990-09-08,FEMALE,INDIVIDUAL,291,Single
774322,Raymond,Edwards,1965-04-12,MALE,INDIVIDUAL,105,Married
774920,Kathryn,Castillo,1978-05-25,FEMALE,INDIVIDUAL,324,Single
774963,Brandon,Kelly,1964-05-12,MALE,INDIVIDUAL,540,Divorced
775077,Harold,Marshall,1970-09-17,MALE,INDIVIDUAL,739,Married
775079,Harry,Fields,2008-11-27,MALE,INDIVIDUAL,782,Single
775097,Jessica,Wallace,1978-07-27,FEMALE,INDIVIDUAL,108,Single
775109,Jeffrey,Bowman,2008-02-27,MALE,INDIVIDUAL,165,Married
775139,Gary,Pierce,2008-02-27,MALE,INDIVIDUAL,188,Married
775146,Alan,Mitchell,1983-11-02,MALE,INDIVIDUAL,566,Married
775184,Linda,Burns,1981-11-13,FEMALE,INDIVIDUAL,297,Single
775394,Teresa,Hicks,1984-12-23,FEMALE,INDIVIDUAL,547,Single
775471,Timothy,Brown,1972-03-13,MALE,INDIVIDUAL,261,Married
775483,Willie,Edwards,1976-08-29,MALE,INDIVIDUAL,120,Single
775654,Stephanie,Garcia,1976-11-18,FEMALE,INDIVIDUAL,18,Single
775802,Jerry,Pierce,2012-07-16,MALE,INDIVIDUAL,420,Married
775806,Joseph,Walker,1975-08-19,MALE,INDIVIDUAL,822,Single
776306,Cynthia,Bradley,1980-01-07,FEMALE,INDIVIDUAL,882,Single
776456,Tammy,Wagner,1962-04-18,FEMALE,INDIVIDUAL,645,Married
776723,Todd,Meyer,1970-05-20,MALE,INDIVIDUAL,867,Single
776725,Samuel,Carr,1966-10-29,MALE,INDIVIDUAL,398,Single
776901,Martha,Bell,1980-02-09,FEMALE,INDIVIDUAL,690,Married
777236,Mary,Larson,1963-01-31,FEMALE,INDIVIDUAL,257,Married
777390,Nancy,Porter,1969-05-05,FEMALE,INDIVIDUAL,399,Married
777415,Carolyn,Garrett,1958-10-20,FEMALE,INDIVIDUAL,652,Divorced
777807,Carl,Wilson,1977-03-26,MALE,INDIVIDUAL,511,Married
778854,Deborah,Moore,1972-12-10,FEMALE,INDIVIDUAL,274,Married
779157,Kathy,Patterson,1960-08-05,FEMALE,INDIVIDUAL,952,Married
779430,Randy,Reyes,1978-04-17,MALE,INDIVIDUAL,13,Single
779663,Laura,Hayes,1998-10-06,FEMALE,INDIVIDUAL,227,Married
779987,Victor,Castillo,1980-06-25,MALE,INDIVIDUAL,184,Married
780109,Lisa,Hudson,2000-05-23,FEMALE,INDIVIDUAL,645,Single
780453,Joe,Kelley,1967-03-11,MALE,INDIVIDUAL,103,Married
780508,Andrew,Jacobs,1968-07-15,MALE,INDIVIDUAL,725,Married
780552,Bobby,Reid,2007-03-24,MALE,INDIVIDUAL,640,Single
780683,Kevin,Bradley,1970-05-09,MALE,INDIVIDUAL,707,Married
780758,Kathleen,Harris,1978-08-05,FEMALE,INDIVIDUAL,121,Married
780906,Judy,Williamson,1979-06-18,FEMALE,INDIVIDUAL,191,Married
780908,Adam,Burton,1984-03-24,MALE,INDIVIDUAL,511,Divorced
781093,Christopher,Campbell,1976-11-14,MALE,INDIVIDUAL,775,Married
781476,Diana,Oliver,2012-05-06,FEMALE,INDIVIDUAL,450,Single
781504,Jack,Kennedy,1980-01-22,MALE,INDIVIDUAL,894,Single
781568,Bruce,Webb,1971-07-29,MALE,INDIVIDUAL,971,Married
781572,Brandon,Hamilton,1969-11-25,MALE,INDIVIDUAL,861,Married
781592,Billy,Reynolds,1976-06-08,MALE,INDIVIDUAL,521,Married
781635,Robert,Chavez,1970-12-15,MALE,INDIVIDUAL,508,Married
781790,Johnny,Wells,1978-02-15,MALE,INDIVIDUAL,848,Single
782049,Johnny,Anderson,1961-06-11,MALE,INDIVIDUAL,357,Married
782163,Robin,Little,1977-06-14,FEMALE,INDIVIDUAL,439,Married
782278,Ann,Reed,2006-03-03,FEMALE,INDIVIDUAL,602,Single
782566,Joe,Rice,1976-03-24,MALE,INDIVIDUAL,923,Married
782869,Jason,Mcdonald,1965-03-26,MALE,INDIVIDUAL,894,Divorced
783017,Samuel,Gonzalez,1950-02-22,MALE,INDIVIDUAL,133,Single
783037,Michelle,White,1972-01-21,FEMALE,INDIVIDUAL,406,Married
783225,Frank,Scott,1973-10-29,MALE,INDIVIDUAL,422,Single
784973,Phyllis,Jenkins,1982-08-17,FEMALE,INDIVIDUAL,51,Married
785023,Wanda,Nelson,1977-11-07,FEMALE,INDIVIDUAL,158,Married
785449,Sandra,Ross,1962-01-27,FEMALE,INDIVIDUAL,159,Married
785625,Dorothy,Freeman,1972-08-28,FEMALE,INDIVIDUAL,865,Single
785782,Evelyn,Bell,1983-03-22,FEMALE,INDIVIDUAL,536,Single
785798,Cheryl,Bell,2011-02-14,FEMALE,INDIVIDUAL,319,Married
785899,Samuel,Gutierrez,1965-10-08,MALE,INDIVIDUAL,258,Married
786065,Julia,Mason,1979-05-20,FEMALE,INDIVIDUAL,42,Married
786620,Gregory,Rodriguez,2003-04-03,MALE,INDIVIDUAL,569,Divorced
787539,Charles,Evans,1952-09-07,MALE,INDIVIDUAL,362,Married
787917,Sandra,Cole,1963-12-25,FEMALE,INDIVIDUAL,366,Married
787997,Mark,Montgomery,1974-07-21,MALE,INDIVIDUAL,239,Single
788162,Rose,Long,1990-05-19,FEMALE,INDIVIDUAL,854,Single
788477,Jonathan,Johnson,1980-05-06,MALE,INDIVIDUAL,543,Married
788643,Ernest,Hansen,1972-08-04,MALE,INDIVIDUAL,754,Married
788666,Betty,Russell,1978-10-24,FEMALE,INDIVIDUAL,165,Divorced
788671,Debra,Murray,1975-10-27,FEMALE,INDIVIDUAL,348,Married
788952,Cynthia,Bryant,2010-06-26,FEMALE,INDIVIDUAL,171,Single
788985,Kenneth,Parker,1975-01-19,MALE,INDIVIDUAL,911,Married
788988,Justin,Harvey,1975-09-26,MALE,INDIVIDUAL,495,Married
789213,Helen,Oliver,2002-06-27,FEMALE,INDIVIDUAL,515,Married
789214,Bruce,Larson,1971-09-26,MALE,INDIVIDUAL,276,Single
789740,Katherine,Shaw,1958-05-07,FEMALE,INDIVIDUAL,227,Single
789741,Frances,Burton,1980-01-16,FEMALE,INDIVIDUAL,287,Single
789753,Jesse,Sanders,1950-06-21,MALE,INDIVIDUAL,301,Single
789836,Michelle,Harper,1971-09-24,FEMALE,INDIVIDUAL,227,Single
790264,Carlos,Sanders,1976-05-22,MALE,INDIVIDUAL,321,Single
790291,Julie,Morgan,1976-10-13,FEMALE,INDIVIDUAL,979,Married
790372,Benjamin,Freeman,1953-03-22,MALE,INDIVIDUAL,414,Married
790497,Wayne,Walker,2009-09-09,MALE,INDIVIDUAL,356,Married
790505,Craig,Montgomery,1975-02-03,MALE,INDIVIDUAL,797,Married
790828,Frances,Bradley,1963-04-25,FEMALE,INDIVIDUAL,170,Married
790948,George,Moore,1978-01-01,MALE,INDIVIDUAL,845,Single
791008,James,Garza,1976-09-21,MALE,INDIVIDUAL,9,Single
791070,Sarah,Price,2012-01-16,FEMALE,INDIVIDUAL,680,Married
791447,Chris,Lane,1976-09-05,MALE,INDIVIDUAL,309,Married
791504,Joseph,Mitchell,1962-10-08,MALE,INDIVIDUAL,2,Single
791818,Jose,Jordan,1976-05-06,MALE,INDIVIDUAL,325,Married
792064,Joseph,Weaver,1974-06-27,MALE,INDIVIDUAL,595,Married
792071,Tammy,Flores,1982-05-31,FEMALE,INDIVIDUAL,617,Married
792113,Cynthia,Chapman,1970-01-31,FEMALE,INDIVIDUAL,322,Single
792120,Marilyn,Ramirez,1960-09-05,FEMALE,INDIVIDUAL,855,Married
792125,Shawn,Romero,1964-08-02,MALE,INDIVIDUAL,726,Single
792136,Theresa,Sanchez,1971-02-03,FEMALE,INDIVIDUAL,746,Single
792205,Johnny,Rodriguez,2002-11-18,MALE,INDIVIDUAL,430,Married
792208,Donald,Riley,2001-10-09,MALE,INDIVIDUAL,224,Married
792396,Martha,Greene,1974-11-06,FEMALE,INDIVIDUAL,266,Married
792605,Debra,Griffin,1986-02-09,FEMALE,INDIVIDUAL,89,Single
792683,Arthur,Flores,1966-12-01,MALE,INDIVIDUAL,580,Single
792830,Joshua,Kim,1983-12-20,MALE,INDIVIDUAL,977,Married
792863,Debra,Stephens,1970-09-07,FEMALE,INDIVIDUAL,689,Married
792964,Beverly,Rodriguez,1979-02-26,FEMALE,INDIVIDUAL,106,Single
793063,Frank,Lawrence,1963-08-01,MALE,INDIVIDUAL,298,Divorced
793184,Wayne,Gomez,2003-02-08,MALE,INDIVIDUAL,981,Single
793185,Richard,Bishop,1971-09-04,MALE,INDIVIDUAL,449,Married
793331,Gerald,Spencer,1974-09-23,MALE,INDIVIDUAL,166,Single
793412,Andrew,Greene,1965-03-09,MALE,INDIVIDUAL,626,Married
793425,Joe,Olson,1977-05-26,MALE,INDIVIDUAL,597,Single
793539,Sandra,Richards,2010-12-13,FEMALE,INDIVIDUAL,873,Married
793557,Daniel,Martinez,1975-03-09,MALE,INDIVIDUAL,49,Single
793709,Stephen,Carroll,1953-04-30,MALE,INDIVIDUAL,307,Single
793710,Nicholas,Warren,1970-07-05,MALE,INDIVIDUAL,651,Married
793754,Joan,Hamilton,1955-12-28,FEMALE,INDIVIDUAL,464,Divorced
793961,Anne,Lynch,1976-11-02,FEMALE,INDIVIDUAL,179,Married
793993,Shirley,Duncan,1952-11-19,FEMALE,INDIVIDUAL,39,Married
794018,Patricia,Walker,1986-08-08,FEMALE,INDIVIDUAL,155,Single
794305,Christina,Morales,1975-12-10,FEMALE,INDIVIDUAL,658,Married
794402,Raymond,Simmons,1972-11-30,MALE,INDIVIDUAL,429,Married
794469,Eric,Brooks,1974-11-13,MALE,INDIVIDUAL,93,Married
794507,Ralph,Sanders,1958-08-27,MALE,INDIVIDUAL,813,Married
794508,Michael,Harvey,1988-10-24,MALE,INDIVIDUAL,452,Married
794572,Benjamin,Watkins,1961-01-06,MALE,INDIVIDUAL,297,Single
794580,James,Dean,1994-07-08,MALE,INDIVIDUAL,933,Married
794804,Rachel,Baker,1973-06-13,FEMALE,INDIVIDUAL,762,Single
794812,Lillian,Diaz,2007-06-12,FEMALE,INDIVIDUAL,19,Married
795027,Terry,Reid,1951-12-16,MALE,INDIVIDUAL,191,Divorced
795425,Janice,Stewart,1998-05-08,FEMALE,INDIVIDUAL,247,Married
795653,Beverly,Campbell,1975-07-28,FEMALE,INDIVIDUAL,536,Married
795656,Cynthia,Thompson,1983-12-05,FEMALE,INDIVIDUAL,912,Divorced
795702,Samuel,White,1956-02-10,MALE,INDIVIDUAL,846,Divorced
795916,Arthur,Wilson,1961-05-20,MALE,INDIVIDUAL,799,Divorced
795987,Jason,Chapman,1968-04-01,MALE,INDIVIDUAL,590,Married
796316,Carol,Olson,1980-02-09,FEMALE,INDIVIDUAL,465,Divorced
796324,Gloria,Reyes,1985-07-29,FEMALE,INDIVIDUAL,452,Divorced
796346,Eugene,Hayes,1982-09-30,MALE,INDIVIDUAL,963,Married
796499,Pamela,Hawkins,1981-12-11,FEMALE,INDIVIDUAL,515,Married
796633,Jonathan,Watson,1967-09-27,MALE,INDIVIDUAL,541,Single
796714,Arthur,Harper,1986-04-01,MALE,INDIVIDUAL,902,Married
796916,Jessica,Ross,1980-11-14,FEMALE,INDIVIDUAL,437,Single
797027,Lori,Lane,1995-07-01,FEMALE,INDIVIDUAL,767,Married
797147,Michelle,Jordan,1973-03-26,FEMALE,INDIVIDUAL,173,Single
797402,Johnny,Harris,1969-05-16,MALE,INDIVIDUAL,980,Married
797591,Irene,Woods,1973-12-25,FEMALE,INDIVIDUAL,705,Single
797673,Timothy,Cooper,1972-04-27,MALE,INDIVIDUAL,923,Divorced
797763,Frank,Williamson,1976-08-02,MALE,INDIVIDUAL,501,Married
797830,Heather,Bennett,1960-07-18,FEMALE,INDIVIDUAL,66,Married
797831,Corporacion Ltd,,,,COMPANY,657,
797890,Elizabeth,Garcia,1976-06-28,FEMALE,INDIVIDUAL,547,Single
797903,Frank,Crawford,1969-04-13,MALE,INDIVIDUAL,756,Married
797906,Timothy,Simpson,1967-05-16,MALE,INDIVIDUAL,475,Single
798096,Kenneth,Flores,1972-08-03,MALE,INDIVIDUAL,545,Married
798109,Louise,Miller,2010-05-29,FEMALE,INDIVIDUAL,114,Divorced
798336,Brandon,Griffin,1955-11-28,MALE,INDIVIDUAL,609,Married
798439,Melissa,Ross,1995-01-10,FEMALE,INDIVIDUAL,302,Married
798518,Jeffrey,Harper,1962-01-18,MALE,INDIVIDUAL,776,Single
798807,Eugene,Washington,1976-12-10,MALE,INDIVIDUAL,626,Married
798910,Steve,Lewis,1976-11-26,MALE,INDIVIDUAL,700,Married
799075,Eugene,Rodriguez,1991-09-11,MALE,INDIVIDUAL,550,Divorced
799091,Janice,Robinson,1981-04-06,FEMALE,INDIVIDUAL,276,Married
799115,Thomas,Miller,1961-04-11,MALE,INDIVIDUAL,973,Married
799126,Susan,Hicks,1996-05-01,FEMALE,INDIVIDUAL,169,Married
799293,Nancy,West,1977-04-20,FEMALE,INDIVIDUAL,737,Single
799509,Phillip,Fox,1968-12-25,MALE,INDIVIDUAL,220,Divorced
799840,Arthur,Williams,1969-06-23,MALE,INDIVIDUAL,622,Single
800045,Patrick,Lopez,1972-01-10,MALE,INDIVIDUAL,948,Married
800176,Mary,Scott,1979-09-25,FEMALE,INDIVIDUAL,220,Divorced
800470,Sean,Grant,1979-10-04,MALE,INDIVIDUAL,535,Single
800484,Ann,Carter,1982-10-28,FEMALE,INDIVIDUAL,384,Single
800540,Maria,Thomas,1959-12-13,FEMALE,INDIVIDUAL,506,Married
800548,Kathy,Stewart,1968-05-16,FEMALE,INDIVIDUAL,974,Married
800639,Thomas,Cox,1951-01-01,MALE,INDIVIDUAL,508,Married
800736,Kevin,Mills,1969-09-21,MALE,INDIVIDUAL,95,Married
800802,Ryan,Henderson,1990-10-14,MALE,INDIVIDUAL,767,Married
800863,Sandra,Bennett,1992-10-07,FEMALE,INDIVIDUAL,987,Married
801026,Samuel,Cox,1980-11-14,MALE,INDIVIDUAL,643,Married
801130,Antonio,Fisher,1973-04-30,MALE,INDIVIDUAL,751,Divorced
801499,Andrew,Boyd,1980-03-14,MALE,INDIVIDUAL,904,Single
801540,Harry,James,1973-06-02,MALE,INDIVIDUAL,934,Married
801544,Larry,Burton,1968-10-21,MALE,INDIVIDUAL,563,Single
801711,Frances,Patterson,1977-08-26,FEMALE,INDIVIDUAL,856,Married
801796,Evelyn,Kennedy,2007-03-15,FEMALE,INDIVIDUAL,967,Married
802125,Deborah,Edwards,2010-02-24,FEMALE,INDIVIDUAL,173,Married
802127,Melissa,Jones,2008-01-12,FEMALE,INDIVIDUAL,898,Married
802284,Heather,Lawson,1973-07-12,FEMALE,INDIVIDUAL,900,Married
802381,Joseph,Bishop,1967-04-22,MALE,INDIVIDUAL,969,Single
802587,Dennis,Harris,1971-08-18,MALE,INDIVIDUAL,568,Single
802693,Randy,Carr,1958-03-01,MALE,INDIVIDUAL,253,Single
802952,Billy,Sanchez,1986-10-21,MALE,INDIVIDUAL,964,Married
803007,Helen,Williams,2011-05-23,FEMALE,INDIVIDUAL,759,Married
803134,Evelyn,Peterson,1996-11-08,FEMALE,INDIVIDUAL,281,Married
803161,Martin,Meyer,1963-05-31,MALE,INDIVIDUAL,958,Married
803548,Craig,Willis,1980-09-27,MALE,INDIVIDUAL,249,Divorced
803834,Phyllis,Wood,1964-11-02,FEMALE,INDIVIDUAL,383,Single
803923,Betty,Mills,1988-01-02,FEMALE,INDIVIDUAL,285,Married
804061,Brenda,Weaver,1980-01-24,FEMALE,INDIVIDUAL,389,Married
804078,Julia,Day,2012-09-25,FEMALE,INDIVIDUAL,336,Divorced
804085,Evelyn,Flores,2009-08-29,FEMALE,INDIVIDUAL,652,Married
804152,Juan,Fox,2009-08-29,MALE,INDIVIDUAL,516,Single
804205,Adam,Ryan,1968-10-22,MALE,INDIVIDUAL,511,Married
804302,Joyce,Medina,1969-11-18,FEMALE,INDIVIDUAL,411,Single
804740,Roger,Wells,1958-12-19,MALE,INDIVIDUAL,563,Single
804980,Sean,Cook,1975-09-24,MALE,INDIVIDUAL,981,Married
805276,Judith,Johnston,1975-07-22,FEMALE,INDIVIDUAL,438,Single
805400,Nicole,Harvey,1969-09-23,FEMALE,INDIVIDUAL,145,Married
805413,Theresa,Alexander,1976-12-19,FEMALE,INDIVIDUAL,607,Married
805435,Rose,Mendoza,1970-03-09,FEMALE,INDIVIDUAL,661,Married
805587,Martin,Boyd,1963-06-23,MALE,INDIVIDUAL,925,Single
805594,Jimmy,Kennedy,1956-12-08,MALE,INDIVIDUAL,666,Married
806122,Diane,Garza,2001-11-21,FEMALE,INDIVIDUAL,586,Married
806276,Kenneth,Vasquez,2006-07-20,MALE,INDIVIDUAL,181,Married
806277,Alan,Meyer,1953-10-30,MALE,INDIVIDUAL,139,Married
806979,Carol,Reyes,1969-01-19,FEMALE,INDIVIDUAL,238,Married
807044,Nancy,Cole,1982-08-20,FEMALE,INDIVIDUAL,955,Single
807066,Harry,Rivera,1959-06-29,MALE,INDIVIDUAL,717,Single
807121,Kathleen,Alvarez,1954-03-02,FEMALE,INDIVIDUAL,963,Divorced
807326,Carl,Hunt,1954-01-11,MALE,INDIVIDUAL,795,Married
807424,Rose,Spencer,1982-04-01,FEMALE,INDIVIDUAL,864,Single
807541,Jeremy,Price,1977-03-10,MALE,INDIVIDUAL,534,Single
808208,Joyce,Coleman,1978-11-20,FEMALE,INDIVIDUAL,83,Married
808256,Doris,Bryant,1960-07-13,FEMALE,INDIVIDUAL,623,Married
808353,Arthur,Stevens,1960-07-12,MALE,INDIVIDUAL,93,Married
808485,Shirley,Rogers,1961-06-09,FEMALE,INDIVIDUAL,621,Single
808539,Roy,Roberts,1985-10-08,MALE,INDIVIDUAL,52,Single
808757,Joyce,Graham,1973-09-13,FEMALE,INDIVIDUAL,184,Single
808812,Barbara,Martin,1980-10-26,FEMALE,INDIVIDUAL,523,Married
808813,Maria,Day,1973-05-09,FEMALE,INDIVIDUAL,375,Married
809349,Randy,Lane,1967-06-19,MALE,INDIVIDUAL,481,Divorced
809381,Cheryl,Butler,1969-12-24,FEMALE,INDIVIDUAL,390,Divorced
809479,Donald,Sullivan,1969-02-03,MALE,INDIVIDUAL,696,Divorced
809483,William,Hawkins,2009-07-16,MALE,INDIVIDUAL,207,Single
809569,Andrew,Morris,1966-10-06,MALE,INDIVIDUAL,150,Married
809931,Kelly,Hudson,1960-09-28,FEMALE,INDIVIDUAL,80,Married
810354,Julie,Wright,1981-02-20,FEMALE,INDIVIDUAL,499,Single
810375,Carolyn,Rogers,1959-06-07,FEMALE,INDIVIDUAL,715,Married
810510,Kathy,Green,1951-08-15,FEMALE,INDIVIDUAL,804,Single
811526,Carol,Peterson,1963-03-14,FEMALE,INDIVIDUAL,745,Married
811862,David,Stewart,1982-07-05,MALE,INDIVIDUAL,103,Single
811877,Angela,Lopez,1977-05-22,FEMALE,INDIVIDUAL,979,Married
811977,Lori,Rice,1958-06-26,FEMALE,INDIVIDUAL,41,Married
812252,Rebecca,Turner,1978-03-30,FEMALE,INDIVIDUAL,769,Married
812350,Rebecca,Ross,1972-07-14,FEMALE,INDIVIDUAL,307,Married
812504,Catherine,Johnson,1973-01-23,FEMALE,INDIVIDUAL,193,Single
812595,Harold,Dunn,2005-05-12,MALE,INDIVIDUAL,340,Married
812614,George,Wilson,1990-09-18,MALE,INDIVIDUAL,28,Married
812628,David,White,1968-11-09,MALE,INDIVIDUAL,699,Single
812631,Juan,Reid,1974-07-22,MALE,INDIVIDUAL,660,Single
812645,Jeremy,Jackson,2009-01-15,MALE,INDIVIDUAL,258,Married
812703,Teresa,Lawrence,1965-12-04,FEMALE,INDIVIDUAL,2,Single
813012,Ruth,Parker,1968-01-03,FEMALE,INDIVIDUAL,373,Divorced
813154,Elizabeth,Cooper,1973-03-22,FEMALE,INDIVIDUAL,305,Married
813500,Craig,Roberts,1982-06-21,MALE,INDIVIDUAL,724,Married
813576,Amy,Castillo,1957-05-05,FEMALE,INDIVIDUAL,44,Single
813605,Donald,Evans,1954-08-24,MALE,INDIVIDUAL,490,Single
813822,Angela,Bennett,1985-08-12,FEMALE,INDIVIDUAL,169,Divorced
813973,Alan,Ward,1958-07-01,MALE,INDIVIDUAL,870,Single
814284,Dennis,Russell,1963-08-14,MALE,INDIVIDUAL,135,Married
814672,Jeffrey,Jacobs,1987-09-15,MALE,INDIVIDUAL,817,Married
814874,Steven,Peters,1968-04-26,MALE,INDIVIDUAL,293,Married
814920,Patrick,Ramirez,1978-06-23,MALE,INDIVIDUAL,475,Married
815188,Howard,Ross,1968-11-09,MALE,INDIVIDUAL,555,Married
815658,Anna,Vasquez,1955-01-02,FEMALE,INDIVIDUAL,961,Divorced
815719,Sean,Gray,1971-07-07,MALE,INDIVIDUAL,111,Divorced
816034,Virginia,Palmer,2007-06-04,FEMALE,INDIVIDUAL,490,Married
816041,Sara,Ross,1976-04-12,FEMALE,INDIVIDUAL,844,Single
816167,Jonathan,Graham,1964-11-16,MALE,INDIVIDUAL,10,Married
816183,Victor,Wagner,1996-09-02,MALE,INDIVIDUAL,821,Married
816385,Margaret,Lawson,1970-09-16,FEMALE,INDIVIDUAL,911,Divorced
816415,Martin,Mccoy,1968-10-08,MALE,INDIVIDUAL,279,Single
816551,Carol,Morales,1982-05-03,FEMALE,INDIVIDUAL,496,Married
816557,Jean,Lynch,1978-12-12,FEMALE,INDIVIDUAL,829,Married
816847,Donald,West,1974-01-13,MALE,INDIVIDUAL,889,Single
817138,Denise,Garza,1971-09-06,FEMALE,INDIVIDUAL,272,Divorced
817232,Shawn,Stevens,1961-01-07,MALE,INDIVIDUAL,63,Single
817291,Walter,White,1987-06-17,MALE,INDIVIDUAL,706,Single
817295,Sean,Jordan,2011-01-21,MALE,INDIVIDUAL,739,Married
817402,Karen,Larson,1968-02-20,FEMALE,INDIVIDUAL,552,Married
817508,Rebecca,Vasquez,1966-03-05,FEMALE,INDIVIDUAL,91,Divorced
817566,Patricia,Sanchez,1954-11-11,FEMALE,INDIVIDUAL,770,Single
817637,Jose,Hayes,1959-07-27,MALE,INDIVIDUAL,409,Married
817728,Bonnie,Hughes,1982-03-15,FEMALE,INDIVIDUAL,538,Married
817734,Lois,Schmidt,1983-07-19,FEMALE,INDIVIDUAL,729,Single
817814,Willie,Garrett,1962-09-12,MALE,INDIVIDUAL,40,Single
817998,Raymond,Ramirez,1965-02-27,MALE,INDIVIDUAL,435,Married
818017,Rebecca,Perry,1962-03-12,FEMALE,INDIVIDUAL,864,Married
818027,Lillian,Wagner,1980-10-17,FEMALE,INDIVIDUAL,756,Married
818105,Joe,Fernandez,1966-08-30,MALE,INDIVIDUAL,832,Single
818527,Adam,Stevens,1965-02-25,MALE,INDIVIDUAL,553,Divorced
818843,Kathy,Mitchell,1989-06-22,FEMALE,INDIVIDUAL,876,Married
819295,Eric,Andrews,1984-08-17,MALE,INDIVIDUAL,574,Single
819384,Philip,Lopez,2012-06-09,MALE,INDIVIDUAL,159,Divorced
819386,Ralph,Roberts,1970-07-31,MALE,INDIVIDUAL,912,Divorced
819453,Benjamin,Lynch,1980-11-19,MALE,INDIVIDUAL,818,Married
819615,Carolyn,Johnson,1971-04-09,FEMALE,INDIVIDUAL,70,Married
819994,Rebecca,Fowler,1969-04-04,FEMALE,INDIVIDUAL,32,Single
820041,Carolyn,Scott,1982-11-24,FEMALE,INDIVIDUAL,991,Divorced
820127,Ruby,Boyd,1979-02-25,FEMALE,INDIVIDUAL,237,Married
820437,Richard,Ferguson,1970-05-07,MALE,INDIVIDUAL,502,Married
820804,Arthur,Olson,1961-05-24,MALE,INDIVIDUAL,449,Divorced
821112,Philip,Hicks,1978-08-30,MALE,INDIVIDUAL,72,Married
821466,Christopher,Gilbert,1965-12-18,MALE,INDIVIDUAL,508,Married
821688,William,Chavez,1960-02-16,MALE,INDIVIDUAL,231,Married
822194,Terry,Mendoza,1953-11-05,MALE,INDIVIDUAL,140,Married
822199,The Corp,,,,COMPANY,300,
822200,Paula,Peters,2011-12-07,FEMALE,INDIVIDUAL,50,Single
822262,Susan,Howell,1963-10-24,FEMALE,INDIVIDUAL,191,Single
822643,Maria,Murray,1994-04-05,FEMALE,INDIVIDUAL,467,Married
822704,Diana,Simpson,1969-11-07,FEMALE,INDIVIDUAL,217,Married
822796,Raymond,Rogers,2012-05-15,MALE,INDIVIDUAL,632,Married
822844,Kathryn,Welch,1970-06-02,FEMALE,INDIVIDUAL,162,Married
823028,Kathleen,James,1966-11-27,FEMALE,INDIVIDUAL,936,Single
823156,Gregory,Fox,1981-06-03,MALE,INDIVIDUAL,179,Married
823390,Susan,Johnson,1950-10-12,FEMALE,INDIVIDUAL,206,Married
823432,Kathryn,Johnston,1975-12-07,FEMALE,INDIVIDUAL,297,Married
823439,Jane,Cruz,1970-05-27,FEMALE,INDIVIDUAL,292,Married
823475,Lori,Stevens,1967-12-29,FEMALE,INDIVIDUAL,684,Married
823644,Joyce,Castillo,1959-02-18,FEMALE,INDIVIDUAL,794,Single
823975,Norma,Woods,1995-07-28,FEMALE,INDIVIDUAL,273,Married
824047,Bobby,Chavez,1975-09-09,MALE,INDIVIDUAL,396,Married
824220,Martin,Lewis,1985-05-19,MALE,INDIVIDUAL,379,Married
824237,Terry,Perry,2011-04-16,MALE,INDIVIDUAL,950,Single
824253,Nicholas,Hernandez,1970-11-17,MALE,INDIVIDUAL,348,Single
824356,Billy,Wood,2011-02-23,MALE,INDIVIDUAL,747,Married
824767,Willie,Tucker,1973-01-17,MALE,INDIVIDUAL,979,Married
824798,Tina,Gordon,2008-09-03,FEMALE,INDIVIDUAL,361,Married
824843,Jesse,Gardner,2006-04-07,MALE,INDIVIDUAL,405,Married
824849,Philip,Cox,2004-10-20,MALE,INDIVIDUAL,454,Single
824888,Benjamin,Daniels,1987-10-19,MALE,INDIVIDUAL,294,Married
825207,David,Fuller,1970-11-20,MALE,INDIVIDUAL,994,Married
825261,Christine,Sullivan,2004-11-15,FEMALE,INDIVIDUAL,729,Single
825357,Justin,Mendoza,1968-10-15,MALE,INDIVIDUAL,656,Single
825585,Elizabeth,Ferguson,1978-05-14,FEMALE,INDIVIDUAL,156,Single
825771,Kathy,Arnold,1979-03-21,FEMALE,INDIVIDUAL,964,Married
825787,Kelly,Harris,1966-01-10,FEMALE,INDIVIDUAL,217,Married
825797,Julie,Sullivan,1986-08-07,FEMALE,INDIVIDUAL,592,Divorced
825813,Paula,Gonzales,1965-08-04,FEMALE,INDIVIDUAL,533,Single
826111,Brian,Wilson,1977-08-16,MALE,INDIVIDUAL,55,Divorced
826293,Ann,Wood,1960-03-26,FEMALE,INDIVIDUAL,182,Single
826418,Aaron,Robertson,1966-10-18,MALE,INDIVIDUAL,680,Single
826465,Ralph,Ramirez,1974-10-19,MALE,INDIVIDUAL,535,Married
826604,Raymond,Mccoy,1948-12-15,MALE,INDIVIDUAL,191,Married
827187,Laura,Henderson,2007-07-05,FEMALE,INDIVIDUAL,770,Married
827189,Billy,Rose,1965-04-23,MALE,INDIVIDUAL,268,Single
827635,Aaron,Lewis,1973-09-25,MALE,INDIVIDUAL,846,Married
827759,Walter,Flores,1964-11-09,MALE,INDIVIDUAL,846,Married
827837,Phillip,Moreno,1974-06-24,MALE,INDIVIDUAL,59,Married
827843,Adam,Gonzalez,1962-04-12,MALE,INDIVIDUAL,498,Divorced
828797,Ashley,White,1971-12-02,FEMALE,INDIVIDUAL,589,Married
828951,Deborah,Gonzalez,1976-10-23,FEMALE,INDIVIDUAL,794,Married
829167,Joan,Coleman,1981-02-26,FEMALE,INDIVIDUAL,888,Single
829354,Scott,Lynch,1970-07-18,MALE,INDIVIDUAL,906,Married
829526,Lois,Allen,1963-06-07,FEMALE,INDIVIDUAL,404,Married
829748,Daniel,Berry,1962-07-23,MALE,INDIVIDUAL,657,Single
829811,Phillip,Jenkins,1968-02-21,MALE,INDIVIDUAL,900,Single
830009,Christopher,Rogers,1968-06-22,MALE,INDIVIDUAL,373,Married
830243,Linda,Diaz,1956-08-22,FEMALE,INDIVIDUAL,662,Single
831167,Scott,Romero,1961-06-25,MALE,INDIVIDUAL,293,Divorced
831278,Janet,Ferguson,1980-09-28,FEMALE,INDIVIDUAL,921,Married
831349,Eugene,Lane,1975-02-15,MALE,INDIVIDUAL,736,Single
831518,Michael,Hernandez,2006-08-23,MALE,INDIVIDUAL,232,Married
831523,Jack,Carpenter,1969-11-30,MALE,INDIVIDUAL,946,Single
831680,David,Rivera,2004-01-14,MALE,INDIVIDUAL,139,Married
831795,Debra,Freeman,1969-05-08,FEMALE,INDIVIDUAL,709,Married
832536,Gerald,Fields,1969-06-28,MALE,INDIVIDUAL,729,Married
832772,Dennis,Torres,1970-07-17,MALE,INDIVIDUAL,910,Single
833052,Tina,Fuller,1980-03-10,FEMALE,INDIVIDUAL,580,Single
833257,Craig,Jones,1978-12-11,MALE,INDIVIDUAL,170,Married
833258,Julie,Nelson,2012-10-01,FEMALE,INDIVIDUAL,462,Married
833627,Eric,Fuller,1957-05-25,MALE,INDIVIDUAL,930,Divorced
833755,Anne,Arnold,2003-04-29,FEMALE,INDIVIDUAL,785,Married
834194,Norma,Barnes,1971-03-16,FEMALE,INDIVIDUAL,592,Married
834196,Linda,Harris,1973-09-02,FEMALE,INDIVIDUAL,763,Single
834293,Keith,Lee,1976-08-17,MALE,INDIVIDUAL,239,Married
834397,Jean,Mills,1974-11-02,FEMALE,INDIVIDUAL,663,Single
834659,Louis,Allen,1982-09-20,MALE,INDIVIDUAL,958,Single
834756,Cynthia,Ford,1982-12-18,FEMALE,INDIVIDUAL,162,Single
834833,Joan,Cunningham,1961-06-12,FEMALE,INDIVIDUAL,776,Single
835382,Joan,Dixon,1961-03-18,FEMALE,INDIVIDUAL,547,Single
835408,Amanda,Kennedy,1956-05-14,FEMALE,INDIVIDUAL,560,Single
835580,Samuel,Rivera,1973-10-21,MALE,INDIVIDUAL,558,Married
835787,Martha,Snyder,1980-07-26,FEMALE,INDIVIDUAL,984,Married
835899,Kathleen,Simpson,1965-01-04,FEMALE,INDIVIDUAL,994,Married
836492,Lisa,Richards,2009-08-02,FEMALE,INDIVIDUAL,42,Married
836631,Deborah,Rose,1962-08-07,FEMALE,INDIVIDUAL,878,Married
836638,Wanda,Barnes,1977-10-11,FEMALE,INDIVIDUAL,891,Married
836797,Susan,Castillo,1960-03-06,FEMALE,INDIVIDUAL,930,Married
836984,Cynthia,Hawkins,1974-09-19,FEMALE,INDIVIDUAL,513,Married
837204,Gary,Mason,1950-08-22,MALE,INDIVIDUAL,404,Single
837360,David,Wheeler,1982-01-27,MALE,INDIVIDUAL,145,Married
837532,Maria,Shaw,2012-04-22,FEMALE,INDIVIDUAL,864,Married
837534,Annie,Rivera,2008-03-06,FEMALE,INDIVIDUAL,956,Single
837535,Charles,Reyes,2010-03-11,MALE,INDIVIDUAL,539,Single
837542,Keith,Watson,1971-02-23,MALE,INDIVIDUAL,192,Married
837544,Terry,Mitchell,1975-09-06,MALE,INDIVIDUAL,656,Married
837905,Jennifer,Burns,1984-02-28,FEMALE,INDIVIDUAL,911,Married
838014,Sara,Jacobs,1986-03-05,FEMALE,INDIVIDUAL,295,Single
838074,Terry,Ray,1960-02-21,MALE,INDIVIDUAL,190,Married
838601,Ruby,Howell,1983-06-09,FEMALE,INDIVIDUAL,609,Single
839258,Paula,Brown,1982-01-25,FEMALE,INDIVIDUAL,724,Married
839528,Joan,Sullivan,1966-02-14,FEMALE,INDIVIDUAL,869,Married
839577,Anthony,Martinez,1989-09-21,MALE,INDIVIDUAL,234,Married
839849,Frank,Castillo,1973-06-26,MALE,INDIVIDUAL,871,Married
839867,Ruth,Nguyen,1974-11-24,FEMALE,INDIVIDUAL,894,Divorced
840065,Lawrence,Crawford,2006-05-03,MALE,INDIVIDUAL,570,Married
840069,Raymond,Crawford,1974-09-03,MALE,INDIVIDUAL,804,Single
840243,Jean,Taylor,1957-03-03,FEMALE,INDIVIDUAL,622,Married
840244,Joan,Castillo,1982-07-27,FEMALE,INDIVIDUAL,469,Married
840336,Jimmy,Rivera,1981-01-07,MALE,INDIVIDUAL,557,Married
840337,Dennis,Gomez,2012-01-26,MALE,INDIVIDUAL,617,Married
840522,Chris,Hicks,1971-08-31,MALE,INDIVIDUAL,432,Married
840886,David,Adams,1976-08-19,MALE,INDIVIDUAL,195,Married
841833,Julie,Bishop,1997-01-21,FEMALE,INDIVIDUAL,543,Divorced
841854,Harry,Jacobs,1960-10-22,MALE,INDIVIDUAL,732,Married
841886,Brenda,Castillo,1980-10-08,FEMALE,INDIVIDUAL,423,Married
842031,Bruce,Montgomery,1978-07-05,MALE,INDIVIDUAL,330,Married
842258,Bonnie,Powell,2012-07-25,FEMALE,INDIVIDUAL,668,Married
842324,Deborah,Watson,1977-10-02,FEMALE,INDIVIDUAL,710,Married
842346,Emily,Hudson,1965-12-11,FEMALE,INDIVIDUAL,923,Divorced
842347,Gloria,Harris,1974-02-06,FEMALE,INDIVIDUAL,196,Married
842350,Sara,Taylor,1980-01-02,FEMALE,INDIVIDUAL,839,Single
842895,Ryan,Burke,1974-05-14,MALE,INDIVIDUAL,829,Single
842993,Andrew,Lane,1967-02-18,MALE,INDIVIDUAL,642,Single
842996,Benjamin,Cole,2004-02-18,MALE,INDIVIDUAL,692,Married
843142,Evelyn,Green,1980-01-01,FEMALE,INDIVIDUAL,984,Married
843306,Norma,Cook,2011-10-14,FEMALE,INDIVIDUAL,976,Divorced
843359,Alan,Willis,1961-01-22,MALE,INDIVIDUAL,767,Married
843361,Antonio,Simpson,2002-05-17,MALE,INDIVIDUAL,798,Single
843489,Lori,Cruz,1983-01-17,FEMALE,INDIVIDUAL,648,Married
843945,Elizabeth,King,1969-11-14,FEMALE,INDIVIDUAL,885,Single
843969,Virginia,Howard,1980-04-24,FEMALE,INDIVIDUAL,857,Married
844080,Keith,Jacobs,1975-11-20,MALE,INDIVIDUAL,123,Married
844143,Phillip,Duncan,2011-12-15,MALE,INDIVIDUAL,355,Married
844169,Jeffrey,Mitchell,1997-08-18,MALE,INDIVIDUAL,751,Married
844356,Peter,Graham,1968-05-07,MALE,INDIVIDUAL,206,Married
844391,Gary,Evans,1965-10-20,MALE,INDIVIDUAL,97,Married
844562,Judy,Wallace,1993-09-10,FEMALE,INDIVIDUAL,573,Single
844592,Gloria,Mills,1955-04-07,FEMALE,INDIVIDUAL,480,Married
844662,Sean,Lynch,1996-09-14,MALE,INDIVIDUAL,129,Single
844664,Raymond,Hamilton,1967-02-27,MALE,INDIVIDUAL,604,Divorced
844706,Timothy,Stephens,1969-01-19,MALE,INDIVIDUAL,383,Divorced
844778,Angela,Owens,1996-11-16,FEMALE,INDIVIDUAL,793,Single
844816,Mildred,Carr,1983-08-04,FEMALE,INDIVIDUAL,186,Divorced
844997,Willie,Ford,1975-01-28,MALE,INDIVIDUAL,607,Married
845016,Earl,Gordon,1969-07-26,MALE,INDIVIDUAL,688,Married
845451,Kevin,James,1956-05-17,MALE,INDIVIDUAL,858,Single
845525,Stephen,Morales,1957-12-16,MALE,INDIVIDUAL,41,Single
845542,Jeffrey,Bell,1993-08-03,MALE,INDIVIDUAL,614,Divorced
845623,Frank,Price,1970-11-08,MALE,INDIVIDUAL,990,Married
845715,Virginia,Thompson,1955-06-10,FEMALE,INDIVIDUAL,702,Single
846056,Charles,Lane,1990-01-30,MALE,INDIVIDUAL,225,Married
847071,Teresa,Howell,2011-05-07,FEMALE,INDIVIDUAL,28,Married
847092,Anthony,Kelley,1984-09-21,MALE,INDIVIDUAL,380,Divorced
847104,Donna,Stevens,1953-04-05,FEMALE,INDIVIDUAL,611,Single
847118,Gregory,Long,2012-02-14,MALE,INDIVIDUAL,554,Married
847135,Andrew,Henderson,1977-10-11,MALE,INDIVIDUAL,536,Married
847172,Dennis,Edwards,1974-09-18,MALE,INDIVIDUAL,760,Married
847439,Randy,Elliott,1952-10-20,MALE,INDIVIDUAL,510,Married
847896,Earl,Miller,1954-09-19,MALE,INDIVIDUAL,179,Single
847920,Donald,Washington,1963-11-20,MALE,INDIVIDUAL,874,Married
847939,Robin,Patterson,1959-01-01,FEMALE,INDIVIDUAL,629,Married
848137,Gloria,Franklin,1969-10-01,FEMALE,INDIVIDUAL,927,Single
848170,Willie,Carter,1965-09-16,MALE,INDIVIDUAL,367,Married
848206,Nicholas,Baker,2008-04-08,MALE,INDIVIDUAL,72,Married
848207,Patrick,Bishop,1963-07-20,MALE,INDIVIDUAL,626,Single
848226,Jason,Lee,1977-09-10,MALE,INDIVIDUAL,396,Married
848597,Christine,Stone,1969-01-14,FEMALE,INDIVIDUAL,906,Married
848693,Doris,Ross,2010-08-14,FEMALE,INDIVIDUAL,528,Married
848694,Henry,Harrison,1974-01-16,MALE,INDIVIDUAL,454,Single
848743,Sara,Gordon,1964-03-10,FEMALE,INDIVIDUAL,437,Single
848905,Joyce,Powell,1971-04-20,FEMALE,INDIVIDUAL,92,Married
849023,Jessica,Little,1965-12-01,FEMALE,INDIVIDUAL,927,Married
849338,Ruth,Martin,1981-02-28,FEMALE,INDIVIDUAL,205,Married
849532,Pamela,Hamilton,1971-08-13,FEMALE,INDIVIDUAL,439,Married
849975,Helen,Franklin,1960-03-13,FEMALE,INDIVIDUAL,251,Married
850134,John,Fox,1975-05-24,MALE,INDIVIDUAL,126,Single
850141,Alan,Bailey,1974-01-25,MALE,INDIVIDUAL,765,Married
850191,Benjamin,Franklin,2007-10-19,MALE,INDIVIDUAL,318,Married
850223,Eric,Wright,1977-12-28,MALE,INDIVIDUAL,913,Married
850326,Harry,Fuller,1973-12-25,MALE,INDIVIDUAL,308,Married
850334,Ashley,Carr,1977-03-30,FEMALE,INDIVIDUAL,210,Married
850337,Chris,Washington,2006-12-15,MALE,INDIVIDUAL,756,Single
850516,Juan,Shaw,1950-12-30,MALE,INDIVIDUAL,968,Single
850750,Heather,Olson,1970-08-12,FEMALE,INDIVIDUAL,348,Married
850751,Ruth,Warren,1977-08-10,FEMALE,INDIVIDUAL,325,Single
850835,Margaret,Tucker,1970-07-03,FEMALE,INDIVIDUAL,901,Married
851111,Mary,Harvey,1962-06-13,FEMALE,INDIVIDUAL,570,Married
851127,Douglas,Gardner,1972-02-19,MALE,INDIVIDUAL,327,Married
851385,Eric,Warren,1957-12-12,MALE,INDIVIDUAL,213,Single
851391,Chris,Miller,1977-02-18,MALE,INDIVIDUAL,884,Single
851901,Pamela,King,1972-07-29,FEMALE,INDIVIDUAL,540,Married
851993,George,Hudson,1972-08-03,MALE,INDIVIDUAL,309,Married
852111,Christine,Moore,2003-02-18,FEMALE,INDIVIDUAL,155,Married
852112,Daniel,Fox,2004-02-11,MALE,INDIVIDUAL,393,Married
852116,Joe,Phillips,1971-12-12,MALE,INDIVIDUAL,30,Married
852350,Frances,Schmidt,1975-06-18,FEMALE,INDIVIDUAL,431,Single
852572,Ruby,Roberts,1980-02-28,FEMALE,INDIVIDUAL,192,Married
852591,Timothy,Webb,1972-05-16,MALE,INDIVIDUAL,643,Married
852979,William,Peterson,1971-08-30,MALE,INDIVIDUAL,667,Single
853271,Evelyn,Elliott,2008-11-15,FEMALE,INDIVIDUAL,325,Divorced
853273,Raymond,Elliott,1969-02-14,MALE,INDIVIDUAL,658,Divorced
853276,Judith,Carr,1969-06-22,FEMALE,INDIVIDUAL,128,Married
853429,Michael,Sullivan,1972-12-20,MALE,INDIVIDUAL,435,Single
853466,Wayne,Dunn,1983-04-29,MALE,INDIVIDUAL,57,Married
853735,James,Palmer,1976-07-09,MALE,INDIVIDUAL,793,Married
853845,Dorothy,Russell,1972-04-04,FEMALE,INDIVIDUAL,796,Married
853932,Justin,Torres,1982-04-22,MALE,INDIVIDUAL,460,Single
853965,Jerry,Arnold,1963-11-11,MALE,INDIVIDUAL,741,Married
853967,Amanda,Wilson,1990-08-25,FEMALE,INDIVIDUAL,482,Married
854258,Jason,Cruz,1952-11-09,MALE,INDIVIDUAL,252,Married
854508,Peter,Dixon,1999-05-06,MALE,INDIVIDUAL,101,Married
854509,Jonathan,Banks,1968-03-01,MALE,INDIVIDUAL,125,Single
854629,Angela,Cruz,1983-01-29,FEMALE,INDIVIDUAL,515,Single
854685,Joyce,Shaw,1971-02-22,FEMALE,INDIVIDUAL,593,Single
854753,Chris,Anderson,1985-07-31,MALE,INDIVIDUAL,282,Single
855047,Michelle,Wheeler,1974-05-18,FEMALE,INDIVIDUAL,511,Married
855235,Marilyn,Adams,1994-10-26,FEMALE,INDIVIDUAL,242,Married
855337,Brenda,Bailey,1971-07-28,FEMALE,INDIVIDUAL,795,Married
855409,Sharon,Hayes,1999-02-07,FEMALE,INDIVIDUAL,330,Single
855796,Katherine,Carter,1997-01-08,FEMALE,INDIVIDUAL,817,Married
855896,Anthony,Roberts,1959-04-17,MALE,INDIVIDUAL,305,Married
855897,William,Mills,1966-10-28,MALE,INDIVIDUAL,178,Divorced
856028,Steve,Cruz,1964-01-29,MALE,INDIVIDUAL,421,Married
856149,Stephanie,Ray,1950-09-23,FEMALE,INDIVIDUAL,33,Married
856230,Ann,Brown,1959-04-08,FEMALE,INDIVIDUAL,537,Single
856231,Kenneth,Fields,1951-09-16,MALE,INDIVIDUAL,44,Married
856470,Evelyn,Pierce,1964-08-30,FEMALE,INDIVIDUAL,38,Married
856847,William,Welch,1977-03-25,MALE,INDIVIDUAL,306,Married
856935,Jennifer,Anderson,1977-08-05,FEMALE,INDIVIDUAL,170,Married
857036,Betty,Daniels,1964-04-22,FEMALE,INDIVIDUAL,823,Married
857049,Helen,Hamilton,2011-08-20,FEMALE,INDIVIDUAL,869,Married
857265,Denise,Kennedy,1975-01-29,FEMALE,INDIVIDUAL,122,Single
857314,Matthew,Wilson,1980-02-12,MALE,INDIVIDUAL,574,Married
857433,Sara,Rogers,1973-11-18,FEMALE,INDIVIDUAL,901,Divorced
857667,Helen,Reid,1985-04-18,FEMALE,INDIVIDUAL,902,Single
857745,Sharon,Rogers,1983-07-20,FEMALE,INDIVIDUAL,33,Single
857747,Julia,Snyder,1984-08-29,FEMALE,INDIVIDUAL,702,Single
857914,Albert,Lawson,1959-07-14,MALE,INDIVIDUAL,279,Married
858227,Tina,Matthews,1951-02-27,FEMALE,INDIVIDUAL,224,Single
858347,Eric,Harvey,1979-08-26,MALE,INDIVIDUAL,568,Married
858356,Joyce,Flores,2008-09-13,FEMALE,INDIVIDUAL,985,Married
858409,Rachel,Hansen,1983-12-15,FEMALE,INDIVIDUAL,914,Married
858539,Frank,Adams,1993-06-29,MALE,INDIVIDUAL,684,Married
858916,Albert,Fernandez,1976-10-13,MALE,INDIVIDUAL,803,Married
858956,Carol,Cooper,2011-03-17,FEMALE,INDIVIDUAL,888,Divorced
859291,Ronald,Wheeler,1961-05-23,MALE,INDIVIDUAL,717,Married
859323,Ann,Rivera,2012-11-25,FEMALE,INDIVIDUAL,378,Married
859328,Patrick,Moreno,1981-11-26,MALE,INDIVIDUAL,97,Married
859699,Arthur,Rodriguez,1976-10-07,MALE,INDIVIDUAL,800,Married
859896,Brian,Reid,1968-06-02,MALE,INDIVIDUAL,611,Married
859954,Marie,Sims,1967-09-14,FEMALE,INDIVIDUAL,626,Married
860157,Angela,Ford,1969-06-30,FEMALE,INDIVIDUAL,931,Married
860194,Donna,Howard,1990-06-30,FEMALE,INDIVIDUAL,281,Married
860538,Rose,Montgomery,1951-10-04,FEMALE,INDIVIDUAL,133,Single
860648,Kimberly,Cruz,1969-06-20,FEMALE,INDIVIDUAL,847,Married
860912,Russell,Burke,1975-06-04,MALE,INDIVIDUAL,78,Divorced
861093,Brian,Ray,1975-10-17,MALE,INDIVIDUAL,938,Married
861157,Paula,Hernandez,1975-12-21,FEMALE,INDIVIDUAL,69,Married
861238,Ryan,Willis,2009-07-29,MALE,INDIVIDUAL,761,Married
861246,Sean,Tucker,1967-02-07,MALE,INDIVIDUAL,486,Single
861443,Jimmy,Lawrence,1985-04-29,MALE,INDIVIDUAL,439,Married
862089,Larry,Palmer,1978-01-03,MALE,INDIVIDUAL,150,Single
862278,Catherine,Berry,1973-10-10,FEMALE,INDIVIDUAL,733,Married
862699,Cheryl,Harris,1957-12-01,FEMALE,INDIVIDUAL,458,Single
862734,Diana,Turner,1983-07-23,FEMALE,INDIVIDUAL,48,Married
862787,Judith,Gilbert,1962-08-11,FEMALE,INDIVIDUAL,206,Divorced
862854,Henry,Hawkins,2010-03-11,MALE,INDIVIDUAL,503,Married
862855,Donald,Webb,1980-02-16,MALE,INDIVIDUAL,430,Married
863188,Philip,Stevens,1976-06-05,MALE,INDIVIDUAL,361,Married
863214,Alan,Butler,1973-10-19,MALE,INDIVIDUAL,373,Married
863318,Patricia,Graham,1966-10-29,FEMALE,INDIVIDUAL,397,Divorced
863408,Shirley,Dean,1963-06-12,FEMALE,INDIVIDUAL,495,Married
863495,Jesse,Morrison,1971-01-21,MALE,INDIVIDUAL,119,Single
864011,Daniel,Mcdonald,1970-03-06,MALE,INDIVIDUAL,974,Married
864114,Emily,Howard,1982-05-29,FEMALE,INDIVIDUAL,112,Divorced
864115,Norma,Marshall,1954-12-27,FEMALE,INDIVIDUAL,722,Single
864171,Beverly,Hughes,1984-02-16,FEMALE,INDIVIDUAL,948,Single
864425,Clarence,Robertson,1969-06-14,MALE,INDIVIDUAL,804,Married
864438,Earl,Schmidt,1970-03-29,MALE,INDIVIDUAL,28,Single
864569,Howard,Gilbert,1977-04-15,MALE,INDIVIDUAL,433,Married
864786,Justin,Edwards,1961-04-05,MALE,INDIVIDUAL,452,Married
865078,Larry,Davis,2002-09-04,MALE,INDIVIDUAL,363,Divorced
865258,Teresa,Ross,1984-10-03,FEMALE,INDIVIDUAL,751,Married
865283,Anna,Cunningham,2008-10-12,FEMALE,INDIVIDUAL,833,Married
865288,Lillian,Fuller,1953-01-11,FEMALE,INDIVIDUAL,314,Married
865332,Joseph,Stone,1974-03-30,MALE,INDIVIDUAL,663,Married
865362,Irene,Sims,1973-04-28,FEMALE,INDIVIDUAL,143,Married
865418,Carl,Parker,2008-08-22,MALE,INDIVIDUAL,841,Married
865485,Michelle,Price,1957-09-15,FEMALE,INDIVIDUAL,556,Married
865659,Mildred,Hart,1979-10-02,FEMALE,INDIVIDUAL,547,Married
865713,Andrew,Scott,1997-07-16,MALE,INDIVIDUAL,490,Single
865714,Daniel,Carroll,1965-09-23,MALE,INDIVIDUAL,685,Married
865994,Jesse,Long,1970-02-03,MALE,INDIVIDUAL,630,Married
866411,Robert,Austin,1986-06-06,MALE,INDIVIDUAL,384,Single
866589,Debra,Ray,1964-10-04,FEMALE,INDIVIDUAL,56,Single
867029,Tammy,Bishop,1961-10-21,FEMALE,INDIVIDUAL,538,Single
867059,Ernest,Owens,1957-03-08,MALE,INDIVIDUAL,800,Single
867111,Mark,Kelley,1969-08-24,MALE,INDIVIDUAL,209,Married
867161,Juan,Chavez,1960-09-09,MALE,INDIVIDUAL,943,Married
867178,Mildred,Gordon,1983-11-19,FEMALE,INDIVIDUAL,759,Married
867923,Steve,Wallace,1954-01-10,MALE,INDIVIDUAL,58,Married
868620,Teresa,Kim,1987-09-18,FEMALE,INDIVIDUAL,3,Married
868641,Keith,Graham,1964-02-02,MALE,INDIVIDUAL,191,Divorced
868726,Cynthia,Perkins,1974-01-01,FEMALE,INDIVIDUAL,744,Married
869068,Michael,Lynch,1976-04-16,MALE,INDIVIDUAL,87,Married
869079,Randy,Ray,2010-05-14,MALE,INDIVIDUAL,445,Single
869206,Albert,Wheeler,1954-12-30,MALE,INDIVIDUAL,412,Married
869380,Albert,Dean,1951-11-01,MALE,INDIVIDUAL,807,Married
869482,Jeremy,Wheeler,1967-08-26,MALE,INDIVIDUAL,408,Married
869537,Frank,Torres,1963-01-11,MALE,INDIVIDUAL,175,Married
870195,Rebecca,Nichols,1983-06-26,FEMALE,INDIVIDUAL,552,Married
870416,Theresa,Mitchell,1980-07-25,FEMALE,INDIVIDUAL,694,Single
870426,Lawrence,Alvarez,1984-04-02,MALE,INDIVIDUAL,380,Married
870539,Sara,Green,1996-01-10,FEMALE,INDIVIDUAL,516,Married
870557,Patricia,Little,1973-11-14,FEMALE,INDIVIDUAL,488,Single
870568,Eugene,Ross,1971-01-01,MALE,INDIVIDUAL,691,Married
870822,Theresa,Lynch,1980-03-29,FEMALE,INDIVIDUAL,699,Married
871065,Janice,Holmes,1986-07-24,FEMALE,INDIVIDUAL,371,Single
871391,Lillian,Brown,1979-09-05,FEMALE,INDIVIDUAL,376,Single
871504,Marilyn,Watkins,1982-08-14,FEMALE,INDIVIDUAL,505,Married
871537,Kimberly,Davis,1976-03-26,FEMALE,INDIVIDUAL,125,Married
872360,Sean,Perkins,2010-10-26,MALE,INDIVIDUAL,649,Married
872427,Carlos,Stephens,1979-10-24,MALE,INDIVIDUAL,28,Single
872505,Kenneth,Butler,1970-10-26,MALE,INDIVIDUAL,341,Single
872508,Judy,James,1980-01-09,FEMALE,INDIVIDUAL,930,Married
872564,Jimmy,Hall,1967-03-06,MALE,INDIVIDUAL,506,Single
872576,Joan,James,1999-07-25,FEMALE,INDIVIDUAL,453,Married
872702,Alan,Lawson,1972-01-17,MALE,INDIVIDUAL,370,Single
872761,Albert,Rice,1970-12-08,MALE,INDIVIDUAL,633,Married
872907,Heather,Thomas,1973-07-29,FEMALE,INDIVIDUAL,227,Divorced
873060,Benjamin,Sanders,1977-08-13,MALE,INDIVIDUAL,459,Single
873499,Donna,Rodriguez,1981-11-12,FEMALE,INDIVIDUAL,346,Married
873586,Sara,Spencer,1980-04-18,FEMALE,INDIVIDUAL,364,Married
873720,Gloria,Wood,1970-02-06,FEMALE,INDIVIDUAL,121,Single
873723,Douglas,Nelson,2010-11-07,MALE,INDIVIDUAL,570,Married
873791,Steve,Reid,1987-03-23,MALE,INDIVIDUAL,170,Married
874201,Theresa,Stewart,1963-07-20,FEMALE,INDIVIDUAL,610,Single
874264,Norma,Stephens,1974-05-03,FEMALE,INDIVIDUAL,300,Single
874342,Alice,Woods,1953-05-15,FEMALE,INDIVIDUAL,434,Married
874504,Heather,Coleman,1969-11-25,FEMALE,INDIVIDUAL,369,Married
874633,Carol,Richardson,1984-04-06,FEMALE,INDIVIDUAL,728,Married
874648,Jennifer,Sullivan,1978-04-27,FEMALE,INDIVIDUAL,581,Married
874744,Carl,Turner,1973-08-27,MALE,INDIVIDUAL,511,Married
874773,Ralph,Matthews,2006-07-04,MALE,INDIVIDUAL,259,Married
875016,Ruby,Kim,1976-01-18,FEMALE,INDIVIDUAL,906,Married
875083,Alice,Reyes,1964-03-11,FEMALE,INDIVIDUAL,222,Married
875135,Peter,Bowman,1972-05-05,MALE,INDIVIDUAL,128,Married
875243,Stephen,Fields,1963-02-18,MALE,INDIVIDUAL,886,Divorced
875517,Karen,Nelson,1967-06-17,FEMALE,INDIVIDUAL,593,Divorced
875983,Linda,Reynolds,1971-05-22,FEMALE,INDIVIDUAL,975,Married
876202,Nancy,Garrett,1983-09-10,FEMALE,INDIVIDUAL,2,Single
876353,Eugene,Crawford,1973-03-08,MALE,INDIVIDUAL,442,Single
876573,Robert,Gardner,1963-02-17,MALE,INDIVIDUAL,452,Single
876843,Roy,Stevens,1957-01-08,MALE,INDIVIDUAL,845,Married
877074,Michelle,Henry,1980-11-20,FEMALE,INDIVIDUAL,354,Married
877169,Jimmy,Lewis,1973-07-10,MALE,INDIVIDUAL,71,Married
877340,Lillian,Franklin,1986-12-01,FEMALE,INDIVIDUAL,231,Married
877364,Angela,Arnold,1986-03-14,FEMALE,INDIVIDUAL,224,Married
877412,Kelly,Ford,1996-05-09,FEMALE,INDIVIDUAL,69,Single
877710,Robert,Warren,1965-03-10,MALE,INDIVIDUAL,120,Single
877787,Earl,Alexander,1977-02-19,MALE,INDIVIDUAL,21,Single
877846,Nancy,Hill,1974-10-26,FEMALE,INDIVIDUAL,1,Married
877930,Carlos,Welch,1990-01-16,MALE,INDIVIDUAL,608,Single
878142,Rachel,Shaw,1968-09-11,FEMALE,INDIVIDUAL,9,Divorced
878340,Walter,Bell,1983-06-22,MALE,INDIVIDUAL,648,Married
878450,Carl,Brooks,1992-08-22,MALE,INDIVIDUAL,39,Married
878538,Carolyn,Simmons,2011-11-15,FEMALE,INDIVIDUAL,18,Married
878633,Lawrence,Hicks,1959-03-30,MALE,INDIVIDUAL,533,Married
878644,Julie,Evans,1965-06-05,FEMALE,INDIVIDUAL,574,Married
878653,Janice,Little,1980-02-18,FEMALE,INDIVIDUAL,78,Single
879177,Angela,Black,1968-07-10,FEMALE,INDIVIDUAL,220,Married
879453,Lillian,Parker,1982-06-01,FEMALE,INDIVIDUAL,286,Single
879614,Lawrence,Mills,1975-03-03,MALE,INDIVIDUAL,500,Single
879845,Bruce,Cole,2007-07-16,MALE,INDIVIDUAL,917,Single
879866,Alan,Carpenter,1974-01-01,MALE,INDIVIDUAL,636,Married
880257,Michael,Wells,1989-09-16,MALE,INDIVIDUAL,740,Married
880744,Gloria,Campbell,1966-05-15,FEMALE,INDIVIDUAL,292,Married
880984,Ruth,Roberts,1985-09-26,FEMALE,INDIVIDUAL,594,Married
881069,Jason,Payne,1960-12-05,MALE,INDIVIDUAL,96,Divorced
881676,Kenneth,Lewis,1957-04-07,MALE,INDIVIDUAL,727,Single
881696,Elizabeth,Mcdonald,1975-05-03,FEMALE,INDIVIDUAL,908,Married
881734,Beverly,Price,1959-10-07,FEMALE,INDIVIDUAL,711,Married
881869,Fred,Little,2008-05-24,MALE,INDIVIDUAL,689,Single
881873,Earl,Powell,1970-05-09,MALE,INDIVIDUAL,393,Single
882183,Christopher,Nelson,1980-04-28,MALE,INDIVIDUAL,956,Single
882193,Russell,Tucker,1960-03-01,MALE,INDIVIDUAL,928,Married
882201,Julie,Wilson,1986-08-03,FEMALE,INDIVIDUAL,741,Married
882357,Jeffrey,Watson,2011-05-13,MALE,INDIVIDUAL,939,Married
882371,Jeffrey,Crawford,1977-03-10,MALE,INDIVIDUAL,314,Single
882410,Judith,Pierce,1941-02-27,FEMALE,INDIVIDUAL,284,Single
882412,Michelle,Black,1972-02-18,FEMALE,INDIVIDUAL,955,Single
882414,Clarence,Crawford,1987-10-09,MALE,INDIVIDUAL,427,Single
882840,Larry,Alexander,1971-09-17,MALE,INDIVIDUAL,97,Single
883525,Lawrence,Hall,1989-12-25,MALE,INDIVIDUAL,4,Divorced
883702,Doris,Woods,1967-02-03,FEMALE,INDIVIDUAL,488,Single
883790,Jerry,Morrison,1966-04-18,MALE,INDIVIDUAL,735,Divorced
883831,Daniel,Gonzalez,1956-11-15,MALE,INDIVIDUAL,606,Married
884056,Andrea,Chapman,1962-08-19,FEMALE,INDIVIDUAL,919,Married
884481,Teresa,Wood,1975-02-22,FEMALE,INDIVIDUAL,485,Single
884581,Gloria,Thomas,1962-07-12,FEMALE,INDIVIDUAL,390,Married
884785,Tammy,Mason,1974-11-09,FEMALE,INDIVIDUAL,331,Single
884789,Kevin,Fernandez,1971-07-17,MALE,INDIVIDUAL,453,Divorced
884920,Irene,Fuller,1964-02-12,FEMALE,INDIVIDUAL,232,Single
884922,Betty,Gardner,1967-11-24,FEMALE,INDIVIDUAL,300,Single
884939,Mary,Williamson,1970-05-18,FEMALE,INDIVIDUAL,970,Single
885019,Jeremy,Greene,1958-02-12,MALE,INDIVIDUAL,481,Divorced
885033,Jonathan,Coleman,1994-11-05,MALE,INDIVIDUAL,880,Married
885038,Victor,Hunter,1987-12-25,MALE,INDIVIDUAL,652,Married
885057,Harold,Hall,1967-03-27,MALE,INDIVIDUAL,107,Divorced
885065,Lawrence,Hayes,2007-02-05,MALE,INDIVIDUAL,394,Married
885238,Wayne,Banks,1948-01-19,MALE,INDIVIDUAL,783,Married
885328,Karen,Sullivan,1978-11-04,FEMALE,INDIVIDUAL,751,Married
885374,Joshua,Martinez,1982-12-18,MALE,INDIVIDUAL,281,Single
885447,Jennifer,Spencer,1971-10-02,FEMALE,INDIVIDUAL,692,Married
885450,Michelle,Fox,1970-12-22,FEMALE,INDIVIDUAL,966,Single
885714,William,Mitchell,1982-06-13,MALE,INDIVIDUAL,475,Single
885854,Sarah,Martin,1981-08-27,FEMALE,INDIVIDUAL,40,Married
886056,Lois,Butler,1981-01-20,FEMALE,INDIVIDUAL,578,Married
886059,Helen,Campbell,1995-07-17,FEMALE,INDIVIDUAL,403,Married
886248,Anne,Rivera,1981-03-19,FEMALE,INDIVIDUAL,526,Married
886522,Matthew,Allen,1970-01-13,MALE,INDIVIDUAL,782,Married
886544,Ashley,Ward,2010-12-28,FEMALE,INDIVIDUAL,555,Single
886560,Amy,Oliver,1973-07-18,FEMALE,INDIVIDUAL,705,Married
886675,Stephen,White,1967-03-07,MALE,INDIVIDUAL,368,Married
886761,Billy,Riley,1977-06-25,MALE,INDIVIDUAL,525,Single
886899,Martha,Elliott,1986-12-23,FEMALE,INDIVIDUAL,230,Single
886987,Jose,Wilson,1955-06-15,MALE,INDIVIDUAL,11,Married
886990,Ronald,Rivera,1982-01-10,MALE,INDIVIDUAL,623,Married
887008,Lois,Johnston,2009-02-13,FEMALE,INDIVIDUAL,676,Married
887135,Kenneth,Little,2008-02-02,MALE,INDIVIDUAL,773,Married
887156,Randy,Morales,1985-03-09,MALE,INDIVIDUAL,767,Single
887187,Ralph,Gray,1977-09-26,MALE,INDIVIDUAL,132,Single
887200,Andrew,Brooks,1961-12-24,MALE,INDIVIDUAL,951,Married
887258,Anthony,Young,1971-12-30,MALE,INDIVIDUAL,947,Married
887370,Jose,Reynolds,1984-11-13,MALE,INDIVIDUAL,993,Married
887457,Justin,Burke,1972-09-22,MALE,INDIVIDUAL,444,Married
887542,Carlos,Diaz,1965-04-25,MALE,INDIVIDUAL,274,Married
887554,Shirley,Robertson,1976-02-02,FEMALE,INDIVIDUAL,468,Single
887597,Diana,Kennedy,1988-06-11,FEMALE,INDIVIDUAL,125,Single
887631,Bonnie,Wood,1978-12-07,FEMALE,INDIVIDUAL,764,Married
888054,Michelle,Sims,1975-05-01,FEMALE,INDIVIDUAL,944,Divorced
888196,Samuel,Henderson,1975-07-02,MALE,INDIVIDUAL,459,Single
888227,Brandon,Price,2011-11-11,MALE,INDIVIDUAL,317,Single
888300,Ronald,Austin,1974-05-28,MALE,INDIVIDUAL,191,Single
888322,Michelle,Phillips,1977-04-26,FEMALE,INDIVIDUAL,265,Married
888324,Stephanie,Baker,1976-08-04,FEMALE,INDIVIDUAL,178,Single
888365,Martha,Warren,2012-01-05,FEMALE,INDIVIDUAL,542,Married
888382,Gary,Flores,2010-09-24,MALE,INDIVIDUAL,179,Married
888467,Patrick,Simmons,1980-10-10,MALE,INDIVIDUAL,576,Single
888468,Gary,Riley,2010-07-22,MALE,INDIVIDUAL,721,Divorced
888470,Jeffrey,Coleman,2008-06-27,MALE,INDIVIDUAL,938,Divorced
888471,Thomas,Stanley,1977-12-28,MALE,INDIVIDUAL,254,Single
888521,Judith,Hanson,1998-03-01,FEMALE,INDIVIDUAL,70,Divorced
888574,Forever Corp,,,,COMPANY,562,
888586,Randy,Cook,1977-03-18,MALE,INDIVIDUAL,605,Married
888622,Eugene,Carter,1981-08-30,MALE,INDIVIDUAL,119,Married
888637,Debra,Hart,1983-10-12,FEMALE,INDIVIDUAL,805,Single
888652,Henry,Adams,1962-10-05,MALE,INDIVIDUAL,564,Single
888688,Judy,Morrison,1994-07-30,FEMALE,INDIVIDUAL,84,Single
888694,Aaron,Jordan,2003-01-04,MALE,INDIVIDUAL,217,Married
888711,Katherine,Greene,1971-10-04,FEMALE,INDIVIDUAL,467,Single
888737,Sharon,Pierce,1971-11-30,FEMALE,INDIVIDUAL,619,Single
888773,Tammy,Torres,1982-02-20,FEMALE,INDIVIDUAL,418,Married
888788,Stephen,Ellis,1962-08-26,MALE,INDIVIDUAL,462,Divorced
888813,Patrick,Johnson,1973-12-25,MALE,INDIVIDUAL,564,Divorced
888818,Stephanie,Frazier,1986-11-21,FEMALE,INDIVIDUAL,693,Married
888819,Terry,Banks,2012-11-19,MALE,INDIVIDUAL,420,Married
888827,Nicole,Harrison,1998-10-01,FEMALE,INDIVIDUAL,538,Married
888829,Ralph,Kim,1965-07-16,MALE,INDIVIDUAL,303,Married
888870,Harry,Bell,2007-11-30,MALE,INDIVIDUAL,498,Married
888890,Douglas,Lopez,1968-07-24,MALE,INDIVIDUAL,818,Single
888891,Margaret,Baker,2012-05-29,FEMALE,INDIVIDUAL,921,Single
888912,Virginia,Morrison,1953-02-23,FEMALE,INDIVIDUAL,200,Married
888946,Judith,Evans,1975-03-07,FEMALE,INDIVIDUAL,523,Single
888963,Steve,Montgomery,1978-04-25,MALE,INDIVIDUAL,809,Married
889008,Frank,Armstrong,1960-09-02,MALE,INDIVIDUAL,907,Married
889054,Phillip,Hill,1976-02-11,MALE,INDIVIDUAL,585,Married
889058,Thomas,Turner,1978-04-16,MALE,INDIVIDUAL,87,Single
889059,William,Lane,2012-02-20,MALE,INDIVIDUAL,691,Divorced
889062,Jason,Shaw,1999-09-17,MALE,INDIVIDUAL,487,Married
889068,Billy,Bell,2012-03-25,MALE,INDIVIDUAL,437,Married
889069,Eugene,Hunt,1975-02-27,MALE,INDIVIDUAL,30,Married
889082,Nancy,Harris,2011-07-14,FEMALE,INDIVIDUAL,792,Married
889083,Richard,Mills,1953-08-01,MALE,INDIVIDUAL,621,Married
889097,Bruce,Owens,1954-05-06,MALE,INDIVIDUAL,675,Married
889129,Andrea,Harris,1982-06-03,FEMALE,INDIVIDUAL,183,Married
889151,Evelyn,Phillips,2009-10-19,FEMALE,INDIVIDUAL,608,Married
889161,Ryan,Wright,2012-12-10,MALE,INDIVIDUAL,192,Married
889162,Jose,Oliver,1980-09-16,MALE,INDIVIDUAL,52,Single
889163,Brian,Harvey,2010-10-20,MALE,INDIVIDUAL,957,Single
889165,Albert,Stone,1980-02-19,MALE,INDIVIDUAL,701,Married
889207,Randy,Hughes,1990-01-29,MALE,INDIVIDUAL,236,Married
889220,Raymond,Moreno,2013-01-05,MALE,INDIVIDUAL,794,Married
889221,Joshua,Dean,1982-10-22,MALE,INDIVIDUAL,331,Married
889244,Carol,Fox,1973-05-22,FEMALE,INDIVIDUAL,993,Married
889308,Judy,Meyer,1985-03-18,FEMALE,INDIVIDUAL,513,Married
889554,Beverly,Garrett,1995-04-29,FEMALE,INDIVIDUAL,859,Married
889606,Laura,Richards,1962-08-20,FEMALE,INDIVIDUAL,301,Married
889611,Ruth,Coleman,1963-02-12,FEMALE,INDIVIDUAL,970,Single
889615,Wanda,Simpson,1978-07-26,FEMALE,INDIVIDUAL,673,Single
889630,Mildred,Hernandez,2012-12-27,FEMALE,INDIVIDUAL,348,Single
889656,Jack,Scott,1963-02-13,MALE,INDIVIDUAL,17,Single
889676,Mark,Cruz,1976-01-01,MALE,INDIVIDUAL,289,Single
889710,Robin,Stanley,1970-04-22,FEMALE,INDIVIDUAL,191,Married
889727,Tina,Turner,1970-03-10,FEMALE,INDIVIDUAL,518,Married
889800,Willie,Robertson,2011-05-13,MALE,INDIVIDUAL,924,Married
889803,Ruby,Willis,1960-02-17,FEMALE,INDIVIDUAL,652,Single
889832,Charles,Thomas,2010-09-17,MALE,INDIVIDUAL,316,Married
889833,Raymond,Mitchell,1980-01-21,MALE,INDIVIDUAL,175,Single
889834,Joe,White,2012-12-16,MALE,INDIVIDUAL,722,Divorced
889849,Ronald,Ortiz,1996-10-26,MALE,INDIVIDUAL,134,Married
889851,William,Bowman,1968-10-31,MALE,INDIVIDUAL,413,Divorced
889904,Henry,Murray,2013-01-03,MALE,INDIVIDUAL,993,Married
889991,Billy,Hernandez,2000-04-25,MALE,INDIVIDUAL,155,Married
890000,Brandon,Martinez,1976-02-10,MALE,INDIVIDUAL,392,Single
890010,Andrea,Adams,1981-12-12,FEMALE,INDIVIDUAL,820,Married
890055,Sharon,Simmons,1979-08-14,FEMALE,INDIVIDUAL,786,Divorced
890057,Sara,Coleman,2010-06-28,FEMALE,INDIVIDUAL,906,Married
890068,Marilyn,Gonzales,1980-09-03,FEMALE,INDIVIDUAL,179,Single
890069,Theresa,Berry,1949-08-18,FEMALE,INDIVIDUAL,412,Married
890071,Andrew,Ray,1979-05-14,MALE,INDIVIDUAL,241,Single
890127,Clarence,Martinez,1976-03-23,MALE,INDIVIDUAL,945,Married
890130,Richard,Chavez,2011-12-20,MALE,INDIVIDUAL,251,Married
890132,Katherine,Cooper,1972-10-04,FEMALE,INDIVIDUAL,777,Married
890166,Amy,Wells,2011-03-28,FEMALE,INDIVIDUAL,901,Married
890179,Carolyn,Reed,1975-08-11,FEMALE,INDIVIDUAL,532,Married
890232,Andrea,Stone,1974-05-18,FEMALE,INDIVIDUAL,574,Single
890286,Charles,Wilson,2013-02-26,MALE,INDIVIDUAL,497,Single
890412,Catherine,Morgan,1973-02-21,FEMALE,INDIVIDUAL,847,Married
890477,Rose,Owens,2010-12-21,FEMALE,INDIVIDUAL,261,Married
890504,Jerry,Fuller,1976-01-02,MALE,INDIVIDUAL,981,Married
890517,Jane,Vasquez,1992-08-05,FEMALE,INDIVIDUAL,15,Married
890542,Frank,Meyer,2013-03-05,MALE,INDIVIDUAL,775,Married
890549,Sara,Olson,1969-01-02,FEMALE,INDIVIDUAL,743,Married
890558,Sandra,Harvey,1970-07-02,FEMALE,INDIVIDUAL,762,Single
890732,Jeremy,Davis,1972-12-16,MALE,INDIVIDUAL,827,Single
890784,Jane,Jones,1974-03-11,FEMALE,INDIVIDUAL,495,Married
890856,Fred,Moreno,1969-08-13,MALE,INDIVIDUAL,815,Married
890858,Diane,Russell,2003-07-04,FEMALE,INDIVIDUAL,620,Married
890887,Brandon,Watkins,1994-11-26,MALE,INDIVIDUAL,110,Married
890891,Linda,Gonzales,1982-01-30,FEMALE,INDIVIDUAL,220,Married
890966,Ashley,Howell,1971-08-19,FEMALE,INDIVIDUAL,691,Married
890987,Lori,Owens,1981-10-03,FEMALE,INDIVIDUAL,906,Single
891002,Jonathan,Foster,2000-09-27,MALE,INDIVIDUAL,409,Divorced
891090,Philip,Wells,2007-08-24,MALE,INDIVIDUAL,177,Married
891100,Anthony,Cook,2012-01-31,MALE,INDIVIDUAL,308,Single
891122,Gerald,Richardson,2000-05-11,MALE,INDIVIDUAL,302,Single
891131,Catherine,Henderson,1998-11-21,FEMALE,INDIVIDUAL,32,Married
891140,Martha,Campbell,1986-04-26,FEMALE,INDIVIDUAL,298,Married
891203,Jessica,Duncan,1979-12-04,FEMALE,INDIVIDUAL,792,Married
891220,Gloria,Jordan,1968-07-01,FEMALE,INDIVIDUAL,839,Married
891250,Cynthia,Fox,2008-01-17,FEMALE,INDIVIDUAL,774,Married
891259,Raymond,Gutierrez,2013-01-04,MALE,INDIVIDUAL,88,Single
891260,Larry,Nichols,1979-02-15,MALE,INDIVIDUAL,620,Divorced
891335,Phillip,Warren,2012-02-29,MALE,INDIVIDUAL,781,Married
891336,Jack,Andrews,1979-11-16,MALE,INDIVIDUAL,682,Divorced
891413,Diane,Schmidt,2012-10-27,FEMALE,INDIVIDUAL,678,Married
891414,Jeffrey,Reyes,1971-01-22,MALE,INDIVIDUAL,759,Divorced
891422,Anne,Garcia,2009-03-22,FEMALE,INDIVIDUAL,40,Married
891424,Keith,Garza,2011-08-03,MALE,INDIVIDUAL,377,Divorced
891425,Walter,Simpson,1973-06-24,MALE,INDIVIDUAL,429,Married
891427,Marilyn,Thomas,1975-01-22,FEMALE,INDIVIDUAL,195,Divorced
891449,Tammy,Hicks,1974-08-19,FEMALE,INDIVIDUAL,718,Married
891462,Margaret,Williamson,2011-03-03,FEMALE,INDIVIDUAL,99,Single
891497,Laura,Cox,1972-05-10,FEMALE,INDIVIDUAL,287,Single
891510,Carl,Dixon,1970-07-12,MALE,INDIVIDUAL,262,Single
891512,Terry,Jacobs,1978-10-19,MALE,INDIVIDUAL,731,Married
891533,Virginia,Scott,1989-08-30,FEMALE,INDIVIDUAL,193,Married
891600,Larry,Warren,2010-03-20,MALE,INDIVIDUAL,602,Married
891604,Rose,Green,1977-07-03,FEMALE,INDIVIDUAL,743,Single
891621,Albert,Coleman,1972-10-25,MALE,INDIVIDUAL,569,Single
891647,Johnny,Long,1976-08-18,MALE,INDIVIDUAL,621,Single
891650,Linda,Marshall,1969-09-19,FEMALE,INDIVIDUAL,213,Single
891698,Jessica,Perkins,1949-12-16,FEMALE,INDIVIDUAL,620,Married
891717,Marie,Johnson,1985-01-17,FEMALE,INDIVIDUAL,403,Married
891737,Kelly,Morrison,1987-03-19,FEMALE,INDIVIDUAL,712,Single
891738,Maria,Fernandez,2006-08-16,FEMALE,INDIVIDUAL,748,Married
891739,Jeffrey,Robinson,1972-08-17,MALE,INDIVIDUAL,540,Single
891767,Kevin,Murray,2012-08-05,MALE,INDIVIDUAL,745,Single
891769,Karen,Frazier,1971-11-04,FEMALE,INDIVIDUAL,919,Single
891806,Martin,Gonzalez,2013-01-16,MALE,INDIVIDUAL,682,Married
891833,Wayne,Carter,1981-07-15,MALE,INDIVIDUAL,898,Divorced
891838,Jean,Carter,1982-04-28,FEMALE,INDIVIDUAL,3,Married
891839,David,Henry,2011-05-11,MALE,INDIVIDUAL,107,Married
891851,Anne,Robertson,1977-05-27,FEMALE,INDIVIDUAL,667,Married
891902,Amy,Cunningham,2009-10-13,FEMALE,INDIVIDUAL,895,Married
891903,Brandon,Bishop,1977-01-21,MALE,INDIVIDUAL,115,Single
891928,Frances,Day,1962-10-14,FEMALE,INDIVIDUAL,694,Married
891943,Jessica,Tucker,1986-06-21,FEMALE,INDIVIDUAL,280,Single
891945,Daniel,Reed,1953-04-20,MALE,INDIVIDUAL,663,Divorced
891983,Antonio,Armstrong,1964-09-13,MALE,INDIVIDUAL,966,Married
891985,Matthew,Bowman,1999-01-05,MALE,INDIVIDUAL,115,Married
892014,Jessica,Crawford,1969-04-05,FEMALE,INDIVIDUAL,285,Single
892028,Frank,Perry,1981-04-01,MALE,INDIVIDUAL,694,Married
892102,Michelle,Martinez,1965-11-12,FEMALE,INDIVIDUAL,937,Married
892140,Keith,Bradley,1973-06-30,MALE,INDIVIDUAL,345,Single
892141,Chris,Lewis,2008-12-13,MALE,INDIVIDUAL,896,Single
892191,Fred,Schmidt,1994-08-31,MALE,INDIVIDUAL,666,Single
892194,Jeffrey,Ellis,1958-09-25,MALE,INDIVIDUAL,256,Divorced
892244,Sandra,Wood,1965-10-04,FEMALE,INDIVIDUAL,152,Married
892258,Amy,Medina,1959-02-12,FEMALE,INDIVIDUAL,423,Married
892266,Helen,Collins,2013-01-29,FEMALE,INDIVIDUAL,574,Divorced
892268,Russell,Fernandez,1980-03-11,MALE,INDIVIDUAL,255,Divorced
892279,Peter,Stewart,1972-03-01,MALE,INDIVIDUAL,658,Single
892280,Carlos,Murphy,2007-12-06,MALE,INDIVIDUAL,170,Divorced
892301,Annie,Kelley,1970-03-14,FEMALE,INDIVIDUAL,150,Married
892316,Juan,Ortiz,1990-03-01,MALE,INDIVIDUAL,645,Single
892342,Rose,Mccoy,2004-05-04,FEMALE,INDIVIDUAL,529,Married
892371,Richard,Ross,1972-02-16,MALE,INDIVIDUAL,638,Married
892388,Mildred,Morgan,1985-05-18,FEMALE,INDIVIDUAL,518,Married
892404,Andrew,Stone,1958-08-29,MALE,INDIVIDUAL,77,Divorced
892453,Harold,Fisher,1976-01-27,MALE,INDIVIDUAL,463,Divorced
892484,David,Fowler,2007-03-09,MALE,INDIVIDUAL,398,Married
892498,Lawrence,Carpenter,1996-01-28,MALE,INDIVIDUAL,727,Married
892548,Donald,Murray,1958-09-04,MALE,INDIVIDUAL,23,Married
892552,Harold,Kim,1966-10-06,MALE,INDIVIDUAL,229,Single
892553,Frank,Miller,1997-10-02,MALE,INDIVIDUAL,538,Divorced
892633,Denise,Mason,1974-12-13,FEMALE,INDIVIDUAL,841,Married
892651,Carolyn,Rose,2012-06-07,FEMALE,INDIVIDUAL,926,Single
892715,James,Clark,1972-10-11,MALE,INDIVIDUAL,248,Divorced
892725,Stephen,Castillo,2012-04-24,MALE,INDIVIDUAL,884,Single
892729,Diane,Sullivan,1987-10-04,FEMALE,INDIVIDUAL,683,Married
892748,Benjamin,Rose,2005-07-21,MALE,INDIVIDUAL,614,Married
892794,Bruce,Hunter,2009-05-28,MALE,INDIVIDUAL,677,Married
892841,Ernest,Murray,2013-01-12,MALE,INDIVIDUAL,185,Single
892849,Brandon,Fernandez,2010-08-09,MALE,INDIVIDUAL,271,Single
892863,James,Williams,1982-07-06,MALE,INDIVIDUAL,141,Married
892868,Julie,Jacobs,1961-05-02,FEMALE,INDIVIDUAL,819,Single
892870,Sandra,Dixon,2011-10-25,FEMALE,INDIVIDUAL,883,Married
892885,Gregory,Graham,1980-09-27,MALE,INDIVIDUAL,331,Married
892950,Charles,Fernandez,2011-10-25,MALE,INDIVIDUAL,800,Married
892951,Joe,Dunn,1969-05-26,MALE,INDIVIDUAL,933,Married
892956,Stephanie,Lawrence,1977-10-09,FEMALE,INDIVIDUAL,204,Married
892980,Maria,Lewis,1974-03-16,FEMALE,INDIVIDUAL,903,Married
893016,Gregory,Perkins,1985-11-29,MALE,INDIVIDUAL,819,Single
893027,Katherine,Simmons,1986-02-23,FEMALE,INDIVIDUAL,271,Married
893040,Aaron,Nelson,1973-05-12,MALE,INDIVIDUAL,496,Married
893042,Nicholas,Gonzales,2012-01-11,MALE,INDIVIDUAL,913,Married
893057,Roy,Alexander,1971-11-21,MALE,INDIVIDUAL,18,Married
893069,Andrew,Reed,1975-01-02,MALE,INDIVIDUAL,577,Married
893070,Ronald,Riley,2013-02-08,MALE,INDIVIDUAL,490,Married
893089,Joseph,Robinson,1971-05-14,MALE,INDIVIDUAL,392,Single
893098,Timothy,White,1977-09-18,MALE,INDIVIDUAL,462,Single
893110,Ronald,Morrison,1970-03-30,MALE,INDIVIDUAL,858,Married
893111,Marie,Perry,1999-11-03,FEMALE,INDIVIDUAL,445,Married
893121,Jesse,Black,2006-01-25,MALE,INDIVIDUAL,21,Single
893122,Harry,Bowman,1995-06-03,MALE,INDIVIDUAL,923,Married
893123,Janice,Johnson,2012-08-18,FEMALE,INDIVIDUAL,59,Married
893132,Carol,Dunn,2009-01-22,FEMALE,INDIVIDUAL,5,Single
893153,Ann,Banks,1972-04-01,FEMALE,INDIVIDUAL,258,Married
893174,Steve,Parker,2005-04-03,MALE,INDIVIDUAL,753,Single
893220,Anna,Reyes,1980-03-30,FEMALE,INDIVIDUAL,909,Married
893230,Jason,Thompson,2012-11-08,MALE,INDIVIDUAL,549,Married
893264,Jason,Hansen,2003-05-28,MALE,INDIVIDUAL,505,Single
893284,Joe,Scott,1978-09-01,MALE,INDIVIDUAL,56,Married
893312,James,Richardson,2005-07-28,MALE,INDIVIDUAL,845,Married
893328,Carl,Ross,1968-03-20,MALE,INDIVIDUAL,92,Single
893333,Patrick,Knight,2002-09-10,MALE,INDIVIDUAL,675,Married
893334,Douglas,Boyd,1966-09-22,MALE,INDIVIDUAL,417,Married
893343,Ann,Cruz,1964-01-06,FEMALE,INDIVIDUAL,627,Married
893360,Antonio,Williams,2012-04-25,MALE,INDIVIDUAL,378,Single
893361,Charles,Kelly,1968-04-13,MALE,INDIVIDUAL,883,Married
893413,Joe,Gibson,1975-01-07,MALE,INDIVIDUAL,380,Divorced
893417,Emily,Walker,1973-11-02,FEMALE,INDIVIDUAL,624,Divorced
893447,Samuel,Ross,1988-03-21,MALE,INDIVIDUAL,282,Married
893467,Louise,Mendoza,1983-03-14,FEMALE,INDIVIDUAL,635,Divorced
893556,Lillian,Perez,1971-02-15,FEMALE,INDIVIDUAL,283,Single
893559,Juan,James,1972-09-06,MALE,INDIVIDUAL,116,Single
893566,Anne,Romero,1964-03-23,FEMALE,INDIVIDUAL,245,Divorced
893567,Janice,Reyes,2013-01-26,FEMALE,INDIVIDUAL,846,Married
893590,Brian,Edwards,1967-02-17,MALE,INDIVIDUAL,938,Single
893595,Janet,Wells,2001-05-14,FEMALE,INDIVIDUAL,993,Divorced
893596,Shirley,Lawrence,1994-05-06,FEMALE,INDIVIDUAL,355,Divorced
893605,John,Perry,2011-10-11,MALE,INDIVIDUAL,668,Married
893647,Albert,Gutierrez,2007-07-14,MALE,INDIVIDUAL,298,Married
893648,Aaron,Carr,2005-01-22,MALE,INDIVIDUAL,663,Married
893649,Carlos,Gutierrez,1970-04-14,MALE,INDIVIDUAL,746,Single
893774,Tina,Dixon,2000-03-20,FEMALE,INDIVIDUAL,815,Single
893799,Billy,King,1961-09-18,MALE,INDIVIDUAL,132,Single
893862,Norma,Alvarez,1975-09-05,FEMALE,INDIVIDUAL,3,Married
893876,Norma,Morgan,2004-02-18,FEMALE,INDIVIDUAL,173,Married
893888,Raymond,Watson,2007-12-02,MALE,INDIVIDUAL,520,Single
893903,Sara,Matthews,1976-08-06,FEMALE,INDIVIDUAL,190,Married
893910,Mark,Gray,1977-03-03,MALE,INDIVIDUAL,424,Married
893914,Harold,Richardson,1971-06-09,MALE,INDIVIDUAL,428,Divorced
893916,Alice,Ferguson,1978-02-17,FEMALE,INDIVIDUAL,485,Married
893947,Scott,Carr,1975-06-07,MALE,INDIVIDUAL,459,Single
894014,Karen,Stewart,1972-07-24,FEMALE,INDIVIDUAL,733,Married
894019,Christopher,Webb,1995-11-14,MALE,INDIVIDUAL,674,Married
894024,Jack,Burke,2012-09-04,MALE,INDIVIDUAL,782,Married
894028,Roy,James,1979-06-20,MALE,INDIVIDUAL,126,Married
894040,Christine,Olson,1966-06-23,FEMALE,INDIVIDUAL,11,Single
894065,Martin,Stephens,1979-09-28,MALE,INDIVIDUAL,292,Married
894066,Benjamin,Mason,2012-05-10,MALE,INDIVIDUAL,669,Married
894077,Michelle,Duncan,1973-02-16,FEMALE,INDIVIDUAL,804,Married
894097,Fred,Lynch,2011-12-11,MALE,INDIVIDUAL,580,Married
894126,Ann,Gonzales,2013-03-10,FEMALE,INDIVIDUAL,496,Married
894142,Joseph,Green,1990-10-29,MALE,INDIVIDUAL,639,Single
894162,Terry,Vasquez,1987-10-28,MALE,INDIVIDUAL,277,Married
894163,Alan,Patterson,1987-10-28,MALE,INDIVIDUAL,365,Married
894204,Harry,Stephens,2010-09-15,MALE,INDIVIDUAL,797,Married
894205,John,Wheeler,1973-05-13,MALE,INDIVIDUAL,332,Divorced
894215,Sara,James,1962-02-28,FEMALE,INDIVIDUAL,365,Married
894232,Tina,Cooper,2012-08-08,FEMALE,INDIVIDUAL,384,Single
894254,Silarx Corp,,,,COMPANY,902,
894266,Michael,Wood,1971-10-20,MALE,INDIVIDUAL,411,Married
894284,Judy,Henry,2008-10-22,FEMALE,INDIVIDUAL,144,Single
894285,Gregory,Berry,1975-08-17,MALE,INDIVIDUAL,582,Single
894332,James,Miller,2001-05-26,MALE,INDIVIDUAL,528,Divorced
894339,Nicholas,Adams,1977-07-18,MALE,INDIVIDUAL,248,Married
894345,Betty,Bradley,1973-08-28,FEMALE,INDIVIDUAL,356,Single
894362,Carl,Torres,1980-06-14,MALE,INDIVIDUAL,613,Married
894363,Maria,Wright,2013-03-09,FEMALE,INDIVIDUAL,436,Married
894368,Jacqueline,Hernandez,1953-01-07,FEMALE,INDIVIDUAL,466,Divorced
894369,Deborah,Washington,2012-10-23,FEMALE,INDIVIDUAL,251,Divorced
894370,Ryan,Cunningham,1979-10-23,MALE,INDIVIDUAL,381,Married
894441,Phillip,Wheeler,1976-07-12,MALE,INDIVIDUAL,162,Divorced
894479,Harold,James,1971-04-05,MALE,INDIVIDUAL,515,Single
894482,Robert,Frazier,2004-06-19,MALE,INDIVIDUAL,554,Married
894496,Cynthia,Porter,1978-08-17,FEMALE,INDIVIDUAL,216,Single
894502,Debra,Rivera,2012-11-25,FEMALE,INDIVIDUAL,561,Married
894549,Rachel,Fox,1972-12-12,FEMALE,INDIVIDUAL,236,Single
894553,Joan,Simpson,2006-08-17,FEMALE,INDIVIDUAL,754,Single
894618,Norma,Robertson,1956-08-29,FEMALE,INDIVIDUAL,508,Married
894619,Paul,Arnold,1984-03-08,MALE,INDIVIDUAL,562,Single
894761,Janice,Daniels,1971-07-23,FEMALE,INDIVIDUAL,493,Married
894789,Doris,Cooper,1987-02-06,FEMALE,INDIVIDUAL,246,Married
894850,Steve,Chavez,2001-09-03,MALE,INDIVIDUAL,848,Married
894851,Steven,Scott,1965-01-29,MALE,INDIVIDUAL,990,Married
894926,Willie,Rivera,1986-05-15,MALE,INDIVIDUAL,731,Married
894936,Sarah,Mitchell,2006-12-09,FEMALE,INDIVIDUAL,558,Married
894937,Amanda,Cruz,2006-12-09,FEMALE,INDIVIDUAL,849,Married
894944,Linda,Cole,1960-09-05,FEMALE,INDIVIDUAL,455,Married
894960,Dorothy,Ellis,1973-08-01,FEMALE,INDIVIDUAL,639,Single
895000,Jack,Franklin,2004-07-27,MALE,INDIVIDUAL,444,Single
895034,Rebecca,Hall,1972-01-04,FEMALE,INDIVIDUAL,785,Single
895082,Gerald,Scott,1977-03-08,MALE,INDIVIDUAL,212,Single
895083,Shirley,Taylor,2011-11-28,FEMALE,INDIVIDUAL,176,Single
895104,Stephen,Mcdonald,2013-03-05,MALE,INDIVIDUAL,151,Married
895105,Benjamin,Mendoza,1976-06-01,MALE,INDIVIDUAL,802,Married
895118,Joseph,Austin,2012-05-26,MALE,INDIVIDUAL,866,Divorced
895119,Howard,Garrett,1970-03-31,MALE,INDIVIDUAL,273,Single
895123,Emily,Payne,2013-03-27,FEMALE,INDIVIDUAL,713,Divorced
895134,Judith,Perry,1979-01-04,FEMALE,INDIVIDUAL,423,Married
895148,Louise,Lewis,1961-02-22,FEMALE,INDIVIDUAL,1,Single
895185,Bruce,Fernandez,1996-12-21,MALE,INDIVIDUAL,207,Divorced
895186,Lawrence,Jacobs,1997-12-11,MALE,INDIVIDUAL,161,Married
895206,Carl,Nichols,1978-01-01,MALE,INDIVIDUAL,475,Married
895253,Theresa,Richardson,1980-09-27,FEMALE,INDIVIDUAL,118,Married
895270,Jose,Owens,1963-03-10,MALE,INDIVIDUAL,681,Single
895296,Denise,White,1969-08-27,FEMALE,INDIVIDUAL,421,Married
895323,Maria,Wagner,1987-12-22,FEMALE,INDIVIDUAL,963,Married
895327,Edward,Chapman,1973-09-08,MALE,INDIVIDUAL,532,Married
895328,Michael,Meyer,2009-04-24,MALE,INDIVIDUAL,752,Divorced
895339,Michael,Cox,1981-07-14,MALE,INDIVIDUAL,213,Married
895356,Donald,Shaw,1964-11-25,MALE,INDIVIDUAL,162,Single
895357,Edward,Pierce,2006-06-25,MALE,INDIVIDUAL,287,Divorced
895431,Henry,Myers,1996-08-07,MALE,INDIVIDUAL,186,Married
895448,Rachel,Little,1984-12-23,FEMALE,INDIVIDUAL,632,Married
895470,Jane,Ramos,2003-08-11,FEMALE,INDIVIDUAL,661,Married
895519,Jane,Harris,1981-10-24,FEMALE,INDIVIDUAL,672,Married
895527,Virginia,Lane,1971-05-31,FEMALE,INDIVIDUAL,780,Married
895552,Jeffrey,Lawrence,1966-03-07,MALE,INDIVIDUAL,104,Divorced
895589,Bobby,Wagner,2013-03-04,MALE,INDIVIDUAL,201,Married
895590,Jesse,Collins,1980-04-12,MALE,INDIVIDUAL,298,Divorced
895592,William,Shaw,2001-05-17,MALE,INDIVIDUAL,20,Single
895594,Terry,Moore,1966-04-28,MALE,INDIVIDUAL,259,Married
895610,Donna,Armstrong,1968-10-10,FEMALE,INDIVIDUAL,719,Divorced
895691,Adam,Murray,1987-08-15,MALE,INDIVIDUAL,23,Married
895725,Ruby,Gomez,1990-11-20,FEMALE,INDIVIDUAL,44,Married
895731,Tina,Harvey,1987-12-21,FEMALE,INDIVIDUAL,851,Single
895737,Brian,Schmidt,2012-05-26,MALE,INDIVIDUAL,217,Married
895750,George,Ray,2013-05-10,MALE,INDIVIDUAL,366,Married
895790,Eugene,Hill,1956-04-10,MALE,INDIVIDUAL,152,Single
895848,Jimmy,Roberts,1971-12-03,MALE,INDIVIDUAL,774,Married
895849,Fred,Lawrence,2010-12-30,MALE,INDIVIDUAL,896,Married
895866,Tammy,Johnson,1971-02-14,FEMALE,INDIVIDUAL,534,Divorced
895956,Anne,Montgomery,1986-05-09,FEMALE,INDIVIDUAL,829,Married
895966,Theresa,Austin,1977-08-28,FEMALE,INDIVIDUAL,858,Single
895968,Jose,Sims,1973-05-30,MALE,INDIVIDUAL,719,Single
896028,Sarah,Lane,2011-01-27,FEMALE,INDIVIDUAL,207,Married
896033,James,Dixon,1976-01-15,MALE,INDIVIDUAL,124,Single
896034,Brenda,Murphy,2008-01-18,FEMALE,INDIVIDUAL,308,Married
896036,Amy,Williamson,2013-01-25,FEMALE,INDIVIDUAL,275,Married
896050,Charles,Mason,2009-12-15,MALE,INDIVIDUAL,3,Single
896052,Harold,Rogers,1976-12-07,MALE,INDIVIDUAL,55,Single
896067,Philip,Tucker,2008-02-11,MALE,INDIVIDUAL,28,Single
896068,Jesse,Howard,1967-01-12,MALE,INDIVIDUAL,156,Married
896099,Gerald,Mills,1967-07-09,MALE,INDIVIDUAL,317,Married
896150,Joyce,Green,1976-04-29,FEMALE,INDIVIDUAL,494,Single
896158,Marie,Romero,1965-08-23,FEMALE,INDIVIDUAL,660,Married
896249,Margaret,Banks,1960-08-06,FEMALE,INDIVIDUAL,121,Single
896259,Rebecca,Wheeler,1982-03-29,FEMALE,INDIVIDUAL,559,Single
896381,Bruce,Peterson,1980-08-13,MALE,INDIVIDUAL,125,Single
896388,Edward,Martin,1968-09-18,MALE,INDIVIDUAL,10,Married
896390,Shawn,Morrison,2009-08-10,MALE,INDIVIDUAL,876,Single
896489,Larry,Mills,1967-12-26,MALE,INDIVIDUAL,387,Single
896490,Roy,Pierce,2005-07-27,MALE,INDIVIDUAL,436,Single
896571,Roy,Nelson,1982-07-18,MALE,INDIVIDUAL,750,Single
896574,Anna,Oliver,2010-03-18,FEMALE,INDIVIDUAL,731,Single
896581,Earl,Carroll,1991-08-09,MALE,INDIVIDUAL,845,Single
896585,Ruby,White,2013-03-10,FEMALE,INDIVIDUAL,914,Single
896622,Steve,Rice,1966-07-21,MALE,INDIVIDUAL,118,Married
896708,Virginia,Patterson,1974-01-03,FEMALE,INDIVIDUAL,686,Married
896725,Betty,Ramos,1973-07-18,FEMALE,INDIVIDUAL,95,Married
896751,Theresa,Lawrence,2009-11-10,FEMALE,INDIVIDUAL,663,Divorced
896779,Anne,Dean,1998-06-09,FEMALE,INDIVIDUAL,765,Married
896780,Jose,Scott,1966-01-05,MALE,INDIVIDUAL,585,Married
896781,Annie,Martinez,1998-06-09,FEMALE,INDIVIDUAL,446,Married
896782,Christina,Stanley,1998-06-09,FEMALE,INDIVIDUAL,138,Married
896790,Christine,Robinson,2012-05-22,FEMALE,INDIVIDUAL,821,Married
896791,Christopher,Payne,1982-10-22,MALE,INDIVIDUAL,535,Single
896829,Albert,Reed,1987-04-14,MALE,INDIVIDUAL,50,Married
896873,Jason,Lopez,1978-12-09,MALE,INDIVIDUAL,110,Married
896877,Patricia,Rivera,1980-05-22,FEMALE,INDIVIDUAL,676,Married
896886,Joan,Reid,2011-11-23,FEMALE,INDIVIDUAL,810,Married
896905,Mary,Arnold,1982-01-25,FEMALE,INDIVIDUAL,8,Divorced
896922,Emily,Kim,1983-04-13,FEMALE,INDIVIDUAL,572,Married
896946,Nancy,Schmidt,1970-12-14,FEMALE,INDIVIDUAL,612,Married
896967,Ruth,Owens,1986-09-01,FEMALE,INDIVIDUAL,695,Married
896997,Annie,Freeman,1953-02-10,FEMALE,INDIVIDUAL,522,Single
897094,Theresa,Dean,1976-02-17,FEMALE,INDIVIDUAL,752,Single
897244,Rachel,Dixon,1984-09-25,FEMALE,INDIVIDUAL,123,Married
897255,Douglas,Rose,1967-07-11,MALE,INDIVIDUAL,82,Married
897333,Victor,Baker,2005-01-26,MALE,INDIVIDUAL,897,Single
897344,Eric,King,2011-02-11,MALE,INDIVIDUAL,666,Married
1598978,Bobby,Bishop,1984-04-13,MALE,INDIVIDUAL,362,Single
1599183,Diane,Hicks,1979-04-23,FEMALE,INDIVIDUAL,277,Married
1599240,Bobby,Rodriguez,1999-01-05,MALE,INDIVIDUAL,228,Single
1599259,Michael,Adams,1981-11-02,MALE,INDIVIDUAL,978,Single
1599281,Christina,Sanchez,1973-08-10,FEMALE,INDIVIDUAL,725,Single
1599340,Mildred,Sanders,1997-04-30,FEMALE,INDIVIDUAL,567,Married
1599342,Edward,Wheeler,1968-09-09,MALE,INDIVIDUAL,111,Married
1599372,Carol,Watkins,2013-03-28,FEMALE,INDIVIDUAL,652,Divorced
1599416,Katherine,Gray,1965-06-13,FEMALE,INDIVIDUAL,6,Married
1599417,Denise,Austin,1978-03-20,FEMALE,INDIVIDUAL,815,Single
1599435,Jack,Garcia,2007-04-21,MALE,INDIVIDUAL,234,Single
1599466,Chris,Garrett,1995-09-14,MALE,INDIVIDUAL,278,Divorced
1599467,Ernest,Medina,1998-09-26,MALE,INDIVIDUAL,91,Married
1599511,Benjamin,Fields,1999-10-20,MALE,INDIVIDUAL,258,Married
1599555,Donna,West,2012-07-26,FEMALE,INDIVIDUAL,722,Married
1599558,Dennis,Hunter,1975-04-04,MALE,INDIVIDUAL,629,Single
1599575,Jerry,Bennett,2013-04-23,MALE,INDIVIDUAL,814,Married
1599648,Jack,Phillips,1972-05-17,MALE,INDIVIDUAL,532,Single
1599670,Theresa,Howard,1974-03-09,FEMALE,INDIVIDUAL,151,Married
1599675,Arthur,Hernandez,1983-01-02,MALE,INDIVIDUAL,989,Married
1599696,Arthur,Chapman,2009-08-11,MALE,INDIVIDUAL,471,Married
1603926,Linda,Rogers,1978-04-18,FEMALE,INDIVIDUAL,874,Single
1605959,Joe,Richardson,1960-12-24,MALE,INDIVIDUAL,401,Single
1607048,Sara,Sanchez,1984-12-18,FEMALE,INDIVIDUAL,366,Single
1607773,Christine,Butler,1979-06-01,FEMALE,INDIVIDUAL,822,Single
1607889,Linda,Wallace,1983-10-31,FEMALE,INDIVIDUAL,857,Divorced
1608188,Louise,Morgan,1997-02-07,FEMALE,INDIVIDUAL,950,Married
1608189,Melissa,Elliott,1958-09-26,FEMALE,INDIVIDUAL,760,Single
1613840,Louis,Holmes,2009-04-13,MALE,INDIVIDUAL,702,Married
1613879,Melissa,Lynch,2010-04-28,FEMALE,INDIVIDUAL,13,Divorced
1614001,Bruce,Taylor,1969-02-22,MALE,INDIVIDUAL,956,Married
1614049,Tammy,Little,1995-06-30,FEMALE,INDIVIDUAL,429,Single
1614677,Carlos,Campbell,1979-02-21,MALE,INDIVIDUAL,387,Single
1615196,Brandon,Rogers,1976-01-08,MALE,INDIVIDUAL,453,Married
1615200,Phillip,Jacobs,2010-07-09,MALE,INDIVIDUAL,397,Married
1617058,Billy,Chavez,2007-07-20,MALE,INDIVIDUAL,579,Married
1617060,George,Perez,1972-11-16,MALE,INDIVIDUAL,671,Single
1617968,Todd,Adams,2011-12-15,MALE,INDIVIDUAL,400,Married
1617969,Harold,Woods,1985-10-13,MALE,INDIVIDUAL,395,Divorced
1618124,Carlos,Medina,1988-06-06,MALE,INDIVIDUAL,322,Married
1619487,Jennifer,Larson,1992-09-05,FEMALE,INDIVIDUAL,117,Single
1619488,Wanda,Ross,1991-05-17,FEMALE,INDIVIDUAL,918,Married
1623945,Anthony,George,1992-03-15,MALE,INDIVIDUAL,491,Single
1624358,Donald,Pierce,1967-08-07,MALE,INDIVIDUAL,65,Divorced
1624359,Jeremy,Fowler,2012-11-03,MALE,INDIVIDUAL,294,Married
1624922,Matthew,James,1976-06-18,MALE,INDIVIDUAL,211,Married
1625608,Cheryl,Anderson,1982-10-09,FEMALE,INDIVIDUAL,846,Single
1633218,Louis,Mendoza,1970-05-31,MALE,INDIVIDUAL,329,Single
1634900,Robin,Kennedy,1977-04-01,FEMALE,INDIVIDUAL,220,Single
1635788,Lois,Johnson,1991-01-02,FEMALE,INDIVIDUAL,88,Single
1635790,Patrick,White,1998-03-28,MALE,INDIVIDUAL,303,Married
1636264,Kimberly,Garcia,1964-09-15,FEMALE,INDIVIDUAL,238,Single
1639796,Karen,Green,1965-09-10,FEMALE,INDIVIDUAL,471,Married
1640310,Kathy,Oliver,2012-08-12,FEMALE,INDIVIDUAL,889,Single
1640314,Jerry,Walker,1978-05-05,MALE,INDIVIDUAL,578,Married
1640559,Phyllis,Snyder,1971-03-03,FEMALE,INDIVIDUAL,693,Married
1641022,Steve,Phillips,2011-07-20,MALE,INDIVIDUAL,594,Married
1641032,Martin,Sanders,1978-12-22,MALE,INDIVIDUAL,691,Single
1641279,Steven,Carroll,1957-11-24,MALE,INDIVIDUAL,898,Single
1641291,David,Dean,1974-12-20,MALE,INDIVIDUAL,956,Single
1641366,Carolyn,Hayes,1959-07-10,FEMALE,INDIVIDUAL,780,Single
1642836,Juan,Nichols,1978-10-20,MALE,INDIVIDUAL,171,Married
1642881,Lillian,Martinez,2013-01-25,FEMALE,INDIVIDUAL,968,Divorced
1642885,Robert,Price,1978-08-04,MALE,INDIVIDUAL,72,Married
1644792,Heather,Garrett,2012-04-21,FEMALE,INDIVIDUAL,235,Divorced
1644927,Keith,Cox,2005-11-14,MALE,INDIVIDUAL,711,Single
1644928,Aaron,Henry,1972-08-15,MALE,INDIVIDUAL,936,Married
1644995,Todd,Flores,1985-01-15,MALE,INDIVIDUAL,233,Single
1645315,Kenneth,Harvey,1958-01-13,MALE,INDIVIDUAL,130,Married
1645350,Alan,Campbell,1978-08-17,MALE,INDIVIDUAL,51,Married
1645958,Joshua,Clark,1973-07-25,MALE,INDIVIDUAL,647,Married
1646407,Patrick,Stanley,1983-06-19,MALE,INDIVIDUAL,205,Married
1646600,Arthur,Sanchez,1969-04-15,MALE,INDIVIDUAL,170,Married
1647388,Shawn,Scott,1976-01-23,MALE,INDIVIDUAL,319,Married
1648069,Jose,Kelly,1993-11-22,MALE,INDIVIDUAL,919,Married
1648212,Angela,Moore,1982-04-30,FEMALE,INDIVIDUAL,393,Married
1649490,Steve,Gray,2006-11-21,MALE,INDIVIDUAL,391,Married
1649666,Bruce,Wells,1968-08-13,MALE,INDIVIDUAL,827,Married
1649784,Julie,Burton,1971-02-13,FEMALE,INDIVIDUAL,762,Single
1650181,Edward,Cruz,1962-03-01,MALE,INDIVIDUAL,915,Single
1650497,Antonio,West,1971-08-31,MALE,INDIVIDUAL,626,Married
1650815,Betty,Tucker,2012-05-27,FEMALE,INDIVIDUAL,41,Divorced
1650816,Stephen,Hill,1979-04-10,MALE,INDIVIDUAL,9,Single
1650840,Maria,Fuller,1986-01-30,FEMALE,INDIVIDUAL,237,Divorced
1650880,Judy,Owens,2013-01-01,FEMALE,INDIVIDUAL,23,Married
1650881,Donald,Thompson,1978-09-15,MALE,INDIVIDUAL,40,Single
1651150,Debra,George,2012-11-18,FEMALE,INDIVIDUAL,229,Single
1651299,Lori,Diaz,1979-12-21,FEMALE,INDIVIDUAL,852,Divorced
1651508,Howard,Greene,2006-07-25,MALE,INDIVIDUAL,379,Single
1651783,Nancy,Myers,1981-02-24,FEMALE,INDIVIDUAL,421,Divorced
1652531,Thomas,Nguyen,1978-08-08,MALE,INDIVIDUAL,243,Single
1653388,Phillip,Allen,1983-01-13,MALE,INDIVIDUAL,430,Married
1653829,Stephen,Peters,1964-04-12,MALE,INDIVIDUAL,216,Single
1653854,Jack,Simpson,1959-04-26,MALE,INDIVIDUAL,745,Single
1655651,Amanda,Washington,1967-09-10,FEMALE,INDIVIDUAL,819,Married
1656153,Julie,Howell,1963-11-19,FEMALE,INDIVIDUAL,10,Single
1656263,Virginia,Weaver,1980-06-13,FEMALE,INDIVIDUAL,228,Single
1657212,Bruce,Stevens,1997-06-11,MALE,INDIVIDUAL,679,Married
1657213,Chris,Montgomery,1965-09-26,MALE,INDIVIDUAL,726,Divorced
1657672,Ruth,White,1967-01-29,FEMALE,INDIVIDUAL,424,Single
1659098,Jean,Johnston,2013-06-15,FEMALE,INDIVIDUAL,703,Divorced
1659103,Daniel,Simpson,1979-02-04,MALE,INDIVIDUAL,728,Single
1659113,Lawrence,Gomez,1954-06-25,MALE,INDIVIDUAL,235,Married
1659163,Shirley,Ramirez,2012-08-12,FEMALE,INDIVIDUAL,927,Single
1659206,William,Castillo,1967-02-08,MALE,INDIVIDUAL,377,Married
1659208,Thomas,Cruz,2005-11-08,MALE,INDIVIDUAL,414,Married
1659240,Judith,Griffin,1976-03-04,FEMALE,INDIVIDUAL,983,Married
1659266,Phyllis,Stewart,2013-08-06,FEMALE,INDIVIDUAL,813,Married
1659267,Raymond,Bennett,1982-05-03,MALE,INDIVIDUAL,596,Married
1659308,Carol,Porter,1989-09-15,FEMALE,INDIVIDUAL,767,Married
1659348,Christine,Morrison,1982-12-23,FEMALE,INDIVIDUAL,270,Single
1659357,Gary,Snyder,2012-11-08,MALE,INDIVIDUAL,104,Married
1659393,Jennifer,Hunt,1979-09-17,FEMALE,INDIVIDUAL,623,Single
1659540,Virginia,Vasquez,1980-11-20,FEMALE,INDIVIDUAL,186,Divorced
1659595,Wanda,Franklin,2007-10-04,FEMALE,INDIVIDUAL,62,Married
1659622,Linda,Stevens,1972-10-31,FEMALE,INDIVIDUAL,448,Single
1659662,Carolyn,Wallace,1981-04-15,FEMALE,INDIVIDUAL,185,Divorced
1659675,Melissa,Patterson,1984-04-14,FEMALE,INDIVIDUAL,466,Divorced
1659763,Adam,Matthews,1981-01-25,MALE,INDIVIDUAL,606,Married
1659767,Joan,Walker,2012-09-06,FEMALE,INDIVIDUAL,588,Single
1659840,Christopher,Ford,1982-11-19,MALE,INDIVIDUAL,469,Married
1659894,Chris,Hall,2012-06-15,MALE,INDIVIDUAL,438,Married
1659896,Frank,Ross,1955-10-11,MALE,INDIVIDUAL,802,Divorced
1659947,Ann,Harris,1982-06-25,FEMALE,INDIVIDUAL,989,Divorced
1660000,Rebecca,Martinez,2013-04-29,FEMALE,INDIVIDUAL,400,Single
1660017,Christine,Mason,1977-04-14,FEMALE,INDIVIDUAL,514,Single
1660049,Rachel,Griffin,1984-11-29,FEMALE,INDIVIDUAL,600,Married
1660092,Christine,Garza,2012-12-13,FEMALE,INDIVIDUAL,733,Single
1660097,Benjamin,Berry,1984-10-15,MALE,INDIVIDUAL,75,Single
1660117,Adam,Rogers,2013-02-26,MALE,INDIVIDUAL,606,Married
1660269,Rachel,Collins,1979-07-28,FEMALE,INDIVIDUAL,93,Married
1660312,Laura,Johnson,1953-03-11,FEMALE,INDIVIDUAL,935,Single
1660333,Marie,Green,1986-01-06,FEMALE,INDIVIDUAL,88,Married
1660409,Bruce,Carpenter,1967-08-13,MALE,INDIVIDUAL,676,Married
1660417,Matthew,Lane,1997-11-06,MALE,INDIVIDUAL,379,Married
1660418,Matthew,Harrison,1961-09-19,MALE,INDIVIDUAL,721,Married
1660431,Walter,Harvey,1982-04-11,MALE,INDIVIDUAL,784,Single
1660557,Sara,Dixon,1979-05-23,FEMALE,INDIVIDUAL,265,Single
1660568,Antonio,Perez,1970-07-30,MALE,INDIVIDUAL,2,Single
1660571,Margaret,Foster,2012-11-30,FEMALE,INDIVIDUAL,798,Single
1660619,Phyllis,Wells,1992-02-24,FEMALE,INDIVIDUAL,174,Divorced
1660622,Joe,Stewart,1988-01-17,MALE,INDIVIDUAL,88,Married
1660623,Gregory,Sanchez,1984-12-29,MALE,INDIVIDUAL,836,Single
1660641,Juan,Arnold,1958-04-08,MALE,INDIVIDUAL,976,Single
1660651,Peter,Larson,2008-09-11,MALE,INDIVIDUAL,51,Married
1660669,Anthony,Welch,2007-12-11,MALE,INDIVIDUAL,301,Single
1660670,Richard,Martin,1978-08-18,MALE,INDIVIDUAL,357,Married
1660678,Evelyn,Carpenter,1994-01-25,FEMALE,INDIVIDUAL,548,Divorced
1674260,Bruce,Foster,1973-02-16,MALE,INDIVIDUAL,189,Divorced
1674266,Craig,Hawkins,1968-05-22,MALE,INDIVIDUAL,387,Married
1674274,Jimmy,Perkins,1986-01-13,MALE,INDIVIDUAL,652,Married
1674322,Anne,Hamilton,1979-04-16,FEMALE,INDIVIDUAL,631,Married
1674327,Melissa,Bailey,1957-01-01,FEMALE,INDIVIDUAL,681,Married
1674373,Joshua,Morales,2013-06-19,MALE,INDIVIDUAL,450,Married
1674451,Jeremy,Young,2013-06-07,MALE,INDIVIDUAL,702,Married
1674558,Arthur,Bishop,2006-04-14,MALE,INDIVIDUAL,691,Married
1674594,Phyllis,Gomez,1988-06-24,FEMALE,INDIVIDUAL,809,Married
1674712,Antonio,Jordan,2012-12-19,MALE,INDIVIDUAL,418,Single
1674713,Kenneth,Wilson,1972-06-07,MALE,INDIVIDUAL,356,Married
1674792,Norma,Hicks,1961-04-08,FEMALE,INDIVIDUAL,21,Divorced
1674887,Elizabeth,Howard,2009-04-23,FEMALE,INDIVIDUAL,307,Married
1674906,Margaret,Webb,2013-05-19,FEMALE,INDIVIDUAL,649,Married
1674908,Melissa,Austin,2013-05-19,FEMALE,INDIVIDUAL,186,Married
1674909,Jonathan,Larson,1976-12-29,MALE,INDIVIDUAL,632,Married
1674913,Alan,Griffin,1978-06-24,MALE,INDIVIDUAL,217,Married
1674944,Raymond,Webb,2013-07-12,MALE,INDIVIDUAL,160,Single
1674998,Christina,Palmer,2010-08-31,FEMALE,INDIVIDUAL,324,Married
1675007,Aaron,Snyder,1973-04-27,MALE,INDIVIDUAL,450,Single
1675010,Diana,Montgomery,1981-05-02,FEMALE,INDIVIDUAL,373,Married
1675065,Mark,Robertson,1960-09-06,MALE,INDIVIDUAL,654,Married
1675080,Jessica,Taylor,1990-11-12,FEMALE,INDIVIDUAL,758,Married
1675095,Carlos,Scott,1976-09-08,MALE,INDIVIDUAL,483,Married
1675115,Pamela,Webb,1977-05-13,FEMALE,INDIVIDUAL,184,Divorced
1675134,Thomas,King,1990-04-06,MALE,INDIVIDUAL,610,Married
1675199,John,Schmidt,1973-12-15,MALE,INDIVIDUAL,581,Married
1675218,Randy,Watson,2008-08-13,MALE,INDIVIDUAL,42,Single
1675246,Donna,White,1997-11-04,FEMALE,INDIVIDUAL,597,Single
1675319,Carolyn,Barnes,1983-05-20,FEMALE,INDIVIDUAL,984,Married
1675334,Marie,Dixon,2013-06-11,FEMALE,INDIVIDUAL,851,Married
1675342,Dorothy,Lane,2004-09-22,FEMALE,INDIVIDUAL,342,Married
1675393,Michael,Miller,1964-02-04,MALE,INDIVIDUAL,246,Married
1675398,Judith,Miller,2009-08-26,FEMALE,INDIVIDUAL,55,Married
1675430,Scott,Austin,1961-03-04,MALE,INDIVIDUAL,831,Single
1675538,Juan,Hansen,1951-08-28,MALE,INDIVIDUAL,644,Married
1675724,Kenneth,Montgomery,1980-11-15,MALE,INDIVIDUAL,910,Married
1675726,Nancy,Hall,1958-03-03,FEMALE,INDIVIDUAL,83,Married
1675805,Phyllis,Greene,1969-08-07,FEMALE,INDIVIDUAL,451,Married
1675809,Ronald,Burton,1980-07-22,MALE,INDIVIDUAL,683,Married
1675844,Brian,Gonzalez,1975-04-03,MALE,INDIVIDUAL,586,Married
1679001,Howard,Brooks,2013-04-09,MALE,INDIVIDUAL,413,Divorced
1679034,Ernest,Walker,1968-09-20,MALE,INDIVIDUAL,771,Married
1679102,Albert,Mills,1976-10-24,MALE,INDIVIDUAL,866,Married
1679166,Denise,Jones,1972-09-25,FEMALE,INDIVIDUAL,166,Single
1679826,Katherine,Olson,2012-10-08,FEMALE,INDIVIDUAL,985,Married
1679856,Frances,Johnson,1979-08-10,FEMALE,INDIVIDUAL,312,Married
1679920,Raymond,Hansen,1973-11-28,MALE,INDIVIDUAL,983,Single
1679922,Cheryl,Ortiz,1945-12-11,FEMALE,INDIVIDUAL,887,Single
1679923,Joyce,Jones,1985-08-24,FEMALE,INDIVIDUAL,700,Married
1679951,Theresa,Cruz,1971-07-05,FEMALE,INDIVIDUAL,66,Married
1679971,Paul,Adams,1985-04-22,MALE,INDIVIDUAL,607,Married
1679996,Frank,Nichols,1967-11-12,MALE,INDIVIDUAL,258,Married
1679997,Gary,Watson,1996-09-24,MALE,INDIVIDUAL,452,Married
1680027,Christine,Campbell,1987-02-14,FEMALE,INDIVIDUAL,271,Single
1680089,Judith,Garrett,1964-02-14,FEMALE,INDIVIDUAL,713,Married
1680117,Gerald,Harrison,1975-01-12,MALE,INDIVIDUAL,382,Single
1680118,Terry,Wells,2012-08-13,MALE,INDIVIDUAL,242,Single
1680196,Joseph,Hunter,1981-03-31,MALE,INDIVIDUAL,157,Married
1680264,Joseph,Bowman,1981-08-16,MALE,INDIVIDUAL,625,Married
1680316,Nicholas,Thomas,2013-08-26,MALE,INDIVIDUAL,505,Married
1680317,John,Garza,1975-02-19,MALE,INDIVIDUAL,179,Divorced
1680426,Gerald,Woods,1987-12-20,MALE,INDIVIDUAL,673,Single
1680454,Brandon,Green,1979-07-19,MALE,INDIVIDUAL,331,Single
1680521,Sarah,Mason,1990-03-02,FEMALE,INDIVIDUAL,383,Single
1683019,Rebecca,Martin,1981-11-14,FEMALE,INDIVIDUAL,806,Married
1683027,Arthur,King,1961-10-12,MALE,INDIVIDUAL,856,Married
1683172,Annie,Allen,2002-04-15,FEMALE,INDIVIDUAL,924,Married
1683215,Todd,Stone,1973-09-30,MALE,INDIVIDUAL,971,Single
1683351,Gregory,Knight,1969-08-14,MALE,INDIVIDUAL,956,Single
1683365,Julie,Walker,1966-02-07,FEMALE,INDIVIDUAL,319,Married
1683408,Jimmy,Richards,1986-03-12,MALE,INDIVIDUAL,694,Married
1683477,Harry,Grant,1999-03-25,MALE,INDIVIDUAL,355,Divorced
1683535,Nicholas,Long,2013-07-10,MALE,INDIVIDUAL,953,Divorced
1683536,Howard,Martinez,1975-12-01,MALE,INDIVIDUAL,849,Divorced
1683556,Arthur,Larson,1999-08-03,MALE,INDIVIDUAL,754,Married
1683657,Katherine,Brown,1970-09-25,FEMALE,INDIVIDUAL,90,Married
1683660,Beverly,Collins,1975-01-07,FEMALE,INDIVIDUAL,390,Single
1683689,Rachel,George,1969-03-28,FEMALE,INDIVIDUAL,345,Single
1689403,Virginia,Mcdonald,1983-12-13,FEMALE,INDIVIDUAL,833,Married
1689408,Sean,Ramos,1984-04-14,MALE,INDIVIDUAL,211,Married
1689452,Dorothy,Garrett,1974-06-17,FEMALE,INDIVIDUAL,481,Divorced
1689455,Kathy,Ryan,2001-01-05,FEMALE,INDIVIDUAL,627,Divorced
1689457,Michael,Romero,1966-08-05,MALE,INDIVIDUAL,539,Married
1689473,Robin,Rogers,2013-02-25,FEMALE,INDIVIDUAL,621,Married
1689478,Nancy,Daniels,1975-01-07,FEMALE,INDIVIDUAL,278,Single
1689484,Jean,Bailey,1972-10-17,FEMALE,INDIVIDUAL,587,Married
1689493,Joan,Hernandez,2012-10-11,FEMALE,INDIVIDUAL,265,Divorced
1689494,Edward,Harrison,1977-04-07,MALE,INDIVIDUAL,909,Married
1689500,Phillip,Mccoy,1979-08-09,MALE,INDIVIDUAL,395,Single
1689523,Howard,Richards,1971-08-08,MALE,INDIVIDUAL,82,Single
1689568,Donna,Cox,1969-01-18,FEMALE,INDIVIDUAL,103,Divorced
1689616,Shirley,Barnes,1975-02-28,FEMALE,INDIVIDUAL,925,Divorced
1689668,Ruth,Hughes,1981-11-23,FEMALE,INDIVIDUAL,618,Married
1689670,Anne,Snyder,1975-01-14,FEMALE,INDIVIDUAL,471,Single
1689705,Stephen,Black,1975-01-19,MALE,INDIVIDUAL,812,Married
1689745,Kimberly,Jordan,1993-08-25,FEMALE,INDIVIDUAL,821,Divorced
1689837,Katherine,Young,1962-06-18,FEMALE,INDIVIDUAL,978,Married
1689864,Christina,Flores,1979-06-27,FEMALE,INDIVIDUAL,57,Married
1689874,Catherine,Fisher,1954-10-27,FEMALE,INDIVIDUAL,624,Single
1689904,Rebecca,Kennedy,1986-10-15,FEMALE,INDIVIDUAL,226,Married
1689909,Steven,Perkins,2012-11-06,MALE,INDIVIDUAL,679,Married
1689910,Douglas,Larson,1984-02-10,MALE,INDIVIDUAL,554,Single
1689936,Susan,Coleman,2007-12-20,FEMALE,INDIVIDUAL,433,Single
1689939,Michael,Williamson,1974-08-23,MALE,INDIVIDUAL,455,Single
1689942,Catherine,Kelley,2009-02-02,FEMALE,INDIVIDUAL,967,Married
1689946,Amanda,Diaz,2006-10-11,FEMALE,INDIVIDUAL,316,Married
1689958,Anthony,Lee,1971-01-03,MALE,INDIVIDUAL,375,Married
1690017,Patrick,Howard,1974-10-22,MALE,INDIVIDUAL,196,Married
1690018,Harold,Chapman,2012-04-04,MALE,INDIVIDUAL,683,Single
1690034,Annie,Wallace,1988-03-13,FEMALE,INDIVIDUAL,102,Married
1690035,Ryan,Campbell,2009-12-01,MALE,INDIVIDUAL,301,Married
1690075,Raymond,Coleman,1981-07-11,MALE,INDIVIDUAL,389,Married
1690080,Daniel,Chavez,1991-07-22,MALE,INDIVIDUAL,753,Single
1690083,Jesse,Ortiz,1961-03-01,MALE,INDIVIDUAL,445,Married
1690156,Amanda,Montgomery,1986-09-08,FEMALE,INDIVIDUAL,224,Married
1690202,Lois,Gordon,1984-07-23,FEMALE,INDIVIDUAL,609,Married
1690215,Phillip,Alvarez,1974-11-26,MALE,INDIVIDUAL,939,Married
1690234,Angela,Burke,2011-02-22,FEMALE,INDIVIDUAL,613,Married
1690235,Walter,Morris,1967-01-24,MALE,INDIVIDUAL,932,Married
1690252,Christine,Thompson,1987-01-30,FEMALE,INDIVIDUAL,791,Single
1690277,Douglas,Montgomery,1976-03-08,MALE,INDIVIDUAL,937,Single
1690278,Joseph,Day,2012-11-24,MALE,INDIVIDUAL,662,Single
1690314,Joseph,Morrison,2003-05-29,MALE,INDIVIDUAL,217,Single
1690414,Eugene,Bishop,1988-07-08,MALE,INDIVIDUAL,577,Married
1690604,Beverly,Spencer,1963-09-16,FEMALE,INDIVIDUAL,621,Divorced
1690643,Alice,Garza,1983-05-14,FEMALE,INDIVIDUAL,225,Single
1690660,Terry,Medina,1964-05-10,MALE,INDIVIDUAL,870,Divorced
1690684,Albert,Johnston,1970-03-09,MALE,INDIVIDUAL,534,Divorced
1690763,Andrew,Murray,1987-03-13,MALE,INDIVIDUAL,846,Divorced
1690764,Charles,Weaver,1957-11-03,MALE,INDIVIDUAL,195,Married
1690799,Sean,Hawkins,2010-07-05,MALE,INDIVIDUAL,733,Married
1690800,Marilyn,Carpenter,1973-12-04,FEMALE,INDIVIDUAL,589,Single
1690824,Irene,Hawkins,1971-11-12,FEMALE,INDIVIDUAL,660,Married
1690838,Norma,Miller,1981-08-24,FEMALE,INDIVIDUAL,873,Married
1690998,Henry,Peterson,2012-10-29,MALE,INDIVIDUAL,76,Married
1691020,Peter,Mills,2012-05-25,MALE,INDIVIDUAL,108,Married
1691079,Christopher,Kelley,2013-07-31,MALE,INDIVIDUAL,52,Married
1691080,Jonathan,Vasquez,1974-10-02,MALE,INDIVIDUAL,533,Married
1691242,Jimmy,Jacobs,1965-09-19,MALE,INDIVIDUAL,819,Single
1691293,Nicole,Weaver,1977-01-22,FEMALE,INDIVIDUAL,140,Single
1691351,Phillip,Peterson,1979-02-10,MALE,INDIVIDUAL,677,Single
1691396,Robin,Day,2013-07-03,FEMALE,INDIVIDUAL,78,Married
1691457,Bristol-Myers Ltd,,,,COMPANY,420,
1694943,Sara,Day,1979-06-16,FEMALE,INDIVIDUAL,771,Married
1694994,Ronald,Hall,1987-03-31,MALE,INDIVIDUAL,137,Divorced
1695033,Charles,Sims,1972-12-18,MALE,INDIVIDUAL,120,Married
1695128,Lori,Spencer,1971-10-04,FEMALE,INDIVIDUAL,94,Married
1695199,Virginia,Fields,1981-02-24,FEMALE,INDIVIDUAL,89,Single
1695204,Amy,Garcia,1984-11-13,FEMALE,INDIVIDUAL,678,Married
1695310,Michael,Johnston,1964-11-13,MALE,INDIVIDUAL,793,Single
1698845,Douglas,Jackson,1955-04-07,MALE,INDIVIDUAL,823,Married
1698902,Dennis,Long,1973-05-30,MALE,INDIVIDUAL,734,Single
1698910,Anna,Day,2013-07-13,FEMALE,INDIVIDUAL,857,Single
1698913,Paula,Young,1972-09-18,FEMALE,INDIVIDUAL,388,Married
1698915,Cheryl,Banks,1991-03-07,FEMALE,INDIVIDUAL,788,Single
1698916,Karen,Burke,1977-11-17,FEMALE,INDIVIDUAL,59,Married
1698925,Larry,Burke,1995-06-27,MALE,INDIVIDUAL,442,Married
1698939,Billy,Ryan,2013-02-20,MALE,INDIVIDUAL,693,Married
1699060,Doris,Stone,1971-02-26,FEMALE,INDIVIDUAL,521,Married
1699065,Howard,Shaw,1955-09-07,MALE,INDIVIDUAL,761,Single
1699094,Carlos,Williamson,1982-01-08,MALE,INDIVIDUAL,265,Married
1699112,Christina,Burton,2013-09-17,FEMALE,INDIVIDUAL,271,Single
1699234,Juan,Jordan,1960-06-20,MALE,INDIVIDUAL,84,Married
1699278,Gloria,Ruiz,1980-09-22,FEMALE,INDIVIDUAL,778,Married
1699327,Linda,Warren,1972-12-01,FEMALE,INDIVIDUAL,420,Married
1699454,Rachel,Porter,1980-12-28,FEMALE,INDIVIDUAL,681,Married
1699503,Joseph,Fox,2013-08-22,MALE,INDIVIDUAL,352,Married
1699532,Rebecca,Garrett,1992-02-07,FEMALE,INDIVIDUAL,288,Married
1699542,Randy,Freeman,1980-03-18,MALE,INDIVIDUAL,309,Single
1699664,Susan,Walker,1984-11-30,FEMALE,INDIVIDUAL,482,Divorced
1699703,Shawn,Price,1971-04-13,MALE,INDIVIDUAL,335,Single
1699704,Michael,Clark,2004-11-30,MALE,INDIVIDUAL,6,Divorced
1699708,Beverly,Cox,1988-07-29,FEMALE,INDIVIDUAL,308,Married
1699756,Wanda,Arnold,1980-02-02,FEMALE,INDIVIDUAL,289,Married
1700036,Diane,Bennett,1981-01-27,FEMALE,INDIVIDUAL,908,Married
1700048,Randy,Kennedy,1973-01-22,MALE,INDIVIDUAL,435,Single
1700052,Stephen,Wallace,2012-08-20,MALE,INDIVIDUAL,762,Married
1700053,Scott,Moore,1979-10-29,MALE,INDIVIDUAL,99,Single
1700100,Ruby,Wallace,2001-03-01,FEMALE,INDIVIDUAL,539,Married
1700142,Jane,Reynolds,1990-11-09,FEMALE,INDIVIDUAL,599,Married
1700165,Jonathan,Watkins,2013-04-10,MALE,INDIVIDUAL,573,Married
1700166,Adam,Fuller,1983-02-18,MALE,INDIVIDUAL,404,Married
1700174,Carolyn,Turner,1990-06-15,FEMALE,INDIVIDUAL,264,Single
1700264,Lillian,Tucker,1976-06-22,FEMALE,INDIVIDUAL,679,Married
1700265,Rose,Hamilton,1996-09-08,FEMALE,INDIVIDUAL,396,Married
1700361,Joe,Willis,2012-07-03,MALE,INDIVIDUAL,69,Married
1700362,George,Meyer,2011-01-05,MALE,INDIVIDUAL,807,Single
1700492,Charles,Carpenter,1965-07-18,MALE,INDIVIDUAL,827,Single
1700509,Julie,Hughes,1986-06-28,FEMALE,INDIVIDUAL,780,Married
1700514,Arthur,Hart,1954-08-28,MALE,INDIVIDUAL,710,Married
1700521,Catherine,Ward,1967-06-26,FEMALE,INDIVIDUAL,710,Single
1700673,Christina,Watson,1971-09-01,FEMALE,INDIVIDUAL,594,Single
1700679,Donna,Palmer,1967-11-23,FEMALE,INDIVIDUAL,121,Divorced
1700686,Jane,Sanchez,2012-10-02,FEMALE,INDIVIDUAL,463,Married
1700687,Mary,Evans,2012-10-02,FEMALE,INDIVIDUAL,373,Single
1700688,Raymond,Wood,1975-09-23,MALE,INDIVIDUAL,172,Married
1706215,Bobby,Williams,1966-07-21,MALE,INDIVIDUAL,667,Divorced
1706242,"Zep, Corp",,,,COMPANY,436,
1706302,Charles,George,1977-07-21,MALE,INDIVIDUAL,989,Single
1706338,Dennis,Pierce,1975-04-13,MALE,INDIVIDUAL,258,Married
1706437,Diana,Mills,2013-08-08,FEMALE,INDIVIDUAL,750,Divorced
1706442,Kenneth,Lawrence,2013-06-04,MALE,INDIVIDUAL,690,Single
1706443,Eugene,Collins,1964-04-07,MALE,INDIVIDUAL,885,Married
1706458,Jose,Bailey,2004-04-04,MALE,INDIVIDUAL,234,Married
1706485,Heather,Harper,1986-06-18,FEMALE,INDIVIDUAL,480,Married
1706512,Lawrence,Hansen,1966-10-19,MALE,INDIVIDUAL,89,Married
1706514,Victor,Thomas,1992-02-09,MALE,INDIVIDUAL,796,Divorced
1706516,Deborah,Miller,1977-01-04,FEMALE,INDIVIDUAL,140,Married
1706517,Rachel,Edwards,1973-12-02,FEMALE,INDIVIDUAL,323,Married
1706529,George,Stephens,1958-02-04,MALE,INDIVIDUAL,29,Married
1706553,Sean,Smith,1985-09-20,MALE,INDIVIDUAL,686,Married
1706686,Mark,Gibson,2007-03-25,MALE,INDIVIDUAL,353,Single
1706687,Matthew,Reed,1975-05-22,MALE,INDIVIDUAL,352,Married
1706724,Henry,Chapman,1970-09-21,MALE,INDIVIDUAL,565,Married
1706757,John,Harper,1970-08-15,MALE,INDIVIDUAL,726,Divorced
1706791,Bonnie,Oliver,1969-08-21,FEMALE,INDIVIDUAL,237,Married
1706825,Ruby,Burton,1989-11-18,FEMALE,INDIVIDUAL,286,Married
1706878,Diane,Kennedy,1954-05-23,FEMALE,INDIVIDUAL,207,Married
1706886,Laura,Kennedy,1982-04-13,FEMALE,INDIVIDUAL,922,Married
1706907,Melissa,Campbell,2002-05-11,FEMALE,INDIVIDUAL,264,Married
1706908,Anthony,Hudson,1967-08-31,MALE,INDIVIDUAL,511,Married
1706955,Linda,Romero,1994-01-28,FEMALE,INDIVIDUAL,945,Single
1706999,Terry,Hudson,1969-12-21,MALE,INDIVIDUAL,294,Married
1707000,Charles,Ford,2010-07-09,MALE,INDIVIDUAL,736,Married
1707003,Patricia,Rice,1975-08-30,FEMALE,INDIVIDUAL,235,Married
1707006,Jerry,Hall,1988-07-07,MALE,INDIVIDUAL,467,Divorced
1707063,Frances,Perkins,1987-02-19,FEMALE,INDIVIDUAL,42,Married
1707064,Anthony,Vasquez,1962-11-08,MALE,INDIVIDUAL,775,Married
1707090,Beverly,Vasquez,2012-09-24,FEMALE,INDIVIDUAL,569,Married
1707180,Patrick,Morales,2011-09-06,MALE,INDIVIDUAL,293,Married
1707181,Gregory,Porter,1968-10-01,MALE,INDIVIDUAL,603,Divorced
1707188,Amanda,Stanley,1977-05-23,FEMALE,INDIVIDUAL,323,Married
1707189,Debra,Anderson,2010-10-12,FEMALE,INDIVIDUAL,475,Single
1707193,Evelyn,Lee,1974-04-01,FEMALE,INDIVIDUAL,472,Divorced
1707253,Larry,Frazier,1976-09-19,MALE,INDIVIDUAL,535,Single
1707257,Billy,Martinez,1974-05-18,MALE,INDIVIDUAL,825,Single
1707279,George,Turner,1966-04-13,MALE,INDIVIDUAL,627,Single
1707280,Christina,Castillo,2013-01-07,FEMALE,INDIVIDUAL,56,Single
1707284,Wayne,Ferguson,1976-01-18,MALE,INDIVIDUAL,382,Married
1707345,Matthew,Richardson,1960-10-18,MALE,INDIVIDUAL,90,Married
1707346,Kathy,Palmer,1993-08-10,FEMALE,INDIVIDUAL,776,Single
1707364,Clarence,Kelly,1978-07-04,MALE,INDIVIDUAL,752,Married
1707365,Jerry,Williams,2009-12-26,MALE,INDIVIDUAL,339,Married
1707397,Christina,Perez,2013-03-08,FEMALE,INDIVIDUAL,631,Married
1707398,Douglas,Owens,1972-02-24,MALE,INDIVIDUAL,29,Married
1707424,Lillian,Bailey,1977-08-13,FEMALE,INDIVIDUAL,674,Divorced
1707436,Sara,Hansen,1979-05-23,FEMALE,INDIVIDUAL,663,Married
1707474,Keith,Mason,1980-01-16,MALE,INDIVIDUAL,79,Married
1707545,Juan,Lewis,2010-10-30,MALE,INDIVIDUAL,269,Single
1707546,Robert,Moore,1980-09-14,MALE,INDIVIDUAL,603,Single
1707547,Aaron,Stephens,2010-08-11,MALE,INDIVIDUAL,57,Single
1707591,Chris,Schmidt,2005-03-31,MALE,INDIVIDUAL,760,Single
1707619,Catherine,Lee,1988-02-10,FEMALE,INDIVIDUAL,529,Divorced
1707635,Ryan,Morgan,1967-08-14,MALE,INDIVIDUAL,152,Married
1707654,Andrea,Montgomery,1964-07-27,FEMALE,INDIVIDUAL,872,Married
1707685,Raymond,Wells,1977-01-11,MALE,INDIVIDUAL,394,Married
1707700,Matthew,Sims,1978-07-25,MALE,INDIVIDUAL,625,Married
1707733,Jessica,Ruiz,1957-09-18,FEMALE,INDIVIDUAL,706,Married
1707759,David,Butler,1985-04-25,MALE,INDIVIDUAL,479,Single
1707771,Willie,Franklin,1980-12-27,MALE,INDIVIDUAL,954,Single
1707772,Carolyn,Kelley,2013-04-12,FEMALE,INDIVIDUAL,543,Married
1707797,Kimberly,Carroll,1982-06-23,FEMALE,INDIVIDUAL,216,Married
1707812,Kathryn,Rodriguez,1973-04-24,FEMALE,INDIVIDUAL,103,Married
1707820,Scott,Myers,2011-11-08,MALE,INDIVIDUAL,352,Single
1707870,Carol,Griffin,2007-04-27,FEMALE,INDIVIDUAL,431,Divorced
1707909,Harry,Mason,1976-03-04,MALE,INDIVIDUAL,867,Single
1707912,Eric,Flores,1972-11-18,MALE,INDIVIDUAL,653,Married
1707937,Laura,Schmidt,1961-07-10,FEMALE,INDIVIDUAL,416,Single
1707987,Donna,Black,1992-09-01,FEMALE,INDIVIDUAL,721,Single
1707989,Earl,Ramirez,1968-10-26,MALE,INDIVIDUAL,969,Single
1708033,Dorothy,Baker,2013-09-24,FEMALE,INDIVIDUAL,458,Divorced
1708224,Jack,Murray,1975-05-23,MALE,INDIVIDUAL,936,Single
1708226,Angela,Turner,2012-06-25,FEMALE,INDIVIDUAL,964,Married
1708251,Evelyn,Diaz,1960-01-22,FEMALE,INDIVIDUAL,230,Single
1708253,Brenda,George,1984-07-16,FEMALE,INDIVIDUAL,271,Married
1708303,Debra,Carter,2012-10-04,FEMALE,INDIVIDUAL,110,Married
1708335,Sandra,Moreno,1967-04-04,FEMALE,INDIVIDUAL,399,Single
1708372,Richard,Kelly,1957-11-16,MALE,INDIVIDUAL,460,Divorced
1708376,Phillip,Little,1974-12-08,MALE,INDIVIDUAL,72,Married
1708409,Bonnie,Allen,1966-02-21,FEMALE,INDIVIDUAL,48,Single
1708480,Pamela,Payne,2005-12-21,FEMALE,INDIVIDUAL,729,Married
1708547,Robin,Bennett,2012-11-06,FEMALE,INDIVIDUAL,237,Single
1708551,Randy,Castillo,1981-07-28,MALE,INDIVIDUAL,410,Married
1708552,Frank,Bailey,2011-01-08,MALE,INDIVIDUAL,824,Single
1708606,Wanda,Hamilton,1987-10-19,FEMALE,INDIVIDUAL,723,Married
1708610,Craig,Mills,1980-10-26,MALE,INDIVIDUAL,452,Divorced
1708641,Joyce,Hall,2012-09-04,FEMALE,INDIVIDUAL,185,Married
1708658,Walter,Murphy,1977-01-29,MALE,INDIVIDUAL,381,Married
1708681,Kevin,Medina,1978-04-10,MALE,INDIVIDUAL,864,Single
1708691,Judy,Price,2013-10-17,FEMALE,INDIVIDUAL,219,Single
1708743,Edward,Duncan,2000-01-23,MALE,INDIVIDUAL,532,Married
1708744,Johnny,Watson,1966-03-24,MALE,INDIVIDUAL,352,Divorced
1708745,Nancy,Jenkins,1983-07-21,FEMALE,INDIVIDUAL,326,Divorced
1708790,Philip,Lawrence,1972-12-04,MALE,INDIVIDUAL,878,Single
1708805,David,Lane,2013-01-19,MALE,INDIVIDUAL,31,Married
1708946,Dorothy,Perez,1980-04-16,FEMALE,INDIVIDUAL,64,Married
1708952,Carol,Jordan,1986-07-02,FEMALE,INDIVIDUAL,605,Married
1708963,Diane,Davis,2009-06-03,FEMALE,INDIVIDUAL,899,Married
1708979,Elizabeth,Sanders,1963-07-24,FEMALE,INDIVIDUAL,667,Married
1709001,Laura,Gordon,1986-04-28,FEMALE,INDIVIDUAL,99,Single
1709084,Martha,Alexander,1977-07-17,FEMALE,INDIVIDUAL,561,Married
1709112,Brian,Mendoza,1977-12-03,MALE,INDIVIDUAL,316,Married
1709115,Douglas,Stephens,2012-12-12,MALE,INDIVIDUAL,446,Single
1709195,Howard,Snyder,1977-03-02,MALE,INDIVIDUAL,513,Married
1709243,Joe,Morrison,1984-06-13,MALE,INDIVIDUAL,619,Single
1709289,Johnny,Butler,1969-04-04,MALE,INDIVIDUAL,313,Single
1709304,Beverly,Robertson,1958-07-02,FEMALE,INDIVIDUAL,102,Married
1709341,Heather,Foster,1959-08-13,FEMALE,INDIVIDUAL,132,Single
1709490,Thomas,Thomas,1971-01-02,MALE,INDIVIDUAL,387,Married
1709540,Lawrence,Gray,1992-08-17,MALE,INDIVIDUAL,148,Married
1709549,Maria,Banks,1975-10-28,FEMALE,INDIVIDUAL,791,Married
1709711,Sandra,Reed,1983-05-22,FEMALE,INDIVIDUAL,476,Single
1709744,Jimmy,Garcia,1957-05-28,MALE,INDIVIDUAL,609,Married
1709752,Bonnie,Wright,1954-09-14,FEMALE,INDIVIDUAL,595,Married
1709758,David,Long,1988-12-13,MALE,INDIVIDUAL,929,Single
1709762,Denise,Griffin,1970-09-28,FEMALE,INDIVIDUAL,171,Divorced
1709806,Fred,Harris,2013-10-04,MALE,INDIVIDUAL,13,Married
1709876,Juan,Harvey,1969-04-24,MALE,INDIVIDUAL,79,Married
1709960,Ronald,Tucker,1956-04-12,MALE,INDIVIDUAL,661,Married
1709961,Henry,Alexander,1991-06-10,MALE,INDIVIDUAL,494,Married
1709988,Jonathan,Henderson,1976-01-26,MALE,INDIVIDUAL,422,Single
1710002,Jerry,Bradley,2013-02-16,MALE,INDIVIDUAL,803,Single
1710102,Donald,Alexander,1970-02-26,MALE,INDIVIDUAL,838,Single
1710144,Benjamin,Wheeler,1983-01-24,MALE,INDIVIDUAL,121,Married
1710151,Walter,Henry,1959-03-06,MALE,INDIVIDUAL,321,Married
1710155,Janice,Morgan,2012-03-24,FEMALE,INDIVIDUAL,341,Married
1710167,Gary,Richardson,1986-06-24,MALE,INDIVIDUAL,894,Married
1710277,Jessica,Harvey,1968-02-08,FEMALE,INDIVIDUAL,235,Married
1710362,Lillian,Freeman,1978-03-27,FEMALE,INDIVIDUAL,590,Married
1710462,John,Morales,2013-08-24,MALE,INDIVIDUAL,790,Single
1710492,Howard,Thomas,1977-02-14,MALE,INDIVIDUAL,146,Divorced
1710501,Peter,Jordan,1972-06-06,MALE,INDIVIDUAL,909,Married
1710520,Robert,Schmidt,2012-12-20,MALE,INDIVIDUAL,327,Married
1710521,Walter,Jackson,1977-09-26,MALE,INDIVIDUAL,369,Single
1710538,Virginia,King,1961-06-02,FEMALE,INDIVIDUAL,699,Married
1710544,Daniel,Snyder,1975-01-29,MALE,INDIVIDUAL,75,Married
1710692,Cheryl,Morgan,1988-07-30,FEMALE,INDIVIDUAL,267,Single
1710763,Brandon,George,1975-02-17,MALE,INDIVIDUAL,406,Married
1710772,Ruby,Morales,1981-04-19,FEMALE,INDIVIDUAL,572,Single
1710835,Fred,Murphy,2010-04-30,MALE,INDIVIDUAL,253,Married
1710856,Adam,Ellis,1977-11-08,MALE,INDIVIDUAL,617,Single
1710881,Robert,Perez,1989-02-24,MALE,INDIVIDUAL,499,Married
1710918,Dennis,Reynolds,2005-04-21,MALE,INDIVIDUAL,845,Single
1710967,Anna,Kelley,1977-09-14,FEMALE,INDIVIDUAL,574,Married
1711020,Kathy,Black,1980-02-01,FEMALE,INDIVIDUAL,985,Married
1711054,William,Morris,1956-10-18,MALE,INDIVIDUAL,14,Married
1711066,Beverly,Payne,1986-09-27,FEMALE,INDIVIDUAL,926,Married
1711156,Victor,Anderson,1991-06-02,MALE,INDIVIDUAL,336,Single
1711205,Chris,Little,1997-05-15,MALE,INDIVIDUAL,606,Married
1711206,Terry,Ford,1967-07-22,MALE,INDIVIDUAL,5,Married
1711207,Martha,White,1976-10-02,FEMALE,INDIVIDUAL,249,Single
1711211,Roger,Olson,1964-01-31,MALE,INDIVIDUAL,370,Married
1720786,Michael,Hamilton,1976-08-04,MALE,INDIVIDUAL,47,Divorced
1720818,Ashley,Gonzales,1980-02-14,FEMALE,INDIVIDUAL,806,Married
1721246,Ralph,Stevens,1985-03-22,MALE,INDIVIDUAL,382,Married
1721626,Ruby,Mills,2013-03-01,FEMALE,INDIVIDUAL,766,Married
1721627,Ralph,Hudson,2013-03-01,MALE,INDIVIDUAL,222,Married
1722066,Heather,Franklin,2013-10-31,FEMALE,INDIVIDUAL,406,Married
1722134,Angela,Richardson,1984-01-13,FEMALE,INDIVIDUAL,627,Single
1722143,Christina,Fox,1986-01-07,FEMALE,INDIVIDUAL,491,Married
1722524,Ann,Oliver,1980-07-05,FEMALE,INDIVIDUAL,496,Married
1722527,Albert,Rogers,1978-12-21,MALE,INDIVIDUAL,339,Married
1722528,Shawn,Myers,2012-09-18,MALE,INDIVIDUAL,517,Single
1722561,Nancy,Washington,1972-07-11,FEMALE,INDIVIDUAL,133,Married
1722833,Elizabeth,James,1983-02-16,FEMALE,INDIVIDUAL,964,Divorced
1722865,Albert,Bell,1976-01-08,MALE,INDIVIDUAL,72,Single
1722873,Fred,Holmes,1961-12-18,MALE,INDIVIDUAL,78,Married
1722874,Elizabeth,Garza,2010-09-22,FEMALE,INDIVIDUAL,177,Divorced
1722878,Johnny,Andrews,2012-05-30,MALE,INDIVIDUAL,262,Married
1722879,Jonathan,Sullivan,1971-09-04,MALE,INDIVIDUAL,540,Single
1722916,Benjamin,Rice,1979-01-13,MALE,INDIVIDUAL,879,Single
1723270,Andrea,Baker,1998-11-05,FEMALE,INDIVIDUAL,587,Divorced
1723271,Randy,Austin,1962-06-24,MALE,INDIVIDUAL,255,Married
1723401,Howard,Fox,2013-12-12,MALE,INDIVIDUAL,139,Single
1723402,Ralph,Freeman,1976-07-08,MALE,INDIVIDUAL,922,Divorced
1723405,Diana,Miller,1988-08-04,FEMALE,INDIVIDUAL,678,Single
1723411,Scott,Tucker,1979-12-29,MALE,INDIVIDUAL,936,Single
1724499,Linda,Barnes,1981-07-17,FEMALE,INDIVIDUAL,109,Married
1724544,Nicholas,Rivera,1994-09-09,MALE,INDIVIDUAL,698,Married
1724546,Todd,Kim,1963-08-13,MALE,INDIVIDUAL,203,Single
1724562,Lawrence,Mccoy,2011-02-18,MALE,INDIVIDUAL,777,Single
1724565,Elizabeth,Rogers,1975-12-09,FEMALE,INDIVIDUAL,648,Single
1724566,Harold,Cole,1978-01-26,MALE,INDIVIDUAL,483,Married
1724612,Mildred,Miller,2011-12-21,FEMALE,INDIVIDUAL,734,Divorced
1724613,Joshua,Wagner,1982-01-16,MALE,INDIVIDUAL,2,Married
1724623,Doris,George,1970-11-30,FEMALE,INDIVIDUAL,776,Married
1724629,Stephen,Reyes,1962-08-11,MALE,INDIVIDUAL,752,Married
1724637,Timothy,Woods,1956-12-04,MALE,INDIVIDUAL,21,Single
1724649,Beverly,Riley,1979-06-02,FEMALE,INDIVIDUAL,429,Married
1724685,Patricia,Meyer,1989-01-06,FEMALE,INDIVIDUAL,83,Single
1725126,Daniel,Kennedy,1955-07-02,MALE,INDIVIDUAL,328,Married
1725127,William,Johnson,1990-10-02,MALE,INDIVIDUAL,30,Married
1725128,Covis Group,,,,COMPANY,146,
1725199,Deborah,Ortiz,1981-03-16,FEMALE,INDIVIDUAL,497,Married
1725242,Kathleen,Shaw,2006-12-04,FEMALE,INDIVIDUAL,572,Married
1725251,Marilyn,Alvarez,1963-02-06,FEMALE,INDIVIDUAL,60,Single
1725252,Helen,Hernandez,2013-11-15,FEMALE,INDIVIDUAL,410,Married
1725820,Deborah,Knight,1968-10-09,FEMALE,INDIVIDUAL,118,Married
1725839,Mark,Bishop,2013-02-01,MALE,INDIVIDUAL,235,Divorced
1725840,Victor,Matthews,1971-06-16,MALE,INDIVIDUAL,137,Married
1725854,Paula,Wheeler,1986-04-06,FEMALE,INDIVIDUAL,146,Married
1726347,Ann,Boyd,1977-12-09,FEMALE,INDIVIDUAL,313,Married
1726348,United Ltd,,,,COMPANY,66,
1726372,Judy,Carr,1979-01-12,FEMALE,INDIVIDUAL,985,Single
1726383,Debra,Simmons,1978-07-02,FEMALE,INDIVIDUAL,601,Married
1726396,Catherine,Butler,1974-08-30,FEMALE,INDIVIDUAL,274,Married
1726417,Jack,Berry,1953-04-04,MALE,INDIVIDUAL,559,Married
1726448,Stephen,Johnston,1960-02-02,MALE,INDIVIDUAL,833,Married
1726785,Richard,Carter,1973-02-07,MALE,INDIVIDUAL,550,Divorced
1726803,Wanda,Baker,1974-03-25,FEMALE,INDIVIDUAL,414,Single
1726858,Harold,Long,1965-07-24,MALE,INDIVIDUAL,213,Married
1727501,Larry,Roberts,2012-03-22,MALE,INDIVIDUAL,493,Single
1727502,George,Hill,1972-01-20,MALE,INDIVIDUAL,789,Married
1728056,Harry,Holmes,1981-12-24,MALE,INDIVIDUAL,662,Married
1728091,Ashley,Freeman,1983-02-10,FEMALE,INDIVIDUAL,468,Married
1728119,Barbara,Romero,1983-02-24,FEMALE,INDIVIDUAL,63,Married
1728125,Eric,Robertson,1973-02-25,MALE,INDIVIDUAL,189,Married
1728127,Mark,Roberts,1969-03-27,MALE,INDIVIDUAL,872,Single
1728572,Andrew,Chapman,1978-12-13,MALE,INDIVIDUAL,967,Married
1728626,Michael,Greene,1982-01-03,MALE,INDIVIDUAL,405,Divorced
1728992,Ann,Bowman,1971-02-26,FEMALE,INDIVIDUAL,456,Married
1729051,Howard,Owens,1957-10-01,MALE,INDIVIDUAL,374,Married
1729076,Sandra,Sanchez,1974-09-27,FEMALE,INDIVIDUAL,435,Single
1729090,Kenneth,Henderson,2011-11-11,MALE,INDIVIDUAL,333,Married
1729539,Bobby,Sullivan,2013-06-29,MALE,INDIVIDUAL,796,Single
1729540,Benjamin,Robertson,1979-03-07,MALE,INDIVIDUAL,563,Married
1729564,Wanda,Gomez,1988-02-25,FEMALE,INDIVIDUAL,940,Married
1729575,Doris,Garrett,2012-08-27,FEMALE,INDIVIDUAL,272,Single
1729576,Carlos,Mills,1978-03-29,MALE,INDIVIDUAL,220,Married
1729873,Julia,Nguyen,1980-11-01,FEMALE,INDIVIDUAL,173,Single
1729887,Roger,Owens,1967-05-09,MALE,INDIVIDUAL,86,Single
1730625,Diana,Russell,1983-05-10,FEMALE,INDIVIDUAL,504,Married
1730638,Dorothy,Peterson,2009-05-26,FEMALE,INDIVIDUAL,342,Divorced
1731008,Susan,Russell,1968-09-12,FEMALE,INDIVIDUAL,510,Single
1731026,Elizabeth,Long,1996-04-05,FEMALE,INDIVIDUAL,395,Married
1731050,Jimmy,Little,2013-10-21,MALE,INDIVIDUAL,936,Single
1731051,Charles,Washington,1979-01-31,MALE,INDIVIDUAL,211,Single
1731093,Ashley,Gray,1976-08-13,FEMALE,INDIVIDUAL,258,Married
1731098,Antonio,Tucker,1977-10-23,MALE,INDIVIDUAL,325,Single
1731111,Jeremy,Warren,2009-05-05,MALE,INDIVIDUAL,881,Married
1731661,Amanda,Moore,1985-09-28,FEMALE,INDIVIDUAL,67,Single
1731692,Tammy,Olson,1984-11-03,FEMALE,INDIVIDUAL,638,Single
1731996,Christina,Murray,1986-09-25,FEMALE,INDIVIDUAL,363,Married
1732373,Nexus ,,,,COMPANY,852,
1732378,Roger,Hansen,2014-02-04,MALE,INDIVIDUAL,436,Married
1732401,Clarence,Reynolds,1974-02-09,MALE,INDIVIDUAL,275,Married
1732408,Sean,Lopez,2011-06-12,MALE,INDIVIDUAL,711,Divorced
1732437,Virginia,Elliott,1982-01-19,FEMALE,INDIVIDUAL,544,Divorced
1732456,Deborah,Thomas,1995-03-24,FEMALE,INDIVIDUAL,877,Married
1732503,Jeremy,Hamilton,1970-02-05,MALE,INDIVIDUAL,233,Single
1732504,Andrew,Coleman,2001-03-31,MALE,INDIVIDUAL,107,Divorced
1732543,Jerry,Sullivan,2006-12-16,MALE,INDIVIDUAL,375,Married
1732570,Jacqueline,Bailey,2006-12-09,FEMALE,INDIVIDUAL,421,Single
1732571,Jose,Gibson,1973-03-13,MALE,INDIVIDUAL,338,Single
1733368,Paul,Lopez,2012-03-07,MALE,INDIVIDUAL,822,Divorced
1733429,Amanda,Campbell,1985-06-03,FEMALE,INDIVIDUAL,591,Divorced
1733451,Bobby,Oliver,2013-12-06,MALE,INDIVIDUAL,173,Single
1733465,Jason,Woods,1988-06-15,MALE,INDIVIDUAL,894,Single
1733503,Marilyn,Perkins,1985-01-24,FEMALE,INDIVIDUAL,379,Married
1733798,Susan,Stephens,2013-08-08,FEMALE,INDIVIDUAL,57,Married
1733856,Denise,Scott,1977-12-03,FEMALE,INDIVIDUAL,109,Married
1733868,Shirley,Mccoy,1971-08-07,FEMALE,INDIVIDUAL,145,Married
1733888,Betty,Robertson,1983-08-05,FEMALE,INDIVIDUAL,145,Divorced
1733895,Michael,Gordon,1982-10-21,MALE,INDIVIDUAL,854,Married
1734719,Robert,Jenkins,1985-03-20,MALE,INDIVIDUAL,257,Married
1735376,Steve,Stone,1968-01-01,MALE,INDIVIDUAL,164,Single
1735760,Steve,Garza,2013-06-25,MALE,INDIVIDUAL,323,Single
1735798,Sara,Henderson,1983-01-28,FEMALE,INDIVIDUAL,756,Single
1735809,Julie,Dixon,1985-01-25,FEMALE,INDIVIDUAL,264,Single
1735851,Charles,Perez,1978-06-02,MALE,INDIVIDUAL,640,Single
1735857,Rebecca,Ray,1979-07-20,FEMALE,INDIVIDUAL,138,Single
1736025,Kimberly,Mccoy,1979-03-15,FEMALE,INDIVIDUAL,42,Married
1736598,Gary,Sims,1975-08-13,MALE,INDIVIDUAL,970,Married
1736633,Roy,Parker,2008-05-10,MALE,INDIVIDUAL,49,Single
1736651,Howard,Morris,1991-08-02,MALE,INDIVIDUAL,801,Single
1736668,Marilyn,Gomez,1984-05-14,FEMALE,INDIVIDUAL,689,Married
1736675,Jose,Ray,1960-11-10,MALE,INDIVIDUAL,46,Married
1737053,Joan,Alexander,1980-10-01,FEMALE,INDIVIDUAL,840,Single
1737067,Jeffrey,Palmer,1981-04-19,MALE,INDIVIDUAL,481,Divorced
1737112,Judith,Payne,1986-04-15,FEMALE,INDIVIDUAL,515,Single
1737571,Jean,Moreno,2013-03-08,FEMALE,INDIVIDUAL,796,Married
1738205,Paula,West,1976-09-15,FEMALE,INDIVIDUAL,978,Married
1738206,Janet,Carroll,1973-11-14,FEMALE,INDIVIDUAL,522,Married
1738301,Ruby,Robinson,2013-12-09,FEMALE,INDIVIDUAL,68,Married
1738302,Ruby,Burns,2010-02-12,FEMALE,INDIVIDUAL,622,Married
1738308,Alan,Palmer,2002-10-18,MALE,INDIVIDUAL,627,Single
1738744,Bonnie,Garrett,2013-11-29,FEMALE,INDIVIDUAL,328,Single
1738765,Chris,Johnston,1969-07-23,MALE,INDIVIDUAL,990,Married
1739209,Lisa,Harvey,1981-10-30,FEMALE,INDIVIDUAL,277,Married
1739232,Brenda,Garrett,1982-06-13,FEMALE,INDIVIDUAL,679,Married
1739271,Ruby,Garrett,2012-08-12,FEMALE,INDIVIDUAL,400,Divorced
1739272,Richard,Campbell,1976-12-05,MALE,INDIVIDUAL,912,Married
1739312,Lori,Mccoy,1980-12-28,FEMALE,INDIVIDUAL,383,Divorced
1739725,Carl,Boyd,1974-05-22,MALE,INDIVIDUAL,789,Divorced
1739796,China Group,,,,COMPANY,526,
1739802,George,Murphy,1966-03-03,MALE,INDIVIDUAL,185,Married
1740811,Jason,Lawson,1967-11-12,MALE,INDIVIDUAL,129,Married
1740829,Andrew,Little,2013-05-26,MALE,INDIVIDUAL,367,Divorced
1740840,Michael,Burton,1967-03-26,MALE,INDIVIDUAL,128,Married
1740850,Juan,Powell,1978-09-29,MALE,INDIVIDUAL,353,Married
1740855,Virginia,Taylor,1983-10-18,FEMALE,INDIVIDUAL,205,Single
1740856,Harry,Allen,1986-05-29,MALE,INDIVIDUAL,345,Single
1740860,Anna,Morris,1977-03-21,FEMALE,INDIVIDUAL,871,Married
1740908,Richard,Bradley,1979-10-16,MALE,INDIVIDUAL,789,Married
1740916,Betty,Burns,2013-12-18,FEMALE,INDIVIDUAL,151,Single
1741347,Joan,Spencer,1955-09-03,FEMALE,INDIVIDUAL,400,Married
1741378,Johnny,Gutierrez,2013-11-07,MALE,INDIVIDUAL,873,Married
1741393,James,Henderson,1980-03-25,MALE,INDIVIDUAL,283,Married
1741471,Cheryl,Cole,1976-12-08,FEMALE,INDIVIDUAL,606,Married
1741820,Henry,Shaw,1985-06-26,MALE,INDIVIDUAL,271,Single
1741846,Sharon,Elliott,2013-07-09,FEMALE,INDIVIDUAL,546,Married
1741847,Joe,Wood,1979-10-31,MALE,INDIVIDUAL,125,Single
1742325,Anne,Johnston,2013-10-24,FEMALE,INDIVIDUAL,726,Married
1742337,Nicholas,Garcia,1982-12-15,MALE,INDIVIDUAL,796,Married
1742815,Shirley,Wood,2013-09-12,FEMALE,INDIVIDUAL,123,Married
1742816,Brenda,West,1987-09-02,FEMALE,INDIVIDUAL,324,Married
1742820,Brandon,Myers,1982-09-22,MALE,INDIVIDUAL,14,Married
1743718,Sharon,Grant,1974-01-11,FEMALE,INDIVIDUAL,8,Married
1743784,Joan,Ryan,1982-10-24,FEMALE,INDIVIDUAL,779,Single
1743787,Brandon,Ortiz,1992-12-18,MALE,INDIVIDUAL,843,Married
1744184,Walter,West,1982-03-14,MALE,INDIVIDUAL,358,Married
1744202,Marilyn,Montgomery,1983-04-29,FEMALE,INDIVIDUAL,917,Single
1744629,James,Murray,2011-03-21,MALE,INDIVIDUAL,470,Divorced
1744630,Carolyn,King,2010-03-02,FEMALE,INDIVIDUAL,298,Married
1745145,Louis,Black,2012-07-01,MALE,INDIVIDUAL,121,Married
1745146,Phillip,Graham,1969-06-01,MALE,INDIVIDUAL,399,Divorced
1745149,Randy,Hill,2013-07-14,MALE,INDIVIDUAL,315,Married
1745206,Eugene,Peters,1966-10-18,MALE,INDIVIDUAL,992,Married
1745607,Tammy,Carr,1970-03-13,FEMALE,INDIVIDUAL,225,Married
1746280,Terry,Kim,2013-10-03,MALE,INDIVIDUAL,608,Divorced
1746306,Carlos,Black,1977-06-21,MALE,INDIVIDUAL,980,Single
1746358,John,Franklin,2012-03-25,MALE,INDIVIDUAL,652,Married
1746867,Ashley,Hudson,2009-02-02,FEMALE,INDIVIDUAL,948,Married
1746920,Ruth,Hansen,1969-04-09,FEMALE,INDIVIDUAL,188,Married
1747373,Carl,Gardner,1955-12-05,MALE,INDIVIDUAL,951,Divorced
1747375,Gregory,Gutierrez,1989-08-19,MALE,INDIVIDUAL,54,Married
1747429,Katherine,Hunter,1957-05-24,FEMALE,INDIVIDUAL,415,Single
1747841,Justin,Simmons,1989-09-10,MALE,INDIVIDUAL,942,Married
1748307,Stephen,Carpenter,2013-02-03,MALE,INDIVIDUAL,145,Married
1748308,Henry,Fisher,1971-10-03,MALE,INDIVIDUAL,607,Married
1748335,Diana,Banks,1987-12-08,FEMALE,INDIVIDUAL,361,Married
1748339,Arthur,Garrett,2004-10-06,MALE,INDIVIDUAL,975,Married
1748341,Willie,Harvey,1972-11-27,MALE,INDIVIDUAL,758,Married
1748367,Mark,Simmons,1984-06-24,MALE,INDIVIDUAL,173,Married
1748399,Henry,Thompson,1988-11-23,MALE,INDIVIDUAL,351,Married
1748929,Diane,Reid,1949-07-20,FEMALE,INDIVIDUAL,323,Single
1748930,Stephen,Snyder,1995-10-08,MALE,INDIVIDUAL,514,Married
1748940,Dorothy,Parker,2011-07-09,FEMALE,INDIVIDUAL,974,Married
1748946,Dorothy,Williamson,1982-06-29,FEMALE,INDIVIDUAL,576,Divorced
1749250,ALL Corp,,,,COMPANY,313,
1749281,Paul,Grant,1976-07-04,MALE,INDIVIDUAL,109,Married
1749312,Wayne,Cruz,1976-11-16,MALE,INDIVIDUAL,515,Married
1749781,Terry,Bennett,1950-05-20,MALE,INDIVIDUAL,415,Married
1749783,Lois,Murray,1994-01-20,FEMALE,INDIVIDUAL,524,Single
1749826,Stephanie,Ramirez,1983-12-16,FEMALE,INDIVIDUAL,134,Single
1750149,Lori,Simmons,2004-02-02,FEMALE,INDIVIDUAL,894,Married
1750150,Martin,Austin,1996-03-16,MALE,INDIVIDUAL,279,Married
1750151,Alan,Barnes,1966-03-19,MALE,INDIVIDUAL,197,Married
1750178,Steven,Welch,1984-03-03,MALE,INDIVIDUAL,357,Married
1750185,Lois,Phillips,2014-03-14,FEMALE,INDIVIDUAL,31,Single
1750187,Russell,Garrett,1981-08-12,MALE,INDIVIDUAL,819,Married
1750255,Juan,Little,2010-03-01,MALE,INDIVIDUAL,517,Married
1750646,Amy,Sanders,1984-08-21,FEMALE,INDIVIDUAL,788,Married
1750678,Brenda,Stanley,1983-08-04,FEMALE,INDIVIDUAL,715,Married
1750684,Lori,Murphy,1986-10-03,FEMALE,INDIVIDUAL,243,Married
1750711,Gary,Perkins,2013-10-16,MALE,INDIVIDUAL,348,Married
1750724,Janice,Gonzales,1981-08-20,FEMALE,INDIVIDUAL,937,Single
1751139,Joyce,Rogers,1967-07-27,FEMALE,INDIVIDUAL,465,Divorced
1751219,Jeffrey,Reed,2013-01-18,MALE,INDIVIDUAL,543,Single
1751481,Emily,Jordan,1977-09-01,FEMALE,INDIVIDUAL,720,Married
1751530,Brian,Freeman,1999-01-02,MALE,INDIVIDUAL,586,Single
1751612,Steven,Warren,1978-05-06,MALE,INDIVIDUAL,499,Single
1752271,Willie,Moore,1978-01-14,MALE,INDIVIDUAL,819,Single
1752393,Rebecca,Price,1973-06-07,FEMALE,INDIVIDUAL,395,Single
1752803,Angela,Hernandez,2012-07-10,FEMALE,INDIVIDUAL,231,Single
1752809,Daniel,Ward,1959-11-19,MALE,INDIVIDUAL,111,Married
1752833,Pamela,Wilson,1966-04-25,FEMALE,INDIVIDUAL,600,Married
1752845,Jane,Ford,1972-03-17,FEMALE,INDIVIDUAL,548,Single
1753574,Roger,Perkins,1970-03-26,MALE,INDIVIDUAL,172,Single
1753604,Melissa,Jackson,1967-06-21,FEMALE,INDIVIDUAL,459,Married
1753650,Jeffrey,Rodriguez,2013-12-15,MALE,INDIVIDUAL,154,Single
1753652,Chris,Spencer,1976-03-30,MALE,INDIVIDUAL,892,Married
1753678,Michael,Andrews,1980-10-10,MALE,INDIVIDUAL,41,Married
1753723,Nancy,Brown,1981-10-20,FEMALE,INDIVIDUAL,646,Married
1753738,Wanda,Chapman,1974-07-04,FEMALE,INDIVIDUAL,762,Single
1753742,Kevin,Watkins,2000-02-10,MALE,INDIVIDUAL,186,Married
1754063,Emily,Gonzalez,1981-10-14,FEMALE,INDIVIDUAL,65,Divorced
1754093,Anna,Taylor,2013-05-06,FEMALE,INDIVIDUAL,157,Divorced
1754145,Anne,Little,1968-03-09,FEMALE,INDIVIDUAL,100,Single
1754180,Fred,Graham,1981-08-02,MALE,INDIVIDUAL,955,Married
1754240,Elizabeth,Kim,1969-05-13,FEMALE,INDIVIDUAL,51,Married
1754554,Amy,Andrews,1978-05-21,FEMALE,INDIVIDUAL,543,Single
1754571,Julie,Hunt,1958-12-07,FEMALE,INDIVIDUAL,952,Divorced
1754609,Laura,Reyes,1971-01-23,FEMALE,INDIVIDUAL,225,Married
1754628,Kenneth,Richardson,1993-02-17,MALE,INDIVIDUAL,190,Single
1754629,Nancy,Harrison,2011-11-15,FEMALE,INDIVIDUAL,345,Divorced
1754636,Jose,Watkins,1990-06-06,MALE,INDIVIDUAL,281,Married
1754944,Joshua,Meyer,2006-09-11,MALE,INDIVIDUAL,342,Divorced
1754955,Sean,Chapman,1967-03-11,MALE,INDIVIDUAL,90,Married
1754964,Janet,Bailey,1989-03-23,FEMALE,INDIVIDUAL,886,Married
1754967,Julie,Henderson,1974-03-11,FEMALE,INDIVIDUAL,478,Married
1754985,Ruby,Armstrong,1975-06-05,FEMALE,INDIVIDUAL,231,Single
1755010,Wayne,Green,2013-09-10,MALE,INDIVIDUAL,247,Married
1755011,Richard,Welch,1973-09-07,MALE,INDIVIDUAL,19,Divorced
1755013,Cynthia,Hansen,1979-06-13,FEMALE,INDIVIDUAL,845,Single
1755044,Lois,Daniels,2013-02-26,FEMALE,INDIVIDUAL,69,Married
1755045,Ernest,Gomez,1981-09-30,MALE,INDIVIDUAL,659,Married
1755060,Ruby,Miller,1996-05-16,FEMALE,INDIVIDUAL,133,Married
1755416,Howard,Moore,2011-08-04,MALE,INDIVIDUAL,797,Single
1755429,Gregory,Murphy,1983-02-07,MALE,INDIVIDUAL,362,Married
1756030,Walter,Cox,1962-04-16,MALE,INDIVIDUAL,177,Married
1756110,Carol,Hayes,1973-04-28,FEMALE,INDIVIDUAL,959,Single
1756112,Denise,Baker,1989-09-07,FEMALE,INDIVIDUAL,829,Married
1756116,Andrew,Berry,1984-02-23,MALE,INDIVIDUAL,915,Single
1756147,Maria,Garrett,1973-06-30,FEMALE,INDIVIDUAL,819,Married
1756150,Carolyn,Jordan,2011-03-19,FEMALE,INDIVIDUAL,991,Married
1756169,Jeremy,Dean,1990-12-07,MALE,INDIVIDUAL,72,Divorced
1756628,Robert,Stewart,1977-07-05,MALE,INDIVIDUAL,658,Divorced
1757130,Jonathan,Mendoza,1970-01-02,MALE,INDIVIDUAL,199,Married
1757534,James,Harrison,2013-08-06,MALE,INDIVIDUAL,356,Married
1757633,Katherine,Turner,1973-12-14,FEMALE,INDIVIDUAL,238,Single
1758057,Paul,Morgan,1964-04-11,MALE,INDIVIDUAL,495,Married
1758092,Ryan,Ellis,1986-08-02,MALE,INDIVIDUAL,420,Single
1758108,Lois,Chavez,1971-06-20,FEMALE,INDIVIDUAL,659,Married
1758184,Jack,Hernandez,2010-05-28,MALE,INDIVIDUAL,55,Single
1758547,Paula,Day,1970-05-25,FEMALE,INDIVIDUAL,623,Married
1758622,Helen,Greene,2009-05-11,FEMALE,INDIVIDUAL,965,Married
1758624,Jonathan,Fowler,1970-11-29,MALE,INDIVIDUAL,626,Single
1758652,Stephen,Burns,1981-05-05,MALE,INDIVIDUAL,424,Married
1759166,Tammy,Moreno,1975-04-17,FEMALE,INDIVIDUAL,419,Married
1759252,Stephen,Oliver,2013-03-13,MALE,INDIVIDUAL,659,Divorced
1759631,Alice,Hanson,1987-06-29,FEMALE,INDIVIDUAL,57,Single
1759650,Timothy,Powell,1973-06-19,MALE,INDIVIDUAL,503,Divorced
1759666,SteriWeb Ltd,,,,COMPANY,732,
1759725,Lois,Perkins,1998-04-30,FEMALE,INDIVIDUAL,873,Single
1759731,Tammy,Hanson,2013-04-28,FEMALE,INDIVIDUAL,162,Single
1759780,Brenda,White,1980-03-07,FEMALE,INDIVIDUAL,248,Single
1759787,Dorothy,Bennett,2013-11-28,FEMALE,INDIVIDUAL,605,Single
1760217,James,Graham,1965-09-14,MALE,INDIVIDUAL,7,Single
1760229,Robin,Cole,2014-03-12,FEMALE,INDIVIDUAL,364,Married
1761119,Roy,Wilson,2011-07-14,MALE,INDIVIDUAL,350,Married
1761120,Jean,Mason,2009-04-28,FEMALE,INDIVIDUAL,526,Single
1761167,Douglas,Dean,1997-12-23,MALE,INDIVIDUAL,958,Divorced
1761186,Randy,Howell,1994-11-03,MALE,INDIVIDUAL,622,Single
1761197,Joshua,Webb,2013-04-17,MALE,INDIVIDUAL,830,Married
1761206,Laura,Wagner,2014-03-07,FEMALE,INDIVIDUAL,913,Single
1761212,Maria,Ward,1968-08-11,FEMALE,INDIVIDUAL,544,Single
1761214,Ryan,Rice,1980-08-21,MALE,INDIVIDUAL,552,Married
1761258,Gary,Hawkins,2006-11-21,MALE,INDIVIDUAL,542,Single
1761522,Christopher,Myers,2009-08-17,MALE,INDIVIDUAL,560,Divorced
1761682,Todd,Spencer,1982-09-20,MALE,INDIVIDUAL,230,Married
1761685,Jeremy,Lawson,2011-12-15,MALE,INDIVIDUAL,986,Married
1761726,Norma,Wilson,2011-09-09,FEMALE,INDIVIDUAL,954,Single
1761989,Julia,Garza,1982-07-01,FEMALE,INDIVIDUAL,761,Married
1762041,Aaron,Moreno,1962-09-22,MALE,INDIVIDUAL,595,Single
1762083,Martin,Reid,1982-07-04,MALE,INDIVIDUAL,552,Married
1762084,Juan,Mason,2013-05-16,MALE,INDIVIDUAL,44,Married
1762086,Willie,Snyder,1988-12-07,MALE,INDIVIDUAL,436,Married
1762579,Diane,Berry,1984-07-26,FEMALE,INDIVIDUAL,403,Single
1762595,Margaret,Gonzales,2012-06-23,FEMALE,INDIVIDUAL,752,Married
1762995,Helen,Peterson,1966-09-06,FEMALE,INDIVIDUAL,571,Married
1763077,Katherine,Schmidt,1994-08-03,FEMALE,INDIVIDUAL,443,Divorced
1763084,Jose,Little,1977-09-20,MALE,INDIVIDUAL,858,Married
1763374,Philip,Bradley,1968-02-26,MALE,INDIVIDUAL,198,Divorced
1763468,Larry,Jordan,1982-03-16,MALE,INDIVIDUAL,47,Married
1763788,Virginia,Gordon,2007-02-01,FEMALE,INDIVIDUAL,46,Single
1763791,Ryan,Bradley,2011-06-17,MALE,INDIVIDUAL,871,Married
1763801,Steven,Medina,1989-09-07,MALE,INDIVIDUAL,452,Divorced
1763810,Janice,Lewis,1980-12-14,FEMALE,INDIVIDUAL,39,Married
1763835,Anthony,Arnold,2013-09-04,MALE,INDIVIDUAL,955,Married
1763853,Judith,Murphy,1969-05-09,FEMALE,INDIVIDUAL,362,Married
1764167,Ryan,Garza,1970-08-22,MALE,INDIVIDUAL,401,Married
1764250,Carlos,Sullivan,1954-08-19,MALE,INDIVIDUAL,135,Single
1764306,Janet,Wheeler,2010-02-15,FEMALE,INDIVIDUAL,414,Married
1764307,Tina,Henry,1982-08-15,FEMALE,INDIVIDUAL,364,Divorced
1764564,Aaron,Cole,2012-08-30,MALE,INDIVIDUAL,937,Divorced
1764589,Cynthia,Hamilton,1970-01-17,FEMALE,INDIVIDUAL,628,Married
1764612,Laura,Kelly,1971-08-14,FEMALE,INDIVIDUAL,179,Married
1764652,Willie,Vasquez,1986-10-19,MALE,INDIVIDUAL,940,Divorced
1765007,Denise,Oliver,2010-08-30,FEMALE,INDIVIDUAL,432,Single
1765008,Donald,Morgan,1969-09-08,MALE,INDIVIDUAL,356,Divorced
1765053,Antonio,Wilson,2006-11-21,MALE,INDIVIDUAL,785,Married
1765144,Brian,Stone,1971-06-01,MALE,INDIVIDUAL,672,Single
1765152,Jessica,Bishop,1988-06-30,FEMALE,INDIVIDUAL,156,Single
1765567,Peter,Garrett,1970-08-11,MALE,INDIVIDUAL,907,Married
1765568,Ronald,Shaw,2010-08-09,MALE,INDIVIDUAL,199,Divorced
1765641,Russell,Burns,1951-07-10,MALE,INDIVIDUAL,284,Divorced
1765642,Adam,Edwards,1981-08-19,MALE,INDIVIDUAL,367,Married
1765921,Richard,Crawford,2014-04-02,MALE,INDIVIDUAL,535,Married
1765925,Ralph,Stephens,2012-06-23,MALE,INDIVIDUAL,457,Single
1765960,Louis,Bennett,2006-12-18,MALE,INDIVIDUAL,344,Married
1765973,Ashley,Rivera,1981-12-19,FEMALE,INDIVIDUAL,965,Single
1766397,Brenda,Hernandez,1980-06-13,FEMALE,INDIVIDUAL,274,Single
1766496,Howard,Bennett,2012-02-24,MALE,INDIVIDUAL,916,Married
1766497,Sean,Stewart,1972-03-04,MALE,INDIVIDUAL,929,Married
1766506,Susan,Howard,1955-11-26,FEMALE,INDIVIDUAL,59,Married
1766861,Judy,Sims,1991-05-14,FEMALE,INDIVIDUAL,800,Single
1766862,Sara,Weaver,1988-12-10,FEMALE,INDIVIDUAL,706,Single
1766937,Helen,Edwards,1985-07-29,FEMALE,INDIVIDUAL,251,Divorced
1767270,Aaron,Mccoy,1965-11-21,MALE,INDIVIDUAL,362,Married
1767351,Todd,Pierce,1995-09-14,MALE,INDIVIDUAL,599,Married
1767363,Anthony,Foster,1961-07-31,MALE,INDIVIDUAL,496,Single
1767699,Rebecca,Watson,1957-09-05,FEMALE,INDIVIDUAL,786,Married
1767704,Carol,Hunter,1978-08-17,FEMALE,INDIVIDUAL,865,Married
1767741,Jonathan,Simmons,2002-03-10,MALE,INDIVIDUAL,412,Divorced
1767751,Jesse,Bishop,2014-04-15,MALE,INDIVIDUAL,535,Married
1767788,Linda,Mendoza,1989-01-17,FEMALE,INDIVIDUAL,978,Married
1768054,Michelle,Brooks,1968-12-29,FEMALE,INDIVIDUAL,270,Married
1768569,Terry,Nguyen,2014-04-17,MALE,INDIVIDUAL,485,Single
1768572,Roy,Olson,1956-08-03,MALE,INDIVIDUAL,858,Single
1768872,Frank,Harrison,1979-09-04,MALE,INDIVIDUAL,502,Single
1768982,Matthew,Fernandez,1993-11-12,MALE,INDIVIDUAL,957,Married
1769279,Raymond,Gray,2012-06-18,MALE,INDIVIDUAL,377,Married
1769338,Sandra,Ellis,1972-10-04,FEMALE,INDIVIDUAL,461,Married
1769633,Roger,Burton,1958-04-05,MALE,INDIVIDUAL,944,Married
1769676,Earl,Rice,1977-03-11,MALE,INDIVIDUAL,214,Single
1769987,Joan,Kelley,1993-11-30,FEMALE,INDIVIDUAL,908,Single
1770035,Melissa,Morris,1977-06-25,FEMALE,INDIVIDUAL,918,Single
1770073,Lillian,Grant,1976-07-21,FEMALE,INDIVIDUAL,498,Married
1770123,Matthew,Barnes,1995-05-19,MALE,INDIVIDUAL,170,Married
1770124,Gary,Carroll,1991-05-10,MALE,INDIVIDUAL,979,Married
1770432,Robin,Adams,1964-05-20,FEMALE,INDIVIDUAL,880,Married
1770454,Tina,Thomas,2014-05-02,FEMALE,INDIVIDUAL,570,Single
1770455,Ryan,Bailey,1975-04-18,MALE,INDIVIDUAL,689,Married
1770498,Elizabeth,Hawkins,1994-07-19,FEMALE,INDIVIDUAL,420,Single
1770509,Alan,Mccoy,1966-04-11,MALE,INDIVIDUAL,550,Married
1770517,Robin,Perkins,1955-02-08,FEMALE,INDIVIDUAL,815,Single
1770532,Katherine,Cruz,1960-12-12,FEMALE,INDIVIDUAL,723,Married
1770546,Judith,Gordon,1975-02-23,FEMALE,INDIVIDUAL,891,Married
1770843,Howard,Gomez,1968-11-27,MALE,INDIVIDUAL,702,Married
1770844,Thomas,Dixon,2004-11-20,MALE,INDIVIDUAL,982,Married
1770866,Eric,Shaw,1979-07-03,MALE,INDIVIDUAL,107,Single
1770889,Virginia,Walker,1980-10-11,FEMALE,INDIVIDUAL,153,Married
1770901,Roy,Daniels,1982-11-19,MALE,INDIVIDUAL,284,Married
1770918,Jennifer,Jenkins,1975-01-16,FEMALE,INDIVIDUAL,770,Divorced
1771303,Johnny,Nguyen,2000-04-28,MALE,INDIVIDUAL,819,Married
1771304,Jesse,Ward,1969-06-03,MALE,INDIVIDUAL,929,Married
1771313,Lisa,Lane,2007-10-01,FEMALE,INDIVIDUAL,663,Single
1771314,Donald,Moore,1974-06-08,MALE,INDIVIDUAL,613,Married
1771626,Keith,Brooks,1992-09-12,MALE,INDIVIDUAL,956,Single
1771638,Wanda,Hill,2010-06-02,FEMALE,INDIVIDUAL,909,Married
1771952,Brenda,Matthews,1980-01-29,FEMALE,INDIVIDUAL,829,Married
1772001,Gloria,Simmons,1968-03-26,FEMALE,INDIVIDUAL,773,Married
1772036,Dennis,Scott,2011-03-31,MALE,INDIVIDUAL,441,Single
1772087,Jimmy,Ramirez,2013-08-22,MALE,INDIVIDUAL,376,Married
1772344,Jane,Hunter,1976-06-17,FEMALE,INDIVIDUAL,772,Single
1772383,Gloria,Gibson,2014-02-22,FEMALE,INDIVIDUAL,471,Married
1772394,Joe,Graham,1963-02-02,MALE,INDIVIDUAL,621,Married
1772395,Juan,Peterson,2001-04-05,MALE,INDIVIDUAL,172,Married
1772432,Ashley,Woods,1981-08-12,FEMALE,INDIVIDUAL,734,Single
1772465,Marie,Ford,1991-03-01,FEMALE,INDIVIDUAL,562,Divorced
1772710,Doris,Payne,1973-11-28,FEMALE,INDIVIDUAL,164,Married
1772733,Julie,Davis,1977-06-10,FEMALE,INDIVIDUAL,310,Married
1772752,Gregory,Kelly,1994-07-24,MALE,INDIVIDUAL,353,Married
1773019,Sandra,Gilbert,1983-04-07,FEMALE,INDIVIDUAL,466,Married
1773041,Jeffrey,West,2013-03-11,MALE,INDIVIDUAL,263,Married
1773042,Craig,Watson,1972-10-22,MALE,INDIVIDUAL,351,Married
1773116,Kelly,Chavez,2014-04-04,FEMALE,INDIVIDUAL,889,Single
1773382,Michelle,Hansen,2003-12-04,FEMALE,INDIVIDUAL,862,Married
1773476,Michelle,Wood,1978-06-16,FEMALE,INDIVIDUAL,383,Married
1773783,Janice,Butler,2011-10-11,FEMALE,INDIVIDUAL,960,Single
1773970,Elizabeth,Perkins,1977-05-05,FEMALE,INDIVIDUAL,501,Married
1774657,Bruce,Ford,1962-01-01,MALE,INDIVIDUAL,69,Single
1774665,Willie,Hicks,1949-07-03,MALE,INDIVIDUAL,663,Single
1774722,Clarence,Chapman,1991-02-14,MALE,INDIVIDUAL,575,Married
1774738,Harold,Dean,2012-06-07,MALE,INDIVIDUAL,910,Divorced
1774940,Kathy,Murray,1984-06-10,FEMALE,INDIVIDUAL,979,Single
1774976,Richard,Johnson,1963-04-19,MALE,INDIVIDUAL,126,Single
1775241,Andrew,Murphy,1962-03-29,MALE,INDIVIDUAL,511,Married
1775284,Louis,Mcdonald,1991-05-31,MALE,INDIVIDUAL,228,Single
1775355,Dorothy,Armstrong,1993-08-07,FEMALE,INDIVIDUAL,445,Married
1775568,Gary,Romero,1985-10-16,MALE,INDIVIDUAL,638,Married
1775585,Jack,Parker,1973-08-03,MALE,INDIVIDUAL,162,Married
1775811,Debra,Oliver,1980-06-22,FEMALE,INDIVIDUAL,775,Married
1775868,Jimmy,Davis,1979-09-08,MALE,INDIVIDUAL,7,Single
1775910,Lisa,Castillo,2014-03-04,FEMALE,INDIVIDUAL,307,Married
1776273,Jennifer,Stephens,1965-01-04,FEMALE,INDIVIDUAL,79,Married
1776284,Jonathan,Cruz,1977-10-16,MALE,INDIVIDUAL,193,Single
1776484,Seatex ,,,,COMPANY,569,
1776817,Sarah,Hill,2014-05-12,FEMALE,INDIVIDUAL,875,Divorced
1776847,Judy,Andrews,1978-11-20,FEMALE,INDIVIDUAL,576,Married
1776856,George,Hall,1974-02-02,MALE,INDIVIDUAL,659,Married
1777389,Charles,Mendoza,1997-06-25,MALE,INDIVIDUAL,597,Single
1777907,Margaret,Medina,1984-06-30,FEMALE,INDIVIDUAL,857,Single
1778935,Harmon Corp,,,,COMPANY,445,
1779001,Patricia,Wilson,1976-10-06,FEMALE,INDIVIDUAL,805,Married
1779211,Donna,Burton,1980-10-24,FEMALE,INDIVIDUAL,764,Single
1779448,Christopher,Sullivan,1977-03-21,MALE,INDIVIDUAL,436,Married
1779716,Debra,Carr,1984-11-19,FEMALE,INDIVIDUAL,919,Married
1779767,Sandra,Boyd,2013-08-12,FEMALE,INDIVIDUAL,50,Single
1780210,Kaiser Group,,,,COMPANY,607,
1780477,Martin,Cunningham,2013-08-22,MALE,INDIVIDUAL,904,Single
1780991,Frances,Graham,1985-11-19,FEMALE,INDIVIDUAL,820,Married
1781108,Phyllis,Wilson,1972-04-21,FEMALE,INDIVIDUAL,227,Married
1781125,Richard,Medina,1986-01-21,MALE,INDIVIDUAL,730,Single
1781703,Ronald,Perez,1964-04-30,MALE,INDIVIDUAL,981,Married
1781718,Justin,Crawford,1980-02-29,MALE,INDIVIDUAL,731,Married
1781757,Jose,Fernandez,1976-07-10,MALE,INDIVIDUAL,904,Single
1782025,Helen,Wagner,1984-08-06,FEMALE,INDIVIDUAL,274,Married
1782100,Angela,Gomez,1966-06-27,FEMALE,INDIVIDUAL,53,Married
1782375,Benjamin,Perry,2013-01-08,MALE,INDIVIDUAL,313,Married
1782376,Craig,Young,1979-10-03,MALE,INDIVIDUAL,748,Married
1782707,Bobby,Holmes,2014-05-31,MALE,INDIVIDUAL,159,Married
1783057,Betty,Weaver,2014-06-05,FEMALE,INDIVIDUAL,898,Married
1783088,Sancilio Corp,,,,COMPANY,944,
1783392,Larry,Carr,1983-10-24,MALE,INDIVIDUAL,713,Divorced
1783393,Arthur,Hill,2013-12-02,MALE,INDIVIDUAL,893,Married
1783398,Eric,Gutierrez,1965-09-08,MALE,INDIVIDUAL,234,Single
1783409,Carol,Weaver,1956-02-29,FEMALE,INDIVIDUAL,983,Single
1783506,Brenda,Alexander,1964-06-17,FEMALE,INDIVIDUAL,261,Married
1783547,Anthony,Rose,2007-05-15,MALE,INDIVIDUAL,264,Married
1783562,Shawn,Harrison,1983-10-25,MALE,INDIVIDUAL,980,Single
1783843,Debra,Collins,1998-11-10,FEMALE,INDIVIDUAL,537,Married
1783844,Keith,Hudson,1995-12-03,MALE,INDIVIDUAL,582,Single
1784114,Sagent Ltd,,,,COMPANY,879,
1784178,Timothy,Collins,1981-11-26,MALE,INDIVIDUAL,936,Divorced
1784253,Jerry,Ryan,1958-06-17,MALE,INDIVIDUAL,97,Married
1784255,Donald,Meyer,1997-06-06,MALE,INDIVIDUAL,885,Divorced
1784408,Pamela,Armstrong,1978-12-22,FEMALE,INDIVIDUAL,341,Married
1784427,THEFACESHOP Group,,,,COMPANY,906,
1784519,Lawrence,Austin,1976-03-19,MALE,INDIVIDUAL,912,Married
1784722,Wanda,Phillips,1983-05-03,FEMALE,INDIVIDUAL,212,Married
1784785,Susan,Sanders,1978-01-05,FEMALE,INDIVIDUAL,201,Single
1784805,Justin,Hernandez,1982-10-15,MALE,INDIVIDUAL,59,Single
1784806,Julie,Marshall,2013-10-14,FEMALE,INDIVIDUAL,129,Single
1784829,Antonio,Palmer,2014-05-16,MALE,INDIVIDUAL,646,Married
1784848,Virginia,Hayes,1983-05-01,FEMALE,INDIVIDUAL,602,Divorced
1785159,Jonathan,Warren,1979-08-07,MALE,INDIVIDUAL,760,Married
1785172,Johnny,Chapman,1988-02-02,MALE,INDIVIDUAL,946,Single
1785185,Ann,Perez,1975-08-17,FEMALE,INDIVIDUAL,583,Single
1785372,Christina,Burns,1975-09-13,FEMALE,INDIVIDUAL,852,Married
1785430,Amy,Montgomery,2012-06-27,FEMALE,INDIVIDUAL,88,Single
1785431,Michael,Medina,2010-07-07,MALE,INDIVIDUAL,229,Married
1785432,Shawn,Cox,1977-11-26,MALE,INDIVIDUAL,560,Married
1785691,Lawrence,Riley,1989-01-02,MALE,INDIVIDUAL,991,Divorced
1785699,Jessica,Scott,1977-11-14,FEMALE,INDIVIDUAL,200,Married
1785705,Sandra,Mendoza,1976-06-08,FEMALE,INDIVIDUAL,631,Divorced
1785771,Helen,Spencer,2011-07-09,FEMALE,INDIVIDUAL,458,Married
1785802,Kenneth,Warren,2013-10-08,MALE,INDIVIDUAL,588,Married
1785807,Jane,Elliott,1979-05-23,FEMALE,INDIVIDUAL,285,Single
1785959,Robin,Burton,1982-06-30,FEMALE,INDIVIDUAL,829,Single
1785977,Samuel,Taylor,1963-10-02,MALE,INDIVIDUAL,557,Married
1786000,Wanda,Mcdonald,2002-04-15,FEMALE,INDIVIDUAL,306,Single
1786001,Joseph,Patterson,2013-08-31,MALE,INDIVIDUAL,82,Married
1786021,Sara,Mason,1982-11-25,FEMALE,INDIVIDUAL,969,Single
1786045,Melissa,Bennett,1984-08-06,FEMALE,INDIVIDUAL,395,Single
1786064,Heather,Martin,1988-11-01,FEMALE,INDIVIDUAL,787,Single
1786300,Aaron,Morgan,1979-09-18,MALE,INDIVIDUAL,163,Married
1786317,Shirley,Wright,2010-06-16,FEMALE,INDIVIDUAL,801,Married
1786341,Sean,Hunt,1985-05-26,MALE,INDIVIDUAL,159,Married
1786371,Gloria,Stephens,1979-05-13,FEMALE,INDIVIDUAL,605,Married
1786625,Clarence,Harrison,2009-11-26,MALE,INDIVIDUAL,881,Married
1786631,Willie,Kelley,1959-02-11,MALE,INDIVIDUAL,256,Married
1786634,Timothy,Mccoy,2013-10-03,MALE,INDIVIDUAL,428,Married
1786657,Sandra,Torres,2012-02-20,FEMALE,INDIVIDUAL,355,Married
1786861,Arthur,Warren,2013-09-16,MALE,INDIVIDUAL,233,Married
1786886,Gary,Nelson,1964-01-05,MALE,INDIVIDUAL,291,Divorced
1786931,Helen,Price,2004-01-12,FEMALE,INDIVIDUAL,583,Single
1786932,Craig,Evans,1973-05-21,MALE,INDIVIDUAL,396,Single
1786949,Keith,Alexander,1981-11-09,MALE,INDIVIDUAL,180,Married
1787030,Kenneth,Meyer,2009-01-27,MALE,INDIVIDUAL,715,Single
1787038,Sara,Gonzales,1979-07-20,FEMALE,INDIVIDUAL,657,Married
1787076,Louis,Thomas,2014-06-16,MALE,INDIVIDUAL,872,Single
1787228,Eric,Oliver,1973-03-02,MALE,INDIVIDUAL,769,Single
1787239,Dorothy,Stevens,1968-09-12,FEMALE,INDIVIDUAL,580,Married
1787353,Bruce,West,1970-06-17,MALE,INDIVIDUAL,910,Divorced
1787368,Donald,Matthews,2013-09-12,MALE,INDIVIDUAL,177,Married
1787377,Jack,Patterson,1971-07-05,MALE,INDIVIDUAL,760,Married
1787385,Theresa,Bailey,1981-10-09,FEMALE,INDIVIDUAL,59,Married
1787391,Raymond,Stevens,2013-02-27,MALE,INDIVIDUAL,568,Married
1787392,Henry,Meyer,1976-02-13,MALE,INDIVIDUAL,387,Single
1787528,Jessica,Campbell,1985-05-18,FEMALE,INDIVIDUAL,836,Divorced
1787563,Willie,Johnson,1957-07-15,MALE,INDIVIDUAL,405,Married
1787572,Jane,Cole,2003-06-10,FEMALE,INDIVIDUAL,59,Married
1787653,Carl,Nguyen,1980-03-31,MALE,INDIVIDUAL,373,Single
1787659,Lori,Lawson,1970-08-21,FEMALE,INDIVIDUAL,151,Single
1787672,Roger,Lewis,2013-06-07,MALE,INDIVIDUAL,94,Married
1787907,Paula,Jackson,1987-01-12,FEMALE,INDIVIDUAL,314,Married
1787966,Sharon,Ramirez,1978-03-16,FEMALE,INDIVIDUAL,434,Married
1787994,Peter,Payne,1975-07-29,MALE,INDIVIDUAL,3,Single
1788051,Nicole,Austin,2013-10-23,FEMALE,INDIVIDUAL,421,Married
1788052,Ryan,Hamilton,1982-09-10,MALE,INDIVIDUAL,267,Married
1788276,Jacqueline,Woods,1974-10-21,FEMALE,INDIVIDUAL,852,Married
1788301,Virginia,Carr,2009-03-02,FEMALE,INDIVIDUAL,56,Single
1788302,James,Franklin,1972-08-06,MALE,INDIVIDUAL,933,Single
1788306,Louise,Jackson,1981-09-05,FEMALE,INDIVIDUAL,892,Married
1788334,Beverly,Dean,2014-07-18,FEMALE,INDIVIDUAL,239,Married
1788370,Roger,Gonzales,1970-07-02,MALE,INDIVIDUAL,217,Single
1788371,Benjamin,Martinez,2007-06-09,MALE,INDIVIDUAL,440,Single
1788419,Nicole,Howell,1999-11-27,FEMALE,INDIVIDUAL,53,Married
1788421,Eugene,White,1962-03-25,MALE,INDIVIDUAL,759,Married
1788737,Diane,King,1968-03-04,FEMALE,INDIVIDUAL,776,Married
1788908,Ashley,Russell,1983-08-27,FEMALE,INDIVIDUAL,37,Single
1788944,Kenneth,Griffin,1958-08-06,MALE,INDIVIDUAL,256,Married
1788974,Laura,Gardner,1978-11-06,FEMALE,INDIVIDUAL,136,Single
1789163,Ralph,Wright,1977-07-19,MALE,INDIVIDUAL,93,Married
1789239,Clarence,Pierce,2013-09-19,MALE,INDIVIDUAL,569,Married
1789443,Lois,Mcdonald,1991-09-13,FEMALE,INDIVIDUAL,666,Married
1789500,Jonathan,Diaz,1988-08-10,MALE,INDIVIDUAL,364,Married
1789527,James,Lane,1980-09-02,MALE,INDIVIDUAL,724,Single
1789606,Willie,Mills,2014-04-01,MALE,INDIVIDUAL,95,Single
1789698,Dorothy,Kennedy,1985-05-13,FEMALE,INDIVIDUAL,262,Married
1789719,Todd,Hunter,2011-09-11,MALE,INDIVIDUAL,568,Single
1789721,Judith,Boyd,1998-12-15,FEMALE,INDIVIDUAL,838,Married
1789732,Howard,Bishop,1989-07-07,MALE,INDIVIDUAL,593,Married
1790004,Scott,Wright,2011-01-18,MALE,INDIVIDUAL,598,Married
1790005,Sean,Austin,1976-01-13,MALE,INDIVIDUAL,34,Divorced
1790016,Marilyn,Dunn,1986-09-16,FEMALE,INDIVIDUAL,209,Single
1790070,Catherine,Rice,1990-10-21,FEMALE,INDIVIDUAL,225,Married
1790289,Eugene,Lynch,2006-11-24,MALE,INDIVIDUAL,328,Married
1790348,Christopher,Turner,2013-09-18,MALE,INDIVIDUAL,845,Married
1790356,Jerry,Richards,1999-04-03,MALE,INDIVIDUAL,499,Single
1790357,Brian,Dean,1968-02-01,MALE,INDIVIDUAL,596,Married
1790359,Debra,Hamilton,1977-06-23,FEMALE,INDIVIDUAL,504,Married
1790367,Amy,Burton,1963-09-23,FEMALE,INDIVIDUAL,616,Single
1790375,Eric,Patterson,1983-05-29,MALE,INDIVIDUAL,85,Divorced
1790400,Janice,Stephens,1956-10-17,FEMALE,INDIVIDUAL,604,Married
1790569,Elizabeth,Bell,1988-01-26,FEMALE,INDIVIDUAL,100,Married
1790629,Betty,Fernandez,1980-12-09,FEMALE,INDIVIDUAL,938,Single
1790672,Catherine,Gordon,1970-02-03,FEMALE,INDIVIDUAL,381,Single
1790690,Charles,Cole,1962-12-07,MALE,INDIVIDUAL,475,Single
1790709,Betty,Bailey,1964-07-08,FEMALE,INDIVIDUAL,346,Single
1790727,Adam,Bell,1982-08-24,MALE,INDIVIDUAL,188,Single
1790883,Brian,Simmons,1965-10-08,MALE,INDIVIDUAL,71,Single
1790930,Patrick,Matthews,2012-11-20,MALE,INDIVIDUAL,311,Married
1791089,Shirley,Russell,1982-11-07,FEMALE,INDIVIDUAL,40,Married
1791239,Phyllis,Patterson,2014-07-11,FEMALE,INDIVIDUAL,885,Married
1791240,Albert,Turner,1984-09-02,MALE,INDIVIDUAL,112,Single
1791332,Virginia,Hall,1974-09-19,FEMALE,INDIVIDUAL,491,Single
1791334,Arthur,Nichols,1954-05-07,MALE,INDIVIDUAL,576,Single
1791353,Teresa,Lynch,2013-09-21,FEMALE,INDIVIDUAL,405,Single
1791380,Shawn,Gardner,1962-04-17,MALE,INDIVIDUAL,267,Married
1791561,Jose,Vasquez,1968-05-29,MALE,INDIVIDUAL,865,Married
1791801,Sandra,Pierce,1953-12-27,FEMALE,INDIVIDUAL,926,Married
1791854,Patrick,Washington,1973-03-30,MALE,INDIVIDUAL,246,Divorced
1792090,Ruby,Anderson,1966-06-24,FEMALE,INDIVIDUAL,250,Married
1792146,Jerry,Chavez,1971-12-31,MALE,INDIVIDUAL,6,Single
1792156,Walter,Anderson,1958-10-12,MALE,INDIVIDUAL,747,Single
1792181,Eugene,Murray,1982-06-17,MALE,INDIVIDUAL,382,Single
1792215,Donna,James,1962-01-08,FEMALE,INDIVIDUAL,551,Married
1792398,Mary,Washington,1990-11-20,FEMALE,INDIVIDUAL,45,Married
1792509,Karen,Mitchell,1979-08-16,FEMALE,INDIVIDUAL,810,Single
1792523,Howard,Fields,2013-09-16,MALE,INDIVIDUAL,62,Married
1792524,Johnny,Garcia,1976-09-02,MALE,INDIVIDUAL,732,Married
1792544,Alice,Johnston,2012-04-12,FEMALE,INDIVIDUAL,468,Married
1792697,Michelle,Morrison,1977-10-08,FEMALE,INDIVIDUAL,543,Married
1792734,Alice,Simpson,1985-07-04,FEMALE,INDIVIDUAL,375,Single
1792739,Larry,Hernandez,1979-07-07,MALE,INDIVIDUAL,278,Married
1792766,Donald,Sanders,1972-02-21,MALE,INDIVIDUAL,888,Single
1792782,Todd,Hudson,2014-10-22,MALE,INDIVIDUAL,505,Married
1792786,Stephanie,Murray,1979-09-28,FEMALE,INDIVIDUAL,147,Married
1792789,Jose,Wood,1980-04-13,MALE,INDIVIDUAL,735,Married
1792997,Douglas,Jones,1979-01-26,MALE,INDIVIDUAL,507,Single
1793038,Anna,Henderson,1980-08-22,FEMALE,INDIVIDUAL,729,Single
1793043,Christina,Murphy,2012-06-01,FEMALE,INDIVIDUAL,219,Married
1793070,Alan,Holmes,1980-08-12,MALE,INDIVIDUAL,732,Married
1793088,Mildred,Gomez,1981-10-31,FEMALE,INDIVIDUAL,209,Married
1793233,Phyllis,Price,2013-09-18,FEMALE,INDIVIDUAL,322,Married
1793246,Adam,Reid,2011-09-05,MALE,INDIVIDUAL,621,Married
1793304,Diane,Armstrong,1980-03-21,FEMALE,INDIVIDUAL,422,Divorced
1793470,Nicole,Gutierrez,1945-03-25,FEMALE,INDIVIDUAL,737,Married
1793472,Christine,Lawson,1969-04-05,FEMALE,INDIVIDUAL,118,Single
1793486,Alice,Stevens,1982-02-22,FEMALE,INDIVIDUAL,434,Married
1793498,Johnny,Foster,1997-11-03,MALE,INDIVIDUAL,694,Divorced
1793518,Lois,Garrett,2012-09-22,FEMALE,INDIVIDUAL,820,Married
1793534,Helen,Hunt,1999-04-25,FEMALE,INDIVIDUAL,570,Married
1793565,Raymond,Garza,1970-07-09,MALE,INDIVIDUAL,947,Married
1793573,Jane,Romero,1960-05-22,FEMALE,INDIVIDUAL,765,Married
1793575,Jennifer,Lewis,1986-03-01,FEMALE,INDIVIDUAL,293,Married
1793736,Denise,Simmons,1970-09-12,FEMALE,INDIVIDUAL,71,Married
1793740,Anthony,Robinson,1968-10-01,MALE,INDIVIDUAL,693,Married
1793830,Elizabeth,Morris,2001-08-14,FEMALE,INDIVIDUAL,621,Single
1794436,Harry,Cox,1961-06-22,MALE,INDIVIDUAL,128,Single
1794453,Nicole,Little,1983-07-26,FEMALE,INDIVIDUAL,500,Married
1794454,Andrew,Fields,2013-10-10,MALE,INDIVIDUAL,278,Married
1794547,Donald,Ramirez,1981-01-21,MALE,INDIVIDUAL,173,Married
1794673,Elizabeth,Hill,2013-10-14,FEMALE,INDIVIDUAL,685,Single
1794682,Maria,Reed,1981-05-20,FEMALE,INDIVIDUAL,351,Single
1794698,Rebecca,Richardson,1985-03-15,FEMALE,INDIVIDUAL,630,Single
1794721,Dennis,Flores,1977-10-15,MALE,INDIVIDUAL,387,Married
1794833,Pamela,Fields,1976-05-30,FEMALE,INDIVIDUAL,160,Married
1794850,Pure Group,,,,COMPANY,272,
1795163,Stephanie,Murphy,2005-02-12,FEMALE,INDIVIDUAL,902,Married
1795164,Jason,Parker,2000-12-30,MALE,INDIVIDUAL,236,Single
1795165,Keith,Russell,1962-03-17,MALE,INDIVIDUAL,642,Married
1795180,Randy,Thomas,1963-02-02,MALE,INDIVIDUAL,246,Married
1795338,Arthur,Nguyen,1980-04-20,MALE,INDIVIDUAL,897,Married
1795411,Carlos,Woods,2010-09-18,MALE,INDIVIDUAL,742,Married
1795412,Brandon,Howard,2010-09-18,MALE,INDIVIDUAL,221,Married
1795413,Harry,Garcia,1977-08-16,MALE,INDIVIDUAL,457,Single
1795608,Judy,Russell,1975-08-04,FEMALE,INDIVIDUAL,368,Married
1795665,Arthur,Romero,1976-03-10,MALE,INDIVIDUAL,686,Single
1795704,Daiichi Ltd,,,,COMPANY,49,
1795881,Phillip,Martinez,1972-10-16,MALE,INDIVIDUAL,356,Single
1795925,Susan,Peterson,1989-12-20,FEMALE,INDIVIDUAL,811,Married
1796130,Pamela,Hunter,1981-12-22,FEMALE,INDIVIDUAL,164,Married
1796141,Gerald,Duncan,2008-02-25,MALE,INDIVIDUAL,708,Married
1796156,Brenda,Evans,1964-11-18,FEMALE,INDIVIDUAL,497,Single
1796193,Sandra,Gomez,1993-06-28,FEMALE,INDIVIDUAL,34,Married
1796194,Karen,Simmons,1975-05-23,FEMALE,INDIVIDUAL,744,Single
1796213,Jane,Willis,1996-12-18,FEMALE,INDIVIDUAL,836,Divorced
1796258,Teresa,Reynolds,1982-06-02,FEMALE,INDIVIDUAL,293,Married
1796277,Nancy,Spencer,1982-08-07,FEMALE,INDIVIDUAL,419,Married
1796278,Craig,Diaz,1990-06-21,MALE,INDIVIDUAL,261,Married
1796288,Diana,Hudson,1968-07-27,FEMALE,INDIVIDUAL,512,Married
1796294,Billy,Fox,1978-01-17,MALE,INDIVIDUAL,706,Divorced
1796589,Mark,Wagner,2012-10-26,MALE,INDIVIDUAL,260,Married
1796642,Lisa,Allen,1997-09-04,FEMALE,INDIVIDUAL,4,Married
1796655,Chris,Bryant,1948-10-24,MALE,INDIVIDUAL,362,Married
1796656,Christina,Greene,1956-08-08,FEMALE,INDIVIDUAL,662,Married
1796689,Marilyn,Mendoza,1979-04-24,FEMALE,INDIVIDUAL,971,Single
1796690,Jessica,Hernandez,1982-02-10,FEMALE,INDIVIDUAL,93,Divorced
1796691,Dorothy,Fox,2013-08-12,FEMALE,INDIVIDUAL,776,Married
1796696,Joshua,Carroll,1969-09-27,MALE,INDIVIDUAL,473,Single
1796731,Henry,Harper,1979-03-02,MALE,INDIVIDUAL,812,Married
1796746,Carlos,Reed,2013-12-20,MALE,INDIVIDUAL,951,Single
1796754,Christina,Fernandez,1962-12-22,FEMALE,INDIVIDUAL,44,Married
1797003,Deborah,Gray,1984-10-24,FEMALE,INDIVIDUAL,961,Single
1797012,Louis,Shaw,1958-03-23,MALE,INDIVIDUAL,482,Single
1797030,Joyce,Bishop,1982-08-05,FEMALE,INDIVIDUAL,994,Married
1797133,Shawn,Rodriguez,2012-09-22,MALE,INDIVIDUAL,736,Married
1797134,Gary,Burns,1984-04-17,MALE,INDIVIDUAL,396,Married
1797150,Ronald,Rose,1973-08-12,MALE,INDIVIDUAL,338,Married
1797152,Tina,Garza,2012-02-18,FEMALE,INDIVIDUAL,685,Single
1797603,Kevin,Burns,1980-01-30,MALE,INDIVIDUAL,205,Single
1797742,Harry,Porter,1978-07-07,MALE,INDIVIDUAL,219,Married
1797744,Cheryl,Foster,1970-11-09,FEMALE,INDIVIDUAL,684,Single
1797775,Sara,Owens,1984-09-01,FEMALE,INDIVIDUAL,179,Single
1797793,Baxter ,,,,COMPANY,567,
1797823,Rose,Reyes,2004-06-30,FEMALE,INDIVIDUAL,174,Single
1797833,Anne,Lopez,2013-09-24,FEMALE,INDIVIDUAL,961,Single
1797865,Larry,Kim,2014-02-18,MALE,INDIVIDUAL,270,Single
1797888,Ryan,Hughes,1993-04-10,MALE,INDIVIDUAL,21,Married
1798016,Keith,Hill,1967-12-03,MALE,INDIVIDUAL,499,Married
1798030,Steve,Morgan,1976-05-09,MALE,INDIVIDUAL,557,Married
1798031,Jean,Bell,2013-03-07,FEMALE,INDIVIDUAL,691,Married
1798300,Kathy,Foster,2014-08-06,FEMALE,INDIVIDUAL,880,Married
1798302,Irene,Hicks,1973-09-14,FEMALE,INDIVIDUAL,127,Single
1798309,Donald,Fox,1989-11-23,MALE,INDIVIDUAL,816,Single
1798361,Mary,Rice,1998-07-28,FEMALE,INDIVIDUAL,150,Married
1798384,Sandra,Black,1982-10-19,FEMALE,INDIVIDUAL,269,Single
1798392,Keith,Martinez,2014-08-03,MALE,INDIVIDUAL,908,Married
1798393,Judy,Mcdonald,1976-07-24,FEMALE,INDIVIDUAL,32,Married
1798395,Samuel,Hamilton,1968-07-19,MALE,INDIVIDUAL,448,Single
1798541,Julie,Johnson,2003-01-07,FEMALE,INDIVIDUAL,323,Single
1798542,Adam,Chapman,1994-08-29,MALE,INDIVIDUAL,83,Divorced
1798555,Nicole,Black,1981-04-11,FEMALE,INDIVIDUAL,897,Married
1798606,Jose,Webb,2011-08-12,MALE,INDIVIDUAL,387,Single
1798614,Heather,Gray,1972-08-21,FEMALE,INDIVIDUAL,239,Single
1798650,Timothy,Fox,2009-07-04,MALE,INDIVIDUAL,53,Married
1798663,Rachel,Howard,1976-04-10,FEMALE,INDIVIDUAL,697,Married
1798786,Kelly,Matthews,1960-02-01,FEMALE,INDIVIDUAL,826,Single
1798799,Arthur,Greene,1982-01-24,MALE,INDIVIDUAL,752,Divorced
1798813,Paul,Hunt,2014-08-13,MALE,INDIVIDUAL,245,Married
1798824,Lois,Parker,1962-05-22,FEMALE,INDIVIDUAL,87,Divorced
1798834,Mark,Morrison,1952-06-10,MALE,INDIVIDUAL,909,Married
1798917,Diana,Warren,1980-03-04,FEMALE,INDIVIDUAL,814,Married
1799303,Karen,Kelley,2013-11-15,FEMALE,INDIVIDUAL,808,Divorced
1799305,George,Lawrence,1988-06-24,MALE,INDIVIDUAL,677,Married
1799451,Laura,Reynolds,2003-11-18,FEMALE,INDIVIDUAL,201,Divorced
1799473,William,Lee,1975-03-13,MALE,INDIVIDUAL,503,Married
1799478,Anne,Scott,1973-04-14,FEMALE,INDIVIDUAL,104,Single
1799479,Good Corp,,,,COMPANY,145,
1799498,Kathy,White,1985-05-13,FEMALE,INDIVIDUAL,621,Married
1799519,Robin,Mills,2001-10-06,FEMALE,INDIVIDUAL,76,Single
1799538,Rebecca,Walker,1982-09-20,FEMALE,INDIVIDUAL,620,Married
1799573,Wanda,Meyer,1984-03-10,FEMALE,INDIVIDUAL,459,Married
1799867,Lillian,Adams,1983-06-11,FEMALE,INDIVIDUAL,938,Single
1799868,Maria,Chavez,1981-09-22,FEMALE,INDIVIDUAL,192,Single
1799999,Walter,Hamilton,1987-04-21,MALE,INDIVIDUAL,342,Married
1800005,Ann,Roberts,2004-09-15,FEMALE,INDIVIDUAL,296,Single
1800121,Aaron,Alexander,1962-03-13,MALE,INDIVIDUAL,824,Single
1800144,Scott,Medina,2014-01-04,MALE,INDIVIDUAL,567,Married
1800161,Jennifer,Welch,1973-01-08,FEMALE,INDIVIDUAL,604,Married
1800166,Jesse,Williamson,1954-01-02,MALE,INDIVIDUAL,193,Single
1800167,Norma,Sanchez,2013-08-02,FEMALE,INDIVIDUAL,246,Married
1800294,Jeremy,Brooks,2014-09-02,MALE,INDIVIDUAL,457,Married
1800295,Albert,Hayes,2013-09-14,MALE,INDIVIDUAL,189,Married
1800296,Larry,Taylor,1987-12-21,MALE,INDIVIDUAL,602,Single
1800313,Frances,Davis,1958-04-18,FEMALE,INDIVIDUAL,312,Married
1800321,Martha,King,1986-03-12,FEMALE,INDIVIDUAL,93,Married
1800346,Katherine,Green,1956-05-23,FEMALE,INDIVIDUAL,4,Married
1800354,Stephanie,Medina,1979-08-28,FEMALE,INDIVIDUAL,952,Married
1800356,Eric,Stephens,1981-02-27,MALE,INDIVIDUAL,976,Married
1800605,Brenda,Hawkins,1986-12-27,FEMALE,INDIVIDUAL,730,Married
1800873,Martin,Medina,1980-05-04,MALE,INDIVIDUAL,669,Married
1801077,Betty,Kennedy,1988-09-19,FEMALE,INDIVIDUAL,426,Divorced
1801084,Maximino Corp,,,,COMPANY,932,
1801156,Willie,Moreno,1959-08-08,MALE,INDIVIDUAL,79,Married
1801157,Judy,Allen,2010-06-30,FEMALE,INDIVIDUAL,457,Married
1801245,Jeffrey,Phillips,1973-01-31,MALE,INDIVIDUAL,604,Married
1801275,Shirley,Vasquez,2010-12-22,FEMALE,INDIVIDUAL,458,Single
1801286,Betty,Warren,1967-02-26,FEMALE,INDIVIDUAL,852,Single
1801314,Jonathan,Green,1978-09-08,MALE,INDIVIDUAL,213,Married
1801318,Christopher,Cruz,2014-08-27,MALE,INDIVIDUAL,502,Married
1801319,Todd,Edwards,1982-12-24,MALE,INDIVIDUAL,236,Married
1801330,Christine,Nelson,1978-07-27,FEMALE,INDIVIDUAL,409,Married
1801371,Kenneth,Bell,1983-12-16,MALE,INDIVIDUAL,413,Married
1801497,Stephanie,Flores,1980-10-16,FEMALE,INDIVIDUAL,703,Married
1801498,CCA Group,,,,COMPANY,193,
1801621,Todd,Long,1983-04-07,MALE,INDIVIDUAL,189,Married
1801873,Amy,Stone,2012-06-18,FEMALE,INDIVIDUAL,374,Single
1801882,Stephen,Hudson,1996-12-28,MALE,INDIVIDUAL,627,Married
1801898,Denise,Garrett,1970-03-01,FEMALE,INDIVIDUAL,385,Married
1801906,Russell,Robertson,1969-08-17,MALE,INDIVIDUAL,953,Married
1801923,Randy,Perry,1977-04-02,MALE,INDIVIDUAL,212,Single
1802049,Linda,Evans,1981-10-29,FEMALE,INDIVIDUAL,236,Divorced
1802054,Victor,Perez,1982-03-26,MALE,INDIVIDUAL,169,Married
1802056,Susan,Wilson,2013-01-21,FEMALE,INDIVIDUAL,226,Married
1802081,Pamela,Walker,1968-05-21,FEMALE,INDIVIDUAL,70,Married
1802307,Shawn,Palmer,2010-11-20,MALE,INDIVIDUAL,820,Married
1802357,Jeffrey,Chapman,1969-12-11,MALE,INDIVIDUAL,225,Divorced
1802521,Amy,Pierce,2005-03-16,FEMALE,INDIVIDUAL,786,Married
1802529,Bobby,Mendoza,1984-04-14,MALE,INDIVIDUAL,106,Divorced
1802544,Randy,Gomez,2008-06-24,MALE,INDIVIDUAL,643,Single
1802550,Ronald,Carter,1982-11-21,MALE,INDIVIDUAL,168,Married
1802551,Bobby,Webb,2014-07-05,MALE,INDIVIDUAL,110,Single
1802566,Andrew,Weaver,2014-03-28,MALE,INDIVIDUAL,947,Married
1802576,Denise,Daniels,2003-11-28,FEMALE,INDIVIDUAL,818,Married
1802587,David,Walker,1982-06-07,MALE,INDIVIDUAL,859,Married
1802684,Ann,Nelson,1966-10-01,FEMALE,INDIVIDUAL,331,Married
1802712,Jean,Williamson,2008-06-20,FEMALE,INDIVIDUAL,418,Single
1802757,Joshua,Rogers,1995-08-03,MALE,INDIVIDUAL,501,Single
1802759,Marilyn,Johnston,2014-03-26,FEMALE,INDIVIDUAL,988,Single
1802760,Steve,Jacobs,1983-05-13,MALE,INDIVIDUAL,400,Married
1802772,Nancy,Little,1994-12-23,FEMALE,INDIVIDUAL,695,Married
1802775,Mary,Peterson,1976-11-19,FEMALE,INDIVIDUAL,488,Single
1802797,Christine,Hunt,1987-10-07,FEMALE,INDIVIDUAL,829,Single
1802822,David,Mitchell,1967-05-07,MALE,INDIVIDUAL,436,Married
1802904,Johnny,Lynch,2006-09-23,MALE,INDIVIDUAL,569,Married
1802905,Charles,Robertson,1975-09-20,MALE,INDIVIDUAL,130,Married
1802945,Julie,Roberts,1982-07-22,FEMALE,INDIVIDUAL,338,Divorced
1802974,Cynthia,Phillips,1984-01-28,FEMALE,INDIVIDUAL,152,Divorced
1802990,Theresa,Dunn,1983-10-10,FEMALE,INDIVIDUAL,901,Married
1802993,Aaron,Harper,2013-07-29,MALE,INDIVIDUAL,506,Married
1803139,Ronald,Mcdonald,2012-05-28,MALE,INDIVIDUAL,404,Single
1803148,Charles,Taylor,1980-11-12,MALE,INDIVIDUAL,56,Single
1803149,Anne,Payne,2013-05-21,FEMALE,INDIVIDUAL,508,Single
1803176,William,Ramos,1971-01-31,MALE,INDIVIDUAL,763,Married
1803189,Katherine,Alexander,2009-11-26,FEMALE,INDIVIDUAL,784,Single
1803192,Martha,Howell,1953-09-03,FEMALE,INDIVIDUAL,612,Married
1803217,Jeffrey,Burton,1963-01-23,MALE,INDIVIDUAL,587,Married
1803228,Harold,Green,1975-02-12,MALE,INDIVIDUAL,434,Married
1803246,Harry,Rice,2004-10-23,MALE,INDIVIDUAL,387,Single
1803247,Victor,Dunn,1968-10-21,MALE,INDIVIDUAL,744,Single
1803374,Bobby,Kennedy,1962-09-26,MALE,INDIVIDUAL,949,Married
1803375,Beverly,Matthews,2004-06-04,FEMALE,INDIVIDUAL,344,Single
1803400,Bonnie,Bailey,1958-06-11,FEMALE,INDIVIDUAL,957,Married
1803411,Jane,Evans,1989-01-31,FEMALE,INDIVIDUAL,369,Married
1803414,Joyce,Miller,2013-02-20,FEMALE,INDIVIDUAL,302,Married
1803421,Johnny,Cruz,2009-12-23,MALE,INDIVIDUAL,667,Single
1803422,Nicholas,Wright,1962-09-27,MALE,INDIVIDUAL,952,Divorced
1803461,Doris,Stephens,1979-02-17,FEMALE,INDIVIDUAL,218,Divorced
1803468,Carl,Berry,2013-08-27,MALE,INDIVIDUAL,478,Married
1803469,Raymond,Stewart,1985-12-09,MALE,INDIVIDUAL,690,Married
1803627,Evelyn,Miller,2004-09-29,FEMALE,INDIVIDUAL,770,Married
1803628,Mary,Allen,1957-08-05,FEMALE,INDIVIDUAL,889,Single
1803672,Eric,Ward,1989-06-29,MALE,INDIVIDUAL,888,Married
1803692,Judy,Alvarez,2013-11-20,FEMALE,INDIVIDUAL,113,Single
1803693,Scott,Long,1980-09-05,MALE,INDIVIDUAL,221,Single
1803841,Alice,Reed,1997-08-05,FEMALE,INDIVIDUAL,899,Married
1803847,Wayne,Taylor,2014-03-14,MALE,INDIVIDUAL,145,Single
1803848,Juan,Butler,1979-03-21,MALE,INDIVIDUAL,574,Married
1803871,Bonnie,Moore,2014-02-17,FEMALE,INDIVIDUAL,618,Single
1804045,Howard,Reynolds,2009-11-02,MALE,INDIVIDUAL,852,Married
1804157,Anthony,Moore,1984-07-01,MALE,INDIVIDUAL,729,Divorced
1804158,Deborah,Romero,2014-09-20,FEMALE,INDIVIDUAL,885,Single
1804179,Linda,Kelley,1985-10-24,FEMALE,INDIVIDUAL,753,Single
1804318,Adam,Wheeler,2011-01-03,MALE,INDIVIDUAL,648,Married
1804320,Larry,Gonzales,1977-05-29,MALE,INDIVIDUAL,192,Married
1804348,Eric,Perkins,2007-05-24,MALE,INDIVIDUAL,859,Single
1804349,Bruce,Young,1977-08-18,MALE,INDIVIDUAL,397,Married
1804350,Catherine,Day,2005-08-02,FEMALE,INDIVIDUAL,326,Married
1804354,Lois,Bryant,1977-06-20,FEMALE,INDIVIDUAL,536,Married
1804465,Anna,Perez,2014-01-10,FEMALE,INDIVIDUAL,820,Married
1804478,Robert,Payne,2014-07-10,MALE,INDIVIDUAL,832,Married
1804481,Aaron,Dixon,2013-10-27,MALE,INDIVIDUAL,333,Single
1804508,Annie,Parker,1967-06-03,FEMALE,INDIVIDUAL,153,Single
1804741,Nantong ,,,,COMPANY,964,
1804780,Sean,Bowman,1990-02-22,MALE,INDIVIDUAL,589,Married
1804815,Emily,Rodriguez,2012-02-22,FEMALE,INDIVIDUAL,789,Married
1804819,Carolyn,Torres,1979-02-19,FEMALE,INDIVIDUAL,427,Married
1804823,Roger,Welch,2014-01-23,MALE,INDIVIDUAL,994,Married
1804839,Terry,Ortiz,1972-09-16,MALE,INDIVIDUAL,920,Married
1804940,Lillian,Campbell,1983-01-05,FEMALE,INDIVIDUAL,541,Married
1804954,Wayne,Robertson,2011-10-27,MALE,INDIVIDUAL,644,Married
1804988,Victor,Richardson,1980-08-16,MALE,INDIVIDUAL,173,Single
1804989,Eugene,Ramirez,2013-12-03,MALE,INDIVIDUAL,947,Married
1805251,Paul,Ross,2014-10-20,MALE,INDIVIDUAL,225,Divorced
1805252,Thomas,Hughes,1987-07-12,MALE,INDIVIDUAL,510,Single
1805423,Antonio,Henderson,1984-10-26,MALE,INDIVIDUAL,519,Married
1805431,Harold,Hicks,2014-09-29,MALE,INDIVIDUAL,327,Married
1805436,Kenneth,Grant,1993-12-12,MALE,INDIVIDUAL,90,Married
1805443,Jacqueline,Oliver,2014-09-09,FEMALE,INDIVIDUAL,72,Married
1805465,Joe,Lawson,2011-06-12,MALE,INDIVIDUAL,193,Single
1805466,Frank,Frazier,1974-08-18,MALE,INDIVIDUAL,905,Divorced
1805502,Janice,Garrett,1987-07-08,FEMALE,INDIVIDUAL,57,Married
1805611,Randy,Fields,1973-10-28,MALE,INDIVIDUAL,118,Married
1805622,Margaret,Mitchell,1982-03-06,FEMALE,INDIVIDUAL,831,Divorced
1805630,Ruth,Torres,2014-01-03,FEMALE,INDIVIDUAL,979,Single
1805640,Angela,Wood,1985-10-01,FEMALE,INDIVIDUAL,20,Married
1805652,Edward,Thomas,2014-01-08,MALE,INDIVIDUAL,109,Single
1805797,Steven,Richardson,1981-07-18,MALE,INDIVIDUAL,223,Married
1805849,Ralph,Fisher,1977-05-23,MALE,INDIVIDUAL,797,Married
1805850,Catherine,Watkins,2012-11-15,FEMALE,INDIVIDUAL,653,Married
1805873,Ronald,Rodriguez,1964-09-23,MALE,INDIVIDUAL,740,Single
1805973,Frances,Kelly,1971-02-09,FEMALE,INDIVIDUAL,949,Married
1806067,Steve,Larson,1966-09-02,MALE,INDIVIDUAL,571,Divorced
1806068,Joshua,Cunningham,2001-07-30,MALE,INDIVIDUAL,48,Divorced
1806092,Irene,Porter,2012-05-04,FEMALE,INDIVIDUAL,120,Married
1806148,Emily,Long,1979-01-07,FEMALE,INDIVIDUAL,383,Married
1806267,Sandra,Carr,1981-02-03,FEMALE,INDIVIDUAL,490,Married
1806311,Albert,Sims,1972-12-29,MALE,INDIVIDUAL,921,Single
1806352,Frances,Carter,1955-01-27,FEMALE,INDIVIDUAL,895,Divorced
1806353,Aaron,Moore,2014-05-08,MALE,INDIVIDUAL,828,Married
1806447,Louis,Carpenter,1997-10-18,MALE,INDIVIDUAL,172,Married
1806448,Louis,Dunn,1973-04-05,MALE,INDIVIDUAL,906,Married
1806492,Jeremy,Cooper,1974-09-30,MALE,INDIVIDUAL,605,Married
1806493,Helen,Hanson,1998-07-14,FEMALE,INDIVIDUAL,169,Married
1806506,John,Mendoza,2014-07-22,MALE,INDIVIDUAL,222,Married
1806526,Sandra,Chavez,2012-04-27,FEMALE,INDIVIDUAL,821,Married
1806544,Donna,Reyes,1980-04-24,FEMALE,INDIVIDUAL,649,Married
1806547,Jeremy,Carter,1983-02-01,MALE,INDIVIDUAL,942,Married
1806548,Earl,Burns,2014-07-23,MALE,INDIVIDUAL,676,Married
1806626,Judy,Brooks,1980-05-30,FEMALE,INDIVIDUAL,841,Single
1806633,Michael,Jenkins,2014-10-27,MALE,INDIVIDUAL,31,Divorced
1806634,Steve,Cole,1979-12-12,MALE,INDIVIDUAL,828,Married
1806652,Jane,Harrison,1983-05-18,FEMALE,INDIVIDUAL,765,Married
1806660,Pamela,Price,1985-08-05,FEMALE,INDIVIDUAL,967,Married
1806678,Virginia,Flores,2014-10-30,FEMALE,INDIVIDUAL,622,Married
1806702,Eugene,Matthews,1995-07-03,MALE,INDIVIDUAL,301,Married
1806705,Phyllis,Palmer,1979-05-12,FEMALE,INDIVIDUAL,313,Single
1806725,Carol,Davis,1975-06-29,FEMALE,INDIVIDUAL,984,Married
1806841,Andrea,Reid,1983-06-20,FEMALE,INDIVIDUAL,671,Married
1806860,Willie,Weaver,1970-07-11,MALE,INDIVIDUAL,947,Married
1806903,Albert,Elliott,2013-07-26,MALE,INDIVIDUAL,755,Married
1807024,Alan,Fernandez,1978-03-30,MALE,INDIVIDUAL,256,Single
1807058,Debra,Williamson,2014-01-17,FEMALE,INDIVIDUAL,678,Married
1807059,Johnny,Reyes,1973-02-16,MALE,INDIVIDUAL,440,Married
1807060,Jane,Edwards,1976-11-11,FEMALE,INDIVIDUAL,903,Single
1807130,Jimmy,Harvey,2012-01-30,MALE,INDIVIDUAL,534,Married
1807132,Nicole,Russell,2012-02-24,FEMALE,INDIVIDUAL,169,Single
1807148,Sandra,Harper,1994-09-14,FEMALE,INDIVIDUAL,496,Married
1807228,Sandra,Patterson,1973-08-10,FEMALE,INDIVIDUAL,359,Single
1807234,George,Dixon,2014-11-28,MALE,INDIVIDUAL,243,Married
1807259,Deborah,Warren,2008-11-29,FEMALE,INDIVIDUAL,666,Married
1807282,Robert,Ruiz,2014-06-20,MALE,INDIVIDUAL,339,Divorced
1807312,Samuel,Ryan,1971-09-07,MALE,INDIVIDUAL,825,Single
1807328,Marilyn,Powell,1985-02-04,FEMALE,INDIVIDUAL,737,Single
1807420,David,Andrews,1965-05-07,MALE,INDIVIDUAL,708,Divorced
1807444,Jennifer,Alvarez,1985-12-18,FEMALE,INDIVIDUAL,467,Single
1807450,Debra,Meyer,1978-10-26,FEMALE,INDIVIDUAL,644,Married
1807463,Jennifer,Castillo,2012-11-11,FEMALE,INDIVIDUAL,452,Married
1807464,Nicholas,Andrews,1966-02-09,MALE,INDIVIDUAL,952,Single
1807468,Michelle,Crawford,2014-11-16,FEMALE,INDIVIDUAL,697,Married
1807474,Linda,Holmes,2013-06-09,FEMALE,INDIVIDUAL,895,Single
1807475,Carol,Meyer,1993-11-25,FEMALE,INDIVIDUAL,668,Married
1807648,Earl,Diaz,2012-08-10,MALE,INDIVIDUAL,721,Married
1807716,Eugene,Hughes,1990-08-27,MALE,INDIVIDUAL,349,Married
1807819,Irene,Roberts,1981-11-10,FEMALE,INDIVIDUAL,686,Single
1807821,Earl,Murphy,2010-10-01,MALE,INDIVIDUAL,376,Married
1807822,Charles,King,2014-04-07,MALE,INDIVIDUAL,518,Single
1807824,Jonathan,Wood,1979-09-15,MALE,INDIVIDUAL,610,Single
1807825,Angela,Gonzales,2014-05-20,FEMALE,INDIVIDUAL,325,Married
1807830,Carolyn,Ruiz,1971-09-07,FEMALE,INDIVIDUAL,277,Married
1807833,Melissa,Schmidt,1984-02-11,FEMALE,INDIVIDUAL,28,Married
1807853,Angela,Porter,1975-12-04,FEMALE,INDIVIDUAL,395,Married
1807956,Judith,Ramirez,1980-12-29,FEMALE,INDIVIDUAL,118,Single
1807974,Kenneth,Jackson,1977-07-25,MALE,INDIVIDUAL,205,Married
1807984,Shawn,Woods,1962-12-07,MALE,INDIVIDUAL,498,Married
1808017,James,Ryan,2011-08-08,MALE,INDIVIDUAL,335,Married
1808028,Jason,Ruiz,1981-05-22,MALE,INDIVIDUAL,849,Married
1808065,Sandra,Richardson,2013-03-15,FEMALE,INDIVIDUAL,407,Married
1808066,Donald,Kelly,2013-03-15,MALE,INDIVIDUAL,663,Single
1808090,Carl,Mendoza,1974-03-19,MALE,INDIVIDUAL,821,Single
1808249,Deborah,Dunn,2014-04-04,FEMALE,INDIVIDUAL,363,Single
1808250,Dennis,Romero,1978-01-30,MALE,INDIVIDUAL,487,Single
1808356,Alan,Cunningham,1996-12-13,MALE,INDIVIDUAL,260,Married
1808357,Clarence,Alvarez,1961-07-21,MALE,INDIVIDUAL,97,Single
1808479,Brenda,Gutierrez,1965-11-01,FEMALE,INDIVIDUAL,451,Married
1808523,Doris,Wells,1975-07-23,FEMALE,INDIVIDUAL,10,Married
1808581,Melissa,Warren,1984-11-07,FEMALE,INDIVIDUAL,802,Married
1808599,Shirley,Ortiz,2013-09-09,FEMALE,INDIVIDUAL,200,Single
1808610,Martin,Porter,1981-07-29,MALE,INDIVIDUAL,819,Married
1808611,Donald,Gibson,2012-07-25,MALE,INDIVIDUAL,873,Married
1808612,Melissa,Spencer,1988-05-28,FEMALE,INDIVIDUAL,105,Married
1808726,Jason,Garrett,1999-10-19,MALE,INDIVIDUAL,200,Single
1808727,Andrew,Marshall,2003-05-22,MALE,INDIVIDUAL,217,Single
1808942,Willie,Brooks,1997-03-22,MALE,INDIVIDUAL,891,Married
1808954,Henry,Torres,2012-06-07,MALE,INDIVIDUAL,605,Married
1808974,Andrea,Knight,1978-01-10,FEMALE,INDIVIDUAL,814,Single
1808989,Phillip,Mendoza,2012-10-31,MALE,INDIVIDUAL,410,Married
1809017,Linda,Matthews,1980-09-10,FEMALE,INDIVIDUAL,332,Married
1809175,Timothy,Jenkins,1957-09-23,MALE,INDIVIDUAL,617,Divorced
1809196,Mary,Stanley,1984-05-31,FEMALE,INDIVIDUAL,13,Married
1809197,Billy,Burke,1981-12-19,MALE,INDIVIDUAL,824,Single
1809216,Edward,Garza,1971-08-19,MALE,INDIVIDUAL,635,Single
1809230,Antonio,Berry,1973-01-12,MALE,INDIVIDUAL,89,Married
1809240,Karen,Reyes,1978-12-18,FEMALE,INDIVIDUAL,737,Married
1809265,Matthew,Kim,1983-04-25,MALE,INDIVIDUAL,533,Divorced
1809367,Kathryn,Wood,1996-04-26,FEMALE,INDIVIDUAL,942,Divorced
1809393,Eugene,Henry,2010-05-18,MALE,INDIVIDUAL,491,Married
1809399,Frances,Young,1981-05-25,FEMALE,INDIVIDUAL,91,Married
1809591,Cheryl,Shaw,1982-01-10,FEMALE,INDIVIDUAL,555,Divorced
1809604,Amy,Palmer,2014-02-24,FEMALE,INDIVIDUAL,894,Married
1809626,Judy,Evans,1978-07-12,FEMALE,INDIVIDUAL,338,Single
1809642,Robert,Mitchell,2014-11-25,MALE,INDIVIDUAL,660,Single
1809654,Gregory,Howard,2014-09-11,MALE,INDIVIDUAL,207,Married
1809729,Diana,Fox,2014-11-05,FEMALE,INDIVIDUAL,559,Married
1809781,Frances,Howell,2014-07-27,FEMALE,INDIVIDUAL,452,Married
1810000,Gate Corp,,,,COMPANY,856,
1810002,Virginia,Little,1981-11-13,FEMALE,INDIVIDUAL,536,Married
1810007,Stephen,Hart,2014-05-14,MALE,INDIVIDUAL,842,Single
1810082,Angela,Edwards,1976-09-21,FEMALE,INDIVIDUAL,679,Divorced
1810214,Thomas,Powell,1999-12-28,MALE,INDIVIDUAL,798,Married
1810245,Kathleen,Marshall,2011-11-20,FEMALE,INDIVIDUAL,990,Married
1810296,Angela,Bowman,1967-06-24,FEMALE,INDIVIDUAL,9,Married
1810326,Melissa,Crawford,2014-09-07,FEMALE,INDIVIDUAL,550,Married
1810338,Rose,Peterson,1983-03-04,FEMALE,INDIVIDUAL,855,Married
1810456,Christine,Ray,1981-04-21,FEMALE,INDIVIDUAL,58,Married
1810475,George,Daniels,1970-09-21,MALE,INDIVIDUAL,257,Divorced
1810481,Ralph,Sanchez,2014-11-29,MALE,INDIVIDUAL,106,Married
1810490,Bonnie,Burke,1972-05-17,FEMALE,INDIVIDUAL,293,Divorced
1810527,Denise,Tucker,2010-06-10,FEMALE,INDIVIDUAL,532,Married
1810529,Walter,Payne,1979-05-29,MALE,INDIVIDUAL,354,Married
1810560,Jacqueline,Armstrong,1972-10-27,FEMALE,INDIVIDUAL,650,Divorced
1810761,Bonnie,Gonzalez,1994-03-22,FEMALE,INDIVIDUAL,708,Married
1811037,Jesse,Cooper,2014-07-12,MALE,INDIVIDUAL,908,Single
1811107,Frank,Romero,1979-03-28,MALE,INDIVIDUAL,267,Divorced
1811493,Beverly,Castillo,2003-08-13,FEMALE,INDIVIDUAL,475,Married
1811494,Keith,Johnson,1972-02-08,MALE,INDIVIDUAL,308,Married
1811540,Rachel,Black,1986-05-18,FEMALE,INDIVIDUAL,789,Married
1811623,George,Sullivan,1985-01-13,MALE,INDIVIDUAL,298,Single
1811715,Julie,Castillo,2014-11-12,FEMALE,INDIVIDUAL,694,Married
1811782,Ann,Cooper,1984-02-26,FEMALE,INDIVIDUAL,364,Married
1811811,Wanda,Mendoza,2013-07-27,FEMALE,INDIVIDUAL,399,Divorced
1811815,Roger,Nichols,1998-02-22,MALE,INDIVIDUAL,671,Married
1811817,Jane,Baker,1978-08-03,FEMALE,INDIVIDUAL,616,Married
1811850,Joan,Lee,1984-09-02,FEMALE,INDIVIDUAL,681,Married
1811874,Carolyn,Payne,1983-03-15,FEMALE,INDIVIDUAL,259,Single
1812008,Phillip,Perkins,2013-06-15,MALE,INDIVIDUAL,448,Married
1812009,Larry,Barnes,1976-10-18,MALE,INDIVIDUAL,605,Married
1812016,Cynthia,Hicks,2014-10-12,FEMALE,INDIVIDUAL,402,Married
1812031,Elizabeth,Jordan,1981-07-16,FEMALE,INDIVIDUAL,796,Single
1812042,Denise,Bradley,1990-06-21,FEMALE,INDIVIDUAL,809,Single
1812089,Tina,Gonzalez,2014-08-09,FEMALE,INDIVIDUAL,108,Married
1812091,Susan,Robinson,1979-07-02,FEMALE,INDIVIDUAL,408,Married
1812188,Timothy,Nelson,1978-04-12,MALE,INDIVIDUAL,115,Divorced
1812189,Nancy,Bryant,2012-11-05,FEMALE,INDIVIDUAL,385,Divorced
1812219,Ashley,Burton,1961-10-30,FEMALE,INDIVIDUAL,493,Married
1812264,Daniel,Lynch,2014-06-17,MALE,INDIVIDUAL,338,Single
1812269,Albert,Peters,2012-08-11,MALE,INDIVIDUAL,362,Single
1812270,Antonio,Rogers,1978-02-17,MALE,INDIVIDUAL,387,Single
1812488,Jerry,Porter,2014-11-29,MALE,INDIVIDUAL,454,Single
1812489,Alan,Montgomery,1984-04-01,MALE,INDIVIDUAL,510,Married
1812491,Robert,Little,1979-12-05,MALE,INDIVIDUAL,507,Single
1812692,Frank,Olson,1981-07-05,MALE,INDIVIDUAL,212,Divorced
1812693,Anne,Thompson,2009-04-03,FEMALE,INDIVIDUAL,983,Married
1812806,Mary,Gordon,1984-07-12,FEMALE,INDIVIDUAL,244,Married
1812809,Sharon,Garcia,2014-09-13,FEMALE,INDIVIDUAL,704,Divorced
1812844,Kimberly,Powell,1973-11-18,FEMALE,INDIVIDUAL,305,Married
1812856,Julia,Young,1988-01-02,FEMALE,INDIVIDUAL,481,Divorced
1812871,Helen,Bell,1976-11-06,FEMALE,INDIVIDUAL,221,Single
1812892,Ruth,Gutierrez,1980-04-23,FEMALE,INDIVIDUAL,632,Married
1812906,Frances,Morgan,1981-08-05,FEMALE,INDIVIDUAL,191,Divorced
1812910,Theresa,Frazier,2007-01-12,FEMALE,INDIVIDUAL,72,Married
1812912,Victor,Dixon,1970-06-28,MALE,INDIVIDUAL,455,Married
1812924,Eric,Dunn,2006-01-20,MALE,INDIVIDUAL,350,Married
1813087,Juan,Fields,1977-12-05,MALE,INDIVIDUAL,717,Married
1813088,Donna,Webb,2012-03-20,FEMALE,INDIVIDUAL,964,Single
1813092,Earl,Washington,1978-10-28,MALE,INDIVIDUAL,635,Married
1813121,Sarah,Brown,1978-01-14,FEMALE,INDIVIDUAL,102,Single
1813165,Martin,Graham,1970-08-08,MALE,INDIVIDUAL,247,Married
1813180,Roger,Watkins,1978-10-16,MALE,INDIVIDUAL,26,Divorced
1813205,Karen,Rodriguez,2012-11-30,FEMALE,INDIVIDUAL,913,Single
1813207,Alice,Flores,2015-01-04,FEMALE,INDIVIDUAL,765,Divorced
1813208,Peter,Miller,1985-12-20,MALE,INDIVIDUAL,803,Married
1813214,Patricia,Brown,2006-06-16,FEMALE,INDIVIDUAL,502,Married
1813249,Charles,Greene,1959-06-06,MALE,INDIVIDUAL,304,Married
1813253,Janet,Baker,1985-09-08,FEMALE,INDIVIDUAL,860,Divorced
1813478,Kevin,Wells,2014-04-18,MALE,INDIVIDUAL,720,Divorced
1813479,Jason,Perez,1982-09-20,MALE,INDIVIDUAL,414,Divorced
1813492,Karen,Lane,1979-04-17,FEMALE,INDIVIDUAL,770,Single
1813507,Jonathan,Matthews,2010-10-14,MALE,INDIVIDUAL,436,Married
1813735,Scott,Moreno,1983-07-10,MALE,INDIVIDUAL,260,Single
1813748,David,Fernandez,1985-12-19,MALE,INDIVIDUAL,554,Single
1813766,Frank,Cox,2014-08-29,MALE,INDIVIDUAL,66,Married
1813773,Norma,Nichols,1971-02-19,FEMALE,INDIVIDUAL,17,Single
1813788,Diana,Martinez,1987-06-11,FEMALE,INDIVIDUAL,563,Divorced
1813813,Kelly,Russell,2012-07-27,FEMALE,INDIVIDUAL,520,Single
1813827,Martin,Carter,1975-01-13,MALE,INDIVIDUAL,291,Married
1813967,Ashley,Black,1992-04-21,FEMALE,INDIVIDUAL,526,Married
1813987,Chris,Sims,1995-06-23,MALE,INDIVIDUAL,535,Divorced
1814002,Jonathan,Miller,1974-08-13,MALE,INDIVIDUAL,461,Married
1814006,Eugene,Burke,1967-07-12,MALE,INDIVIDUAL,388,Single
1814017,Ann,Reid,1962-11-27,FEMALE,INDIVIDUAL,818,Single
1814023,Diana,Robinson,1981-11-13,FEMALE,INDIVIDUAL,188,Divorced
1814075,Sharon,Hunt,2014-08-13,FEMALE,INDIVIDUAL,775,Married
1814088,Jane,Cunningham,1989-07-15,FEMALE,INDIVIDUAL,626,Married
1814110,James,Sanders,1975-08-11,MALE,INDIVIDUAL,439,Single
1814124,Stephanie,Hicks,1966-06-16,FEMALE,INDIVIDUAL,154,Married
1814126,Brandon,Torres,1980-04-13,MALE,INDIVIDUAL,975,Married
1814129,Bonnie,Cunningham,2014-05-25,FEMALE,INDIVIDUAL,534,Single
1814131,Terry,Harper,1982-12-18,MALE,INDIVIDUAL,715,Divorced
1814311,Heather,George,1980-05-29,FEMALE,INDIVIDUAL,956,Single
1814338,Julia,Johnston,1970-08-21,FEMALE,INDIVIDUAL,657,Married
1814371,Michael,Gomez,2013-06-07,MALE,INDIVIDUAL,122,Married
1814372,Randy,Phillips,1984-02-28,MALE,INDIVIDUAL,988,Married
1814388,Jane,Pierce,1958-10-25,FEMALE,INDIVIDUAL,574,Single
1814413,Mark,Fields,1984-08-29,MALE,INDIVIDUAL,324,Divorced
1814441,Martin,Nelson,2014-06-03,MALE,INDIVIDUAL,920,Married
1814442,Ronald,Griffin,1972-07-17,MALE,INDIVIDUAL,22,Married
1814861,Terry,Bell,1984-06-29,MALE,INDIVIDUAL,979,Married
1814904,Norma,Black,1970-09-14,FEMALE,INDIVIDUAL,968,Married
1814913,Ralph,Powell,2006-11-16,MALE,INDIVIDUAL,529,Married
1814942,Joyce,Howard,1994-12-23,FEMALE,INDIVIDUAL,780,Married
1815094,Roy,Gardner,1981-08-07,MALE,INDIVIDUAL,25,Married
1815114,Jose,Brown,1977-09-05,MALE,INDIVIDUAL,821,Single
1815130,Joan,Ramirez,1982-07-31,FEMALE,INDIVIDUAL,40,Single
1815142,Heather,Dean,1988-09-06,FEMALE,INDIVIDUAL,145,Married
1815167,Gerald,Alvarez,2014-11-06,MALE,INDIVIDUAL,513,Single
1815170,Carolyn,Gibson,1967-02-13,FEMALE,INDIVIDUAL,397,Married
1815182,Jennifer,Perry,1984-06-26,FEMALE,INDIVIDUAL,364,Single
1815242,Timothy,Fields,1977-08-21,MALE,INDIVIDUAL,350,Married
1815379,Bonnie,Mitchell,1974-10-30,FEMALE,INDIVIDUAL,971,Married
1815464,Beverly,Larson,2011-03-11,FEMALE,INDIVIDUAL,542,Single
1815465,Martin,Castillo,1970-10-28,MALE,INDIVIDUAL,562,Single
1815509,Jesse,Burns,1981-02-16,MALE,INDIVIDUAL,449,Single
1815523,Steve,Hall,1968-10-18,MALE,INDIVIDUAL,149,Married
1815535,Julie,Riley,2014-10-27,FEMALE,INDIVIDUAL,816,Single
1815537,Steve,Perez,1989-04-17,MALE,INDIVIDUAL,167,Divorced
1815693,Janice,Jones,1974-07-21,FEMALE,INDIVIDUAL,489,Single
1815724,Julie,Hawkins,1973-12-31,FEMALE,INDIVIDUAL,670,Married
1815782,Roy,Stephens,1960-07-25,MALE,INDIVIDUAL,216,Married
1815801,Tammy,Mills,1989-10-03,FEMALE,INDIVIDUAL,477,Married
1815808,Joshua,Welch,2014-07-18,MALE,INDIVIDUAL,448,Divorced
1815814,Heather,Sullivan,1977-10-21,FEMALE,INDIVIDUAL,186,Married
1816081,Carol,Armstrong,1984-06-25,FEMALE,INDIVIDUAL,132,Single
1816173,Philip,Henderson,1978-04-16,MALE,INDIVIDUAL,542,Single
1816199,Julie,Harper,2014-10-22,FEMALE,INDIVIDUAL,776,Single
1816200,Johnny,Baker,1983-06-15,MALE,INDIVIDUAL,63,Single
1816353,Anna,Garcia,1976-07-29,FEMALE,INDIVIDUAL,315,Single
1816375,Roger,Powell,1987-07-05,MALE,INDIVIDUAL,535,Married
1816378,Dorothy,Fowler,1995-10-11,FEMALE,INDIVIDUAL,458,Single
1816404,Judith,Hamilton,1971-04-04,FEMALE,INDIVIDUAL,211,Married
1816450,Teresa,Fisher,1984-04-14,FEMALE,INDIVIDUAL,94,Married
1816540,Thomas,Johnston,1972-10-13,MALE,INDIVIDUAL,705,Single
1816542,Annie,Richardson,2009-06-09,FEMALE,INDIVIDUAL,967,Married
1816684,Michael,Fowler,1979-02-04,MALE,INDIVIDUAL,347,Married
1816706,Joyce,Cooper,1968-11-25,FEMALE,INDIVIDUAL,944,Single
1816761,Jerry,Johnson,1963-08-04,MALE,INDIVIDUAL,156,Single
1816763,Kathleen,Henderson,1953-05-29,FEMALE,INDIVIDUAL,613,Single
1816767,Stephen,Baker,1982-09-16,MALE,INDIVIDUAL,985,Married
1816987,Justin,Flores,1951-05-28,MALE,INDIVIDUAL,405,Married
1817204,Craig,Fernandez,1974-03-26,MALE,INDIVIDUAL,340,Married
1817232,Gloria,Mendoza,1976-09-18,FEMALE,INDIVIDUAL,512,Married
1817255,Lois,Palmer,1981-08-09,FEMALE,INDIVIDUAL,60,Single
1817271,Jerry,Williamson,1978-04-24,MALE,INDIVIDUAL,173,Married
1817303,Julie,Ortiz,1955-06-21,FEMALE,INDIVIDUAL,881,Single
1817367,Jennifer,Pierce,1966-10-21,FEMALE,INDIVIDUAL,461,Married
1817374,Ernest,Porter,1985-05-29,MALE,INDIVIDUAL,203,Single
1817573,Linda,Franklin,2014-10-19,FEMALE,INDIVIDUAL,250,Married
1817574,Eric,Martinez,1981-10-30,MALE,INDIVIDUAL,213,Married
1817614,Eric,Medina,1992-02-04,MALE,INDIVIDUAL,816,Married
1817639,Alan,Williams,2008-02-19,MALE,INDIVIDUAL,281,Single
1817664,Judith,Hernandez,1976-08-17,FEMALE,INDIVIDUAL,269,Married
1817691,Jennifer,Kelly,1977-10-30,FEMALE,INDIVIDUAL,251,Single
1817709,Angela,Alexander,1976-11-28,FEMALE,INDIVIDUAL,617,Married
1817862,Ann,Smith,1988-05-17,FEMALE,INDIVIDUAL,264,Single
1817863,Lillian,Reid,1986-05-10,FEMALE,INDIVIDUAL,22,Married
1817971,Teresa,Cunningham,1976-01-22,FEMALE,INDIVIDUAL,855,Married
1818019,Earl,Gomez,2010-09-06,MALE,INDIVIDUAL,492,Divorced
1818048,Anna,Nichols,1957-11-10,FEMALE,INDIVIDUAL,462,Single
1818058,Phyllis,Williamson,1989-10-25,FEMALE,INDIVIDUAL,981,Married
1818063,Julia,Jacobs,1983-04-04,FEMALE,INDIVIDUAL,344,Single
1818182,Joyce,Chapman,1982-04-08,FEMALE,INDIVIDUAL,672,Married
1818205,Nancy,Graham,1986-12-24,FEMALE,INDIVIDUAL,898,Married
1818215,William,Fernandez,1979-12-08,MALE,INDIVIDUAL,745,Single
1818229,Teresa,Graham,2011-01-09,FEMALE,INDIVIDUAL,256,Single
1818231,Carl,Mcdonald,1978-07-22,MALE,INDIVIDUAL,245,Married
1818242,Heather,Williamson,1975-01-10,FEMALE,INDIVIDUAL,28,Married
1818294,David,Richards,1992-08-20,MALE,INDIVIDUAL,162,Single
1818431,Antonio,Peterson,1976-10-24,MALE,INDIVIDUAL,624,Married
1818432,Helen,Ramirez,1978-09-18,FEMALE,INDIVIDUAL,403,Single
1818434,Rachel,Daniels,2013-09-19,FEMALE,INDIVIDUAL,634,Divorced
1818435,Sean,Warren,1983-10-04,MALE,INDIVIDUAL,277,Single
1818448,Willie,Baker,1985-08-01,MALE,INDIVIDUAL,130,Married
1818456,Jonathan,Elliott,1977-06-21,MALE,INDIVIDUAL,342,Single
1818463,Harold,Sanchez,1971-06-07,MALE,INDIVIDUAL,828,Divorced
1818502,Peter,Warren,1981-05-19,MALE,INDIVIDUAL,668,Married
1818700,Juan,Scott,1984-09-19,MALE,INDIVIDUAL,177,Single
1818851,Ruth,Scott,1985-07-02,FEMALE,INDIVIDUAL,532,Married
1818856,Melissa,Adams,2012-04-24,FEMALE,INDIVIDUAL,994,Married
1818902,Julie,Armstrong,1968-09-20,FEMALE,INDIVIDUAL,314,Single
1818959,Lisa,Day,2014-05-24,FEMALE,INDIVIDUAL,673,Married
1819075,Ann,Ward,1981-03-13,FEMALE,INDIVIDUAL,353,Married
1819159,Gary,Long,1986-06-16,MALE,INDIVIDUAL,770,Married
1819160,Gerald,Murray,2012-09-24,MALE,INDIVIDUAL,72,Married
1819440,Sunway Corp,,,,COMPANY,383,
1819494,Diane,Bradley,2012-10-01,FEMALE,INDIVIDUAL,974,Single
1819501,George,Reed,1981-06-26,MALE,INDIVIDUAL,600,Single
1819586,Amanda,Gilbert,1981-12-29,FEMALE,INDIVIDUAL,314,Single
1819751,Harold,Sims,2014-03-26,MALE,INDIVIDUAL,671,Married
1819752,Dennis,Wilson,1979-08-22,MALE,INDIVIDUAL,652,Married
1819771,Daniel,Thompson,2014-12-02,MALE,INDIVIDUAL,555,Married
1819772,Justin,Meyer,1975-06-05,MALE,INDIVIDUAL,8,Married
1819837,Sean,Ward,2014-12-27,MALE,INDIVIDUAL,133,Married
1819976,Deborah,Williamson,1983-05-10,FEMALE,INDIVIDUAL,107,Married
1819977,Martha,Wagner,1979-12-07,FEMALE,INDIVIDUAL,20,Married
1819992,Julia,Pierce,2013-05-25,FEMALE,INDIVIDUAL,360,Single
1820021,Raymond,Smith,1974-12-19,MALE,INDIVIDUAL,516,Married
1820022,Kelly,Bowman,2009-04-11,FEMALE,INDIVIDUAL,283,Single
1820032,Peter,Harper,2007-02-07,MALE,INDIVIDUAL,507,Married
1820057,Carol,Garcia,1982-02-27,FEMALE,INDIVIDUAL,105,Single
1820139,Jennifer,Hudson,2011-10-29,FEMALE,INDIVIDUAL,562,Married
1820141,Juan,Weaver,1974-10-26,MALE,INDIVIDUAL,776,Single
1820249,Charles,Kim,1958-01-19,MALE,INDIVIDUAL,176,Married
1820277,Timothy,Ramirez,2014-10-09,MALE,INDIVIDUAL,547,Married
1820291,Sarah,Spencer,1981-02-23,FEMALE,INDIVIDUAL,357,Married
1820316,Craig,Russell,2012-02-14,MALE,INDIVIDUAL,179,Single
1820317,Philip,Little,1975-04-21,MALE,INDIVIDUAL,728,Divorced
1820335,Ruth,Stone,2013-06-11,FEMALE,INDIVIDUAL,644,Married
1820345,Ann,Ford,1984-08-23,FEMALE,INDIVIDUAL,203,Married
1820518,Roy,Price,1961-04-26,MALE,INDIVIDUAL,683,Divorced
1820519,Teresa,Murray,2013-03-15,FEMALE,INDIVIDUAL,948,Married
1820556,Alice,Watson,1978-10-13,FEMALE,INDIVIDUAL,388,Married
1820608,Anne,West,1983-12-13,FEMALE,INDIVIDUAL,208,Single
1820612,Gloria,Larson,2013-01-21,FEMALE,INDIVIDUAL,802,Single
1820616,Lori,Hernandez,2012-04-13,FEMALE,INDIVIDUAL,532,Single
1820617,Anthony,Frazier,1979-02-22,MALE,INDIVIDUAL,171,Married
1820992,Bobby,Henry,1968-10-17,MALE,INDIVIDUAL,111,Married
1821064,James,Carroll,2014-04-29,MALE,INDIVIDUAL,789,Divorced
1821066,Anne,Turner,2009-01-24,FEMALE,INDIVIDUAL,720,Single
1821140,Carolyn,Sims,1982-02-17,FEMALE,INDIVIDUAL,223,Single
1821141,Rose,Cook,1979-10-23,FEMALE,INDIVIDUAL,952,Single
1821196,Richard,Gutierrez,1974-09-02,MALE,INDIVIDUAL,186,Single
1821372,Julia,Bailey,1983-11-14,FEMALE,INDIVIDUAL,739,Single
1821460,Margaret,Price,1961-06-04,FEMALE,INDIVIDUAL,367,Single
1821599,Jonathan,Stanley,1972-01-30,MALE,INDIVIDUAL,867,Single
1821665,Michelle,Perry,1981-09-19,FEMALE,INDIVIDUAL,729,Married
1821743,Phillip,Holmes,1968-05-15,MALE,INDIVIDUAL,655,Married
1821955,Roy,Gordon,1983-01-01,MALE,INDIVIDUAL,460,Single
1821971,Martha,Ford,1978-01-17,FEMALE,INDIVIDUAL,350,Divorced
1822111,Christopher,James,2008-04-17,MALE,INDIVIDUAL,488,Married
1822120,Linda,Wilson,1984-05-07,FEMALE,INDIVIDUAL,52,Single
1822139,Anne,Morgan,1987-07-17,FEMALE,INDIVIDUAL,212,Married
1822206,Harold,Ferguson,2012-01-20,MALE,INDIVIDUAL,274,Single
1822473,Michael,Welch,2014-04-24,MALE,INDIVIDUAL,748,Married
1822557,Walter,Fowler,2014-03-28,MALE,INDIVIDUAL,513,Married
1822558,Kenneth,Washington,1980-06-21,MALE,INDIVIDUAL,582,Single
1822560,Barbara,Carr,1989-09-10,FEMALE,INDIVIDUAL,133,Divorced
1822563,Nicole,Chapman,1978-08-31,FEMALE,INDIVIDUAL,601,Married
1822570,Samuel,Woods,1968-11-25,MALE,INDIVIDUAL,480,Single
1822571,Betty,Hudson,2005-08-20,FEMALE,INDIVIDUAL,181,Married
1822732,Lisa,Garrett,1978-05-22,FEMALE,INDIVIDUAL,411,Married
1822745,Carl,James,2014-12-12,MALE,INDIVIDUAL,905,Single
1822755,Teresa,Wagner,1972-01-30,FEMALE,INDIVIDUAL,14,Single
1822764,Stephanie,Torres,1989-10-31,FEMALE,INDIVIDUAL,760,Married
1822910,Eugene,Ray,2004-07-09,MALE,INDIVIDUAL,949,Married
1822912,Kimberly,Parker,2002-05-19,FEMALE,INDIVIDUAL,543,Single
1823148,Pamela,Reed,1980-01-28,FEMALE,INDIVIDUAL,41,Single
1823152,Jean,Garrett,2013-08-24,FEMALE,INDIVIDUAL,228,Single
1823153,Anthony,Berry,1956-02-23,MALE,INDIVIDUAL,772,Married
1823163,Henry,Sanders,2012-10-18,MALE,INDIVIDUAL,633,Single
1823274,Randy,Price,2014-05-14,MALE,INDIVIDUAL,508,Single
1823349,Ralph,Greene,1974-11-15,MALE,INDIVIDUAL,210,Married
1823351,Judy,Nichols,2010-12-11,FEMALE,INDIVIDUAL,82,Single
1823393,Harold,Franklin,2014-12-26,MALE,INDIVIDUAL,78,Single
1823394,Daniel,Ford,1982-04-29,MALE,INDIVIDUAL,756,Single
1823413,Doris,Willis,1994-05-05,FEMALE,INDIVIDUAL,952,Single
1823446,Jean,Lopez,1961-03-20,FEMALE,INDIVIDUAL,960,Single
1823634,Harry,Murphy,1973-04-04,MALE,INDIVIDUAL,301,Single
1823725,Dorothy,Wilson,1982-05-27,FEMALE,INDIVIDUAL,226,Single
1823960,Charles,Watson,2001-11-07,MALE,INDIVIDUAL,600,Divorced
1824019,Debra,Ward,1968-09-24,FEMALE,INDIVIDUAL,22,Married
1824172,Jeffrey,Hansen,1979-07-23,MALE,INDIVIDUAL,849,Married
1824185,Frances,Ford,1990-06-28,FEMALE,INDIVIDUAL,580,Single
1824358,Paul,Fox,2015-02-17,MALE,INDIVIDUAL,823,Single
1824402,Kelly,Crawford,2015-01-14,FEMALE,INDIVIDUAL,1,Married
1824418,Howard,Foster,1977-04-10,MALE,INDIVIDUAL,169,Divorced
1824421,Emily,Freeman,1982-11-12,FEMALE,INDIVIDUAL,627,Married
1824437,Dorothy,Weaver,1977-06-30,FEMALE,INDIVIDUAL,528,Married
1824498,Joshua,Smith,2010-08-31,MALE,INDIVIDUAL,35,Married
1824909,Frances,Fowler,1988-04-06,FEMALE,INDIVIDUAL,145,Married
1824912,Diana,White,1973-02-08,FEMALE,INDIVIDUAL,292,Married
1824929,Norma,Green,1995-11-07,FEMALE,INDIVIDUAL,62,Married
1824930,Johnny,Gordon,1999-12-27,MALE,INDIVIDUAL,699,Divorced
1824980,Kenneth,Chapman,2010-09-27,MALE,INDIVIDUAL,98,Single
1824995,Anne,Wilson,1968-04-02,FEMALE,INDIVIDUAL,551,Married
1825148,Anne,Cook,1994-10-18,FEMALE,INDIVIDUAL,373,Married
1825155,Irene,Hart,2012-09-25,FEMALE,INDIVIDUAL,959,Single
1825156,Marilyn,Moore,1970-03-29,FEMALE,INDIVIDUAL,223,Single
1825386,Victor,Hawkins,1981-05-29,MALE,INDIVIDUAL,154,Single
1825387,Patricia,Shaw,2014-11-24,FEMALE,INDIVIDUAL,792,Single
1825391,Virginia,Murray,1976-09-15,FEMALE,INDIVIDUAL,710,Married
1825396,Brenda,Henry,1986-09-28,FEMALE,INDIVIDUAL,992,Married
1825401,Donald,Vasquez,1981-08-13,MALE,INDIVIDUAL,944,Single
1825438,Lisa,Garza,2012-04-24,FEMALE,INDIVIDUAL,224,Married
1825474,Julia,Smith,1983-09-25,FEMALE,INDIVIDUAL,739,Married
1825478,Chris,Rogers,1983-08-27,MALE,INDIVIDUAL,605,Single
1825504,Richard,Brown,1976-07-24,MALE,INDIVIDUAL,684,Married
1825512,Martin,Carpenter,2014-08-07,MALE,INDIVIDUAL,710,Married
1825527,Louise,Cruz,1965-11-24,FEMALE,INDIVIDUAL,269,Divorced
1825665,Home Corp,,,,COMPANY,263,
1825668,Catherine,Brown,1984-05-20,FEMALE,INDIVIDUAL,380,Married
1825698,Irene,Cook,2014-12-27,FEMALE,INDIVIDUAL,159,Married
1825713,Patrick,Rodriguez,2014-07-19,MALE,INDIVIDUAL,530,Married
1825719,Larry,Hansen,1962-02-23,MALE,INDIVIDUAL,321,Married
1825720,Lawrence,Stewart,1998-08-21,MALE,INDIVIDUAL,402,Single
1825744,Linda,Price,1985-01-16,FEMALE,INDIVIDUAL,919,Married
1825803,Carlos,West,2009-04-25,MALE,INDIVIDUAL,241,Married
1825807,Patrick,Welch,2013-04-03,MALE,INDIVIDUAL,168,Married
1825808,Susan,Arnold,1976-03-14,FEMALE,INDIVIDUAL,20,Married
1825937,Matthew,Montgomery,1961-12-13,MALE,INDIVIDUAL,8,Married
1825955,Larken Ltd,,,,COMPANY,953,
1825964,Beverly,Wells,1983-04-01,FEMALE,INDIVIDUAL,500,Single
1825981,Arthur,Howard,1996-02-05,MALE,INDIVIDUAL,816,Single
1825983,Betty,Carroll,1986-04-29,FEMALE,INDIVIDUAL,931,Single
1826021,Dennis,Chavez,1996-08-26,MALE,INDIVIDUAL,826,Single
1826026,Joan,Ramos,1992-02-10,FEMALE,INDIVIDUAL,426,Single
1826227,Eugene,Meyer,2014-12-29,MALE,INDIVIDUAL,139,Single
1826228,John,Adams,1983-06-13,MALE,INDIVIDUAL,128,Married
1826248,Judy,Johnson,1958-07-08,FEMALE,INDIVIDUAL,259,Single
1826470,Diana,Duncan,1970-11-15,FEMALE,INDIVIDUAL,776,Divorced
1826479,Rachel,Vasquez,1988-02-27,FEMALE,INDIVIDUAL,353,Divorced
1826529,Mary,Hanson,2014-10-31,FEMALE,INDIVIDUAL,663,Married
1826541,Jeremy,Parker,1974-03-16,MALE,INDIVIDUAL,600,Married
1826580,Howard,Young,2015-02-11,MALE,INDIVIDUAL,289,Married
1826581,Scott,Carpenter,1974-03-07,MALE,INDIVIDUAL,578,Married
1826709,Richard,Ramos,2008-08-01,MALE,INDIVIDUAL,590,Married
1826710,Matthew,Russell,1976-07-19,MALE,INDIVIDUAL,95,Married
1826712,Michelle,Reynolds,1978-04-06,FEMALE,INDIVIDUAL,312,Married
1826758,Melissa,Ramirez,1967-03-09,FEMALE,INDIVIDUAL,561,Divorced
1826823,John,Collins,1974-09-16,MALE,INDIVIDUAL,410,Single
1826825,Lisa,Stone,2007-07-10,FEMALE,INDIVIDUAL,431,Single
1826981,Joyce,Gardner,2012-08-25,FEMALE,INDIVIDUAL,394,Married
1827019,Adam,Johnson,2011-08-10,MALE,INDIVIDUAL,679,Single
1827021,Todd,Harris,1958-03-14,MALE,INDIVIDUAL,141,Single
1827023,Cynthia,Smith,1961-02-02,FEMALE,INDIVIDUAL,474,Married
1827045,Sharon,George,1988-06-17,FEMALE,INDIVIDUAL,265,Married
1827176,Jonathan,Reed,2013-02-22,MALE,INDIVIDUAL,135,Married
1827178,Maria,Ferguson,1974-10-14,FEMALE,INDIVIDUAL,985,Single
1827261,Patricia,Garrett,1995-11-02,FEMALE,INDIVIDUAL,971,Married
1827276,Lillian,Jones,2003-09-29,FEMALE,INDIVIDUAL,231,Married
1827297,Victor,Mitchell,1971-02-04,MALE,INDIVIDUAL,479,Married
1827319,Susan,King,1978-11-03,FEMALE,INDIVIDUAL,759,Married
1827333,Joan,Burke,1970-02-12,FEMALE,INDIVIDUAL,466,Married
1827352,Nicole,Fernandez,1968-05-13,FEMALE,INDIVIDUAL,886,Single
1827871,Larry,Stephens,1978-06-24,MALE,INDIVIDUAL,145,Married
1827917,Speer ,,,,COMPANY,805,
1828081,Kelly,Perkins,2001-11-20,FEMALE,INDIVIDUAL,688,Single
1828170,Kenneth,Ramos,2011-04-14,MALE,INDIVIDUAL,982,Single
1828202,Joyce,Stone,1959-01-04,FEMALE,INDIVIDUAL,24,Single
1828262,Linda,Brown,1979-04-14,FEMALE,INDIVIDUAL,15,Single
1828426,Teresa,Lawson,1988-05-19,FEMALE,INDIVIDUAL,508,Single
1828483,Ruby,Palmer,1992-06-24,FEMALE,INDIVIDUAL,305,Divorced
1828639,"PruGen, Ltd",,,,COMPANY,644,
1828742,Katherine,Lawrence,1971-02-21,FEMALE,INDIVIDUAL,12,Married
1828764,Lori,Gordon,1978-08-12,FEMALE,INDIVIDUAL,805,Married
1828792,Marie,Robertson,1983-12-30,FEMALE,INDIVIDUAL,109,Single
1828810,Ernest,Bryant,2000-03-17,MALE,INDIVIDUAL,147,Married
1828818,Walter,Armstrong,2012-01-09,MALE,INDIVIDUAL,51,Divorced
1828946,Keith,Stanley,1982-06-16,MALE,INDIVIDUAL,875,Single
1829267,Lawrence,Welch,2015-02-26,MALE,INDIVIDUAL,705,Single
1829328,David,Taylor,1979-04-03,MALE,INDIVIDUAL,454,Married
1829513,Kathy,Wagner,1965-05-18,FEMALE,INDIVIDUAL,812,Married
1829547,Cynthia,Webb,1989-06-28,FEMALE,INDIVIDUAL,811,Married
1829776,Margaret,Harvey,1975-10-29,FEMALE,INDIVIDUAL,638,Married
1829805,Jacqueline,Graham,1988-03-15,FEMALE,INDIVIDUAL,128,Married
1829819,Douglas,Young,1971-05-19,MALE,INDIVIDUAL,942,Married
1829820,Frank,Reid,2011-03-11,MALE,INDIVIDUAL,957,Married
1829903,Ryan,White,1986-11-15,MALE,INDIVIDUAL,388,Single
1830059,Jimmy,Lynch,1962-04-24,MALE,INDIVIDUAL,873,Married
1830090,Joshua,Rodriguez,1983-06-18,MALE,INDIVIDUAL,542,Married
1830203,Jennifer,Martin,1962-05-24,FEMALE,INDIVIDUAL,454,Divorced
1830206,Gregory,Sullivan,1983-09-07,MALE,INDIVIDUAL,834,Married
1830347,Philip,Taylor,2015-01-24,MALE,INDIVIDUAL,8,Married
1830348,Andrew,Elliott,1986-10-15,MALE,INDIVIDUAL,534,Divorced
1830396,Ruby,Johnston,1979-07-18,FEMALE,INDIVIDUAL,48,Divorced
1830399,Harold,Nguyen,2015-03-06,MALE,INDIVIDUAL,274,Single
1830620,Russell,Ramirez,2005-06-20,MALE,INDIVIDUAL,769,Single
1830650,Melissa,Carroll,1981-11-06,FEMALE,INDIVIDUAL,736,Married
1830672,Norma,Daniels,1982-09-30,FEMALE,INDIVIDUAL,694,Single
1830709,Cheryl,Payne,2012-07-28,FEMALE,INDIVIDUAL,403,Married
1830718,Steven,Myers,1983-09-13,MALE,INDIVIDUAL,78,Married
1830769,Fred,Banks,1979-02-18,MALE,INDIVIDUAL,948,Single
1830816,Virginia,Snyder,1973-05-06,FEMALE,INDIVIDUAL,478,Married
1830931,Jacqueline,Stanley,2008-05-27,FEMALE,INDIVIDUAL,845,Divorced
1830932,Earl,Ellis,1980-09-06,MALE,INDIVIDUAL,394,Single
1830975,Jose,Howard,1985-05-07,MALE,INDIVIDUAL,554,Married
1831054,Maria,Meyer,1982-11-12,FEMALE,INDIVIDUAL,392,Married
1831088,Gary,Meyer,2014-05-23,MALE,INDIVIDUAL,540,Single
1831106,Larry,Richards,1976-07-13,MALE,INDIVIDUAL,362,Married
1831113,Daniel,Tucker,1984-07-26,MALE,INDIVIDUAL,4,Married
1831185,Philip,Green,1962-01-11,MALE,INDIVIDUAL,456,Single
1831201,Cynthia,Scott,1982-04-01,FEMALE,INDIVIDUAL,491,Married
1831233,Louis,Kennedy,1976-11-17,MALE,INDIVIDUAL,904,Married
1831234,Stephanie,Butler,2009-06-06,FEMALE,INDIVIDUAL,933,Married
1831293,Jeremy,Ryan,1978-08-10,MALE,INDIVIDUAL,304,Married
1831294,Shawn,Banks,2012-08-16,MALE,INDIVIDUAL,304,Single
1831308,Denise,Willis,2013-06-26,FEMALE,INDIVIDUAL,557,Divorced
1831511,Martin,Matthews,1960-12-12,MALE,INDIVIDUAL,423,Married
1831529,Carlos,Hamilton,2009-09-21,MALE,INDIVIDUAL,642,Married
1831615,Ashley,Garza,1986-06-19,FEMALE,INDIVIDUAL,259,Married
1831617,Amy,Dunn,2014-09-26,FEMALE,INDIVIDUAL,152,Married
1831689,Melissa,Gonzalez,1978-04-28,FEMALE,INDIVIDUAL,436,Married
1831935,Emily,Moore,1982-10-23,FEMALE,INDIVIDUAL,879,Married
1832022,Kathleen,Wells,2015-02-23,FEMALE,INDIVIDUAL,72,Married
1832218,Kelly,Griffin,2014-07-04,FEMALE,INDIVIDUAL,616,Single
1832239,William,Freeman,1978-08-21,MALE,INDIVIDUAL,437,Single
1832265,Annie,Johnston,2011-12-31,FEMALE,INDIVIDUAL,576,Single
1832266,Diana,Reynolds,2011-12-31,FEMALE,INDIVIDUAL,84,Married
1832267,Ryan,Elliott,2009-12-11,MALE,INDIVIDUAL,127,Single
1832268,Russell,Spencer,1981-03-25,MALE,INDIVIDUAL,537,Single
1832270,Kathryn,Anderson,1980-04-28,FEMALE,INDIVIDUAL,847,Married
1832271,Judy,Fernandez,1980-02-09,FEMALE,INDIVIDUAL,389,Married
1832374,Kenneth,Fisher,2006-10-24,MALE,INDIVIDUAL,811,Married
1832375,Anthony,Bennett,2011-06-25,MALE,INDIVIDUAL,629,Married
1832376,Samuel,Wright,2013-02-18,MALE,INDIVIDUAL,679,Married
1832378,Gary,Tucker,1979-03-19,MALE,INDIVIDUAL,717,Married
1832394,Jason,Ford,2012-03-26,MALE,INDIVIDUAL,971,Married
1832597,Dennis,Cooper,2014-11-17,MALE,INDIVIDUAL,281,Single
1832598,Michael,Reynolds,1983-05-31,MALE,INDIVIDUAL,586,Divorced
1832714,Lori,Payne,1980-05-14,FEMALE,INDIVIDUAL,184,Divorced
1832843,Gary,Johnson,1975-03-10,MALE,INDIVIDUAL,676,Single
1832844,Martha,Harper,2008-07-18,FEMALE,INDIVIDUAL,750,Divorced
1832874,Amanda,Bell,1988-04-13,FEMALE,INDIVIDUAL,630,Married
1832996,Angela,Holmes,2004-09-24,FEMALE,INDIVIDUAL,921,Divorced
1833006,Chris,Davis,2007-05-23,MALE,INDIVIDUAL,309,Married
1833201,Adam,Elliott,1983-07-06,MALE,INDIVIDUAL,893,Married
1833207,Adam,Clark,1985-05-08,MALE,INDIVIDUAL,135,Married
1833311,Jennifer,Owens,2015-03-14,FEMALE,INDIVIDUAL,192,Married
1833481,Janet,Andrews,2015-03-17,FEMALE,INDIVIDUAL,142,Single
1833484,Steve,Harvey,1977-02-05,MALE,INDIVIDUAL,117,Single
1833526,Mary,Parker,2012-10-29,FEMALE,INDIVIDUAL,477,Single
1833528,Douglas,Weaver,1983-12-20,MALE,INDIVIDUAL,25,Married
1833554,Christopher,Simpson,1994-07-03,MALE,INDIVIDUAL,921,Married
1833607,Heather,Hughes,1977-02-22,FEMALE,INDIVIDUAL,594,Married
1834054,Gary,Franklin,1986-04-16,MALE,INDIVIDUAL,786,Married
1834085,Albert,Williamson,1987-10-05,MALE,INDIVIDUAL,182,Single
1834154,Jonathan,Wheeler,1969-10-14,MALE,INDIVIDUAL,979,Married
1834259,Teresa,Flores,1975-09-12,FEMALE,INDIVIDUAL,791,Married
1834274,Bonnie,Henderson,2008-05-02,FEMALE,INDIVIDUAL,732,Married
1834275,Robin,Thomas,2006-03-13,FEMALE,INDIVIDUAL,744,Divorced
1834542,Melissa,Roberts,1963-04-02,FEMALE,INDIVIDUAL,891,Single
1834548,Christina,Garza,2012-07-22,FEMALE,INDIVIDUAL,826,Married
1834549,Keith,Moore,1981-10-08,MALE,INDIVIDUAL,825,Married
1834550,Bruce,Graham,2008-06-16,MALE,INDIVIDUAL,972,Married
1834574,Catherine,Lynch,2015-03-17,FEMALE,INDIVIDUAL,82,Single
1834620,Catherine,Bryant,2015-03-18,FEMALE,INDIVIDUAL,603,Single
1834621,Ernest,Chavez,2015-03-18,MALE,INDIVIDUAL,173,Single
1834664,Carl,Jones,2014-08-11,MALE,INDIVIDUAL,605,Married
1834731,James,Mason,1973-06-25,MALE,INDIVIDUAL,417,Married
1834911,John,Price,1971-09-22,MALE,INDIVIDUAL,82,Married
1835118,Jacqueline,Hayes,1984-09-12,FEMALE,INDIVIDUAL,881,Married
1835140,Anna,Rodriguez,1972-06-22,FEMALE,INDIVIDUAL,420,Married
1835143,Shirley,Price,2005-08-22,FEMALE,INDIVIDUAL,866,Married
1835179,Benjamin,Russell,1975-04-18,MALE,INDIVIDUAL,489,Single
1835202,Sarah,Campbell,1957-04-16,FEMALE,INDIVIDUAL,790,Single
1835237,Janice,Johnston,1980-05-30,FEMALE,INDIVIDUAL,899,Divorced
1835243,Donald,Miller,2014-10-24,MALE,INDIVIDUAL,6,Married
1835375,Carol,Hawkins,1982-03-09,FEMALE,INDIVIDUAL,867,Married
1835385,Adam,Dixon,1978-06-23,MALE,INDIVIDUAL,422,Divorced
1835401,William,Nichols,1975-05-03,MALE,INDIVIDUAL,720,Married
1835419,Brandon,Carroll,1968-01-14,MALE,INDIVIDUAL,838,Single
1835474,Marilyn,Shaw,1980-10-22,FEMALE,INDIVIDUAL,262,Single
1835478,Judith,Carroll,2013-06-02,FEMALE,INDIVIDUAL,642,Married
1835486,Linda,Wheeler,1976-10-13,FEMALE,INDIVIDUAL,512,Married
1835487,Willie,Willis,1972-05-30,MALE,INDIVIDUAL,369,Single
1835492,Ruth,Graham,1978-04-21,FEMALE,INDIVIDUAL,792,Married
1835501,Emily,Smith,1990-01-21,FEMALE,INDIVIDUAL,464,Married
1835685,Diana,Johnson,1976-07-25,FEMALE,INDIVIDUAL,347,Single
1835687,Daniel,Castillo,1963-11-20,MALE,INDIVIDUAL,326,Married
1835688,Shawn,Rivera,2013-01-19,MALE,INDIVIDUAL,268,Married
1835691,Paula,Fisher,1978-08-22,FEMALE,INDIVIDUAL,710,Single
1835738,Alice,Rivera,2014-07-08,FEMALE,INDIVIDUAL,521,Married
1835750,Jane,Snyder,1980-04-28,FEMALE,INDIVIDUAL,562,Married
1835795,Joshua,King,1978-05-11,MALE,INDIVIDUAL,687,Married
1836045,Marie,Anderson,1980-06-17,FEMALE,INDIVIDUAL,463,Married
1836051,Craig,Adams,1977-07-04,MALE,INDIVIDUAL,617,Married
1836058,Timothy,Hughes,1979-02-03,MALE,INDIVIDUAL,438,Married
1836059,Frank,Fields,2014-10-09,MALE,INDIVIDUAL,593,Married
1836152,Marilyn,Greene,1992-02-06,FEMALE,INDIVIDUAL,378,Single
1836154,Shirley,Wilson,1994-05-19,FEMALE,INDIVIDUAL,724,Married
1836197,Steven,Anderson,1976-09-08,MALE,INDIVIDUAL,960,Married
1836246,Christopher,Ward,1978-06-27,MALE,INDIVIDUAL,284,Single
1836293,Jean,Berry,1987-03-25,FEMALE,INDIVIDUAL,593,Married
1836357,Martha,Smith,1982-06-16,FEMALE,INDIVIDUAL,690,Divorced
1836359,Clarence,Day,2015-03-23,MALE,INDIVIDUAL,230,Married
1836396,Justin,Ramirez,1983-05-01,MALE,INDIVIDUAL,111,Single
1836402,Randy,Russell,1975-11-21,MALE,INDIVIDUAL,7,Single
1836420,Debra,Murphy,2015-05-04,FEMALE,INDIVIDUAL,974,Single
1836548,Peter,Hansen,1966-01-10,MALE,INDIVIDUAL,650,Married
1836549,Lisa,Lawrence,1968-02-18,FEMALE,INDIVIDUAL,321,Single
1836562,Donald,Franklin,2011-11-04,MALE,INDIVIDUAL,899,Married
1836563,Diana,Tucker,1990-08-22,FEMALE,INDIVIDUAL,875,Married
1836575,Michelle,Rice,1977-03-02,FEMALE,INDIVIDUAL,882,Married
1836576,Phillip,Hayes,1993-09-21,MALE,INDIVIDUAL,16,Married
1836606,Phyllis,Dunn,1971-06-04,FEMALE,INDIVIDUAL,516,Divorced
1836607,Shirley,Knight,2015-01-22,FEMALE,INDIVIDUAL,599,Divorced
1836610,Eugene,Ryan,2015-04-21,MALE,INDIVIDUAL,771,Married
1836612,James,Myers,1982-12-08,MALE,INDIVIDUAL,154,Married
1836618,Sharon,Burke,1990-09-17,FEMALE,INDIVIDUAL,594,Single
1836631,Jeremy,Rice,2005-02-08,MALE,INDIVIDUAL,226,Married
1836632,Keith,Murray,1975-05-02,MALE,INDIVIDUAL,814,Single
1836633,Edward,Berry,1999-06-23,MALE,INDIVIDUAL,302,Married
1836672,Christina,Reed,2014-09-12,FEMALE,INDIVIDUAL,313,Single
1836673,Jeffrey,Greene,1982-11-07,MALE,INDIVIDUAL,8,Divorced
1836681,Patrick,Ramos,1980-11-11,MALE,INDIVIDUAL,605,Married
1836926,Raymond,Woods,2014-06-18,MALE,INDIVIDUAL,106,Married
1836941,Daniel,West,1984-01-23,MALE,INDIVIDUAL,394,Married
1837036,Frank,Kim,1973-07-13,MALE,INDIVIDUAL,106,Married
1837047,Marie,Wilson,1973-08-07,FEMALE,INDIVIDUAL,743,Married
1837052,Donald,Harris,2011-12-13,MALE,INDIVIDUAL,424,Married
1837063,John,Austin,1964-03-16,MALE,INDIVIDUAL,553,Married
1837064,Larry,Moreno,1969-10-11,MALE,INDIVIDUAL,585,Married
1837067,Jennifer,Torres,1974-07-31,FEMALE,INDIVIDUAL,629,Single
1837203,Gloria,Ray,1988-08-17,FEMALE,INDIVIDUAL,613,Married
1837206,Patricia,Kelly,2009-02-28,FEMALE,INDIVIDUAL,182,Married
1837327,Jane,Bailey,1980-01-07,FEMALE,INDIVIDUAL,607,Single
1837346,Kelly,Knight,1982-07-24,FEMALE,INDIVIDUAL,882,Married
1837354,Eugene,Bell,2014-07-21,MALE,INDIVIDUAL,163,Single
1837474,Jose,Fox,1985-07-24,MALE,INDIVIDUAL,605,Married
1837593,Carol,Reynolds,1977-01-03,FEMALE,INDIVIDUAL,571,Single
1837605,Smith's Ltd,,,,COMPANY,402,
1837617,Adam,Carpenter,1987-04-20,MALE,INDIVIDUAL,198,Single
1837702,Lawrence,Medina,1955-02-05,MALE,INDIVIDUAL,341,Married
1837715,Lori,Hanson,1965-07-27,FEMALE,INDIVIDUAL,397,Married
1837816,Johnny,Moreno,1981-10-22,MALE,INDIVIDUAL,99,Single
1837818,Gloria,Dixon,1966-02-25,FEMALE,INDIVIDUAL,947,Married
1837847,Richard,Franklin,1985-05-14,MALE,INDIVIDUAL,454,Married
1837849,Katherine,Mendoza,2014-08-08,FEMALE,INDIVIDUAL,143,Divorced
1837850,Jimmy,Carpenter,1980-07-06,MALE,INDIVIDUAL,936,Married
1837939,Jimmy,Dixon,1986-05-16,MALE,INDIVIDUAL,505,Single
1837942,Janice,Walker,1965-08-13,FEMALE,INDIVIDUAL,198,Married
1837946,Harry,Lewis,1978-06-26,MALE,INDIVIDUAL,678,Single
1837947,Doris,Crawford,2015-03-31,FEMALE,INDIVIDUAL,579,Married
1837950,Fred,Johnson,1963-07-29,MALE,INDIVIDUAL,723,Single
1838059,Tammy,Reed,1992-10-20,FEMALE,INDIVIDUAL,470,Single
1838189,Louis,Palmer,1980-04-30,MALE,INDIVIDUAL,323,Single
1838193,Justin,Gonzales,1982-12-16,MALE,INDIVIDUAL,18,Single
1838199,Michelle,Kelly,1982-07-02,FEMALE,INDIVIDUAL,620,Married
1838201,Evelyn,Larson,1980-03-27,FEMALE,INDIVIDUAL,891,Single
1838204,Kenneth,Banks,2014-07-17,MALE,INDIVIDUAL,416,Married
1838205,Arthur,Martinez,1972-01-30,MALE,INDIVIDUAL,955,Married
1838206,Susan,Vasquez,2011-06-16,FEMALE,INDIVIDUAL,336,Single
1838366,Nicholas,Gibson,1973-11-04,MALE,INDIVIDUAL,542,Married
1838375,Sandra,Cook,2011-08-20,FEMALE,INDIVIDUAL,917,Single
1838865,Douglas,Riley,1995-12-18,MALE,INDIVIDUAL,844,Married
1838867,Craig,Oliver,1964-09-17,MALE,INDIVIDUAL,694,Divorced
1838871,Anna,Elliott,1968-09-26,FEMALE,INDIVIDUAL,376,Married
1839001,Phillip,Brooks,2014-12-24,MALE,INDIVIDUAL,54,Married
1839006,Jacqueline,Martinez,1976-06-19,FEMALE,INDIVIDUAL,565,Divorced
1839009,Scott,Armstrong,2014-09-13,MALE,INDIVIDUAL,713,Married
1839200,Juan,Snyder,2015-03-26,MALE,INDIVIDUAL,218,Married
1839323,Kimberly,Ford,2015-05-08,FEMALE,INDIVIDUAL,760,Divorced
1839325,Joseph,Greene,1978-07-01,MALE,INDIVIDUAL,177,Married
1839727,Edward,Lawson,1970-11-24,MALE,INDIVIDUAL,96,Married
1839898,Stephanie,Taylor,2014-10-04,FEMALE,INDIVIDUAL,562,Married
1839905,Joshua,Lawrence,2012-06-07,MALE,INDIVIDUAL,389,Married
1839913,Kenneth,Franklin,2003-10-15,MALE,INDIVIDUAL,42,Divorced
1839914,Larry,Bennett,2007-05-27,MALE,INDIVIDUAL,425,Married
1839923,Michelle,Reyes,1977-03-24,FEMALE,INDIVIDUAL,929,Married
1839926,Denise,Richards,2013-05-17,FEMALE,INDIVIDUAL,695,Married
1840075,Amanda,West,2013-04-07,FEMALE,INDIVIDUAL,224,Married
1840076,Doris,Cole,2013-04-07,FEMALE,INDIVIDUAL,869,Single
1840077,Karen,Burns,2010-08-25,FEMALE,INDIVIDUAL,182,Married
1840078,Daniel,Nelson,1978-02-08,MALE,INDIVIDUAL,440,Married
1840100,Jason,Wilson,2015-01-25,MALE,INDIVIDUAL,314,Single
1840101,Joan,Barnes,1979-03-02,FEMALE,INDIVIDUAL,674,Married
1840114,Donna,Mason,1958-11-06,FEMALE,INDIVIDUAL,359,Divorced
1840119,Douglas,Cox,1957-12-01,MALE,INDIVIDUAL,627,Married
1840243,Frank,Richardson,1988-01-04,MALE,INDIVIDUAL,814,Married
1840251,Carolyn,Thompson,1972-09-13,FEMALE,INDIVIDUAL,485,Married
1840285,Juan,Rose,1978-12-20,MALE,INDIVIDUAL,41,Divorced
1840286,George,Woods,2012-03-25,MALE,INDIVIDUAL,454,Married
1840435,Anthony,Armstrong,1979-09-30,MALE,INDIVIDUAL,650,Married
1840440,Patricia,Larson,1995-09-08,FEMALE,INDIVIDUAL,516,Married
1840462,Judith,Cook,2014-10-22,FEMALE,INDIVIDUAL,381,Married
1840645,Dorothy,Cole,1977-09-17,FEMALE,INDIVIDUAL,357,Single
1840842,Arthur,Perez,1980-07-20,MALE,INDIVIDUAL,661,Single
1840843,Barbara,Evans,1976-08-12,FEMALE,INDIVIDUAL,412,Divorced
1840849,Paula,Hunt,1973-05-25,FEMALE,INDIVIDUAL,233,Divorced
1840862,Emily,Graham,2007-01-11,FEMALE,INDIVIDUAL,1,Single
1841028,Jack,Austin,2002-06-05,MALE,INDIVIDUAL,13,Married
1841044,Jeremy,George,2014-07-08,MALE,INDIVIDUAL,260,Married
1841053,Tammy,Evans,1991-12-14,FEMALE,INDIVIDUAL,458,Married
1841059,Nicholas,Wilson,1970-03-23,MALE,INDIVIDUAL,329,Married
1841060,Ruth,Hayes,2015-02-15,FEMALE,INDIVIDUAL,480,Divorced
1841232,Helen,Meyer,1987-05-17,FEMALE,INDIVIDUAL,154,Divorced
1841410,Ryan,Gardner,2010-10-20,MALE,INDIVIDUAL,609,Married
1841415,Marie,Snyder,1977-08-03,FEMALE,INDIVIDUAL,114,Single
1841429,Sandra,Fuller,1975-10-16,FEMALE,INDIVIDUAL,735,Single
1841440,Louise,Carter,1972-10-26,FEMALE,INDIVIDUAL,44,Married
1841633,Cheryl,Turner,1962-11-25,FEMALE,INDIVIDUAL,533,Single
1842046,Beverly,Stanley,2012-03-28,FEMALE,INDIVIDUAL,24,Married
1842055,George,Clark,1973-02-24,MALE,INDIVIDUAL,479,Married
1842076,Mildred,Warren,1977-02-05,FEMALE,INDIVIDUAL,102,Divorced
1842086,Paula,Cook,1948-07-06,FEMALE,INDIVIDUAL,924,Divorced
1842087,Joyce,Little,1981-04-29,FEMALE,INDIVIDUAL,198,Single
1842101,Jacqueline,Harvey,1985-04-04,FEMALE,INDIVIDUAL,325,Divorced
1842102,Wayne,Mccoy,2013-10-08,MALE,INDIVIDUAL,171,Married
1842103,David,Gibson,1976-04-10,MALE,INDIVIDUAL,889,Married
1842238,Cheryl,Burke,1978-12-07,FEMALE,INDIVIDUAL,566,Married
1842250,Donna,Elliott,2015-02-24,FEMALE,INDIVIDUAL,646,Single
1842257,Ruth,Bennett,1988-04-23,FEMALE,INDIVIDUAL,917,Married
1842263,Sean,Cooper,1967-11-08,MALE,INDIVIDUAL,280,Single
1842289,Catherine,Sanchez,2015-06-12,FEMALE,INDIVIDUAL,744,Divorced
1842290,Frank,Cooper,1985-04-14,MALE,INDIVIDUAL,645,Married
1842291,David,Thompson,1990-02-15,MALE,INDIVIDUAL,395,Married
1842292,Doris,Nguyen,1993-05-04,FEMALE,INDIVIDUAL,774,Single
1842470,Benjamin,Jenkins,1983-04-12,MALE,INDIVIDUAL,284,Single
1842475,Joe,Ortiz,1978-11-17,MALE,INDIVIDUAL,155,Single
1842505,Henry,Bradley,1984-03-27,MALE,INDIVIDUAL,124,Single
1842512,Anthony,Rivera,1987-12-12,MALE,INDIVIDUAL,915,Single
1842723,Ronald,Moreno,1960-10-02,MALE,INDIVIDUAL,114,Married
1842725,Joyce,Mcdonald,2014-01-17,FEMALE,INDIVIDUAL,846,Married
1842734,Steven,Mills,1985-06-09,MALE,INDIVIDUAL,722,Single
1842774,Tina,Parker,1984-08-09,FEMALE,INDIVIDUAL,84,Single
1842776,Mark,Austin,1976-04-13,MALE,INDIVIDUAL,500,Single
1842966,Margaret,Hanson,1963-06-14,FEMALE,INDIVIDUAL,216,Married
1843021,Jennifer,Taylor,1984-06-29,FEMALE,INDIVIDUAL,753,Married
1843024,Patrick,Ray,1976-09-25,MALE,INDIVIDUAL,767,Single
1843033,Bonnie,Richardson,2014-10-15,FEMALE,INDIVIDUAL,14,Married
1843046,Sharon,Marshall,2011-05-15,FEMALE,INDIVIDUAL,550,Single
1843249,Julie,George,1986-04-05,FEMALE,INDIVIDUAL,193,Married
1843279,Philip,Johnson,1964-08-08,MALE,INDIVIDUAL,849,Divorced
1843304,Sandra,Burns,1966-04-04,FEMALE,INDIVIDUAL,929,Divorced
1843499,Harold,Arnold,2013-06-02,MALE,INDIVIDUAL,871,Married
1843520,Gloria,Medina,1988-07-06,FEMALE,INDIVIDUAL,408,Single
1843523,Joseph,Torres,2015-01-12,MALE,INDIVIDUAL,191,Married
1843703,Donna,Ruiz,2012-09-12,FEMALE,INDIVIDUAL,820,Married
1843704,Gary,Bradley,1972-10-19,MALE,INDIVIDUAL,536,Married
1843735,Brian,Ruiz,2000-02-08,MALE,INDIVIDUAL,302,Married
1843736,Ruby,Snyder,1985-12-03,FEMALE,INDIVIDUAL,247,Single
1843743,Shawn,Mason,2015-04-28,MALE,INDIVIDUAL,524,Married
1843744,Jean,Kelley,1982-05-18,FEMALE,INDIVIDUAL,409,Single
1843772,Michelle,Frazier,1955-01-25,FEMALE,INDIVIDUAL,303,Divorced
1843775,Alice,Castillo,1988-08-25,FEMALE,INDIVIDUAL,414,Single
1843791,Judy,Bradley,2012-11-28,FEMALE,INDIVIDUAL,887,Married
1843792,Earl,Jordan,1980-04-14,MALE,INDIVIDUAL,488,Married
1844019,Billy,Price,1982-09-14,MALE,INDIVIDUAL,135,Single
1844043,Teresa,Fowler,1976-03-31,FEMALE,INDIVIDUAL,468,Married
1844045,Jeffrey,Gray,2008-08-29,MALE,INDIVIDUAL,282,Single
1844251,George,Armstrong,2014-08-15,MALE,INDIVIDUAL,524,Divorced
1844265,Antonio,Hughes,1961-09-12,MALE,INDIVIDUAL,914,Married
1844279,Betty,Sims,1977-06-08,FEMALE,INDIVIDUAL,407,Married
1844282,Jeremy,Morris,1986-01-11,MALE,INDIVIDUAL,811,Married
1844287,Randy,Bell,2014-04-30,MALE,INDIVIDUAL,591,Married
1844290,Harold,Ruiz,1993-10-24,MALE,INDIVIDUAL,786,Married
1844295,Joshua,West,1977-03-24,MALE,INDIVIDUAL,790,Single
1844303,Harry,Carpenter,1975-05-25,MALE,INDIVIDUAL,439,Married
1844308,Robin,Marshall,1977-06-01,FEMALE,INDIVIDUAL,506,Single
1844315,Mildred,Hicks,1988-09-25,FEMALE,INDIVIDUAL,646,Single
1844514,Melissa,Wood,2011-08-20,FEMALE,INDIVIDUAL,344,Divorced
1844515,Charles,Johnson,1977-07-02,MALE,INDIVIDUAL,213,Married
1844550,Carlos,Banks,2014-05-18,MALE,INDIVIDUAL,687,Divorced
1844554,Johnny,Snyder,1975-05-22,MALE,INDIVIDUAL,59,Married
1844732,Arthur,Lynch,1981-09-09,MALE,INDIVIDUAL,989,Married
1844813,Deborah,Ruiz,1974-08-23,FEMALE,INDIVIDUAL,581,Single
1845054,Ronald,Franklin,2008-11-25,MALE,INDIVIDUAL,753,Married
1845086,Betty,Hughes,1966-08-21,FEMALE,INDIVIDUAL,825,Married
1845090,Clarence,Wallace,1974-02-15,MALE,INDIVIDUAL,697,Married
1845102,George,Rice,1975-04-06,MALE,INDIVIDUAL,360,Single
1845120,Lois,Bennett,1976-01-06,FEMALE,INDIVIDUAL,392,Divorced
1845379,Harry,Bishop,2015-05-27,MALE,INDIVIDUAL,344,Married
1845417,Lori,Martin,1963-07-31,FEMALE,INDIVIDUAL,236,Single
1845679,Accord Ltd,,,,COMPANY,10,
1845737,Jane,Stanley,1983-07-31,FEMALE,INDIVIDUAL,788,Single
1845925,Mark,Fernandez,2015-07-04,MALE,INDIVIDUAL,174,Divorced
1845948,Patrick,Freeman,1977-08-12,MALE,INDIVIDUAL,278,Married
1845973,Nicole,Rogers,1991-10-30,FEMALE,INDIVIDUAL,801,Divorced
1845975,Howard,Powell,1977-09-21,MALE,INDIVIDUAL,379,Married
1846232,Teresa,Cook,2008-05-29,FEMALE,INDIVIDUAL,911,Married
1846251,Michelle,Stephens,1988-03-01,FEMALE,INDIVIDUAL,573,Married
1846256,Donna,Jackson,2015-02-22,FEMALE,INDIVIDUAL,303,Married
1846257,Jeremy,Bradley,2013-03-29,MALE,INDIVIDUAL,269,Single
1846469,Andrew,Gray,1991-08-23,MALE,INDIVIDUAL,703,Married
1846470,Charles,Harper,1987-12-28,MALE,INDIVIDUAL,19,Divorced
1846504,Aaron,Shaw,1979-10-31,MALE,INDIVIDUAL,404,Single
1846516,Bonnie,Lane,1977-09-08,FEMALE,INDIVIDUAL,934,Single
1846525,Tina,Black,1992-02-06,FEMALE,INDIVIDUAL,759,Single
1846813,MineralBio ,,,,COMPANY,496,
1846827,Michael,Russell,2014-10-17,MALE,INDIVIDUAL,706,Married
1846837,Rachel,Dean,1978-10-19,FEMALE,INDIVIDUAL,537,Married
1846846,Adam,Webb,1966-06-03,MALE,INDIVIDUAL,87,Married
1846855,Fred,Coleman,1958-03-15,MALE,INDIVIDUAL,31,Married
1846876,Adam,Burns,1964-02-05,MALE,INDIVIDUAL,166,Single
1846881,Craig,Armstrong,2014-08-12,MALE,INDIVIDUAL,292,Married
1846888,Eugene,Morgan,1961-07-05,MALE,INDIVIDUAL,989,Single
1847106,Craig,Harvey,2013-06-23,MALE,INDIVIDUAL,583,Married
1847107,Terry,Jordan,2011-07-10,MALE,INDIVIDUAL,902,Divorced
1847142,Kathleen,Lynch,1980-10-12,FEMALE,INDIVIDUAL,145,Single
1847324,Carl,Morgan,1967-04-01,MALE,INDIVIDUAL,96,Single
1847325,Matthew,Daniels,1995-06-23,MALE,INDIVIDUAL,757,Married
1847330,Angela,Peterson,1969-03-29,FEMALE,INDIVIDUAL,459,Married
1847374,Joyce,Watson,2014-04-17,FEMALE,INDIVIDUAL,307,Single
1847375,Gary,Morgan,1975-02-22,MALE,INDIVIDUAL,12,Married
1847381,Bonnie,Kim,1989-06-25,FEMALE,INDIVIDUAL,817,Divorced
1847388,Martin,Bell,1979-04-29,MALE,INDIVIDUAL,713,Married
1847399,Louis,Kelly,1983-05-28,MALE,INDIVIDUAL,661,Married
1847408,Adam,Carter,1999-01-09,MALE,INDIVIDUAL,314,Married
1847410,Fred,Kelly,1996-11-02,MALE,INDIVIDUAL,817,Single
1847413,Carol,Gordon,1967-10-16,FEMALE,INDIVIDUAL,802,Single
1847651,Christina,Hernandez,2015-03-13,FEMALE,INDIVIDUAL,215,Single
1847652,Doris,Bailey,1983-03-17,FEMALE,INDIVIDUAL,82,Married
1847667,Bobby,Hart,1981-06-24,MALE,INDIVIDUAL,109,Single
1847698,Pamela,Mason,1978-01-21,FEMALE,INDIVIDUAL,635,Married
1847885,Peter,Gordon,1997-04-11,MALE,INDIVIDUAL,270,Divorced
1847894,Jack,Brooks,1989-10-24,MALE,INDIVIDUAL,396,Single
1847919,Ronald,Bishop,2014-11-30,MALE,INDIVIDUAL,116,Married
1847920,Robert,Olson,1983-11-24,MALE,INDIVIDUAL,842,Married
1847968,Justin,Stewart,1956-10-08,MALE,INDIVIDUAL,437,Married
1848221,Chris,Medina,1975-07-17,MALE,INDIVIDUAL,4,Single
1848231,Keith,Mendoza,2014-09-28,MALE,INDIVIDUAL,219,Married
1848235,Karen,Cook,1977-11-08,FEMALE,INDIVIDUAL,191,Married
1848244,Gloria,Carpenter,1973-02-15,FEMALE,INDIVIDUAL,797,Married
1848246,Shawn,Ortiz,1979-02-26,MALE,INDIVIDUAL,22,Married
1848250,Mary,Kelly,1975-08-03,FEMALE,INDIVIDUAL,349,Married
1848252,Diane,Morales,1974-04-13,FEMALE,INDIVIDUAL,5,Married
1848302,Joseph,Nelson,1977-11-27,MALE,INDIVIDUAL,699,Married
1848520,Clarence,Jacobs,1990-07-24,MALE,INDIVIDUAL,92,Single
1848540,Jason,Garza,1979-08-14,MALE,INDIVIDUAL,567,Single
1848564,Earl,Duncan,1960-01-01,MALE,INDIVIDUAL,384,Single
1848568,Margaret,Payne,1980-12-19,FEMALE,INDIVIDUAL,819,Married
1848583,Amy,Harvey,2015-02-02,FEMALE,INDIVIDUAL,956,Married
1848584,Ryan,Andrews,1971-05-09,MALE,INDIVIDUAL,622,Married
1848592,Judy,Castillo,2015-08-14,FEMALE,INDIVIDUAL,940,Married
1848790,Tina,Howard,1977-08-30,FEMALE,INDIVIDUAL,241,Single
1848791,Jacqueline,Jenkins,2013-08-30,FEMALE,INDIVIDUAL,296,Married
1848815,Amy,Fernandez,1985-06-06,FEMALE,INDIVIDUAL,227,Married
1848820,Aaron,Olson,1958-11-17,MALE,INDIVIDUAL,532,Married
1848827,Benjamin,Sanchez,1989-03-16,MALE,INDIVIDUAL,853,Married
1848828,Ernest,Hicks,2015-07-18,MALE,INDIVIDUAL,917,Single
1848832,Jessica,Olson,2015-07-23,FEMALE,INDIVIDUAL,334,Single
1848833,Scott,Arnold,1979-05-22,MALE,INDIVIDUAL,64,Single
1848834,Ronald,Nichols,2014-09-13,MALE,INDIVIDUAL,322,Married
1848838,Harold,Welch,2011-09-21,MALE,INDIVIDUAL,420,Married
1848839,Albert,Jordan,2015-07-12,MALE,INDIVIDUAL,676,Divorced
1848843,James,Williamson,1975-03-25,MALE,INDIVIDUAL,682,Single
1849026,Donald,Stewart,1972-09-29,MALE,INDIVIDUAL,23,Married
1849031,Kathryn,Thompson,1960-11-22,FEMALE,INDIVIDUAL,746,Married
1849269,Dorothy,Chavez,1989-05-13,FEMALE,INDIVIDUAL,975,Married
1849308,Barbara,Davis,1981-10-17,FEMALE,INDIVIDUAL,803,Single
1849325,Jeremy,West,1981-09-05,MALE,INDIVIDUAL,882,Single
1849333,Sean,Howell,1991-02-23,MALE,INDIVIDUAL,846,Single
1849514,Jason,Mitchell,1976-07-02,MALE,INDIVIDUAL,727,Single
1849527,Joshua,Warren,1977-08-15,MALE,INDIVIDUAL,466,Married
1849530,Nicholas,Hanson,1982-08-27,MALE,INDIVIDUAL,54,Married
1849563,Nancy,Crawford,1986-06-06,FEMALE,INDIVIDUAL,959,Divorced
1849724,Marilyn,Rodriguez,1968-08-15,FEMALE,INDIVIDUAL,18,Married
1849731,Angela,Graham,2013-08-30,FEMALE,INDIVIDUAL,964,Single
1849760,Ralph,Elliott,2015-08-22,MALE,INDIVIDUAL,92,Married
1849938,Rose,Harrison,1973-05-02,FEMALE,INDIVIDUAL,719,Divorced
1849967,Billy,Shaw,2013-09-11,MALE,INDIVIDUAL,34,Single
1849973,Patrick,Walker,2014-07-17,MALE,INDIVIDUAL,722,Married
1849974,Maria,Romero,1991-10-18,FEMALE,INDIVIDUAL,816,Married
1850001,Victor,Willis,1978-12-09,MALE,INDIVIDUAL,39,Single
1850002,Walter,Simmons,2009-09-12,MALE,INDIVIDUAL,114,Single
1850004,Sarah,Greene,1982-10-13,FEMALE,INDIVIDUAL,883,Single
1850017,Raymond,Lynch,2014-02-18,MALE,INDIVIDUAL,280,Married
1850021,Jacqueline,Carr,1997-11-07,FEMALE,INDIVIDUAL,289,Married
1850025,Juan,Watkins,2009-09-09,MALE,INDIVIDUAL,289,Married
1850046,Scott,Hanson,2014-09-25,MALE,INDIVIDUAL,667,Married
1850048,Dr.Reddy's Group,,,,COMPANY,299,
1850263,Maria,Sanchez,1981-01-21,FEMALE,INDIVIDUAL,208,Married
1850270,Amanda,Ross,1983-06-28,FEMALE,INDIVIDUAL,268,Single
1850470,Karen,Snyder,2010-02-01,FEMALE,INDIVIDUAL,81,Divorced
1850471,Sean,Griffin,2015-07-20,MALE,INDIVIDUAL,497,Divorced
1850472,Daniel,Jacobs,1974-05-17,MALE,INDIVIDUAL,534,Married
1850480,Sara,Hayes,1983-01-18,FEMALE,INDIVIDUAL,352,Married
1850525,Kenneth,Gonzalez,1989-09-12,MALE,INDIVIDUAL,537,Married
1850548,Marie,Wallace,2015-07-23,FEMALE,INDIVIDUAL,343,Married
1850738,Rachel,Myers,1978-04-10,FEMALE,INDIVIDUAL,128,Single
1850756,Jeremy,Pierce,2015-05-17,MALE,INDIVIDUAL,122,Married
1850773,Julia,Jackson,1985-10-03,FEMALE,INDIVIDUAL,944,Married
1850986,Terry,Duncan,1982-05-08,MALE,INDIVIDUAL,782,Single
1851009,Jimmy,Green,2014-05-20,MALE,INDIVIDUAL,992,Married
1851024,Steve,Harris,2015-08-18,MALE,INDIVIDUAL,440,Single
1851028,Amy,Jones,1989-11-21,FEMALE,INDIVIDUAL,654,Married
1851069,Brenda,Gordon,1978-03-17,FEMALE,INDIVIDUAL,947,Married
1851073,Amanda,Carter,2015-03-05,FEMALE,INDIVIDUAL,994,Single
1851290,Wayne,Evans,1976-11-02,MALE,INDIVIDUAL,805,Married
1851306,Eugene,Russell,1978-04-12,MALE,INDIVIDUAL,790,Married
1851307,Johnny,Lawrence,2014-02-01,MALE,INDIVIDUAL,17,Married
1851516,Marie,Ryan,2014-11-11,FEMALE,INDIVIDUAL,501,Single
1851556,Ashley,Allen,1982-07-31,FEMALE,INDIVIDUAL,735,Married
1851571,Shirley,Stephens,1976-08-08,FEMALE,INDIVIDUAL,726,Single
1851573,Richard,Riley,1958-05-12,MALE,INDIVIDUAL,500,Married
1851580,Pamela,Reid,2014-11-16,FEMALE,INDIVIDUAL,841,Single
1851581,Phyllis,Armstrong,2010-02-11,FEMALE,INDIVIDUAL,665,Married
1851595,Samuel,Sullivan,1957-02-07,MALE,INDIVIDUAL,522,Married
1851820,Jeremy,Rodriguez,1974-03-23,MALE,INDIVIDUAL,204,Married
1851821,Christopher,Peters,1991-02-13,MALE,INDIVIDUAL,363,Married
1851852,Benjamin,Brown,2014-07-12,MALE,INDIVIDUAL,966,Married
1851886,Jesse,Willis,1982-01-30,MALE,INDIVIDUAL,829,Married
1852072,John,Sullivan,1967-06-14,MALE,INDIVIDUAL,385,Married
1852081,Charles,Boyd,1988-06-01,MALE,INDIVIDUAL,743,Single
1852082,Kenneth,Thomas,2015-07-27,MALE,INDIVIDUAL,292,Single
1852087,Julie,Perez,2014-08-09,FEMALE,INDIVIDUAL,377,Married
1852091,Ernest,Lewis,1975-05-08,MALE,INDIVIDUAL,707,Married
1852092,Joshua,Young,2008-08-05,MALE,INDIVIDUAL,472,Married
1852115,Judy,Coleman,1981-08-22,FEMALE,INDIVIDUAL,648,Single
1852128,Gregory,Williams,1963-12-12,MALE,INDIVIDUAL,567,Single
1852159,Frank,Flores,1984-09-25,MALE,INDIVIDUAL,809,Married
1852329,Craig,Perez,1991-05-03,MALE,INDIVIDUAL,433,Single
1852334,Sean,Harvey,1991-12-15,MALE,INDIVIDUAL,696,Married
1852567,Ralph,Reed,1980-02-12,MALE,INDIVIDUAL,949,Married
1852568,George,Boyd,2015-07-18,MALE,INDIVIDUAL,726,Married
1852579,Irene,Wood,1978-08-10,FEMALE,INDIVIDUAL,812,Single
1852582,Amanda,Nelson,1982-01-04,FEMALE,INDIVIDUAL,804,Married
1852589,Barbara,Baker,1985-05-13,FEMALE,INDIVIDUAL,53,Married
1852592,Edward,Price,1986-03-08,MALE,INDIVIDUAL,721,Single
1852620,Raymond,Harvey,2013-09-26,MALE,INDIVIDUAL,960,Married
1852622,Wanda,Richards,1982-11-30,FEMALE,INDIVIDUAL,593,Single
1852636,Ronald,Diaz,2015-05-26,MALE,INDIVIDUAL,5,Married
1852637,Fred,Matthews,1983-12-10,MALE,INDIVIDUAL,3,Single
1852642,Shirley,Alexander,1985-12-07,FEMALE,INDIVIDUAL,221,Married
1852653,George,Gutierrez,1972-10-17,MALE,INDIVIDUAL,341,Single
1852654,Catherine,Gilbert,2015-08-10,FEMALE,INDIVIDUAL,47,Married
1852826,Jonathan,Ferguson,1989-09-10,MALE,INDIVIDUAL,237,Married
1852830,Philip,Long,1985-12-16,MALE,INDIVIDUAL,491,Married
1852869,Phyllis,Kim,1997-05-02,FEMALE,INDIVIDUAL,906,Married
1852872,Rebecca,Burton,2015-07-06,FEMALE,INDIVIDUAL,488,Married
1852892,Todd,Watson,2014-12-24,MALE,INDIVIDUAL,839,Married
1853138,Margaret,Gibson,1988-01-07,FEMALE,INDIVIDUAL,667,Married
1853147,Christopher,Henderson,1990-06-16,MALE,INDIVIDUAL,626,Single
1853165,Henry,Sullivan,2011-02-13,MALE,INDIVIDUAL,195,Married
1853166,Eugene,Sullivan,1971-04-03,MALE,INDIVIDUAL,415,Single
1853201,Diana,Lee,1983-12-01,FEMALE,INDIVIDUAL,66,Single
1853209,Carlos,Spencer,1962-09-24,MALE,INDIVIDUAL,925,Married
1853436,Adam,Hanson,1985-06-16,MALE,INDIVIDUAL,45,Married
1853647,Katherine,Richards,1969-07-14,FEMALE,INDIVIDUAL,14,Married
1853664,Daniel,Price,2015-08-13,MALE,INDIVIDUAL,177,Married
1853665,Gary,Stanley,1976-12-17,MALE,INDIVIDUAL,37,Married
1853669,Kathleen,Gilbert,1980-03-06,FEMALE,INDIVIDUAL,951,Married
1853676,Adam,Pierce,1985-02-28,MALE,INDIVIDUAL,618,Married
1853689,Andrew,Nguyen,2010-07-26,MALE,INDIVIDUAL,570,Divorced
1853702,Nancy,Bradley,1979-08-14,FEMALE,INDIVIDUAL,209,Single
1853742,Thomas,Simpson,1976-06-06,MALE,INDIVIDUAL,45,Single
1853876,Johnny,Hill,1984-05-26,MALE,INDIVIDUAL,334,Divorced
1853879,Jennifer,Williams,1981-04-08,FEMALE,INDIVIDUAL,888,Married
1853899,Craig,Collins,1973-08-13,MALE,INDIVIDUAL,279,Single
1853902,Kathryn,Adams,1954-09-08,FEMALE,INDIVIDUAL,443,Single
1853917,Roger,Hernandez,1960-09-08,MALE,INDIVIDUAL,182,Divorced
1854107,Dennis,Carroll,1963-07-03,MALE,INDIVIDUAL,696,Married
1854131,Mycone Ltd,,,,COMPANY,696,
1854135,Nicole,Garcia,1960-12-18,FEMALE,INDIVIDUAL,169,Married
1854148,Lois,Banks,1976-08-24,FEMALE,INDIVIDUAL,286,Married
1854149,Eugene,Hudson,2015-08-08,MALE,INDIVIDUAL,162,Divorced
1854150,James,Moore,1982-08-09,MALE,INDIVIDUAL,665,Married
1854153,Todd,Henry,2010-03-19,MALE,INDIVIDUAL,655,Single
1854155,Arthur,Taylor,2012-12-05,MALE,INDIVIDUAL,604,Divorced
1854156,Maria,James,2011-10-22,FEMALE,INDIVIDUAL,746,Married
1854164,Christine,Martin,1985-09-27,FEMALE,INDIVIDUAL,849,Married
1854413,Robin,Moreno,1983-07-31,FEMALE,INDIVIDUAL,255,Married
1854433,Martha,Young,1969-08-23,FEMALE,INDIVIDUAL,346,Single
1854445,Laura,Nguyen,1987-10-02,FEMALE,INDIVIDUAL,863,Married
1854464,Joseph,Price,1979-12-15,MALE,INDIVIDUAL,688,Single
1854465,John,Ford,2012-09-07,MALE,INDIVIDUAL,577,Married
1854471,Brian,Griffin,1979-12-04,MALE,INDIVIDUAL,670,Married
1854473,Diana,Mitchell,1974-03-19,FEMALE,INDIVIDUAL,854,Married
1854666,Albert,Meyer,1983-08-28,MALE,INDIVIDUAL,552,Married
1854675,Fred,Allen,1988-11-23,MALE,INDIVIDUAL,118,Married
1854682,Kathleen,Cruz,1992-05-28,FEMALE,INDIVIDUAL,414,Married
1854730,Rachel,Lynch,1977-08-22,FEMALE,INDIVIDUAL,593,Single
1854735,Charles,Patterson,1959-01-02,MALE,INDIVIDUAL,736,Married
1854746,Jimmy,Carr,1959-05-05,MALE,INDIVIDUAL,123,Married
1854759,Joseph,Ruiz,1979-02-17,MALE,INDIVIDUAL,668,Married
1854975,Victor,Day,1979-02-28,MALE,INDIVIDUAL,615,Married
1855247,Amy,Meyer,1996-01-25,FEMALE,INDIVIDUAL,189,Single
1855248,Albert,Perez,1992-06-18,MALE,INDIVIDUAL,932,Married
1855269,Jason,Watkins,2014-07-16,MALE,INDIVIDUAL,695,Single
1855288,Sarah,Hughes,1969-10-19,FEMALE,INDIVIDUAL,939,Married
1855293,Scott,Stephens,1986-04-25,MALE,INDIVIDUAL,692,Married
1855543,Emily,Warren,2009-04-02,FEMALE,INDIVIDUAL,257,Single
1855544,Robin,Lane,2013-01-15,FEMALE,INDIVIDUAL,18,Divorced
1855550,Gregory,Hanson,1977-12-16,MALE,INDIVIDUAL,541,Married
1855576,Anne,Foster,1976-07-31,FEMALE,INDIVIDUAL,321,Married
1855577,Sharon,Sanders,1978-08-05,FEMALE,INDIVIDUAL,597,Married
1855594,Matthew,Mills,1977-01-27,MALE,INDIVIDUAL,417,Married
1855609,Arthur,Medina,1985-12-13,MALE,INDIVIDUAL,715,Single
1855615,Jesse,Fowler,1975-12-12,MALE,INDIVIDUAL,480,Married
1855624,Benjamin,Welch,1984-09-05,MALE,INDIVIDUAL,881,Single
1855630,Jean,Adams,1989-04-04,FEMALE,INDIVIDUAL,377,Single
1855893,Gary,Carter,2015-05-03,MALE,INDIVIDUAL,530,Married
1855909,Michael,Hicks,1983-08-09,MALE,INDIVIDUAL,206,Married
1855916,Rachel,Henderson,2014-11-29,FEMALE,INDIVIDUAL,639,Married
1855924,Jane,Mills,2015-06-29,FEMALE,INDIVIDUAL,738,Married
1855925,Diana,Fisher,1985-06-02,FEMALE,INDIVIDUAL,707,Single
1855940,Joan,Chavez,1980-06-08,FEMALE,INDIVIDUAL,184,Married
1855944,Cheryl,Hudson,1974-09-10,FEMALE,INDIVIDUAL,58,Married
1855947,Melissa,Hawkins,1983-05-14,FEMALE,INDIVIDUAL,245,Married
1856237,Ruth,Woods,1983-06-06,FEMALE,INDIVIDUAL,198,Single
1856252,Billy,Marshall,2011-09-18,MALE,INDIVIDUAL,775,Married
1856255,Louise,Morris,1983-05-22,FEMALE,INDIVIDUAL,971,Married
1856270,Fred,Evans,1978-11-17,MALE,INDIVIDUAL,964,Divorced
1856291,Scott,Burke,1955-07-04,MALE,INDIVIDUAL,612,Married
1856292,Donna,Bailey,1980-06-23,FEMALE,INDIVIDUAL,177,Married
1856519,Gurwitch Group,,,,COMPANY,274,
1856534,Sarah,Morgan,1964-01-01,FEMALE,INDIVIDUAL,653,Single
1856546,Susan,Reed,1966-05-11,FEMALE,INDIVIDUAL,904,Married
1856557,David,Murphy,1989-09-02,MALE,INDIVIDUAL,215,Married
1856621,Heather,Riley,1989-08-30,FEMALE,INDIVIDUAL,271,Single
1856629,Jessica,Hunter,1983-03-15,FEMALE,INDIVIDUAL,255,Married
1856850,Beverly,Porter,2014-07-05,FEMALE,INDIVIDUAL,767,Married
1856889,Janice,Miller,1982-11-27,FEMALE,INDIVIDUAL,755,Married
1856895,Robin,Frazier,1980-02-17,FEMALE,INDIVIDUAL,387,Single
1856901,Melissa,Chapman,1986-01-15,FEMALE,INDIVIDUAL,155,Divorced
1856933,Beverly,Patterson,1977-08-23,FEMALE,INDIVIDUAL,568,Married
1857168,Sandra,Ramirez,2006-06-07,FEMALE,INDIVIDUAL,120,Married
1857181,Lois,Montgomery,1966-08-05,FEMALE,INDIVIDUAL,270,Divorced
1857185,Elizabeth,Baker,1989-11-20,FEMALE,INDIVIDUAL,852,Married
1857214,Jean,Welch,1983-09-10,FEMALE,INDIVIDUAL,666,Married
1857217,Bruce,Sanchez,1988-03-20,MALE,INDIVIDUAL,233,Divorced
1857235,Ruby,Howard,1976-01-31,FEMALE,INDIVIDUAL,463,Married
1857526,Janice,Crawford,1984-11-06,FEMALE,INDIVIDUAL,563,Married
1857565,Raymond,Payne,1973-01-27,MALE,INDIVIDUAL,407,Married
1857567,Fred,Jacobs,1977-08-12,MALE,INDIVIDUAL,132,Married
1857791,Valesco Ltd,,,,COMPANY,431,
1857872,Jean,Gomez,1977-06-03,FEMALE,INDIVIDUAL,231,Divorced
1857873,Nicholas,Patterson,1970-12-01,MALE,INDIVIDUAL,409,Married
1857879,Terry,Chapman,1961-01-14,MALE,INDIVIDUAL,662,Married
1857883,Sandra,Perkins,1960-01-14,FEMALE,INDIVIDUAL,17,Single
1857889,Bobby,Washington,1978-06-23,MALE,INDIVIDUAL,312,Married
1857910,Jeffrey,Morgan,1994-04-22,MALE,INDIVIDUAL,69,Married
1857918,Brandon,Stone,1977-08-23,MALE,INDIVIDUAL,891,Single
1857919,Evelyn,Weaver,1969-11-27,FEMALE,INDIVIDUAL,254,Married
1858076,David,West,2015-08-21,MALE,INDIVIDUAL,573,Single
1858080,Jennifer,Gilbert,1984-01-23,FEMALE,INDIVIDUAL,947,Married
1858088,Jennifer,Woods,1981-01-01,FEMALE,INDIVIDUAL,55,Divorced
1858146,Philip,Mcdonald,1969-01-06,MALE,INDIVIDUAL,735,Married
1858155,Paul,Reid,1966-11-01,MALE,INDIVIDUAL,571,Married
1858162,Louise,Johnson,1974-12-20,FEMALE,INDIVIDUAL,848,Married
1858379,Donna,Garcia,1975-06-09,FEMALE,INDIVIDUAL,81,Single
1858420,Gary,Hart,2015-08-07,MALE,INDIVIDUAL,288,Divorced
1858421,Ronald,Crawford,1978-04-30,MALE,INDIVIDUAL,913,Married
1858425,Philip,Arnold,1973-12-16,MALE,INDIVIDUAL,387,Single
1858433,Larry,Garrett,1978-12-07,MALE,INDIVIDUAL,841,Married
1858434,Joseph,Simpson,2014-12-07,MALE,INDIVIDUAL,58,Married
1858488,Edward,Simmons,2012-12-21,MALE,INDIVIDUAL,110,Married
1858489,Billy,Simpson,1982-08-27,MALE,INDIVIDUAL,568,Married
1858726,Johnny,Welch,1980-12-05,MALE,INDIVIDUAL,275,Married
1858730,Raymond,Reyes,1981-10-07,MALE,INDIVIDUAL,88,Single
1858975,Janet,Matthews,1983-02-17,FEMALE,INDIVIDUAL,717,Single
1858999,Jack,Grant,1970-02-05,MALE,INDIVIDUAL,301,Married
1859008,Catherine,Nichols,1987-05-10,FEMALE,INDIVIDUAL,267,Married
1859050,Frank,Ellis,1970-07-26,MALE,INDIVIDUAL,395,Single
1859082,Dennis,Lewis,2015-03-12,MALE,INDIVIDUAL,836,Married
1859085,Martha,Hart,1982-03-05,FEMALE,INDIVIDUAL,907,Divorced
1859284,Bonnie,James,1970-01-08,FEMALE,INDIVIDUAL,53,Married
1859324,Justin,Rogers,2014-08-02,MALE,INDIVIDUAL,516,Married
1859343,Karen,Hawkins,1978-03-11,FEMALE,INDIVIDUAL,595,Single
1859379,Billy,Smith,1974-07-23,MALE,INDIVIDUAL,887,Married
1859385,Shawn,Cooper,1972-01-21,MALE,INDIVIDUAL,237,Divorced
1859386,Catherine,Edwards,2015-01-23,FEMALE,INDIVIDUAL,497,Married
1859408,Thomas,Watson,2014-09-16,MALE,INDIVIDUAL,733,Single
1859565,Wanda,Robinson,1979-10-04,FEMALE,INDIVIDUAL,871,Married
1859578,Mark,Schmidt,1956-10-07,MALE,INDIVIDUAL,812,Single
1859580,Alan,Hansen,1956-09-11,MALE,INDIVIDUAL,287,Married
1859625,Robin,Hunter,1976-06-07,FEMALE,INDIVIDUAL,443,Single
1859655,Rachel,Elliott,1965-11-07,FEMALE,INDIVIDUAL,826,Married
1859669,Emily,Fuller,1958-03-07,FEMALE,INDIVIDUAL,822,Married
1859670,Deborah,Elliott,1977-02-12,FEMALE,INDIVIDUAL,71,Single
1859679,Todd,Clark,1971-01-01,MALE,INDIVIDUAL,427,Married
1859680,Maria,Cook,2006-05-31,FEMALE,INDIVIDUAL,578,Single
1859687,Joshua,Romero,1976-04-30,MALE,INDIVIDUAL,276,Single
1859688,Samuel,Williams,1973-10-01,MALE,INDIVIDUAL,107,Married
1859728,Patricia,Gonzales,1959-06-10,FEMALE,INDIVIDUAL,505,Married
1859934,Julia,Burke,1960-02-24,FEMALE,INDIVIDUAL,788,Married
1859983,Jane,Spencer,1984-10-22,FEMALE,INDIVIDUAL,429,Married
1859991,Chris,Thomas,2015-04-07,MALE,INDIVIDUAL,924,Divorced
1859997,Andrea,Kelly,2014-12-10,FEMALE,INDIVIDUAL,972,Married
1860023,Todd,Carroll,2015-08-07,MALE,INDIVIDUAL,216,Single
1860024,Joe,Brooks,1986-01-21,MALE,INDIVIDUAL,30,Married
1860051,Ronald,Duncan,1965-07-16,MALE,INDIVIDUAL,746,Married
1860057,Samuel,Fuller,2015-08-24,MALE,INDIVIDUAL,544,Married
1860340,Joan,Cooper,1986-05-29,FEMALE,INDIVIDUAL,142,Married
1860373,Irene,Morales,2014-07-22,FEMALE,INDIVIDUAL,669,Divorced
1860380,Betty,Freeman,1986-04-13,FEMALE,INDIVIDUAL,689,Married
1860408,Cynthia,Boyd,1985-10-03,FEMALE,INDIVIDUAL,729,Married
1860651,Alice,Willis,1983-04-10,FEMALE,INDIVIDUAL,494,Divorced
1860667,Clarence,Turner,1956-06-17,MALE,INDIVIDUAL,963,Single
1860734,Diane,Warren,2015-02-28,FEMALE,INDIVIDUAL,984,Married
1860789,Lois,Willis,1990-07-26,FEMALE,INDIVIDUAL,849,Married
1860795,Paul,Crawford,1973-08-30,MALE,INDIVIDUAL,206,Married
1860802,Julia,Brooks,2014-01-09,FEMALE,INDIVIDUAL,172,Single
1860803,Ernest,Mitchell,1965-12-09,MALE,INDIVIDUAL,170,Married
1860804,Robin,Holmes,1972-11-11,FEMALE,INDIVIDUAL,661,Married
1861067,Alice,Hudson,1994-11-12,FEMALE,INDIVIDUAL,275,Married
1861070,Andrew,Mason,1970-09-30,MALE,INDIVIDUAL,680,Single
1861072,Benjamin,Woods,2012-06-06,MALE,INDIVIDUAL,619,Married
1861074,Steven,Taylor,2012-06-12,MALE,INDIVIDUAL,307,Divorced
1861075,Alan,Davis,2012-07-31,MALE,INDIVIDUAL,927,Married
1861076,Richard,Mason,1970-09-12,MALE,INDIVIDUAL,453,Married
1861088,Deborah,Foster,1983-01-08,FEMALE,INDIVIDUAL,866,Divorced
1861096,Bonnie,Armstrong,1958-02-17,FEMALE,INDIVIDUAL,730,Single
1861113,Kathryn,Stone,1981-02-20,FEMALE,INDIVIDUAL,393,Single
1861122,Amneal ,,,,COMPANY,740,
1861136,Lillian,Ferguson,1974-12-12,FEMALE,INDIVIDUAL,97,Divorced
1861144,Roy,Woods,1963-06-14,MALE,INDIVIDUAL,388,Divorced
1861151,Harold,Banks,2015-01-14,MALE,INDIVIDUAL,9,Divorced
1861382,Marilyn,Davis,2015-09-30,FEMALE,INDIVIDUAL,615,Married
1861413,John,Anderson,1979-10-28,MALE,INDIVIDUAL,70,Married
1861418,Diane,Rose,1983-01-15,FEMALE,INDIVIDUAL,107,Single
1861617,Russell,Wallace,1969-04-15,MALE,INDIVIDUAL,567,Single
1861619,Alice,Mason,2003-08-28,FEMALE,INDIVIDUAL,670,Single
1861852,Charles,Thompson,1956-10-29,MALE,INDIVIDUAL,707,Single
1861892,Henry,Jordan,1974-05-03,MALE,INDIVIDUAL,301,Divorced
1861893,Nicholas,Stone,2013-04-24,MALE,INDIVIDUAL,664,Married
1862090,Linda,Baker,1983-05-25,FEMALE,INDIVIDUAL,308,Divorced
1862101,Scott,Harvey,1976-12-27,MALE,INDIVIDUAL,588,Married
1862102,Benjamin,Hicks,2012-08-07,MALE,INDIVIDUAL,454,Married
1862107,Paul,Dean,1948-12-18,MALE,INDIVIDUAL,886,Married
1862136,Donald,Rodriguez,2014-12-26,MALE,INDIVIDUAL,679,Married
1862140,Keith,Martin,2015-07-17,MALE,INDIVIDUAL,453,Married
1862143,Shirley,Moore,2013-11-16,FEMALE,INDIVIDUAL,87,Married
1862175,Joan,Peterson,1980-02-11,FEMALE,INDIVIDUAL,630,Married
1862400,William,Tucker,2013-02-01,MALE,INDIVIDUAL,378,Divorced
1862401,Larry,Reid,1977-03-21,MALE,INDIVIDUAL,818,Divorced
1862421,Jennifer,King,1983-10-13,FEMALE,INDIVIDUAL,546,Single
1862422,Edward,Shaw,1974-11-07,MALE,INDIVIDUAL,30,Married
1862444,Dennis,Bryant,1998-06-14,MALE,INDIVIDUAL,235,Single
1862445,Tina,Grant,1982-05-04,FEMALE,INDIVIDUAL,576,Married
1862713,Andrea,Dunn,1974-03-13,FEMALE,INDIVIDUAL,836,Married
1862735,Jesse,Parker,1975-12-10,MALE,INDIVIDUAL,818,Married
1862746,Shawn,Schmidt,2013-06-07,MALE,INDIVIDUAL,386,Married
1862747,Carlos,Palmer,1981-11-11,MALE,INDIVIDUAL,898,Married
1862748,Martin,Hunt,2015-09-09,MALE,INDIVIDUAL,160,Married
1862757,Eugene,Wright,1974-09-23,MALE,INDIVIDUAL,662,Single
1862930,Elizabeth,Lee,1978-12-12,FEMALE,INDIVIDUAL,929,Single
1862967,Anthony,Webb,2014-12-05,MALE,INDIVIDUAL,254,Married
1862968,Andrew,Day,1975-11-20,MALE,INDIVIDUAL,356,Divorced
1862983,Jesse,West,1981-09-11,MALE,INDIVIDUAL,870,Married
1862984,Todd,Rose,1965-04-27,MALE,INDIVIDUAL,531,Divorced
1863229,James,White,2015-05-12,MALE,INDIVIDUAL,859,Married
1863230,Jose,Green,1984-11-23,MALE,INDIVIDUAL,138,Married
1863236,Ann,Hughes,1971-01-26,FEMALE,INDIVIDUAL,210,Married
1863288,Thomas,Palmer,2015-09-29,MALE,INDIVIDUAL,955,Divorced
1863290,Cheryl,Ross,2005-03-15,FEMALE,INDIVIDUAL,148,Married
1863309,Jose,Stanley,2007-03-02,MALE,INDIVIDUAL,247,Single
1863544,Laura,Nelson,1974-08-29,FEMALE,INDIVIDUAL,712,Divorced
1863565,Tammy,White,1980-08-21,FEMALE,INDIVIDUAL,806,Married
1863569,Mark,Woods,1982-02-27,MALE,INDIVIDUAL,65,Married
1863574,Lillian,Austin,1988-10-10,FEMALE,INDIVIDUAL,319,Divorced
1863579,Deborah,Matthews,1991-10-09,FEMALE,INDIVIDUAL,845,Single
1863620,Theresa,Davis,1988-12-19,FEMALE,INDIVIDUAL,774,Married
1863636,Ann,Martin,2014-03-15,FEMALE,INDIVIDUAL,381,Single
1863637,Jose,Weaver,1978-10-09,MALE,INDIVIDUAL,752,Single
1863884,Randy,Henry,1978-10-11,MALE,INDIVIDUAL,693,Divorced
1863903,Christina,Fields,1969-04-06,FEMALE,INDIVIDUAL,581,Single
1863913,Brandon,Bradley,1978-01-07,MALE,INDIVIDUAL,525,Married
1863963,Craig,Stevens,2010-12-09,MALE,INDIVIDUAL,12,Married
1863965,Janice,Moreno,1998-01-30,FEMALE,INDIVIDUAL,369,Married
1864236,Patrick,Gordon,2013-01-06,MALE,INDIVIDUAL,810,Single
1864237,Earl,Torres,1975-09-07,MALE,INDIVIDUAL,81,Divorced
1864308,George,Richardson,2006-07-08,MALE,INDIVIDUAL,940,Single
1864309,Lawrence,Martin,1977-02-03,MALE,INDIVIDUAL,296,Divorced
1864321,Gerald,Chapman,1981-08-23,MALE,INDIVIDUAL,589,Married
1864340,Judith,Kelley,1986-07-21,FEMALE,INDIVIDUAL,519,Married
1864572,Dennis,Davis,2005-10-15,MALE,INDIVIDUAL,91,Married
1864622,Louis,Wheeler,2014-11-20,MALE,INDIVIDUAL,129,Single
1864871,Kelly,Hernandez,1960-11-01,FEMALE,INDIVIDUAL,472,Married
1864873,Kathy,Holmes,1987-02-11,FEMALE,INDIVIDUAL,584,Married
1864883,Judy,Reyes,1983-08-25,FEMALE,INDIVIDUAL,770,Married
1864900,Mildred,Welch,1982-06-14,FEMALE,INDIVIDUAL,325,Married
1864903,Anna,Chavez,1987-07-20,FEMALE,INDIVIDUAL,262,Single
1864907,Kenneth,Carpenter,1973-01-22,MALE,INDIVIDUAL,348,Married
1864908,Scott,Snyder,2009-05-28,MALE,INDIVIDUAL,865,Married
1864921,Juan,Harper,1964-07-17,MALE,INDIVIDUAL,202,Married
1865463,Carolyn,Gardner,1994-06-12,FEMALE,INDIVIDUAL,861,Married
1865474,Joan,Stevens,2012-12-15,FEMALE,INDIVIDUAL,258,Married
1865488,Jesse,Thomas,1963-06-27,MALE,INDIVIDUAL,216,Married
1865499,Phillip,Reed,1978-06-13,MALE,INDIVIDUAL,72,Married
1865746,Terry,Frazier,1970-02-15,MALE,INDIVIDUAL,4,Single
1865753,Caraco Group,,,,COMPANY,143,
1865756,Lawrence,Harper,1971-12-09,MALE,INDIVIDUAL,153,Single
1865757,Jennifer,Patterson,2006-09-05,FEMALE,INDIVIDUAL,158,Married
1865762,Roger,Young,1968-06-05,MALE,INDIVIDUAL,553,Divorced
1865781,Jacqueline,Ramirez,2015-06-30,FEMALE,INDIVIDUAL,160,Divorced
1865798,Marie,Berry,1982-08-04,FEMALE,INDIVIDUAL,241,Married
1865816,Pamela,Jackson,1983-05-01,FEMALE,INDIVIDUAL,176,Married
1865817,Joan,Morrison,1974-07-05,FEMALE,INDIVIDUAL,521,Single
1865819,Roy,Nguyen,1970-09-04,MALE,INDIVIDUAL,724,Married
1865832,Alan,Elliott,1979-05-19,MALE,INDIVIDUAL,259,Married
1865833,Jacqueline,Porter,2002-02-12,FEMALE,INDIVIDUAL,956,Single
1865834,Ann,Ellis,1963-12-25,FEMALE,INDIVIDUAL,392,Married
1865842,Angela,Morrison,1962-12-06,FEMALE,INDIVIDUAL,296,Single
1866064,Patrick,Wilson,1991-06-29,MALE,INDIVIDUAL,954,Married
1866065,Debra,Gibson,2015-07-21,FEMALE,INDIVIDUAL,669,Single
1866077,Victor,Armstrong,2015-07-17,MALE,INDIVIDUAL,658,Single
1866079,Amanda,Henderson,1969-07-07,FEMALE,INDIVIDUAL,230,Divorced
1866084,Rachel,Walker,1985-02-26,FEMALE,INDIVIDUAL,689,Married
1866091,Stephanie,Collins,2012-12-12,FEMALE,INDIVIDUAL,327,Married
1866287,Anthony,Fox,1963-02-23,MALE,INDIVIDUAL,89,Married
1866292,Edward,Harris,2015-03-16,MALE,INDIVIDUAL,388,Married
1866293,George,Smith,1986-03-02,MALE,INDIVIDUAL,180,Married
1866303,Pamela,Chapman,1990-03-10,FEMALE,INDIVIDUAL,49,Divorced
1866304,Gary,Cruz,1954-06-05,MALE,INDIVIDUAL,414,Single
1866306,John,Welch,2013-02-20,MALE,INDIVIDUAL,817,Single
1866307,Matthew,Bennett,1979-07-21,MALE,INDIVIDUAL,455,Married
1866308,Donald,Price,2014-07-22,MALE,INDIVIDUAL,435,Divorced
1866584,Martha,Hudson,1985-05-29,FEMALE,INDIVIDUAL,940,Divorced
1866612,Teresa,Berry,2015-06-17,FEMALE,INDIVIDUAL,272,Married
1866634,Bruce,Reyes,1972-09-16,MALE,INDIVIDUAL,520,Single
1866819,William,Armstrong,1962-10-12,MALE,INDIVIDUAL,126,Divorced
1866822,Karen,Watkins,2014-09-26,FEMALE,INDIVIDUAL,671,Single
1866824,Antonio,Freeman,2015-01-07,MALE,INDIVIDUAL,913,Single
1866845,Patrick,Martin,2015-08-01,MALE,INDIVIDUAL,172,Divorced
1866878,Adam,Willis,2015-01-10,MALE,INDIVIDUAL,208,Married
1866882,Sara,Gonzalez,1979-03-17,FEMALE,INDIVIDUAL,993,Single
1866889,Carl,Young,1975-12-17,MALE,INDIVIDUAL,631,Single
1867108,Nicholas,Walker,1991-04-05,MALE,INDIVIDUAL,942,Married
1867109,Howard,Carter,2013-03-03,MALE,INDIVIDUAL,671,Single
1867110,Samuel,Robertson,1986-08-19,MALE,INDIVIDUAL,179,Divorced
1867114,Julia,Schmidt,2015-03-19,FEMALE,INDIVIDUAL,378,Married
1867129,Dennis,Stewart,1988-04-10,MALE,INDIVIDUAL,538,Married
1867135,Johnny,Barnes,2015-04-07,MALE,INDIVIDUAL,20,Married
1867171,Marie,Patterson,2013-04-26,FEMALE,INDIVIDUAL,364,Single
1867172,Ernest,Chapman,2010-07-20,MALE,INDIVIDUAL,333,Divorced
1867197,Shirley,Sullivan,1981-03-19,FEMALE,INDIVIDUAL,456,Single
1867202,Rose,Graham,1971-03-01,FEMALE,INDIVIDUAL,715,Divorced
1867209,Theresa,Gordon,1976-07-08,FEMALE,INDIVIDUAL,255,Married
1867213,Jessica,Mills,2003-09-25,FEMALE,INDIVIDUAL,868,Single
1867223,Jesse,Shaw,1966-05-07,MALE,INDIVIDUAL,817,Single
1867224,Norma,Coleman,2014-11-11,FEMALE,INDIVIDUAL,777,Single
1867452,Peter,Taylor,1976-10-21,MALE,INDIVIDUAL,994,Divorced
1867453,Sandra,Fields,2014-11-26,FEMALE,INDIVIDUAL,462,Divorced
1867468,Kimberly,Carter,1965-01-28,FEMALE,INDIVIDUAL,125,Single
1867508,Donna,Morrison,1996-05-14,FEMALE,INDIVIDUAL,198,Single
1867521,Andrea,Castillo,2014-01-31,FEMALE,INDIVIDUAL,244,Single
1867531,Emily,Hunter,1974-08-15,FEMALE,INDIVIDUAL,990,Married
1867751,Carolyn,Woods,1982-01-15,FEMALE,INDIVIDUAL,16,Single
1867757,Lisa,Riley,1973-06-29,FEMALE,INDIVIDUAL,326,Single
1867772,Robin,Davis,2011-08-10,FEMALE,INDIVIDUAL,708,Married
1867785,Randy,Nguyen,2015-01-26,MALE,INDIVIDUAL,730,Married
1867786,Carolyn,Dean,1982-03-21,FEMALE,INDIVIDUAL,286,Married
1867793,Albert,Cook,2009-02-02,MALE,INDIVIDUAL,166,Divorced
1867798,Larry,Harrison,1973-02-05,MALE,INDIVIDUAL,652,Divorced
1868089,Melissa,White,1980-06-15,FEMALE,INDIVIDUAL,315,Married
1868097,Nivagen Ltd,,,,COMPANY,878,
1868104,Russell,Mcdonald,1974-12-01,MALE,INDIVIDUAL,761,Married
1868112,John,Kelly,1980-07-04,MALE,INDIVIDUAL,888,Single
1868113,Jose,Nichols,2015-06-15,MALE,INDIVIDUAL,569,Single
1868117,Wayne,Hunt,1972-03-13,MALE,INDIVIDUAL,36,Divorced
1868138,Peter,Oliver,1969-04-08,MALE,INDIVIDUAL,79,Married
1868143,Jesse,Powell,2008-08-12,MALE,INDIVIDUAL,829,Single
1868148,Robert,Montgomery,1972-06-02,MALE,INDIVIDUAL,355,Divorced
1868459,Victor,Gray,1984-09-28,MALE,INDIVIDUAL,111,Single
1868477,Sean,Lawson,1967-02-16,MALE,INDIVIDUAL,808,Single
1868478,Joshua,Robertson,1978-11-03,MALE,INDIVIDUAL,2,Married
1868481,Joan,Anderson,1983-03-29,FEMALE,INDIVIDUAL,149,Divorced
1868490,Chris,Hansen,1965-03-20,MALE,INDIVIDUAL,990,Married
1868496,Ryan,Berry,1981-07-04,MALE,INDIVIDUAL,22,Married
1868509,Alice,Bowman,1983-04-29,FEMALE,INDIVIDUAL,321,Single
1868514,Nicole,Simmons,1983-01-25,FEMALE,INDIVIDUAL,475,Married
1868523,Mildred,Armstrong,2007-09-20,FEMALE,INDIVIDUAL,919,Divorced
1868534,Paul,Gordon,2015-09-06,MALE,INDIVIDUAL,855,Single
1868789,Margaret,King,1996-04-15,FEMALE,INDIVIDUAL,39,Married
1868791,Robert,Martin,1959-03-28,MALE,INDIVIDUAL,777,Married
1868814,Barbara,Mitchell,2012-10-18,FEMALE,INDIVIDUAL,759,Divorced
1868824,Richard,Coleman,1976-09-05,MALE,INDIVIDUAL,145,Married
1868825,Keith,Schmidt,1981-09-01,MALE,INDIVIDUAL,350,Married
1868855,Cheryl,Brooks,1988-03-24,FEMALE,INDIVIDUAL,74,Married
1868895,Todd,Myers,2014-09-19,MALE,INDIVIDUAL,769,Married
1868907,Jean,Hayes,1990-11-16,FEMALE,INDIVIDUAL,627,Single
1869160,Antonio,Anderson,2012-09-01,MALE,INDIVIDUAL,571,Married
1869232,Matthew,Bradley,1996-03-30,MALE,INDIVIDUAL,415,Married
1869246,Clarence,Russell,1974-08-03,MALE,INDIVIDUAL,835,Single
1869247,Walter,Foster,2013-03-27,MALE,INDIVIDUAL,655,Single
1869255,Keith,Sims,2015-11-06,MALE,INDIVIDUAL,126,Single
1869256,Justin,Henry,1980-06-05,MALE,INDIVIDUAL,382,Divorced
1869476,Peter,Alvarez,1970-10-21,MALE,INDIVIDUAL,319,Married
1869480,Jimmy,Wells,2012-12-11,MALE,INDIVIDUAL,313,Single
1869505,Justin,Coleman,2010-09-08,MALE,INDIVIDUAL,105,Single
1869514,Shirley,Kelly,1986-03-19,FEMALE,INDIVIDUAL,683,Married
1869548,Gerald,Ward,1983-11-24,MALE,INDIVIDUAL,848,Married
1869557,Jesse,Perry,1977-10-28,MALE,INDIVIDUAL,936,Married
1869558,Mark,Henderson,2010-02-24,MALE,INDIVIDUAL,619,Married
1869948,Deborah,Nichols,2015-10-24,FEMALE,INDIVIDUAL,774,Married
1869949,Jesse,Pierce,1976-10-15,MALE,INDIVIDUAL,927,Married
1869959,Ernest,Black,1974-01-18,MALE,INDIVIDUAL,376,Married
1869966,Joshua,Holmes,1965-02-25,MALE,INDIVIDUAL,599,Married
1870015,Katherine,Perry,1971-10-04,FEMALE,INDIVIDUAL,403,Single
1870020,Joshua,Jenkins,1974-05-07,MALE,INDIVIDUAL,184,Divorced
1870021,Louis,Howell,2015-05-19,MALE,INDIVIDUAL,851,Married
1870081,Helen,Bennett,1953-09-26,FEMALE,INDIVIDUAL,756,Single
1870084,Robert,Arnold,1983-05-12,MALE,INDIVIDUAL,24,Married
1870085,Bonnie,Carter,1974-02-05,FEMALE,INDIVIDUAL,173,Single
1870370,Philip,Pierce,1981-06-04,MALE,INDIVIDUAL,665,Single
1870391,Nicole,Lewis,2014-10-10,FEMALE,INDIVIDUAL,931,Single
1870392,Albert,Morris,1982-07-17,MALE,INDIVIDUAL,221,Married
1870401,Kathy,Duncan,1977-08-30,FEMALE,INDIVIDUAL,323,Single
1870628,Doris,Murphy,1981-12-22,FEMALE,INDIVIDUAL,69,Divorced
1870648,Nancy,Johnson,2015-07-09,FEMALE,INDIVIDUAL,298,Married
1870666,Irene,Jordan,1982-01-13,FEMALE,INDIVIDUAL,647,Single
1870694,Phillip,Cole,1982-03-17,MALE,INDIVIDUAL,280,Married
1870720,Rebecca,Ramos,1984-08-21,FEMALE,INDIVIDUAL,160,Married
1870942,Stephen,Freeman,1974-03-09,MALE,INDIVIDUAL,383,Single
1870953,Bonnie,Perkins,2009-03-04,FEMALE,INDIVIDUAL,873,Married
1870954,Juan,Martinez,1977-02-02,MALE,INDIVIDUAL,916,Married
1870963,John,Romero,2014-01-14,MALE,INDIVIDUAL,704,Single
1870964,Benjamin,Parker,1974-06-28,MALE,INDIVIDUAL,348,Married
1870968,Sara,Fernandez,1991-02-15,FEMALE,INDIVIDUAL,163,Married
1870977,Bruce,Wilson,1979-06-15,MALE,INDIVIDUAL,845,Single
1871005,Richard,Hamilton,2013-10-09,MALE,INDIVIDUAL,752,Single
1871010,Bruce,Flores,1979-06-03,MALE,INDIVIDUAL,756,Single
1871043,Robert,Torres,2009-07-25,MALE,INDIVIDUAL,764,Married
1871044,Joshua,Gonzalez,1991-10-09,MALE,INDIVIDUAL,117,Married
1871050,Earl,Peterson,1982-04-03,MALE,INDIVIDUAL,639,Single
1871068,Mildred,Chapman,1970-12-22,FEMALE,INDIVIDUAL,433,Divorced
1871069,Ruth,Robinson,2015-05-19,FEMALE,INDIVIDUAL,922,Divorced
1871070,Juan,Webb,1983-12-02,MALE,INDIVIDUAL,285,Married
1871386,Melissa,King,1985-06-08,FEMALE,INDIVIDUAL,465,Married
1871402,Shawn,Garza,1975-07-29,MALE,INDIVIDUAL,876,Single
1871403,Jack,Sanchez,2014-08-26,MALE,INDIVIDUAL,953,Married
1871404,Ronald,Kim,2012-01-16,MALE,INDIVIDUAL,821,Married
1871407,Jacqueline,Wilson,2007-06-03,FEMALE,INDIVIDUAL,984,Married
1871409,Steven,Olson,1970-08-25,MALE,INDIVIDUAL,861,Married
1871435,Christine,Garcia,1960-01-27,FEMALE,INDIVIDUAL,429,Married
1871438,Kelly,Lawson,1980-03-21,FEMALE,INDIVIDUAL,762,Married
1871441,Beverly,Adams,1970-07-14,FEMALE,INDIVIDUAL,709,Married
1871455,Thomas,Perkins,1991-08-26,MALE,INDIVIDUAL,6,Married
1871462,Clarence,King,1980-12-19,MALE,INDIVIDUAL,237,Married
1871466,Amanda,Hudson,1987-04-21,FEMALE,INDIVIDUAL,205,Married
1871788,Carl,Gibson,1972-10-04,MALE,INDIVIDUAL,273,Married
1871848,Anne,Nguyen,1982-08-24,FEMALE,INDIVIDUAL,165,Single
1872176,Phyllis,Gibson,1982-05-26,FEMALE,INDIVIDUAL,658,Single
1872181,Marie,Bishop,1978-08-04,FEMALE,INDIVIDUAL,979,Single
1872189,Doris,Coleman,1999-07-14,FEMALE,INDIVIDUAL,769,Married
1872212,Michael,Harper,1988-09-29,MALE,INDIVIDUAL,896,Single
1872220,Carl,Ferguson,1975-06-30,MALE,INDIVIDUAL,6,Married
1872484,Sandra,Montgomery,1951-10-08,FEMALE,INDIVIDUAL,565,Married
1872501,Jacqueline,Burke,1983-01-08,FEMALE,INDIVIDUAL,382,Single
1872509,Andrea,Mendoza,1985-02-10,FEMALE,INDIVIDUAL,276,Married
1872537,Lori,Carter,2013-03-24,FEMALE,INDIVIDUAL,760,Married
1872559,Barbara,Alexander,1978-09-10,FEMALE,INDIVIDUAL,237,Single
1872579,Julia,Jones,1989-02-21,FEMALE,INDIVIDUAL,695,Married
1872594,Barbara,Watson,1995-12-28,FEMALE,INDIVIDUAL,606,Divorced
1872851,Daniel,Wheeler,1991-10-02,MALE,INDIVIDUAL,177,Single
1872884,Carolyn,Cunningham,1962-02-05,FEMALE,INDIVIDUAL,186,Married
1872898,Robert,Lawrence,1977-01-13,MALE,INDIVIDUAL,887,Married
1872899,Justin,Garza,2014-05-09,MALE,INDIVIDUAL,992,Married
1872915,Katherine,Alvarez,1999-11-16,FEMALE,INDIVIDUAL,954,Single
1872917,Ernest,Romero,1976-07-29,MALE,INDIVIDUAL,121,Single
1873225,Betty,Morales,1988-07-31,FEMALE,INDIVIDUAL,812,Single
1873280,Chris,Reid,2014-05-30,MALE,INDIVIDUAL,862,Married
1873507,Albert,Armstrong,2014-09-30,MALE,INDIVIDUAL,958,Married
1873522,Lawrence,Gordon,1977-04-07,MALE,INDIVIDUAL,608,Single
1873566,Clarence,Morris,1998-03-29,MALE,INDIVIDUAL,46,Married
1873576,Andrew,Hudson,2015-11-25,MALE,INDIVIDUAL,38,Divorced
1873581,Janice,Jordan,1966-02-04,FEMALE,INDIVIDUAL,657,Single
1873599,Julie,Arnold,1963-11-10,FEMALE,INDIVIDUAL,68,Married
1873609,Maria,Fowler,1977-01-20,FEMALE,INDIVIDUAL,463,Single
1873863,Cas Ltd,,,,COMPANY,37,
1873885,Andrew,Miller,1977-07-29,MALE,INDIVIDUAL,855,Married
1873886,Alice,Burns,2012-09-26,FEMALE,INDIVIDUAL,99,Single
1873911,Cynthia,Ramirez,1957-03-22,FEMALE,INDIVIDUAL,656,Single
1873926,Brenda,Arnold,1985-02-19,FEMALE,INDIVIDUAL,774,Married
1873930,Matthew,Hart,1982-07-10,MALE,INDIVIDUAL,934,Single
1873944,Jesse,Patterson,2001-12-20,MALE,INDIVIDUAL,256,Married
1873945,John,Evans,1967-06-15,MALE,INDIVIDUAL,74,Single
1873947,Carol,Snyder,1976-01-30,FEMALE,INDIVIDUAL,454,Single
1874202,Brian,Rodriguez,1989-03-13,MALE,INDIVIDUAL,990,Single
1874211,Diana,Kim,2015-07-11,FEMALE,INDIVIDUAL,9,Married
1874229,Debra,Turner,1980-12-23,FEMALE,INDIVIDUAL,529,Married
1874231,Irene,Gibson,1998-07-01,FEMALE,INDIVIDUAL,609,Married
1874240,Helen,Fuller,1991-03-01,FEMALE,INDIVIDUAL,859,Married
1874248,Nancy,Montgomery,1968-11-21,FEMALE,INDIVIDUAL,314,Married
1874254,Denise,Gonzales,1979-02-28,FEMALE,INDIVIDUAL,279,Single
1874302,Doris,Harris,1980-07-09,FEMALE,INDIVIDUAL,610,Married
1874317,Eugene,Kelley,1979-08-12,MALE,INDIVIDUAL,55,Single
1874325,Antonio,Cook,2015-04-26,MALE,INDIVIDUAL,588,Divorced
1874353,Phillip,Garcia,1990-05-28,MALE,INDIVIDUAL,275,Single
1874633,William,Gomez,2015-09-25,MALE,INDIVIDUAL,26,Married
1874634,Raymond,Little,1977-12-13,MALE,INDIVIDUAL,304,Married
1874647,Craig,Richards,1975-07-30,MALE,INDIVIDUAL,73,Married
1874665,Helen,Sullivan,1999-02-06,FEMALE,INDIVIDUAL,363,Divorced
1874699,David,Harper,1980-02-15,MALE,INDIVIDUAL,381,Married
1874700,Charles,Ortiz,2012-09-06,MALE,INDIVIDUAL,299,Married
1874701,Jane,Wallace,2013-10-19,FEMALE,INDIVIDUAL,542,Married
1874702,Todd,Kelley,1981-05-06,MALE,INDIVIDUAL,941,Single
1874715,Ernest,George,2003-11-06,MALE,INDIVIDUAL,990,Married
1874717,Henry,Daniels,2007-01-27,MALE,INDIVIDUAL,328,Divorced
1874718,Thomas,Jones,1967-09-06,MALE,INDIVIDUAL,571,Single
1874724,Johnny,Medina,1967-03-17,MALE,INDIVIDUAL,38,Married
1874725,Mark,Rivera,2011-03-04,MALE,INDIVIDUAL,242,Married
1875048,Eric,Lee,2014-02-13,MALE,INDIVIDUAL,269,Single
1875050,Rebecca,Marshall,2015-08-27,FEMALE,INDIVIDUAL,633,Married
1875076,Mildred,King,1981-10-10,FEMALE,INDIVIDUAL,653,Single
1875079,Denise,Nichols,2009-11-01,FEMALE,INDIVIDUAL,152,Married
1875080,Jesse,Day,1979-03-17,MALE,INDIVIDUAL,942,Married
1875111,"Aldi, Ltd",,,,COMPANY,895,
1875114,Catherine,Weaver,1984-09-09,FEMALE,INDIVIDUAL,685,Married
1875134,Catherine,Garcia,1981-04-22,FEMALE,INDIVIDUAL,939,Single
1875507,Joseph,Scott,1975-08-25,MALE,INDIVIDUAL,577,Single
1875523,Edward,Chavez,1980-01-24,MALE,INDIVIDUAL,872,Married
1875529,Crosstex Corp,,,,COMPANY,28,
1875534,Gerald,Owens,1992-03-07,MALE,INDIVIDUAL,834,Single
1875561,DSE Ltd,,,,COMPANY,425,
1875571,Phillip,Banks,1986-05-29,MALE,INDIVIDUAL,81,Married
1875584,Todd,Richards,2015-01-16,MALE,INDIVIDUAL,902,Married
1875590,Jerry,Montgomery,2011-11-16,MALE,INDIVIDUAL,952,Married
1875618,Deborah,Perkins,1986-01-21,FEMALE,INDIVIDUAL,767,Married
1875652,Carlos,Lawrence,1978-02-01,MALE,INDIVIDUAL,663,Single
1876072,Kimberly,Day,2015-12-04,FEMALE,INDIVIDUAL,938,Single
1876073,Richard,Bailey,1980-10-24,MALE,INDIVIDUAL,641,Divorced
1876081,Nancy,Barnes,1983-09-20,FEMALE,INDIVIDUAL,149,Married
1876097,Martin,Mendoza,1985-02-12,MALE,INDIVIDUAL,325,Married
1876106,David,Ward,1981-10-22,MALE,INDIVIDUAL,619,Single
1876142,Linda,Walker,1980-05-07,FEMALE,INDIVIDUAL,300,Married
1876144,Karen,Fuller,1985-11-11,FEMALE,INDIVIDUAL,722,Married
1876151,Jack,Riley,1984-04-19,MALE,INDIVIDUAL,148,Married
1876152,Arthur,Hudson,2015-02-25,MALE,INDIVIDUAL,17,Married
1876153,Richard,Freeman,1983-11-08,MALE,INDIVIDUAL,11,Married
1876193,Angela,Andrews,2015-12-15,FEMALE,INDIVIDUAL,252,Single
1876194,Jessica,Morales,2009-02-08,FEMALE,INDIVIDUAL,947,Single
1876202,Susan,Fernandez,2015-11-16,FEMALE,INDIVIDUAL,947,Married
1876220,Jacqueline,Harper,1981-10-04,FEMALE,INDIVIDUAL,845,Divorced
1876639,Terry,Scott,1978-11-18,MALE,INDIVIDUAL,418,Married
1876695,Elizabeth,Moore,2013-05-31,FEMALE,INDIVIDUAL,898,Married
1876696,Ann,Harper,2013-05-31,FEMALE,INDIVIDUAL,189,Married
1876730,Henry,Lawrence,1976-12-18,MALE,INDIVIDUAL,453,Married
1876732,Phillip,Lane,1975-05-30,MALE,INDIVIDUAL,242,Married
1876748,Norma,Rogers,1974-05-13,FEMALE,INDIVIDUAL,922,Married
1877121,Christopher,Jordan,1976-03-01,MALE,INDIVIDUAL,135,Married
1877126,Ruby,Dean,1977-12-25,FEMALE,INDIVIDUAL,113,Divorced
1877150,VALU ,,,,COMPANY,71,
1877158,Angela,Fernandez,1985-01-19,FEMALE,INDIVIDUAL,788,Married
1877171,Diane,Gardner,1977-02-18,FEMALE,INDIVIDUAL,726,Married
1877637,Victor,Jones,2002-06-06,MALE,INDIVIDUAL,877,Single
1877638,James,Morris,1972-12-10,MALE,INDIVIDUAL,801,Single
1877656,Ryan,Robinson,1971-02-08,MALE,INDIVIDUAL,236,Divorced
1877657,Bobby,Chapman,2000-01-08,MALE,INDIVIDUAL,274,Married
1877704,Martin,Richards,1968-04-22,MALE,INDIVIDUAL,352,Married
1877705,Lisa,Ellis,2011-10-19,FEMALE,INDIVIDUAL,929,Divorced
1878016,Julia,Franklin,1996-12-04,FEMALE,INDIVIDUAL,457,Married
1878017,Brian,Scott,1959-10-16,MALE,INDIVIDUAL,968,Married
1878021,Stephanie,Fowler,1977-04-26,FEMALE,INDIVIDUAL,904,Married
1878028,Carl,Black,1972-09-21,MALE,INDIVIDUAL,232,Married
1878042,Billy,Edwards,1980-11-24,MALE,INDIVIDUAL,36,Single
1878043,Jeremy,Thompson,2011-04-20,MALE,INDIVIDUAL,72,Married
1878050,Wanda,Walker,1951-03-07,FEMALE,INDIVIDUAL,169,Married
1878054,Lori,Hill,2015-11-28,FEMALE,INDIVIDUAL,494,Single
1878056,Lisa,Russell,2015-10-28,FEMALE,INDIVIDUAL,374,Married
1878057,Christopher,Duncan,1972-05-12,MALE,INDIVIDUAL,61,Divorced
1878063,Janet,Ortiz,1986-05-03,FEMALE,INDIVIDUAL,595,Married
1878064,Joan,Wood,2015-12-14,FEMALE,INDIVIDUAL,36,Married
1878066,Russell,Butler,1980-10-09,MALE,INDIVIDUAL,487,Single
1878067,Jonathan,Robertson,2015-12-11,MALE,INDIVIDUAL,949,Married
1878070,Annie,Hughes,2015-02-15,FEMALE,INDIVIDUAL,345,Married
1878071,Gary,Morrison,1983-12-10,MALE,INDIVIDUAL,492,Married
1878074,Raymond,Lewis,1978-02-06,MALE,INDIVIDUAL,507,Single
1878117,Ruth,Evans,2013-01-10,FEMALE,INDIVIDUAL,724,Single
1878118,Carlos,Collins,1972-09-02,MALE,INDIVIDUAL,244,Single
1878133,Samuel,Reyes,2015-07-10,MALE,INDIVIDUAL,630,Married
1878136,Earl,Stewart,1994-12-12,MALE,INDIVIDUAL,871,Married
1878137,Randy,Thompson,1996-11-09,MALE,INDIVIDUAL,367,Married
1878144,Juan,Gardner,1990-09-21,MALE,INDIVIDUAL,911,Single
1878149,Alice,Gilbert,1988-06-27,FEMALE,INDIVIDUAL,78,Married
1878518,Jason,Peterson,1997-05-09,MALE,INDIVIDUAL,132,Divorced
1878539,Billy,Grant,2013-12-12,MALE,INDIVIDUAL,95,Single
1878540,Judith,Mitchell,2009-12-28,FEMALE,INDIVIDUAL,237,Married
1878554,Ashley,Mendoza,2015-12-02,FEMALE,INDIVIDUAL,67,Married
1878567,Ruby,Lee,1958-11-16,FEMALE,INDIVIDUAL,831,Married
1878583,Terry,Henry,1983-04-27,MALE,INDIVIDUAL,803,Married
1878906,Richard,Foster,1983-10-27,MALE,INDIVIDUAL,550,Single
1878907,Steven,Gilbert,2015-12-11,MALE,INDIVIDUAL,608,Married
1878913,Kenneth,Jordan,1958-04-09,MALE,INDIVIDUAL,735,Married
1878914,Eco Ltd,,,,COMPANY,48,
1878933,Stephanie,Weaver,1981-07-22,FEMALE,INDIVIDUAL,201,Single
1878972,Jason,Russell,1986-05-26,MALE,INDIVIDUAL,880,Married
1878977,Eugene,Chavez,1978-04-27,MALE,INDIVIDUAL,542,Married
1878981,Feelgood Corp,,,,COMPANY,80,
1878986,Stephen,Medina,2015-02-21,MALE,INDIVIDUAL,217,Married
1878987,Nicholas,Carpenter,1977-10-07,MALE,INDIVIDUAL,422,Single
1878989,Phillip,Tucker,1976-06-23,MALE,INDIVIDUAL,558,Divorced
1878990,Carlos,Alvarez,2011-10-20,MALE,INDIVIDUAL,565,Married
1879334,Jason,Mills,1988-09-26,MALE,INDIVIDUAL,231,Married
1879342,Bruce,Snyder,1979-11-28,MALE,INDIVIDUAL,376,Single
1879347,Barr Ltd,,,,COMPANY,30,
1879418,Eric,Ray,1961-10-24,MALE,INDIVIDUAL,963,Married
1879425,Edward,Patterson,1984-10-01,MALE,INDIVIDUAL,791,Married
1879443,Rose,Lee,1992-05-05,FEMALE,INDIVIDUAL,770,Married
1879454,Benjamin,Warren,1981-03-22,MALE,INDIVIDUAL,449,Single
1879472,Terry,Garcia,1981-05-22,MALE,INDIVIDUAL,264,Married
1879501,Brian,Mitchell,2015-02-20,MALE,INDIVIDUAL,916,Married
1879508,Kevin,Elliott,1960-05-21,MALE,INDIVIDUAL,343,Divorced
1879830,Sean,Taylor,1986-10-17,MALE,INDIVIDUAL,831,Single
1879865,1602041 Ltd,,,,COMPANY,229,
1879873,Michael,Green,1984-06-14,MALE,INDIVIDUAL,267,Married
1879874,Jacqueline,Hicks,2015-03-30,FEMALE,INDIVIDUAL,972,Married
1879895,Samuel,Mendoza,1975-12-01,MALE,INDIVIDUAL,681,Married
1879953,Louis,Lawrence,1987-08-01,MALE,INDIVIDUAL,975,Married
1880407,Gloria,Vasquez,1987-06-02,FEMALE,INDIVIDUAL,795,Single
1880423,Jessica,Cox,1971-03-22,FEMALE,INDIVIDUAL,478,Single
1880430,Walter,Alexander,1968-03-11,MALE,INDIVIDUAL,396,Single
1880443,Frances,Watson,1972-03-01,FEMALE,INDIVIDUAL,678,Single
1880445,Theresa,Willis,1985-07-19,FEMALE,INDIVIDUAL,276,Married
1880828,Mary,Peters,1968-03-03,FEMALE,INDIVIDUAL,81,Married
1880831,Kevin,Ruiz,1959-09-25,MALE,INDIVIDUAL,414,Married
1880839,Amanda,Williamson,1987-03-25,FEMALE,INDIVIDUAL,338,Single
1880850,Nicholas,Reynolds,1992-09-08,MALE,INDIVIDUAL,984,Married
1880866,Alice,Phillips,2015-12-29,FEMALE,INDIVIDUAL,240,Married
1880891,Robin,Wallace,2004-09-20,FEMALE,INDIVIDUAL,436,Single
1881319,Donna,Watson,2015-02-25,FEMALE,INDIVIDUAL,329,Married
1881320,Frank,Lawson,1973-03-09,MALE,INDIVIDUAL,75,Married
1881336,Rachel,Austin,1974-09-24,FEMALE,INDIVIDUAL,638,Single
1881352,Jose,Romero,1969-09-13,MALE,INDIVIDUAL,340,Married
1881585,Janet,Bishop,1997-01-17,FEMALE,INDIVIDUAL,427,Married
1881587,Shirley,Carpenter,2015-05-22,FEMALE,INDIVIDUAL,837,Divorced
1881589,Laura,Elliott,1976-08-06,FEMALE,INDIVIDUAL,463,Married
1881591,Terry,Larson,1968-09-26,MALE,INDIVIDUAL,157,Single
1881594,Elizabeth,Weaver,2015-12-18,FEMALE,INDIVIDUAL,446,Single
1881600,Jonathan,Martin,1975-09-13,MALE,INDIVIDUAL,297,Single
1881665,Mark,Coleman,2014-12-27,MALE,INDIVIDUAL,797,Married
1881666,Andrew,Walker,1981-01-20,MALE,INDIVIDUAL,452,Married
1881681,Elizabeth,Rodriguez,1977-12-29,FEMALE,INDIVIDUAL,619,Married
1881720,Robin,Hanson,1970-01-15,FEMALE,INDIVIDUAL,668,Married
1881741,Gary,Duncan,1980-11-12,MALE,INDIVIDUAL,193,Single
1881747,Douglas,Knight,2015-07-20,MALE,INDIVIDUAL,319,Divorced
1881763,Mark,Hamilton,2001-01-30,MALE,INDIVIDUAL,591,Single
1881775,Sean,Wheeler,1997-05-14,MALE,INDIVIDUAL,742,Divorced
1881795,Doris,Price,1993-08-14,FEMALE,INDIVIDUAL,992,Married
1881806,Cheryl,Ryan,1992-03-09,FEMALE,INDIVIDUAL,38,Single
1881811,Kathleen,Porter,1965-03-08,FEMALE,INDIVIDUAL,547,Single
1882106,Peaceful ,,,,COMPANY,916,
1882109,Pamela,Dixon,1967-06-03,FEMALE,INDIVIDUAL,54,Married
1882161,Ronald,Montgomery,1969-10-17,MALE,INDIVIDUAL,551,Married
1882163,Alan,Russell,1996-07-12,MALE,INDIVIDUAL,774,Single
1882164,Anthony,Bryant,1994-12-12,MALE,INDIVIDUAL,845,Divorced
1882165,Christopher,Gardner,2003-05-29,MALE,INDIVIDUAL,341,Married
1882190,Andrew,Pierce,1987-08-03,MALE,INDIVIDUAL,922,Married
1882191,Gary,Kelly,1970-11-10,MALE,INDIVIDUAL,420,Single
1882216,Virginia,Banks,1980-11-09,FEMALE,INDIVIDUAL,607,Married
1882237,Wanda,Anderson,1983-07-14,FEMALE,INDIVIDUAL,169,Married
1882557,Angela,Armstrong,2000-02-14,FEMALE,INDIVIDUAL,492,Married
1882559,Martin,Gutierrez,1970-07-05,MALE,INDIVIDUAL,873,Single
1882598,Amy,Kelley,1974-10-05,FEMALE,INDIVIDUAL,446,Single
1883430,Alan,Murphy,1984-07-02,MALE,INDIVIDUAL,620,Single
1883459,Lawrence,Burns,2001-07-01,MALE,INDIVIDUAL,234,Single
1883478,Alice,Scott,1984-10-30,FEMALE,INDIVIDUAL,984,Divorced
1883514,Patricia,Dean,1985-11-16,FEMALE,INDIVIDUAL,597,Married
1883553,Diane,Wood,1974-07-05,FEMALE,INDIVIDUAL,748,Single
1883562,Jeremy,Johnston,2015-11-05,MALE,INDIVIDUAL,296,Married
1883822,Patricia,Riley,1978-10-14,FEMALE,INDIVIDUAL,285,Married
1883825,Daniel,Rodriguez,1967-11-18,MALE,INDIVIDUAL,109,Single
1883845,Daniel,Bradley,1970-04-24,MALE,INDIVIDUAL,611,Married
1883850,Alan,Moreno,1973-11-06,MALE,INDIVIDUAL,461,Single
1883866,Marie,Simpson,1977-02-16,FEMALE,INDIVIDUAL,895,Divorced
1883926,Melissa,Long,2015-11-05,FEMALE,INDIVIDUAL,843,Divorced
1883934,Phyllis,Carpenter,1979-10-29,FEMALE,INDIVIDUAL,324,Single
1883946,Ryan,Miller,1978-06-07,MALE,INDIVIDUAL,256,Married
1884347,Betty,Gutierrez,1976-01-18,FEMALE,INDIVIDUAL,860,Single
1884352,Jeremy,Freeman,1997-10-05,MALE,INDIVIDUAL,539,Single
1884362,William,Harris,2008-07-23,MALE,INDIVIDUAL,624,Divorced
1884380,Larry,Morris,2015-08-11,MALE,INDIVIDUAL,737,Divorced
1884387,Richard,Gonzales,1980-05-31,MALE,INDIVIDUAL,727,Single
1884482,Aaron,Harvey,2015-10-30,MALE,INDIVIDUAL,450,Married
1884484,Eric,Banks,2015-10-30,MALE,INDIVIDUAL,149,Divorced
1884485,Frank,Gonzales,1982-07-10,MALE,INDIVIDUAL,661,Married
1884497,Annie,Sanders,1975-04-22,FEMALE,INDIVIDUAL,510,Married
1884506,Julia,Gomez,2004-11-11,FEMALE,INDIVIDUAL,209,Married
1884508,Jason,Gardner,1974-01-31,MALE,INDIVIDUAL,735,Married
1884827,Juan,Nguyen,1986-06-06,MALE,INDIVIDUAL,340,Married
1884876,Deborah,Garza,2012-08-16,FEMALE,INDIVIDUAL,881,Divorced
1884877,Jeffrey,Williams,1984-07-01,MALE,INDIVIDUAL,982,Married
1884879,Douglas,Wagner,2006-02-16,MALE,INDIVIDUAL,874,Married
1884891,Christina,Graham,2014-01-18,FEMALE,INDIVIDUAL,485,Single
1884906,Johnny,Larson,1970-03-05,MALE,INDIVIDUAL,158,Married
1884910,Emily,Stewart,1985-09-13,FEMALE,INDIVIDUAL,979,Single
1884973,Anna,Richardson,2014-07-15,FEMALE,INDIVIDUAL,29,Married
1884974,Willie,Green,1974-07-02,MALE,INDIVIDUAL,144,Divorced
1885333,Jason,Little,1971-07-20,MALE,INDIVIDUAL,651,Married
1885344,Justin,Fuller,2011-12-16,MALE,INDIVIDUAL,902,Married
1885345,Raymond,Reynolds,1976-02-09,MALE,INDIVIDUAL,236,Married
1885353,Roy,Ruiz,1983-02-24,MALE,INDIVIDUAL,672,Single
1885479,Jack,Robertson,1972-12-08,MALE,INDIVIDUAL,14,Single
1885765,US Corp,,,,COMPANY,662,
1885790,Bruce,Diaz,2005-05-24,MALE,INDIVIDUAL,222,Single
1885795,Joshua,Wells,1976-08-18,MALE,INDIVIDUAL,359,Married
1885802,Dasan Group,,,,COMPANY,908,
1885838,Juan,Black,1995-02-17,MALE,INDIVIDUAL,337,Divorced
1885882,Carolyn,Stanley,1958-07-21,FEMALE,INDIVIDUAL,967,Married
1886209,Steven,Harrison,2015-08-03,MALE,INDIVIDUAL,165,Single
1886210,Adam,Lopez,1982-07-09,MALE,INDIVIDUAL,581,Married
1886223,Edward,Austin,1965-12-03,MALE,INDIVIDUAL,69,Divorced
1886253,Roy,Evans,1986-06-24,MALE,INDIVIDUAL,79,Single
1886276,Karen,Lee,1982-04-13,FEMALE,INDIVIDUAL,845,Married
1886286,Elizabeth,Morgan,1967-08-05,FEMALE,INDIVIDUAL,285,Married
1886302,Stephanie,Arnold,2015-12-22,FEMALE,INDIVIDUAL,205,Married
1886314,Mary,Davis,1980-08-21,FEMALE,INDIVIDUAL,441,Divorced
1886316,Edward,Reynolds,2015-12-22,MALE,INDIVIDUAL,590,Married
1886356,Melissa,Little,1978-04-17,FEMALE,INDIVIDUAL,681,Married
1886686,Denise,Jenkins,1980-08-11,FEMALE,INDIVIDUAL,280,Single
1886694,Paul,Alvarez,1983-08-11,MALE,INDIVIDUAL,607,Divorced
1886695,Ernest,Morales,2014-04-03,MALE,INDIVIDUAL,321,Married
1886703,David,Fox,1993-09-14,MALE,INDIVIDUAL,580,Married
1886717,Lori,Knight,2015-10-20,FEMALE,INDIVIDUAL,960,Single
1886718,Mildred,Grant,1993-05-21,FEMALE,INDIVIDUAL,183,Married
1886721,Henry,Hernandez,1986-03-22,MALE,INDIVIDUAL,544,Married
1886732,Carl,Mills,2015-12-14,MALE,INDIVIDUAL,602,Married
1886746,Mark,Banks,1982-07-07,MALE,INDIVIDUAL,12,Single
1886752,Tina,Elliott,1990-08-01,FEMALE,INDIVIDUAL,651,Single
1886765,Tina,Cunningham,2015-12-06,FEMALE,INDIVIDUAL,50,Single
1886780,Bobby,Gardner,1991-04-12,MALE,INDIVIDUAL,728,Single
1886832,Kenneth,Dixon,1975-01-11,MALE,INDIVIDUAL,687,Married
1886835,Sara,Ruiz,1977-05-14,FEMALE,INDIVIDUAL,871,Married
1886847,Jack,Castillo,1982-01-23,MALE,INDIVIDUAL,641,Married
1886855,Amy,Diaz,1983-03-16,FEMALE,INDIVIDUAL,55,Married
1887524,Katherine,Jenkins,2013-07-06,FEMALE,INDIVIDUAL,484,Single
1887525,Stephen,Berry,2015-03-28,MALE,INDIVIDUAL,728,Divorced
1887526,Scott,Howard,1975-09-22,MALE,INDIVIDUAL,309,Married
1887551,Steven,Kelly,2016-01-13,MALE,INDIVIDUAL,984,Married
1887564,Joan,Green,1992-02-24,FEMALE,INDIVIDUAL,470,Married
1887600,Johnny,Green,1981-05-24,MALE,INDIVIDUAL,890,Married
1887607,Roger,Murphy,1976-10-17,MALE,INDIVIDUAL,787,Single
1887609,Denise,Allen,1981-11-29,FEMALE,INDIVIDUAL,109,Single
1887940,Timothy,Hall,1982-03-08,MALE,INDIVIDUAL,948,Single
1887970,Brian,Rivera,2014-03-07,MALE,INDIVIDUAL,846,Married
1887980,Diana,Spencer,1964-08-03,FEMALE,INDIVIDUAL,99,Married
1887981,David,Gray,2015-07-24,MALE,INDIVIDUAL,196,Married
1888012,Irene,Kelly,1971-08-12,FEMALE,INDIVIDUAL,363,Divorced
1888304,RDM Corp,,,,COMPANY,905,
1888355,Nancy,Wilson,1977-10-19,FEMALE,INDIVIDUAL,54,Married
1888379,Judith,Gonzalez,1971-05-17,FEMALE,INDIVIDUAL,958,Married
1888441,Raymond,Griffin,1993-12-21,MALE,INDIVIDUAL,478,Married
1888461,Tammy,Cruz,1960-11-26,FEMALE,INDIVIDUAL,987,Single
1888810,Ronald,Lewis,1983-09-18,MALE,INDIVIDUAL,349,Married
1888812,Kimberly,Fowler,2013-04-13,FEMALE,INDIVIDUAL,571,Married
1888813,Phillip,Rice,1978-10-02,MALE,INDIVIDUAL,512,Single
1888820,Jessica,Lawrence,1975-02-22,FEMALE,INDIVIDUAL,6,Married
1888823,Morton Group,,,,COMPANY,138,
1888850,Betty,Miller,1991-08-12,FEMALE,INDIVIDUAL,615,Married
1888861,Teresa,Burton,1987-08-04,FEMALE,INDIVIDUAL,744,Married
1888867,Matthew,Gutierrez,1989-10-22,MALE,INDIVIDUAL,887,Married
1888890,Norma,Ferguson,1987-05-29,FEMALE,INDIVIDUAL,387,Divorced
1888934,William,Hansen,1984-07-18,MALE,INDIVIDUAL,585,Single
1888951,Roy,Collins,1997-12-13,MALE,INDIVIDUAL,698,Single
1889312,Ernest,Hanson,1979-12-01,MALE,INDIVIDUAL,691,Single
1889313,Aaron,Russell,2014-01-09,MALE,INDIVIDUAL,896,Single
1889821,Alan,Spencer,1989-05-15,MALE,INDIVIDUAL,162,Single
1889854,Jeffrey,Nguyen,2015-08-18,MALE,INDIVIDUAL,416,Single
1889855,Gerald,Nelson,1974-10-12,MALE,INDIVIDUAL,466,Married
1889874,Diana,Morris,1988-11-17,FEMALE,INDIVIDUAL,565,Single
1890190,Jose,Miller,2009-08-05,MALE,INDIVIDUAL,53,Married
1890191,Billy,Kim,1975-01-21,MALE,INDIVIDUAL,532,Single
1890234,Anne,Bell,1970-12-26,FEMALE,INDIVIDUAL,163,Married
1890291,Antonio,Watkins,1959-01-28,MALE,INDIVIDUAL,77,Married
1890563,Mildred,Foster,1973-12-25,FEMALE,INDIVIDUAL,665,Married
1890576,Douglas,Austin,1990-09-19,MALE,INDIVIDUAL,419,Single
1890577,Juan,Ruiz,1968-02-07,MALE,INDIVIDUAL,656,Single
1890589,Wayne,Ryan,1959-07-07,MALE,INDIVIDUAL,572,Divorced
1890618,Henry,Carroll,1974-12-06,MALE,INDIVIDUAL,620,Single
1890631,Louis,Elliott,1984-08-14,MALE,INDIVIDUAL,30,Single
1890636,Phyllis,Lane,1987-07-28,FEMALE,INDIVIDUAL,211,Married
1890653,Catherine,Peters,2015-12-15,FEMALE,INDIVIDUAL,590,Single
1890676,Helen,Mitchell,1986-02-18,FEMALE,INDIVIDUAL,848,Married
1890687,Stephanie,Richards,1981-09-07,FEMALE,INDIVIDUAL,548,Single
1890702,Billy,Hanson,1987-09-21,MALE,INDIVIDUAL,346,Married
1890716,Jeremy,Cook,1985-02-23,MALE,INDIVIDUAL,217,Married
1890718,Debra,Franklin,2016-01-13,FEMALE,INDIVIDUAL,961,Married
1891060,Patrick,Hicks,1987-12-03,MALE,INDIVIDUAL,817,Single
1891109,Russell,Romero,2012-07-15,MALE,INDIVIDUAL,307,Married
1891110,Fred,Hawkins,1978-08-09,MALE,INDIVIDUAL,136,Single
1891114,Virginia,Lopez,1977-01-05,FEMALE,INDIVIDUAL,372,Married
1891121,Andrea,Snyder,2014-08-29,FEMALE,INDIVIDUAL,623,Married
1891132,Patrick,Ward,1981-04-26,MALE,INDIVIDUAL,218,Married
1891448,Debra,Nguyen,1966-11-25,FEMALE,INDIVIDUAL,137,Married
1891507,Cheryl,Washington,1980-09-09,FEMALE,INDIVIDUAL,735,Married
1891563,James,Harvey,1979-03-23,MALE,INDIVIDUAL,957,Married
1891844,Kathy,Morrison,1982-06-22,FEMALE,INDIVIDUAL,712,Single
1891891,Bruce,Simpson,1967-03-23,MALE,INDIVIDUAL,697,Single
1891903,Sara,Marshall,1990-10-04,FEMALE,INDIVIDUAL,869,Single
1891933,Henry,Williams,1975-06-06,MALE,INDIVIDUAL,760,Divorced
1891934,Wanda,Burton,1964-04-25,FEMALE,INDIVIDUAL,814,Married
1891945,Julia,Henderson,1985-06-28,FEMALE,INDIVIDUAL,661,Married
1891953,Frances,Reyes,2015-10-15,FEMALE,INDIVIDUAL,271,Divorced
1891966,Dennis,Taylor,1965-02-02,MALE,INDIVIDUAL,176,Single
1891967,Diane,Campbell,2007-09-19,FEMALE,INDIVIDUAL,450,Single
1892007,Arthur,Lawrence,2014-03-17,MALE,INDIVIDUAL,810,Married
1892321,Matthew,Carroll,1957-09-04,MALE,INDIVIDUAL,213,Married
1892334,Clarence,Hernandez,1983-09-20,MALE,INDIVIDUAL,265,Married
1892337,Martin,Williamson,1971-01-07,MALE,INDIVIDUAL,792,Married
1892345,Russell,Shaw,1976-09-22,MALE,INDIVIDUAL,822,Married
1892346,Ryan,Cox,2007-09-26,MALE,INDIVIDUAL,810,Single
1892348,Jimmy,Bradley,1968-05-01,MALE,INDIVIDUAL,801,Married
1892681,Walter,Stanley,1976-10-23,MALE,INDIVIDUAL,403,Married
1892683,Kathy,Dean,2016-01-09,FEMALE,INDIVIDUAL,588,Married
1892687,Ralph,Franklin,1971-01-25,MALE,INDIVIDUAL,577,Divorced
1892694,Kathy,Fisher,2010-12-29,FEMALE,INDIVIDUAL,74,Single
1892707,Barbara,Jacobs,1979-07-10,FEMALE,INDIVIDUAL,117,Married
1892718,Jimmy,Ruiz,1985-05-28,MALE,INDIVIDUAL,70,Single
1892745,David,Greene,2001-05-29,MALE,INDIVIDUAL,742,Single
1892783,Sara,Jenkins,1983-09-17,FEMALE,INDIVIDUAL,944,Married
1892798,Phillip,Kelly,1967-08-14,MALE,INDIVIDUAL,712,Single
1892811,Kathleen,Gardner,2016-01-14,FEMALE,INDIVIDUAL,253,Divorced
1892825,Jacqueline,Miller,1991-03-08,FEMALE,INDIVIDUAL,873,Married
1892851,Deborah,Simpson,2016-01-25,FEMALE,INDIVIDUAL,575,Single
1892894,Harry,Carr,1996-09-17,MALE,INDIVIDUAL,492,Married
1893264,Michelle,Gibson,1986-04-02,FEMALE,INDIVIDUAL,198,Single
1893268,Steven,Gordon,2015-04-17,MALE,INDIVIDUAL,33,Divorced
1893269,Jack,George,1969-01-31,MALE,INDIVIDUAL,982,Married
1893273,Kathryn,Collins,1980-06-08,FEMALE,INDIVIDUAL,861,Married
1893287,Kenneth,Simpson,1979-07-25,MALE,INDIVIDUAL,843,Single
1893298,Anthony,Shaw,1976-09-12,MALE,INDIVIDUAL,775,Married
1893319,Judith,Lawson,1984-06-21,FEMALE,INDIVIDUAL,213,Divorced
1893333,Richard,Meyer,2012-09-27,MALE,INDIVIDUAL,387,Married
1893346,Jerry,Kim,1996-10-21,MALE,INDIVIDUAL,536,Single
1893375,Dorothy,Mcdonald,1972-03-30,FEMALE,INDIVIDUAL,307,Married
1893384,Laura,Garcia,2010-03-11,FEMALE,INDIVIDUAL,48,Married
1893385,Johnny,Young,2015-05-21,MALE,INDIVIDUAL,584,Married
1893386,Todd,Johnston,1982-09-19,MALE,INDIVIDUAL,633,Married
1893398,Donna,Ward,2016-02-09,FEMALE,INDIVIDUAL,445,Married
1893681,Ernest,Diaz,1981-01-25,MALE,INDIVIDUAL,839,Married
1893682,Christine,Washington,2015-04-20,FEMALE,INDIVIDUAL,329,Single
1893709,Martin,Shaw,2011-12-30,MALE,INDIVIDUAL,344,Married
1893768,Roy,Fox,1983-10-11,MALE,INDIVIDUAL,900,Single
1893801,Lawrence,Roberts,1977-04-19,MALE,INDIVIDUAL,711,Married
1893802,Shawn,Fox,2014-05-02,MALE,INDIVIDUAL,758,Divorced
1893825,Howard,Kelley,1976-03-21,MALE,INDIVIDUAL,372,Married
1894216,Scott,Cook,1978-04-02,MALE,INDIVIDUAL,718,Single
1894217,Brian,Welch,2015-05-04,MALE,INDIVIDUAL,809,Single
1894251,Joe,Mills,1978-10-19,MALE,INDIVIDUAL,63,Married
1894256,Nicholas,Johnson,2016-02-10,MALE,INDIVIDUAL,924,Married
1894263,Joe,Hamilton,2012-12-18,MALE,INDIVIDUAL,922,Married
1894288,Ronald,Hawkins,2015-11-07,MALE,INDIVIDUAL,828,Married
1894289,Thomas,Henderson,1985-07-04,MALE,INDIVIDUAL,355,Divorced
1894329,Daniel,Olson,2015-05-20,MALE,INDIVIDUAL,244,Married
1894383,Laura,Howard,2013-10-01,FEMALE,INDIVIDUAL,618,Divorced
1894720,Phyllis,Stone,1973-06-17,FEMALE,INDIVIDUAL,370,Married
1894749,Joan,Shaw,2015-06-17,FEMALE,INDIVIDUAL,931,Divorced
1894774,Antonio,Foster,1968-01-05,MALE,INDIVIDUAL,634,Married
1894776,Susan,Henderson,2006-05-05,FEMALE,INDIVIDUAL,729,Single
1894815,Roy,Elliott,1970-03-21,MALE,INDIVIDUAL,973,Single
1894844,Shawn,Weaver,1991-12-16,MALE,INDIVIDUAL,336,Married
1895234,Martin,Warren,1960-03-25,MALE,INDIVIDUAL,301,Divorced
1895235,Michael,Wright,1995-08-08,MALE,INDIVIDUAL,716,Married
1895575,Carol,Walker,1973-07-16,FEMALE,INDIVIDUAL,64,Divorced
1895665,Daniel,Cook,1980-05-01,MALE,INDIVIDUAL,215,Married
1895669,Beverly,Holmes,1978-05-08,FEMALE,INDIVIDUAL,340,Single
1895706,Stephen,Simmons,2002-09-18,MALE,INDIVIDUAL,419,Single
1895707,Patrick,Butler,2004-09-04,MALE,INDIVIDUAL,908,Single
1896085,Adam,Russell,1980-09-26,MALE,INDIVIDUAL,549,Married
1896099,Willie,Carpenter,1975-02-09,MALE,INDIVIDUAL,967,Divorced
1896133,Cynthia,Cox,1986-09-18,FEMALE,INDIVIDUAL,382,Married
1896469,Walter,George,1972-05-22,MALE,INDIVIDUAL,635,Married
1896475,Louise,Ramos,1969-07-31,FEMALE,INDIVIDUAL,569,Married
1896477,Christopher,Schmidt,2009-01-21,MALE,INDIVIDUAL,46,Married
1896503,Todd,Berry,1979-01-09,MALE,INDIVIDUAL,42,Married
1896504,Theresa,Ramirez,1980-07-10,FEMALE,INDIVIDUAL,247,Single
1896513,Daniel,Kelley,1976-07-16,MALE,INDIVIDUAL,90,Married
1896530,John,Mills,2016-02-03,MALE,INDIVIDUAL,774,Single
1896538,Margaret,Cooper,1966-12-07,FEMALE,INDIVIDUAL,929,Married
1896563,Robert,Hunt,2007-07-14,MALE,INDIVIDUAL,403,Single
1896589,Melissa,Stone,2015-12-15,FEMALE,INDIVIDUAL,415,Single
1896590,Ruby,Fields,2015-12-15,FEMALE,INDIVIDUAL,283,Married
1896591,Timothy,Ross,1979-03-13,MALE,INDIVIDUAL,884,Married
1896597,Andrew,Cook,1957-07-18,MALE,INDIVIDUAL,29,Single
1896599,Ashley,Arnold,1994-09-21,FEMALE,INDIVIDUAL,921,Married
1896610,Mark,Simpson,1978-02-21,MALE,INDIVIDUAL,765,Single
1896624,Jesse,Chavez,2010-08-12,MALE,INDIVIDUAL,255,Married
1896884,George,West,1980-10-03,MALE,INDIVIDUAL,104,Divorced
1897243,Wayne,Morrison,2015-05-12,MALE,INDIVIDUAL,319,Single
1897245,Carl,Schmidt,1986-12-03,MALE,INDIVIDUAL,330,Married
1897259,Patrick,Bell,2014-02-07,MALE,INDIVIDUAL,508,Married
1897260,Bruce,Palmer,2011-05-31,MALE,INDIVIDUAL,769,Single
1897270,Tina,Daniels,1981-12-17,FEMALE,INDIVIDUAL,702,Married
1897274,Debra,Morgan,1992-10-06,FEMALE,INDIVIDUAL,930,Married
1897275,Christine,Russell,2011-09-04,FEMALE,INDIVIDUAL,480,Single
1897306,Randy,Peters,1974-01-13,MALE,INDIVIDUAL,270,Married
1897341,Phillip,Clark,1978-10-06,MALE,INDIVIDUAL,853,Married
1897612,Laura,Hill,1987-07-05,FEMALE,INDIVIDUAL,319,Divorced
1897615,Virginia,Garrett,2015-06-03,FEMALE,INDIVIDUAL,796,Married
1897678,Raymond,Lopez,1976-04-07,MALE,INDIVIDUAL,46,Single
1898181,Lori,Schmidt,1971-06-03,FEMALE,INDIVIDUAL,65,Single
1898198,Robin,George,1980-02-29,FEMALE,INDIVIDUAL,98,Divorced
1898216,Christina,Barnes,1972-09-25,FEMALE,INDIVIDUAL,699,Married
1898485,Shawn,Chapman,1981-02-19,MALE,INDIVIDUAL,72,Married
1898490,Marie,Wagner,1983-10-01,FEMALE,INDIVIDUAL,219,Married
1898526,Randy,Sullivan,2013-06-11,MALE,INDIVIDUAL,908,Divorced
1898527,Robert,Hall,1976-06-24,MALE,INDIVIDUAL,559,Married
1898547,Ronald,Sullivan,2015-05-03,MALE,INDIVIDUAL,287,Single
1898592,Helen,Jenkins,1983-08-11,FEMALE,INDIVIDUAL,364,Married
1898851,Samuel,Meyer,1970-01-20,MALE,INDIVIDUAL,531,Married
1898871,Craig,Harris,1991-01-19,MALE,INDIVIDUAL,212,Married
1898883,Jesse,Turner,1987-02-05,MALE,INDIVIDUAL,858,Single
1898937,Anne,Gutierrez,1982-11-06,FEMALE,INDIVIDUAL,766,Divorced
1898939,Teresa,Mills,1982-07-20,FEMALE,INDIVIDUAL,216,Married
1898940,Ruby,Chavez,1985-02-05,FEMALE,INDIVIDUAL,336,Single
1898951,Robert,Hamilton,2014-12-08,MALE,INDIVIDUAL,40,Married
1899178,William,Andrews,1980-06-03,MALE,INDIVIDUAL,560,Single
1899187,Diana,Hughes,1973-05-21,FEMALE,INDIVIDUAL,277,Single
1899230,Virginia,Hawkins,2009-08-19,FEMALE,INDIVIDUAL,482,Married
1899231,James,Wright,1967-07-29,MALE,INDIVIDUAL,514,Married
1899263,Gregory,Frazier,1982-10-18,MALE,INDIVIDUAL,29,Divorced
1899548,Pamela,Davis,1982-07-02,FEMALE,INDIVIDUAL,960,Married
1899618,Kathleen,Tucker,1986-12-09,FEMALE,INDIVIDUAL,661,Divorced
1899633,Andrea,Johnson,2015-05-31,FEMALE,INDIVIDUAL,827,Married
1899848,Earl,Wright,1983-11-18,MALE,INDIVIDUAL,556,Married
1899906,Peter,Myers,1976-03-25,MALE,INDIVIDUAL,201,Married
1899938,Donna,Perez,1995-01-25,FEMALE,INDIVIDUAL,467,Single
1899958,Gregory,Medina,1986-04-05,MALE,INDIVIDUAL,258,Single
1899975,Kathryn,Crawford,2002-11-14,FEMALE,INDIVIDUAL,328,Married
1899977,Robert,Bishop,1978-08-31,MALE,INDIVIDUAL,69,Single
1900265,Betty,Murray,1979-04-24,FEMALE,INDIVIDUAL,862,Married
1900266,Cheryl,Franklin,1981-08-09,FEMALE,INDIVIDUAL,591,Divorced
1900273,Brenda,Williamson,2016-02-02,FEMALE,INDIVIDUAL,329,Married
1900279,Jason,Lane,2015-02-12,MALE,INDIVIDUAL,879,Married
1900280,Justin,Ward,1981-04-07,MALE,INDIVIDUAL,147,Married
1900325,Susan,Barnes,1988-08-25,FEMALE,INDIVIDUAL,549,Divorced
1900606,Dorothy,Reid,1971-01-25,FEMALE,INDIVIDUAL,327,Single
1900610,Cheryl,Young,1982-06-21,FEMALE,INDIVIDUAL,482,Married
1900625,Martha,Gibson,2001-06-15,FEMALE,INDIVIDUAL,635,Married
1900650,Julia,Dixon,1969-08-30,FEMALE,INDIVIDUAL,247,Married
1900893,Fallien Corp,,,,COMPANY,528,
1900894,Jacqueline,Robinson,1982-02-10,FEMALE,INDIVIDUAL,392,Married
1901027,Beverly,Nichols,1979-12-24,FEMALE,INDIVIDUAL,472,Divorced
1901077,Kathleen,Grant,1989-06-06,FEMALE,INDIVIDUAL,363,Married
1901297,Jessica,Robinson,1960-07-31,FEMALE,INDIVIDUAL,233,Single
1901407,Cynthia,Nichols,1959-12-09,FEMALE,INDIVIDUAL,195,Married
1901469,Michael,Murray,1978-08-28,MALE,INDIVIDUAL,294,Married
1901714,Christopher,Torres,1975-01-16,MALE,INDIVIDUAL,133,Married
1901733,Harold,Hawkins,1976-08-26,MALE,INDIVIDUAL,670,Married
1901734,Eugene,Willis,2012-07-29,MALE,INDIVIDUAL,318,Married
1901780,Christina,Stone,2001-09-26,FEMALE,INDIVIDUAL,38,Married
1901781,Aaron,Gardner,1963-03-27,MALE,INDIVIDUAL,270,Divorced
1901828,Mary,Freeman,1985-09-17,FEMALE,INDIVIDUAL,15,Married
1901833,Kathleen,Fernandez,2012-08-02,FEMALE,INDIVIDUAL,510,Single
1901863,Kathryn,Griffin,1980-12-02,FEMALE,INDIVIDUAL,916,Married
1901864,Theresa,Mendoza,1983-02-28,FEMALE,INDIVIDUAL,429,Married
1901871,Beverly,Harris,2016-02-26,FEMALE,INDIVIDUAL,381,Divorced
1901874,Tina,Jones,1976-06-13,FEMALE,INDIVIDUAL,17,Married
1901887,Benjamin,Alvarez,2016-02-26,MALE,INDIVIDUAL,684,Single
1901890,Heather,James,2015-01-12,FEMALE,INDIVIDUAL,828,Divorced
1903186,Inel Ltd,,,,COMPANY,616,
1903230,Nicholas,Roberts,1972-09-13,MALE,INDIVIDUAL,806,Married
1903265,Willie,Hall,1985-01-21,MALE,INDIVIDUAL,759,Divorced
1903273,Emily,Young,1979-12-09,FEMALE,INDIVIDUAL,669,Single
1903608,Harold,Duncan,1984-11-01,MALE,INDIVIDUAL,630,Married
1903634,Joshua,Griffin,1967-08-22,MALE,INDIVIDUAL,774,Divorced
1903677,Paul,Stevens,2015-05-19,MALE,INDIVIDUAL,264,Married
1903973,Gloria,Ross,1961-04-14,FEMALE,INDIVIDUAL,969,Married
1903986,Sandra,Castillo,1976-11-05,FEMALE,INDIVIDUAL,540,Single
1904041,Andrew,Lee,1971-04-22,MALE,INDIVIDUAL,473,Divorced
1904062,Jack,Thomas,1989-11-15,MALE,INDIVIDUAL,516,Married
1904065,Ashley,Bennett,1963-09-20,FEMALE,INDIVIDUAL,600,Single
1904096,Amanda,Austin,2011-12-01,FEMALE,INDIVIDUAL,558,Married
1904097,Patricia,Hughes,2015-09-18,FEMALE,INDIVIDUAL,954,Single
1904107,Gloria,Hansen,1981-09-25,FEMALE,INDIVIDUAL,888,Married
1904110,Julia,Morris,2014-01-11,FEMALE,INDIVIDUAL,885,Married
1904390,Cynthia,Ross,1976-02-16,FEMALE,INDIVIDUAL,931,Single
1904403,Sean,Jones,1980-04-29,MALE,INDIVIDUAL,299,Married
1904435,Heather,Greene,1985-01-09,FEMALE,INDIVIDUAL,373,Married
1904446,Benjamin,Ramirez,2008-12-08,MALE,INDIVIDUAL,411,Single
1904448,Cheryl,Grant,1995-10-29,FEMALE,INDIVIDUAL,264,Single
1904452,Marilyn,Lane,1986-01-30,FEMALE,INDIVIDUAL,163,Single
1904453,Tammy,Richardson,1988-09-20,FEMALE,INDIVIDUAL,200,Married
1904462,Lisa,Peterson,2008-07-03,FEMALE,INDIVIDUAL,579,Married
1904464,Nicholas,Castillo,1965-03-28,MALE,INDIVIDUAL,142,Married
1904465,Cheryl,Morales,2010-11-29,FEMALE,INDIVIDUAL,887,Divorced
1904496,Russell,Stanley,2016-02-10,MALE,INDIVIDUAL,434,Married
1904503,Shawn,Robertson,1982-11-26,MALE,INDIVIDUAL,45,Single
1904504,Gary,Myers,2015-06-12,MALE,INDIVIDUAL,938,Married
1904791,Laura,Knight,1969-05-15,FEMALE,INDIVIDUAL,780,Single
1904876,Billy,Turner,1970-09-25,MALE,INDIVIDUAL,506,Married
1905184,Sean,Fernandez,1989-03-04,MALE,INDIVIDUAL,709,Married
1905218,Debra,Duncan,2005-04-18,FEMALE,INDIVIDUAL,80,Single
1905264,Lawrence,Chavez,1986-06-21,MALE,INDIVIDUAL,337,Married
1905598,Robin,Dixon,2013-12-11,FEMALE,INDIVIDUAL,960,Divorced
1905599,Larry,Andrews,1975-12-31,MALE,INDIVIDUAL,933,Married
1905614,Jean,Nguyen,2012-11-21,FEMALE,INDIVIDUAL,929,Single
1905628,Janet,Fields,1961-02-01,FEMALE,INDIVIDUAL,335,Married
1905644,Terry,Green,1974-03-07,MALE,INDIVIDUAL,144,Married
1905653,Carol,Williams,1979-02-13,FEMALE,INDIVIDUAL,637,Married
1905663,Kao Group,,,,COMPANY,950,
1905672,Catherine,Lopez,1980-08-08,FEMALE,INDIVIDUAL,880,Married
1905693,Todd,Foster,2015-12-10,MALE,INDIVIDUAL,201,Married
1905694,Dennis,Dean,1988-10-26,MALE,INDIVIDUAL,932,Married
1905701,ATOMY Group,,,,COMPANY,324,
1905921,Mary,Bishop,1977-04-20,FEMALE,INDIVIDUAL,616,Married
1905924,Carol,Gomez,1998-11-14,FEMALE,INDIVIDUAL,198,Divorced
1905964,Jonathan,Phillips,2016-03-14,MALE,INDIVIDUAL,196,Single
1905979,Justin,Williams,2015-10-17,MALE,INDIVIDUAL,457,Married
1905980,Billy,White,1985-06-21,MALE,INDIVIDUAL,233,Married
1906035,Lisa,Austin,1981-09-01,FEMALE,INDIVIDUAL,553,Married
1906269,Albert,Butler,2016-03-24,MALE,INDIVIDUAL,159,Divorced
1906280,Keith,Dean,2015-03-24,MALE,INDIVIDUAL,813,Married
1906292,Deborah,Tucker,1984-09-07,FEMALE,INDIVIDUAL,880,Single
1906300,Lawrence,Boyd,1975-07-01,MALE,INDIVIDUAL,965,Married
1906302,Jonathan,Hernandez,2015-07-02,MALE,INDIVIDUAL,815,Married
1906370,Donna,Johnston,2016-03-16,FEMALE,INDIVIDUAL,629,Married
1906377,Justin,Hanson,1971-08-18,MALE,INDIVIDUAL,287,Married
1906388,Jose,Riley,1971-10-08,MALE,INDIVIDUAL,27,Married
1906639,Diana,Roberts,1992-02-14,FEMALE,INDIVIDUAL,374,Single
1906664,Annie,Thomas,1981-01-02,FEMALE,INDIVIDUAL,619,Married
1906678,Barbara,Dean,1976-07-07,FEMALE,INDIVIDUAL,139,Married
1906702,Willie,George,2015-12-28,MALE,INDIVIDUAL,814,Single
1906703,Gerald,Cox,1983-10-08,MALE,INDIVIDUAL,104,Married
1906711,Jessica,Simmons,2016-02-03,FEMALE,INDIVIDUAL,754,Married
1906781,Terry,Day,1983-01-17,MALE,INDIVIDUAL,197,Married
1907148,Carl,Bishop,1968-05-30,MALE,INDIVIDUAL,250,Single
1907182,Joshua,Hamilton,1973-06-17,MALE,INDIVIDUAL,527,Married
1907204,Joyce,Phillips,1974-01-08,FEMALE,INDIVIDUAL,576,Single
1907208,Deborah,Hughes,1993-09-18,FEMALE,INDIVIDUAL,519,Married
1907209,Matthew,Murphy,1959-11-26,MALE,INDIVIDUAL,70,Married
1907494,Michael,Garrett,2016-03-13,MALE,INDIVIDUAL,257,Single
1907521,Carolyn,Dixon,2010-06-21,FEMALE,INDIVIDUAL,162,Married
1907549,Scott,Mason,1979-11-22,MALE,INDIVIDUAL,450,Married
1907553,Lillian,Hanson,1987-02-25,FEMALE,INDIVIDUAL,766,Married
1907865,Betty,Oliver,1987-01-06,FEMALE,INDIVIDUAL,547,Married
1907875,Terry,Sims,1975-07-07,MALE,INDIVIDUAL,34,Married
1907997,Stephen,Mccoy,2012-11-06,MALE,INDIVIDUAL,485,Married
1907998,Kevin,Sanchez,1981-08-19,MALE,INDIVIDUAL,463,Single
1908229,Fullerton Corp,,,,COMPANY,513,
1908243,Lillian,Duncan,2015-12-18,FEMALE,INDIVIDUAL,838,Divorced
1908244,Jose,Gomez,1988-05-18,MALE,INDIVIDUAL,697,Single
1908278,Debra,Frazier,1989-04-15,FEMALE,INDIVIDUAL,753,Divorced
1908282,Phyllis,Williams,1977-03-28,FEMALE,INDIVIDUAL,568,Single
1908294,Bruce,Ramos,1984-04-07,MALE,INDIVIDUAL,925,Married
1908296,Sean,Castillo,2014-09-20,MALE,INDIVIDUAL,122,Single
1908314,Irene,Hernandez,2002-11-29,FEMALE,INDIVIDUAL,636,Married
1908351,Roger,Foster,1976-02-07,MALE,INDIVIDUAL,832,Married
1908594,Billy,Richardson,1975-05-07,MALE,INDIVIDUAL,6,Single
1908634,James,Day,1998-05-21,MALE,INDIVIDUAL,3,Single
1908656,Angela,Rice,1989-07-07,FEMALE,INDIVIDUAL,336,Married
1908669,Eugene,Howard,1987-10-17,MALE,INDIVIDUAL,186,Single
1908708,Juan,Tucker,1967-08-03,MALE,INDIVIDUAL,52,Single
1908728,Craig,Parker,1978-11-26,MALE,INDIVIDUAL,393,Married
1908767,Peter,Hawkins,2016-03-17,MALE,INDIVIDUAL,980,Married
1908769,Margaret,Lopez,1975-07-07,FEMALE,INDIVIDUAL,218,Single
1908775,Joan,Scott,2014-03-25,FEMALE,INDIVIDUAL,583,Married
1910016,L.N.K. Ltd,,,,COMPANY,729,
1910032,Kathleen,Ellis,2013-04-29,FEMALE,INDIVIDUAL,638,Married
1910077,Laura,Ford,1962-03-01,FEMALE,INDIVIDUAL,447,Married
1910130,Victor,Medina,1981-03-18,MALE,INDIVIDUAL,39,Married
1910140,Jacqueline,Spencer,1983-07-12,FEMALE,INDIVIDUAL,788,Married
1910165,Anthony,Burns,1978-05-15,MALE,INDIVIDUAL,339,Married
1910182,Beverly,Sanchez,1984-02-06,FEMALE,INDIVIDUAL,397,Single
1910390,Scott,Kennedy,2012-03-12,MALE,INDIVIDUAL,237,Single
1910414,Alan,Richardson,2014-05-27,MALE,INDIVIDUAL,575,Married
1910417,Lawrence,Gonzales,2015-08-26,MALE,INDIVIDUAL,144,Married
1910422,Lois,Riley,1981-11-11,FEMALE,INDIVIDUAL,855,Married
1910431,Jose,Long,1979-05-12,MALE,INDIVIDUAL,622,Married
1910432,Katherine,Garcia,1978-05-26,FEMALE,INDIVIDUAL,66,Married
1910487,Steve,Evans,1996-03-05,MALE,INDIVIDUAL,825,Single
1910507,Diana,Garza,1982-09-08,FEMALE,INDIVIDUAL,365,Single
1910508,Judy,Marshall,2014-02-23,FEMALE,INDIVIDUAL,644,Married
1910524,Anthony,Ryan,1984-07-09,MALE,INDIVIDUAL,708,Single
1910760,Susan,Morris,1980-11-21,FEMALE,INDIVIDUAL,447,Divorced
1910809,Willie,Gibson,2003-01-27,MALE,INDIVIDUAL,269,Married
1910810,Raymond,Porter,1975-10-26,MALE,INDIVIDUAL,909,Married
1910819,Billy,Duncan,2015-12-29,MALE,INDIVIDUAL,213,Single
1910821,Shawn,Hall,1967-08-12,MALE,INDIVIDUAL,65,Married
1910836,Carol,Taylor,1971-08-17,FEMALE,INDIVIDUAL,543,Married
1910854,Marie,Spencer,1970-08-10,FEMALE,INDIVIDUAL,435,Single
1911053,Ralph,Castillo,1986-11-02,MALE,INDIVIDUAL,941,Single
1911054,Tammy,Reyes,2014-05-03,FEMALE,INDIVIDUAL,159,Divorced
1911083,Daniel,Rogers,1977-10-04,MALE,INDIVIDUAL,929,Single
1911084,Ronald,Richardson,1962-01-24,MALE,INDIVIDUAL,263,Married
1911085,Benjamin,Lee,1996-03-04,MALE,INDIVIDUAL,824,Married
1911104,Anthony,Alvarez,1975-12-23,MALE,INDIVIDUAL,159,Married
1911179,Dennis,Wallace,1963-08-11,MALE,INDIVIDUAL,31,Single
1911410,Gregory,Palmer,2015-12-05,MALE,INDIVIDUAL,13,Married
1911411,Terry,Watkins,1983-04-11,MALE,INDIVIDUAL,718,Single
1911414,Harry,Reyes,2007-02-22,MALE,INDIVIDUAL,315,Married
1911418,William,Price,2015-06-17,MALE,INDIVIDUAL,300,Divorced
1911424,Ann,Ryan,1987-05-30,FEMALE,INDIVIDUAL,979,Married
1911520,Ashley,Carpenter,1979-06-16,FEMALE,INDIVIDUAL,968,Married
1911533,Martin,Ward,2015-09-22,MALE,INDIVIDUAL,224,Divorced
1911767,Andrea,Cooper,1985-11-12,FEMALE,INDIVIDUAL,304,Married
1911891,Doris,Gonzales,1972-04-09,FEMALE,INDIVIDUAL,347,Single
1911896,Joyce,Kennedy,2016-03-20,FEMALE,INDIVIDUAL,289,Married
1911901,Jane,Hughes,1991-09-06,FEMALE,INDIVIDUAL,682,Divorced
1912159,Richard,Duncan,2013-08-08,MALE,INDIVIDUAL,256,Single
1912174,Patricia,Matthews,1971-10-05,FEMALE,INDIVIDUAL,526,Married
1912179,William,Hernandez,2008-12-29,MALE,INDIVIDUAL,437,Single
1912180,Lillian,Ross,2010-08-12,FEMALE,INDIVIDUAL,846,Single
1912182,Roger,Hanson,1976-07-22,MALE,INDIVIDUAL,986,Married
1912216,Harry,Foster,1993-07-30,MALE,INDIVIDUAL,230,Married
1912220,Victor,Simmons,2016-03-22,MALE,INDIVIDUAL,258,Married
1913029,Susan,Moreno,1977-08-21,FEMALE,INDIVIDUAL,520,Married
1913035,Amy,Grant,2016-04-18,FEMALE,INDIVIDUAL,29,Divorced
1913042,Christopher,Nichols,2015-07-18,MALE,INDIVIDUAL,618,Single
1913065,Douglas,Mason,1981-07-12,MALE,INDIVIDUAL,130,Married
1913069,Melissa,Gardner,1986-07-29,FEMALE,INDIVIDUAL,625,Married
1913073,Aaron,Richardson,2014-09-26,MALE,INDIVIDUAL,3,Single
1913074,William,Davis,1977-06-11,MALE,INDIVIDUAL,621,Single
1913079,Christine,Montgomery,2016-04-22,FEMALE,INDIVIDUAL,412,Married
1913084,Lillian,Bennett,1971-05-22,FEMALE,INDIVIDUAL,491,Married
1913353,Catherine,Long,1980-05-16,FEMALE,INDIVIDUAL,377,Married
1913439,Ryan,Spencer,2015-06-26,MALE,INDIVIDUAL,728,Single
1913446,Sarah,Ruiz,2016-03-29,FEMALE,INDIVIDUAL,40,Married
1913455,Helen,Mason,1976-06-08,FEMALE,INDIVIDUAL,45,Married
1913477,John,Long,2011-03-22,MALE,INDIVIDUAL,424,Married
1913517,Terry,Wagner,1965-03-02,MALE,INDIVIDUAL,479,Married
1913784,Todd,Cunningham,2015-07-07,MALE,INDIVIDUAL,341,Single
1913809,Kevin,Hayes,1972-02-13,MALE,INDIVIDUAL,366,Married
1913810,Adam,Thomas,2014-01-13,MALE,INDIVIDUAL,401,Married
1913830,Jason,Burns,1978-02-26,MALE,INDIVIDUAL,155,Divorced
1913864,Sean,Powell,1975-07-06,MALE,INDIVIDUAL,755,Single
1913871,Ruby,Alvarez,2015-01-20,FEMALE,INDIVIDUAL,250,Single
1913876,Beverly,Hamilton,2015-07-07,FEMALE,INDIVIDUAL,403,Married
1913877,Gerald,Morrison,1982-06-18,MALE,INDIVIDUAL,54,Single
1914132,Thomas,Carpenter,2005-07-23,MALE,INDIVIDUAL,788,Single
1914133,Eugene,Cruz,1969-10-10,MALE,INDIVIDUAL,886,Married
1914147,Roy,Romero,2015-05-16,MALE,INDIVIDUAL,90,Married
1914182,Kevin,Cook,1979-05-16,MALE,INDIVIDUAL,698,Married
1914217,Craig,Harper,1976-10-26,MALE,INDIVIDUAL,176,Married
1914475,Shirley,Griffin,1986-04-21,FEMALE,INDIVIDUAL,316,Single
1914508,Timothy,Hicks,1983-08-08,MALE,INDIVIDUAL,6,Married
1914517,Diane,Sanders,1976-09-17,FEMALE,INDIVIDUAL,392,Married
1914525,Lois,Fernandez,1978-09-07,FEMALE,INDIVIDUAL,901,Divorced
1914535,Samuel,Carter,1979-11-20,MALE,INDIVIDUAL,190,Married
1914539,Gregory,Evans,2016-04-26,MALE,INDIVIDUAL,307,Single
1914540,Edward,Lewis,1976-06-22,MALE,INDIVIDUAL,871,Single
1914542,Steve,Hansen,1975-05-26,MALE,INDIVIDUAL,599,Married
1914544,Helen,Morgan,2011-05-06,FEMALE,INDIVIDUAL,583,Married
1914548,Sandra,Hansen,2009-03-27,FEMALE,INDIVIDUAL,584,Married
1914550,Adam,Chavez,1975-07-07,MALE,INDIVIDUAL,568,Married
1914567,Scott,Wells,1972-01-07,MALE,INDIVIDUAL,906,Single
1914568,Jane,Daniels,2013-07-20,FEMALE,INDIVIDUAL,395,Single
1914597,Marilyn,George,1956-03-13,FEMALE,INDIVIDUAL,707,Married
1914854,Rose,Ellis,1994-03-17,FEMALE,INDIVIDUAL,971,Single
1914897,Russell,Hernandez,1974-12-16,MALE,INDIVIDUAL,90,Married
1914935,Scott,Collins,1960-01-16,MALE,INDIVIDUAL,141,Single
1915223,Randy,Mills,1973-04-23,MALE,INDIVIDUAL,653,Single
1915224,Jimmy,Hicks,2014-11-04,MALE,INDIVIDUAL,786,Married
1915242,Diana,Ray,1964-05-07,FEMALE,INDIVIDUAL,247,Married
1915292,George,Warren,2016-03-05,MALE,INDIVIDUAL,289,Married
1915295,Norma,Howell,1976-11-30,FEMALE,INDIVIDUAL,168,Divorced
1915303,Carol,Stone,2015-05-18,FEMALE,INDIVIDUAL,387,Single
1915319,Alan,Shaw,1991-06-29,MALE,INDIVIDUAL,273,Single
1915322,Sean,Gardner,2016-03-11,MALE,INDIVIDUAL,309,Married
1915564,Jane,Little,2011-05-30,FEMALE,INDIVIDUAL,220,Married
1915566,Shawn,James,1983-08-03,MALE,INDIVIDUAL,919,Married
1915572,Ashley,Fuller,1978-06-21,FEMALE,INDIVIDUAL,922,Single
1915604,Bobby,Lee,1970-02-15,MALE,INDIVIDUAL,853,Married
1915616,Justin,Cook,2002-07-06,MALE,INDIVIDUAL,912,Married
1915652,Kimberly,Sanders,1968-09-02,FEMALE,INDIVIDUAL,137,Married
1915673,Angela,Nichols,1982-07-13,FEMALE,INDIVIDUAL,706,Married
1915680,Linda,Murray,1980-05-20,FEMALE,INDIVIDUAL,818,Married
1916008,Larry,Armstrong,2014-11-18,MALE,INDIVIDUAL,590,Divorced
1916232,Keith,Payne,1971-12-11,MALE,INDIVIDUAL,684,Married
1916245,Diana,Perkins,1975-05-09,FEMALE,INDIVIDUAL,679,Married
1916269,Phillip,Brown,2013-01-31,MALE,INDIVIDUAL,971,Married
1916627,Raymond,Burton,1982-06-28,MALE,INDIVIDUAL,579,Single
1916677,Ann,Bradley,1984-05-11,FEMALE,INDIVIDUAL,442,Single
1917882,Jose,Spencer,1969-05-22,MALE,INDIVIDUAL,780,Single
1917927,Mary,Mccoy,1968-07-26,FEMALE,INDIVIDUAL,319,Married
1917973,Andrea,Brown,1970-09-12,FEMALE,INDIVIDUAL,650,Married
1918222,Henry,Wheeler,1966-06-20,MALE,INDIVIDUAL,805,Married
1918231,Stephanie,Knight,2015-04-28,FEMALE,INDIVIDUAL,455,Married
1918243,Patrick,Gibson,1972-03-11,MALE,INDIVIDUAL,769,Divorced
1918263,Charles,Young,1997-03-08,MALE,INDIVIDUAL,947,Divorced
1918264,Debra,Bell,1966-02-25,FEMALE,INDIVIDUAL,572,Single
1918285,Charles,Hayes,2016-01-15,MALE,INDIVIDUAL,639,Married
1918308,Jimmy,Warren,2000-06-20,MALE,INDIVIDUAL,572,Single
1918309,Ruth,Clark,1996-02-26,FEMALE,INDIVIDUAL,816,Married
1918318,Marilyn,Owens,1963-04-20,FEMALE,INDIVIDUAL,721,Married
1918536,Donald,Hamilton,1997-03-14,MALE,INDIVIDUAL,702,Married
1918556,Donald,Long,1975-11-21,MALE,INDIVIDUAL,711,Single
1918574,Jose,Ramirez,1968-10-31,MALE,INDIVIDUAL,919,Married
1918795,Liddell ,,,,COMPANY,647,
1918845,Marie,Gray,1982-08-24,FEMALE,INDIVIDUAL,773,Married
1918896,Roy,Simmons,2016-03-28,MALE,INDIVIDUAL,276,Married
1919123,Marie,Young,1979-10-18,FEMALE,INDIVIDUAL,256,Married
1919132,Diane,Hudson,2016-04-19,FEMALE,INDIVIDUAL,92,Divorced
1919429,Terry,White,1970-06-07,MALE,INDIVIDUAL,207,Married
1919472,George,Alvarez,1962-03-21,MALE,INDIVIDUAL,629,Single
1919508,Denise,Morrison,2003-11-07,FEMALE,INDIVIDUAL,201,Divorced
1919756,Rose,Bryant,1989-02-10,FEMALE,INDIVIDUAL,710,Married
1919761,Phillip,Gibson,1973-07-16,MALE,INDIVIDUAL,148,Married
1919766,Elizabeth,Black,1978-07-04,FEMALE,INDIVIDUAL,593,Married
1919779,Phyllis,Pierce,2014-06-25,FEMALE,INDIVIDUAL,875,Single
1919787,Daniel,Rivera,1965-07-04,MALE,INDIVIDUAL,917,Divorced
1919794,Fred,Robinson,1969-05-07,MALE,INDIVIDUAL,573,Married
1919799,Scott,Owens,1976-07-16,MALE,INDIVIDUAL,873,Single
1919806,Willie,Flores,2012-12-17,MALE,INDIVIDUAL,610,Married
1919810,Gregory,Baker,2012-07-12,MALE,INDIVIDUAL,177,Married
1920012,Anthony,Wheeler,2013-12-06,MALE,INDIVIDUAL,112,Married
1920013,Henry,Foster,2013-12-06,MALE,INDIVIDUAL,605,Married
1920042,Brandon,Cox,1975-03-24,MALE,INDIVIDUAL,655,Divorced
1920053,Harry,Sims,2015-08-21,MALE,INDIVIDUAL,581,Married
1920336,Susan,Hansen,2016-04-14,FEMALE,INDIVIDUAL,664,Married
1920360,Anthony,Franklin,1980-10-11,MALE,INDIVIDUAL,511,Married
1920361,Sara,Palmer,2013-06-21,FEMALE,INDIVIDUAL,77,Single
1921579,Randy,West,1966-05-15,MALE,INDIVIDUAL,789,Married
1921586,Janice,Payne,2016-05-27,FEMALE,INDIVIDUAL,469,Married
1921646,Heather,Walker,2016-04-22,FEMALE,INDIVIDUAL,611,Married
1922045,Virginia,Gonzalez,2010-09-19,FEMALE,INDIVIDUAL,638,Married
1922046,Marilyn,Harvey,2015-07-12,FEMALE,INDIVIDUAL,870,Married
1922065,Margaret,Boyd,1980-07-03,FEMALE,INDIVIDUAL,168,Married
1922067,Rebecca,Romero,1982-03-13,FEMALE,INDIVIDUAL,491,Married
1922068,David,Olson,1979-11-06,MALE,INDIVIDUAL,186,Single
1922101,Marie,Reynolds,1994-12-17,FEMALE,INDIVIDUAL,339,Divorced
1922104,Louis,Cole,1987-10-31,MALE,INDIVIDUAL,1,Married
1922422,Harry,Burke,1977-07-26,MALE,INDIVIDUAL,511,Married
1922438,Sara,Dunn,1969-01-20,FEMALE,INDIVIDUAL,17,Married
1922476,Shirley,Adams,1996-10-08,FEMALE,INDIVIDUAL,277,Single
1922728,Anna,Stephens,2013-08-09,FEMALE,INDIVIDUAL,807,Single
1922729,Antonio,Cole,1976-08-16,MALE,INDIVIDUAL,294,Married
1922730,Kevin,Arnold,2008-05-04,MALE,INDIVIDUAL,421,Single
1922781,Janice,Fields,2011-08-24,FEMALE,INDIVIDUAL,695,Divorced
1922962,Annie,Crawford,1985-03-25,FEMALE,INDIVIDUAL,260,Married
1922990,Mark,Graham,1978-03-24,MALE,INDIVIDUAL,310,Single
1922991,Sean,Stevens,2014-07-18,MALE,INDIVIDUAL,768,Single
1922999,Chris,Burke,2016-04-13,MALE,INDIVIDUAL,196,Single
1923014,Jerry,Howell,1996-06-29,MALE,INDIVIDUAL,929,Divorced
1923026,Douglas,Harris,1967-12-07,MALE,INDIVIDUAL,376,Married
1923411,Amanda,Russell,1978-06-26,FEMALE,INDIVIDUAL,828,Single
1923709,Rose,Collins,2013-04-24,FEMALE,INDIVIDUAL,529,Married
1923726,Diane,Hansen,1972-10-03,FEMALE,INDIVIDUAL,630,Married
1941906,Arthur,Weaver,1996-07-05,MALE,INDIVIDUAL,18,Single
1941958,Gerald,Lopez,2013-01-22,MALE,INDIVIDUAL,375,Single
1941964,Sharon,Hart,1984-02-29,FEMALE,INDIVIDUAL,422,Married
1942803,Douglas,Frazier,2014-08-22,MALE,INDIVIDUAL,890,Married
1942804,Walter,Perry,1978-07-14,MALE,INDIVIDUAL,241,Divorced
1942843,Alice,Adams,1981-06-28,FEMALE,INDIVIDUAL,694,Divorced
1942845,Matthew,Carter,1982-03-09,MALE,INDIVIDUAL,433,Married
1942850,Shawn,Olson,1983-03-30,MALE,INDIVIDUAL,340,Married
1942887,Virginia,Black,2012-12-19,FEMALE,INDIVIDUAL,121,Married
1942890,Jeremy,Jordan,2004-10-15,MALE,INDIVIDUAL,597,Married
1942905,Kathryn,Green,1973-12-23,FEMALE,INDIVIDUAL,552,Married
1942928,Kenneth,Reid,1976-12-03,MALE,INDIVIDUAL,578,Divorced
1943112,Howard,Boyd,1967-02-06,MALE,INDIVIDUAL,308,Single
1943113,Philip,Alexander,2007-05-02,MALE,INDIVIDUAL,299,Married
1943186,Earl,Holmes,1978-02-27,MALE,INDIVIDUAL,231,Divorced
1943423,Antonio,King,1975-02-05,MALE,INDIVIDUAL,404,Single
1943424,Anne,Ward,2015-08-13,FEMALE,INDIVIDUAL,826,Divorced
1943799,Linda,Greene,1978-01-29,FEMALE,INDIVIDUAL,212,Married
1943803,Rebecca,Ramirez,2009-12-16,FEMALE,INDIVIDUAL,624,Married
1943817,Donald,Brown,1994-04-03,MALE,INDIVIDUAL,908,Divorced
1943840,Donald,Nichols,1968-07-14,MALE,INDIVIDUAL,493,Married
1946982,Carol,Nelson,1978-03-30,FEMALE,INDIVIDUAL,140,Single
1947028,Roy,Bowman,2010-11-19,MALE,INDIVIDUAL,874,Single
1947035,Phillip,Garrett,1974-04-08,MALE,INDIVIDUAL,23,Married
1947044,Edward,Greene,1981-02-11,MALE,INDIVIDUAL,646,Married
1947186,Patrick,Cooper,1966-11-23,MALE,INDIVIDUAL,775,Married
1947354,Angela,Reed,2016-06-13,FEMALE,INDIVIDUAL,17,Married
1947613,Carl,Sanders,1980-03-18,MALE,INDIVIDUAL,790,Married
1947630,Joshua,Lopez,2009-11-17,MALE,INDIVIDUAL,224,Married
1948007,Ernest,Kelley,1974-11-28,MALE,INDIVIDUAL,442,Single
1948046,Sharon,Robinson,1967-06-21,FEMALE,INDIVIDUAL,79,Single
1948213,Bonnie,Lewis,2014-11-07,FEMALE,INDIVIDUAL,2,Married
1948258,Sean,Brooks,1982-07-02,MALE,INDIVIDUAL,440,Single
1948292,Jeffrey,Fowler,1974-03-26,MALE,INDIVIDUAL,914,Married
1948487,Roy,Banks,1984-07-10,MALE,INDIVIDUAL,752,Married
1948489,Wayne,Gray,2016-05-17,MALE,INDIVIDUAL,378,Married
1948511,Diane,Powell,1986-07-16,FEMALE,INDIVIDUAL,341,Single
1954782,Steven,Boyd,1971-02-24,MALE,INDIVIDUAL,291,Single
1954786,National ,,,,COMPANY,373,
1962917,Gregory,Diaz,2015-02-24,MALE,INDIVIDUAL,641,Single
1962952,Lillian,Young,2015-09-14,FEMALE,INDIVIDUAL,681,Married
1968790,Jonathan,Nichols,2015-08-01,MALE,INDIVIDUAL,9,Married
1968791,Randy,Stanley,1977-04-15,MALE,INDIVIDUAL,592,Single
1968806,Clarence,Myers,2014-08-30,MALE,INDIVIDUAL,976,Divorced
1979743,Phyllis,Bowman,1966-09-02,FEMALE,INDIVIDUAL,504,Married
1979770,Brian,Day,1983-01-05,MALE,INDIVIDUAL,820,Married
1982297,John,Howell,1981-01-27,MALE,INDIVIDUAL,971,Married
1982380,Donna,Coleman,1993-03-26,FEMALE,INDIVIDUAL,680,Married
1982387,Pamela,Snyder,1986-04-22,FEMALE,INDIVIDUAL,656,Married
1982402,Kevin,Torres,1982-10-20,MALE,INDIVIDUAL,416,Married
1983007,Michael,Dean,2014-08-29,MALE,INDIVIDUAL,582,Married
1983290,Virginia,Alexander,2016-05-18,FEMALE,INDIVIDUAL,897,Divorced
1983296,Nicholas,Butler,1958-10-18,MALE,INDIVIDUAL,47,Single
1983342,Harry,Hart,1976-06-16,MALE,INDIVIDUAL,457,Divorced
1983348,Elizabeth,Powell,1960-01-25,FEMALE,INDIVIDUAL,595,Divorced
1984484,Richard,Harper,1982-05-04,MALE,INDIVIDUAL,757,Married
1984517,Virginia,Sanders,1979-03-23,FEMALE,INDIVIDUAL,421,Married
1984552,Randy,Harvey,1978-10-05,MALE,INDIVIDUAL,426,Single
1984553,Amanda,Coleman,2015-11-19,FEMALE,INDIVIDUAL,644,Single
1984570,Douglas,Perez,2014-10-15,MALE,INDIVIDUAL,148,Married
1984571,Louis,Fuller,1968-10-04,MALE,INDIVIDUAL,514,Married
1984575,Wayne,Diaz,2016-06-29,MALE,INDIVIDUAL,757,Single
1985063,Maria,Jenkins,1972-02-10,FEMALE,INDIVIDUAL,559,Married
1985081,Walter,Martin,2014-10-17,MALE,INDIVIDUAL,166,Married
1985082,Alan,Hayes,1982-04-23,MALE,INDIVIDUAL,968,Married
1985087,Maria,Welch,1984-11-03,FEMALE,INDIVIDUAL,988,Divorced
1985329,Billy,Davis,2016-04-27,MALE,INDIVIDUAL,168,Single
1985333,Stephen,Hicks,1981-11-07,MALE,INDIVIDUAL,663,Married
1985362,Richard,Ruiz,1994-12-23,MALE,INDIVIDUAL,112,Married
1985363,Sean,Murphy,1955-11-13,MALE,INDIVIDUAL,398,Married
1985393,Carl,Bell,2015-07-25,MALE,INDIVIDUAL,351,Married
1985418,Steven,Wheeler,2016-04-22,MALE,INDIVIDUAL,978,Single
1990366,Frances,Rogers,2016-07-01,FEMALE,INDIVIDUAL,363,Single
1990380,Aaron,Bowman,1967-08-16,MALE,INDIVIDUAL,808,Single
1999765,Timothy,Diaz,1977-06-03,MALE,INDIVIDUAL,592,Married
1999812,Henry,Spencer,1975-07-20,MALE,INDIVIDUAL,120,Single
1999813,Linda,Boyd,2011-07-30,FEMALE,INDIVIDUAL,687,Married
1999835,Walter,Garza,2016-05-07,MALE,INDIVIDUAL,857,Married
1999865,Bonnie,Barnes,1978-02-09,FEMALE,INDIVIDUAL,79,Married
1999866,Janet,Anderson,2013-11-23,FEMALE,INDIVIDUAL,754,Married
1999867,Brenda,Bowman,1992-02-25,FEMALE,INDIVIDUAL,370,Married
1999881,Shirley,Burke,2015-12-17,FEMALE,INDIVIDUAL,11,Married
1999890,Jacqueline,Tucker,1975-11-12,FEMALE,INDIVIDUAL,344,Single
2003985,Diana,Wells,1970-08-13,FEMALE,INDIVIDUAL,525,Married
2004007,Melissa,Moreno,2013-02-08,FEMALE,INDIVIDUAL,602,Single
2004046,Tammy,Berry,1979-11-27,FEMALE,INDIVIDUAL,932,Single
2004048,Keith,Gray,2000-04-25,MALE,INDIVIDUAL,875,Married
2004350,George,Henderson,2006-05-09,MALE,INDIVIDUAL,537,Married
2004362,Alan,Sullivan,1982-04-17,MALE,INDIVIDUAL,99,Married
2004398,Patricia,Phillips,2014-12-24,FEMALE,INDIVIDUAL,930,Single
2004399,Jack,Evans,1978-12-30,MALE,INDIVIDUAL,733,Divorced
2004402,Mark,Little,1967-03-06,MALE,INDIVIDUAL,66,Married
2004406,Janice,Watkins,1989-04-06,FEMALE,INDIVIDUAL,888,Married
2004422,Bonnie,Torres,1970-01-17,FEMALE,INDIVIDUAL,349,Married
2004423,Billy,Parker,1980-03-26,MALE,INDIVIDUAL,784,Single
2004426,Tina,Warren,1988-05-25,FEMALE,INDIVIDUAL,421,Married
2004781,Andrea,Richards,1981-07-23,FEMALE,INDIVIDUAL,554,Single
2004823,Brian,Nelson,1978-08-22,MALE,INDIVIDUAL,187,Single
2004826,Eugene,Howell,2013-12-16,MALE,INDIVIDUAL,224,Married
2004827,Nancy,Morgan,2015-12-23,FEMALE,INDIVIDUAL,45,Single
2004845,Lois,Harrison,1969-11-05,FEMALE,INDIVIDUAL,101,Married
2006061,Carl,Barnes,1973-09-10,MALE,INDIVIDUAL,590,Married
2006138,Terry,Harrison,2014-03-28,MALE,INDIVIDUAL,482,Married
2006139,Randy,Stone,1980-02-03,MALE,INDIVIDUAL,511,Divorced
2006349,Sean,Lee,2015-10-16,MALE,INDIVIDUAL,254,Married
2006350,Douglas,Hansen,1970-11-02,MALE,INDIVIDUAL,728,Single
2006354,Denise,Wood,1997-07-18,FEMALE,INDIVIDUAL,803,Married
2006362,Norma,Hamilton,2015-06-09,FEMALE,INDIVIDUAL,749,Single
2006380,Ronald,Cook,2014-03-04,MALE,INDIVIDUAL,627,Single
2006408,Donna,Hunter,1973-09-26,FEMALE,INDIVIDUAL,659,Married
2006438,Todd,Larson,1997-06-24,MALE,INDIVIDUAL,631,Married
2006471,Dorothy,Phillips,2013-12-20,FEMALE,INDIVIDUAL,874,Married
2006472,Kenneth,Cunningham,1978-02-04,MALE,INDIVIDUAL,463,Single
2006474,Elizabeth,Daniels,2012-08-07,FEMALE,INDIVIDUAL,827,Divorced
2006814,Patrick,Peters,2016-07-02,MALE,INDIVIDUAL,626,Married
2006816,Lillian,Gonzalez,1970-07-22,FEMALE,INDIVIDUAL,854,Single
2006818,Ryan,George,1986-10-24,MALE,INDIVIDUAL,597,Married
2006819,Scott,Gilbert,2016-04-17,MALE,INDIVIDUAL,986,Married
2007046,Teresa,Roberts,2015-11-24,FEMALE,INDIVIDUAL,57,Married
2007113,Theresa,Elliott,1966-01-02,FEMALE,INDIVIDUAL,812,Married
2007167,Cardinal Corp,,,,COMPANY,212,
2007683,Bobby,Larson,1959-11-14,MALE,INDIVIDUAL,840,Married
2007876,Roger,Snyder,2015-01-19,MALE,INDIVIDUAL,384,Married
2007877,Sarah,Jordan,2015-01-19,FEMALE,INDIVIDUAL,904,Married
2007889,Jerry,Castillo,2016-06-22,MALE,INDIVIDUAL,899,Married
2007924,Adam,Ward,1983-08-30,MALE,INDIVIDUAL,612,Married
2007925,Jessica,Fowler,2012-02-11,FEMALE,INDIVIDUAL,200,Single
2007926,Patricia,Hayes,2014-08-29,FEMALE,INDIVIDUAL,553,Married
2007975,Beverly,Bowman,1998-09-08,FEMALE,INDIVIDUAL,982,Single
2007976,Harold,Coleman,1961-11-29,MALE,INDIVIDUAL,615,Married
2007980,Kenneth,Ruiz,1964-12-21,MALE,INDIVIDUAL,380,Single
2008210,Kevin,Black,1985-06-29,MALE,INDIVIDUAL,206,Single
2008213,Royal Corp,,,,COMPANY,355,
2008224,Teresa,Henry,1980-04-13,FEMALE,INDIVIDUAL,632,Single
2008276,Paula,Hicks,1975-09-09,FEMALE,INDIVIDUAL,551,Married
2008283,Hawthorn Ltd,,,,COMPANY,882,
2008285,Frances,Mccoy,2008-01-23,FEMALE,INDIVIDUAL,153,Single
2008335,Michael,Snyder,1986-10-30,MALE,INDIVIDUAL,73,Married
2008340,Deborah,Mccoy,1979-11-17,FEMALE,INDIVIDUAL,478,Married
2009479,Gregory,Spencer,1994-05-04,MALE,INDIVIDUAL,392,Married
2009481,Carolyn,Medina,1980-09-12,FEMALE,INDIVIDUAL,554,Married
2009486,Justin,Smith,2012-11-23,MALE,INDIVIDUAL,859,Single
2009487,Douglas,Reyes,2014-07-31,MALE,INDIVIDUAL,590,Single
2009513,Daniel,Washington,1996-09-20,MALE,INDIVIDUAL,673,Married
2009522,Todd,Harvey,2016-07-12,MALE,INDIVIDUAL,545,Married
2009523,Harry,Lynch,2016-07-12,MALE,INDIVIDUAL,756,Married
2009524,Jeffrey,Dunn,1980-03-14,MALE,INDIVIDUAL,80,Single
2009543,Clarence,Burton,2015-09-29,MALE,INDIVIDUAL,929,Married
2009573,Pamela,Pierce,1966-02-08,FEMALE,INDIVIDUAL,835,Single
2009810,Rachel,Wheeler,2015-05-27,FEMALE,INDIVIDUAL,388,Single
2009811,Fred,Gonzalez,1975-11-08,MALE,INDIVIDUAL,863,Married
2009827,Jean,Bennett,1972-03-31,FEMALE,INDIVIDUAL,724,Divorced
2009828,Aaron,Bradley,2013-09-18,MALE,INDIVIDUAL,766,Divorced
2009836,Rebecca,Henderson,2010-08-07,FEMALE,INDIVIDUAL,185,Married
2009865,Craig,Hayes,1987-01-05,MALE,INDIVIDUAL,385,Married
2009888,Amy,Perry,1987-11-12,FEMALE,INDIVIDUAL,86,Married
2009889,Mary,Wheeler,2013-08-09,FEMALE,INDIVIDUAL,501,Married
2010172,Sara,Morris,1979-04-03,FEMALE,INDIVIDUAL,87,Single
2010179,Joan,Robertson,1980-09-15,FEMALE,INDIVIDUAL,265,Single
2010201,Timothy,King,1965-08-08,MALE,INDIVIDUAL,252,Single
2010212,Ashley,Medina,2007-07-31,FEMALE,INDIVIDUAL,620,Single
2010245,Margaret,Barnes,2016-02-02,FEMALE,INDIVIDUAL,806,Single
2010282,Christine,Chavez,1984-06-01,FEMALE,INDIVIDUAL,661,Divorced
2010298,Justin,Reyes,2015-09-25,MALE,INDIVIDUAL,442,Married
2010321,Joseph,Schmidt,2016-02-07,MALE,INDIVIDUAL,683,Married
2010333,Nicole,Ruiz,1983-11-19,FEMALE,INDIVIDUAL,287,Single
2010658,Dorothy,Vasquez,2015-06-25,FEMALE,INDIVIDUAL,538,Married
2010683,Keith,Peters,2014-11-16,MALE,INDIVIDUAL,941,Married
2010953,Steven,Snyder,1961-02-24,MALE,INDIVIDUAL,889,Married
2010954,Martin,Mitchell,1987-12-16,MALE,INDIVIDUAL,806,Divorced
2010966,Benjamin,Rodriguez,1986-08-10,MALE,INDIVIDUAL,970,Married
2010984,Kathy,Coleman,1984-12-07,FEMALE,INDIVIDUAL,351,Single
2011018,Justin,Simpson,2016-07-13,MALE,INDIVIDUAL,175,Single
2011019,Jason,Black,1981-11-25,MALE,INDIVIDUAL,172,Married
2011033,Gerald,James,1992-09-20,MALE,INDIVIDUAL,328,Single
2011038,Lisa,Phillips,2015-07-07,FEMALE,INDIVIDUAL,395,Single
2011039,Earl,Martin,1979-05-09,MALE,INDIVIDUAL,600,Single
2011055,Edward,Wallace,1980-07-28,MALE,INDIVIDUAL,981,Single
2011061,Martin,Hall,2013-01-25,MALE,INDIVIDUAL,908,Married
2011302,Christine,Franklin,1983-06-05,FEMALE,INDIVIDUAL,255,Married
2011388,Tina,Mason,1988-03-06,FEMALE,INDIVIDUAL,389,Single
2011399,Justin,Lawrence,2006-10-14,MALE,INDIVIDUAL,837,Married
2016082,Janet,Patterson,1993-05-05,FEMALE,INDIVIDUAL,784,Single
2016124,Samuel,Stone,1996-12-03,MALE,INDIVIDUAL,114,Married
2016181,Andrew,Sanders,1974-11-20,MALE,INDIVIDUAL,551,Married
2016186,Joe,Lane,2014-07-30,MALE,INDIVIDUAL,151,Married
2016197,Patricia,Wood,1957-04-23,FEMALE,INDIVIDUAL,376,Divorced
2016207,Eric,Greene,1995-05-16,MALE,INDIVIDUAL,548,Married
2016518,Jose,Evans,1990-08-06,MALE,INDIVIDUAL,958,Married
2016523,Patrick,Kelly,1966-02-06,MALE,INDIVIDUAL,330,Married
2016524,Joshua,Hansen,1983-07-01,MALE,INDIVIDUAL,90,Divorced
2016525,Jennifer,Fuller,2016-06-26,FEMALE,INDIVIDUAL,698,Single
2016559,Debra,Hayes,2009-10-13,FEMALE,INDIVIDUAL,142,Married
2016614,Frances,Sanders,1980-11-28,FEMALE,INDIVIDUAL,525,Single
2016636,Adam,Gutierrez,1973-04-29,MALE,INDIVIDUAL,163,Single
2016637,Brian,Alexander,2010-04-23,MALE,INDIVIDUAL,88,Single
2016654,Chris,Reyes,2013-03-03,MALE,INDIVIDUAL,317,Single
2016655,Justin,Kennedy,1981-10-28,MALE,INDIVIDUAL,297,Single
2016668,Victor,Bell,2014-02-14,MALE,INDIVIDUAL,283,Married
2016671,Stephen,Martinez,2002-09-08,MALE,INDIVIDUAL,736,Married
2016935,Gary,Bailey,1965-04-23,MALE,INDIVIDUAL,568,Single
2016957,Carl,Ruiz,2013-08-25,MALE,INDIVIDUAL,167,Married
2016958,Larry,Hunter,1985-05-02,MALE,INDIVIDUAL,52,Divorced
2016965,Michelle,Harrison,1949-12-13,FEMALE,INDIVIDUAL,434,Married
2016973,Ruth,Hart,1971-08-06,FEMALE,INDIVIDUAL,944,Single
2016995,Roger,Carroll,1982-07-02,MALE,INDIVIDUAL,560,Single
2016997,Richard,Day,1985-02-02,MALE,INDIVIDUAL,966,Single
2017002,Christopher,Lopez,2001-09-24,MALE,INDIVIDUAL,609,Married
2017029,Gerald,Ramos,1989-02-14,MALE,INDIVIDUAL,34,Married
2017036,Julie,Anderson,2014-01-28,FEMALE,INDIVIDUAL,376,Married
2017037,Nancy,Kim,2014-01-28,FEMALE,INDIVIDUAL,127,Married
2017253,Jennifer,Perkins,1987-03-23,FEMALE,INDIVIDUAL,959,Single
2017256,Purity Corp,,,,COMPANY,599,
2017293,Martin,Thomas,2011-03-15,MALE,INDIVIDUAL,915,Married
2017294,Jack,Banks,1988-11-09,MALE,INDIVIDUAL,241,Married
2017295,Russell,Vasquez,2015-11-04,MALE,INDIVIDUAL,25,Married
2017317,Craig,Garrett,1980-06-02,MALE,INDIVIDUAL,362,Married
2017371,Randy,Oliver,1985-05-26,MALE,INDIVIDUAL,469,Single
2017372,Ruby,Sullivan,2012-11-18,FEMALE,INDIVIDUAL,633,Married
2017615,Mary,Duncan,2016-01-09,FEMALE,INDIVIDUAL,752,Single
2017629,Johnny,Sanders,2012-03-26,MALE,INDIVIDUAL,213,Married
2017630,Keith,Stewart,1978-10-11,MALE,INDIVIDUAL,478,Married
2017654,Lori,Garza,2015-11-16,FEMALE,INDIVIDUAL,925,Married
2017686,Margaret,Berry,2016-02-28,FEMALE,INDIVIDUAL,991,Married
2017687,Anthony,Howell,2016-02-23,MALE,INDIVIDUAL,133,Single
2017688,Jason,Scott,2014-11-21,MALE,INDIVIDUAL,5,Married
2017689,Jesse,Ramirez,1977-07-09,MALE,INDIVIDUAL,337,Married
2017724,Jeremy,Miller,1990-11-20,MALE,INDIVIDUAL,185,Married
2017735,Craig,Howell,1997-12-21,MALE,INDIVIDUAL,34,Married
2017958,Julie,Smith,2013-03-13,FEMALE,INDIVIDUAL,469,Single
2018010,Andrew,Cole,1974-12-15,MALE,INDIVIDUAL,508,Divorced
2018021,Kevin,Jordan,2011-09-07,MALE,INDIVIDUAL,453,Single
2018029,Earl,Patterson,1984-02-20,MALE,INDIVIDUAL,184,Divorced
2018076,Mark,Grant,1956-07-29,MALE,INDIVIDUAL,242,Married
2018136,Joe,Watson,2012-05-29,MALE,INDIVIDUAL,510,Single
2018137,Ryan,Owens,1976-11-26,MALE,INDIVIDUAL,801,Married
2018138,Matthew,Medina,2013-11-26,MALE,INDIVIDUAL,310,Single
2018492,Joe,Harris,1983-10-24,MALE,INDIVIDUAL,570,Single
2018500,Stephanie,Moore,2015-09-08,FEMALE,INDIVIDUAL,703,Single
2018504,Peter,Porter,2016-07-07,MALE,INDIVIDUAL,640,Married
2018516,Thomas,Harris,2015-09-04,MALE,INDIVIDUAL,302,Single
2018530,Lawrence,Howard,2015-03-16,MALE,INDIVIDUAL,392,Married
2018531,John,Gonzalez,1988-02-10,MALE,INDIVIDUAL,847,Married
2018565,Marie,Carr,1983-11-02,FEMALE,INDIVIDUAL,950,Single
2018770,Lois,Greene,2008-06-13,FEMALE,INDIVIDUAL,533,Divorced
2018797,Jimmy,Wood,2015-09-10,MALE,INDIVIDUAL,474,Married
2018819,Virginia,Crawford,1966-05-25,FEMALE,INDIVIDUAL,256,Married
2018821,Willie,Brown,1980-01-14,MALE,INDIVIDUAL,43,Married
2018865,Harry,Hunter,1998-06-04,MALE,INDIVIDUAL,702,Single
2018869,Jose,Reyes,2016-04-04,MALE,INDIVIDUAL,569,Married
2018870,Peter,Riley,1975-04-28,MALE,INDIVIDUAL,597,Married
2018885,Jean,Olson,1968-02-19,FEMALE,INDIVIDUAL,388,Single
2018912,Jeremy,Sanchez,1969-08-04,MALE,INDIVIDUAL,72,Married
2018925,Pamela,Bennett,1979-09-26,FEMALE,INDIVIDUAL,40,Single
2019145,Nicholas,Garza,1969-09-13,MALE,INDIVIDUAL,666,Married
2019157,Jason,Fowler,1980-12-16,MALE,INDIVIDUAL,771,Single
2019206,Richard,Howard,2016-07-01,MALE,INDIVIDUAL,943,Married
2019207,Victor,Hill,1968-09-21,MALE,INDIVIDUAL,400,Single
2019504,Carl,Nelson,1984-07-03,MALE,INDIVIDUAL,808,Married
2019544,Raymond,Warren,1991-11-14,MALE,INDIVIDUAL,198,Single
2019554,Ronald,Lawson,1962-01-02,MALE,INDIVIDUAL,373,Married
2019615,Alan,Weaver,1987-10-03,MALE,INDIVIDUAL,276,Single
2019632,Karen,Perry,1984-09-07,FEMALE,INDIVIDUAL,134,Married
2019637,Timothy,Olson,1970-03-06,MALE,INDIVIDUAL,959,Divorced
2019638,Roger,Murray,1999-12-12,MALE,INDIVIDUAL,657,Married
2019713,Tammy,Cox,1984-06-11,FEMALE,INDIVIDUAL,151,Single
2019719,Kathleen,Bryant,1985-08-22,FEMALE,INDIVIDUAL,887,Single
2032148,Melissa,Fuller,1981-06-21,FEMALE,INDIVIDUAL,229,Married
2032161,Craig,Simpson,1986-04-02,MALE,INDIVIDUAL,487,Married
2032171,Scott,Knight,1977-05-22,MALE,INDIVIDUAL,685,Married
2032182,Donna,Medina,2013-03-11,FEMALE,INDIVIDUAL,715,Single
2032184,Wayne,Washington,1972-04-16,MALE,INDIVIDUAL,712,Single
2032198,Donna,Wells,1992-02-13,FEMALE,INDIVIDUAL,182,Single
2032224,Lori,Elliott,1967-05-21,FEMALE,INDIVIDUAL,685,Single
2032249,Fred,Wallace,2016-06-30,MALE,INDIVIDUAL,697,Single
2032580,Andrew,Long,2016-02-27,MALE,INDIVIDUAL,724,Married
2032604,Jeffrey,Campbell,1996-10-18,MALE,INDIVIDUAL,138,Single
2032606,Judy,Schmidt,1968-05-20,FEMALE,INDIVIDUAL,416,Married
2032689,Patrick,Mccoy,2000-04-20,MALE,INDIVIDUAL,119,Single
2032691,Daniel,Duncan,1973-08-18,MALE,INDIVIDUAL,476,Single
2032699,Susan,Lynch,1966-04-23,FEMALE,INDIVIDUAL,669,Single
2032703,Jerry,Powell,1975-12-13,MALE,INDIVIDUAL,680,Married
2032929,Nicholas,Lewis,2013-06-12,MALE,INDIVIDUAL,656,Married
2032947,Steven,Thomas,2016-07-30,MALE,INDIVIDUAL,639,Married
2032951,Universal Ltd,,,,COMPANY,967,
2032952,Irene,Parker,1982-12-26,FEMALE,INDIVIDUAL,20,Single
2032969,Alice,Rogers,1979-11-09,FEMALE,INDIVIDUAL,337,Single
2032984,Steve,Jordan,2014-12-21,MALE,INDIVIDUAL,898,Married
2032988,Nicholas,Henry,2016-05-25,MALE,INDIVIDUAL,682,Single
2033001,Tammy,Gordon,1981-11-07,FEMALE,INDIVIDUAL,237,Married
2033025,Paula,Parker,1981-04-18,FEMALE,INDIVIDUAL,157,Divorced
2033331,Martha,Kelly,1973-04-09,FEMALE,INDIVIDUAL,977,Married
2033350,Jonathan,Rogers,1988-08-12,MALE,INDIVIDUAL,78,Married
2033351,Ralph,Young,2016-03-28,MALE,INDIVIDUAL,367,Married
2033354,Patricia,Gilbert,1984-03-16,FEMALE,INDIVIDUAL,439,Married
2033363,Ruth,Stanley,1984-06-07,FEMALE,INDIVIDUAL,200,Single
2033385,Carlos,Graham,1979-02-03,MALE,INDIVIDUAL,32,Married
2033401,Jason,Kim,1981-09-17,MALE,INDIVIDUAL,622,Married
2033402,Randy,Sanders,1978-03-24,MALE,INDIVIDUAL,526,Single
2033415,Kenneth,Rose,2013-06-11,MALE,INDIVIDUAL,453,Married
2033422,Victor,Ryan,1989-01-18,MALE,INDIVIDUAL,704,Married
2033711,Earl,Martinez,1969-07-09,MALE,INDIVIDUAL,39,Married
2033717,Henry,Richards,1978-01-13,MALE,INDIVIDUAL,220,Married
2033738,Kathleen,Kim,1988-06-10,FEMALE,INDIVIDUAL,696,Married
2033756,Virginia,Roberts,1983-05-28,FEMALE,INDIVIDUAL,310,Single
2033761,Tammy,Carter,2012-02-05,FEMALE,INDIVIDUAL,837,Divorced
2033768,Louis,Stephens,1976-05-25,MALE,INDIVIDUAL,829,Single
2033782,Katherine,Graham,2013-12-25,FEMALE,INDIVIDUAL,92,Married
2033799,Judith,Hunt,1986-01-18,FEMALE,INDIVIDUAL,11,Divorced
2034093,Willie,Carr,1976-02-03,MALE,INDIVIDUAL,447,Divorced
2034343,Lois,Meyer,2015-07-24,FEMALE,INDIVIDUAL,678,Married
2034344,Frank,Vasquez,1974-10-14,MALE,INDIVIDUAL,425,Married
2034354,Helen,Cook,1988-05-13,FEMALE,INDIVIDUAL,76,Single
2034356,Heather,Cunningham,1975-10-07,FEMALE,INDIVIDUAL,601,Single
2034379,Maria,Edwards,1982-09-02,FEMALE,INDIVIDUAL,69,Single
2034394,Jeffrey,Ramirez,1978-05-13,MALE,INDIVIDUAL,456,Single
2034405,Steve,Bradley,2015-07-25,MALE,INDIVIDUAL,162,Single
2034406,Raymond,Duncan,1977-05-25,MALE,INDIVIDUAL,592,Married
2034420,Roger,Peterson,1962-03-12,MALE,INDIVIDUAL,839,Married
2034421,Robin,Scott,2012-06-01,FEMALE,INDIVIDUAL,960,Divorced
2034422,Thomas,Reyes,2016-09-01,MALE,INDIVIDUAL,892,Married
2034453,Shirley,Hayes,2009-12-21,FEMALE,INDIVIDUAL,86,Single
2034916,Ronald,Taylor,2013-11-21,MALE,INDIVIDUAL,31,Married
2034927,Diane,Andrews,1994-04-01,FEMALE,INDIVIDUAL,233,Married
2034957,Arthur,Garcia,2014-07-25,MALE,INDIVIDUAL,686,Married
2034958,Debra,Fuller,2014-07-25,FEMALE,INDIVIDUAL,449,Single
2034969,Brian,Stephens,2015-11-23,MALE,INDIVIDUAL,712,Divorced
2034990,Andrea,Martin,1975-03-03,FEMALE,INDIVIDUAL,255,Married
2034995,Julia,James,1964-09-07,FEMALE,INDIVIDUAL,161,Single
2035024,Alan,Gray,1982-04-07,MALE,INDIVIDUAL,67,Single
2035042,Kimberly,Hunt,1985-05-17,FEMALE,INDIVIDUAL,418,Married
2035046,Thomas,Moreno,1988-04-14,MALE,INDIVIDUAL,409,Married
2035047,Dorothy,Castillo,1984-04-03,FEMALE,INDIVIDUAL,897,Married
2035270,Judy,Mitchell,1977-07-15,FEMALE,INDIVIDUAL,123,Married
2035316,Clarence,Peterson,2010-08-05,MALE,INDIVIDUAL,125,Single
2035323,Stephanie,Mcdonald,1966-01-05,FEMALE,INDIVIDUAL,150,Married
2035336,Jonathan,Powell,1966-08-26,MALE,INDIVIDUAL,920,Married
2035337,Nancy,Carter,2005-07-01,FEMALE,INDIVIDUAL,929,Married
2035371,Wayne,Cook,2014-07-25,MALE,INDIVIDUAL,136,Single
2035657,Mary,Hicks,1984-03-14,FEMALE,INDIVIDUAL,169,Married
2035670,Jeffrey,Stewart,2011-06-11,MALE,INDIVIDUAL,362,Married
2035671,Keith,Fernandez,1974-04-15,MALE,INDIVIDUAL,37,Single
2035672,Karen,Washington,2011-06-11,FEMALE,INDIVIDUAL,136,Married
2035680,Kimberly,Burns,2015-12-06,FEMALE,INDIVIDUAL,902,Married
2035687,Anna,West,2015-10-04,FEMALE,INDIVIDUAL,519,Married
2035720,Timothy,Sims,1976-03-07,MALE,INDIVIDUAL,135,Single
2035726,Lois,Frazier,1997-08-05,FEMALE,INDIVIDUAL,82,Married
2035963,Carlos,Reid,1987-10-16,MALE,INDIVIDUAL,920,Married
2035982,Eugene,Murphy,1983-09-09,MALE,INDIVIDUAL,983,Single
2036328,Wayne,Murray,2016-09-16,MALE,INDIVIDUAL,434,Divorced
2036564,Ruby,Torres,2015-02-15,FEMALE,INDIVIDUAL,624,Married
2036587,Brandon,Davis,1999-03-31,MALE,INDIVIDUAL,368,Single
2036588,Douglas,Edwards,2004-06-16,MALE,INDIVIDUAL,174,Single
2036590,Jessica,Watkins,2016-03-17,FEMALE,INDIVIDUAL,1,Married
2036636,Theresa,Jordan,1982-01-10,FEMALE,INDIVIDUAL,787,Single
2036647,Lillian,Gilbert,1985-06-12,FEMALE,INDIVIDUAL,868,Married
2036650,Dennis,Thompson,1984-07-05,MALE,INDIVIDUAL,625,Divorced
2036665,Christine,Harris,1977-02-13,FEMALE,INDIVIDUAL,702,Married
2036679,Jeremy,Ray,1979-08-27,MALE,INDIVIDUAL,603,Married
2036880,Donald,Arnold,2016-07-25,MALE,INDIVIDUAL,839,Married
2036893,Todd,Carpenter,2016-07-29,MALE,INDIVIDUAL,58,Married
2036906,Anthony,Bradley,1973-05-11,MALE,INDIVIDUAL,321,Single
2036916,Eric,Howell,1995-02-10,MALE,INDIVIDUAL,737,Married
2036942,Carol,Torres,1981-10-21,FEMALE,INDIVIDUAL,660,Married
2036964,Denise,Richardson,1980-11-30,FEMALE,INDIVIDUAL,357,Married
2036969,Steven,Franklin,1977-08-11,MALE,INDIVIDUAL,33,Married
2036987,Johnny,Miller,1945-07-20,MALE,INDIVIDUAL,944,Single
2037259,Lawrence,Lane,2012-01-15,MALE,INDIVIDUAL,507,Single
2037260,Craig,James,1977-07-20,MALE,INDIVIDUAL,833,Single
2037270,Nicholas,Howard,2007-02-08,MALE,INDIVIDUAL,15,Single
2037271,Lois,Spencer,2010-02-02,FEMALE,INDIVIDUAL,757,Divorced
2037272,Sara,Rodriguez,1979-03-18,FEMALE,INDIVIDUAL,524,Married
2037607,Joyce,Dunn,1966-08-05,FEMALE,INDIVIDUAL,990,Married
2037631,Paul,Carpenter,1974-11-23,MALE,INDIVIDUAL,439,Single
2037668,Emily,Cox,1976-03-14,FEMALE,INDIVIDUAL,230,Single
2037895,Antonio,Bailey,1976-08-14,MALE,INDIVIDUAL,977,Married
2037916,Ashley,Peters,1960-04-06,FEMALE,INDIVIDUAL,776,Single
2037918,Wayne,Coleman,1997-08-07,MALE,INDIVIDUAL,830,Married
2037929,Roy,Hill,1971-07-06,MALE,INDIVIDUAL,34,Married
2037934,Alan,Crawford,1984-10-29,MALE,INDIVIDUAL,600,Married
2037935,Angela,Fisher,2015-04-04,FEMALE,INDIVIDUAL,797,Divorced
2037948,Linda,Oliver,2016-08-10,FEMALE,INDIVIDUAL,418,Single
2037950,Victor,Morris,1983-05-13,MALE,INDIVIDUAL,86,Married
2037951,Gregory,Lewis,2014-06-05,MALE,INDIVIDUAL,4,Married
2038591,Margaret,Morgan,1977-05-11,FEMALE,INDIVIDUAL,455,Single
2038601,Emily,Bailey,1969-05-05,FEMALE,INDIVIDUAL,851,Single
2038607,Debra,Harris,1992-03-05,FEMALE,INDIVIDUAL,568,Married
2038637,Maria,Gonzalez,1981-01-21,FEMALE,INDIVIDUAL,382,Married
2038670,Robert,Greene,1979-02-03,MALE,INDIVIDUAL,337,Married
2038683,Arthur,Cole,1987-10-02,MALE,INDIVIDUAL,502,Married
2038685,Arthur,Marshall,1990-12-09,MALE,INDIVIDUAL,176,Divorced
2038697,Matthew,Adams,1956-11-25,MALE,INDIVIDUAL,586,Married
2038723,Carl,Garza,2015-10-24,MALE,INDIVIDUAL,256,Single
2038724,Justin,Montgomery,1977-03-26,MALE,INDIVIDUAL,973,Married
2038725,Betty,Parker,1996-10-24,FEMALE,INDIVIDUAL,9,Single
2038767,Phyllis,Stevens,2015-06-12,FEMALE,INDIVIDUAL,130,Married
2038768,Tammy,Elliott,2015-06-12,FEMALE,INDIVIDUAL,212,Married
2038779,Ralph,Jones,2016-11-01,MALE,INDIVIDUAL,322,Divorced
2038784,Brian,Peters,1973-12-13,MALE,INDIVIDUAL,696,Married
2039042,Marilyn,Weaver,1983-07-04,FEMALE,INDIVIDUAL,308,Married
2039069,Chris,Nichols,1971-07-22,MALE,INDIVIDUAL,519,Married
2039072,Marilyn,Smith,1983-04-21,FEMALE,INDIVIDUAL,920,Divorced
2039080,Lois,Welch,1962-01-11,FEMALE,INDIVIDUAL,544,Married
2039089,Stephanie,Hayes,1977-12-27,FEMALE,INDIVIDUAL,709,Single
2039105,Cynthia,Kim,1977-07-13,FEMALE,INDIVIDUAL,799,Married
2039169,Billy,Meyer,2011-08-22,MALE,INDIVIDUAL,630,Divorced
2039173,Beverly,Long,1966-02-21,FEMALE,INDIVIDUAL,701,Married
2039439,Larry,Morgan,1975-11-09,MALE,INDIVIDUAL,256,Married
2039463,Kathryn,Foster,2016-01-09,FEMALE,INDIVIDUAL,670,Married
2039464,Matthew,Fisher,1988-05-16,MALE,INDIVIDUAL,450,Married
2039473,Patricia,Diaz,2013-09-19,FEMALE,INDIVIDUAL,181,Married
2039483,Stephanie,Turner,2016-07-28,FEMALE,INDIVIDUAL,103,Divorced
2039489,Amanda,Butler,1984-05-17,FEMALE,INDIVIDUAL,940,Married
2039490,Juan,Bell,2004-02-10,MALE,INDIVIDUAL,849,Married
2039514,Philip,Moreno,2011-02-18,MALE,INDIVIDUAL,123,Married
2039532,Louis,Morgan,2011-05-17,MALE,INDIVIDUAL,577,Single
2046927,Shawn,Phillips,1983-09-20,MALE,INDIVIDUAL,353,Divorced
2046928,Tammy,Peters,2015-11-18,FEMALE,INDIVIDUAL,779,Married
2046992,Judith,Wood,1978-03-02,FEMALE,INDIVIDUAL,608,Married
2046997,Jeremy,Richardson,1971-11-09,MALE,INDIVIDUAL,781,Single
2047000,Henry,Barnes,1972-09-26,MALE,INDIVIDUAL,659,Married
2047021,Russell,Russell,1986-01-15,MALE,INDIVIDUAL,212,Married
2047071,Dennis,Stone,2016-03-24,MALE,INDIVIDUAL,948,Single
2047072,Denise,Grant,1970-04-22,FEMALE,INDIVIDUAL,780,Single
2047087,Lori,Hudson,1986-03-19,FEMALE,INDIVIDUAL,231,Married
2048363,Alan,Phillips,1975-02-18,MALE,INDIVIDUAL,737,Married
2048384,Teresa,Russell,1982-05-09,FEMALE,INDIVIDUAL,179,Single
2048387,Daniel,Hayes,1999-06-02,MALE,INDIVIDUAL,784,Married
2048409,Carl,Carter,1964-09-07,MALE,INDIVIDUAL,104,Married
2048412,Gary,Jacobs,1979-09-12,MALE,INDIVIDUAL,718,Married
2048457,Jacqueline,Hunt,2015-12-15,FEMALE,INDIVIDUAL,899,Single
2048471,Mildred,Jordan,1977-01-23,FEMALE,INDIVIDUAL,710,Married
2048505,Jesse,Johnston,2016-01-03,MALE,INDIVIDUAL,364,Married
2052619,Jesse,Larson,2016-07-06,MALE,INDIVIDUAL,380,Married
2052620,Eugene,Evans,1979-06-18,MALE,INDIVIDUAL,176,Married
2052660,Joshua,Morrison,1985-05-22,MALE,INDIVIDUAL,198,Married
2052667,Kenneth,Porter,1980-05-24,MALE,INDIVIDUAL,100,Married
2052809,Kathryn,Taylor,1980-05-12,FEMALE,INDIVIDUAL,279,Married
2052827,Ann,Bailey,2014-05-16,FEMALE,INDIVIDUAL,774,Single
2052828,Roy,Gray,1977-11-25,MALE,INDIVIDUAL,922,Married
2053174,Julie,Gordon,2014-09-30,FEMALE,INDIVIDUAL,125,Single
2053176,Dorothy,Flores,1961-10-11,FEMALE,INDIVIDUAL,247,Divorced
2053189,Pamela,Kelley,1986-01-14,FEMALE,INDIVIDUAL,326,Single
2053212,Randy,Grant,2015-10-21,MALE,INDIVIDUAL,533,Single
2053213,Earl,Crawford,1975-04-13,MALE,INDIVIDUAL,381,Divorced
2053272,Doris,Garza,1970-03-31,FEMALE,INDIVIDUAL,927,Married
2053277,Janet,Moore,2014-11-17,FEMALE,INDIVIDUAL,29,Divorced
2053494,Margaret,Lane,2014-04-27,FEMALE,INDIVIDUAL,690,Single
2053503,Sharon,Rice,1989-03-29,FEMALE,INDIVIDUAL,766,Married
2053506,Philip,Moore,2000-05-19,MALE,INDIVIDUAL,15,Married
2053510,Phillip,Franklin,1982-05-10,MALE,INDIVIDUAL,34,Single
2053535,Ashley,Hawkins,2012-12-05,FEMALE,INDIVIDUAL,508,Married
2053536,Kenneth,Gonzales,1983-10-14,MALE,INDIVIDUAL,914,Married
2053537,Norma,Mason,1978-11-15,FEMALE,INDIVIDUAL,813,Married
2053842,Brandon,Welch,1995-11-17,MALE,INDIVIDUAL,369,Married
2053876,Jeremy,White,1973-11-04,MALE,INDIVIDUAL,875,Married
2054118,Johnny,Evans,1987-04-17,MALE,INDIVIDUAL,196,Married
2054119,Russell,Simmons,2016-09-27,MALE,INDIVIDUAL,402,Married
2054170,Thomas,Nelson,1976-11-13,MALE,INDIVIDUAL,248,Divorced
2054194,Sandra,Henry,1970-01-25,FEMALE,INDIVIDUAL,6,Married
2054444,Doris,Romero,1984-04-27,FEMALE,INDIVIDUAL,59,Single
2054453,Rose,Moore,1955-08-03,FEMALE,INDIVIDUAL,229,Single
2054459,Anthony,Tucker,1966-01-18,MALE,INDIVIDUAL,499,Married
2054471,Beverly,Torres,1991-07-14,FEMALE,INDIVIDUAL,158,Married
2054472,Carlos,Wells,1961-11-21,MALE,INDIVIDUAL,811,Married
2054482,Philip,Perry,1990-07-20,MALE,INDIVIDUAL,352,Married
2054498,Alice,Gutierrez,1996-06-26,FEMALE,INDIVIDUAL,735,Married
2054499,Shawn,Cook,1964-10-13,MALE,INDIVIDUAL,233,Single
2054502,Christina,Day,1995-07-27,FEMALE,INDIVIDUAL,830,Single
2054510,Thomas,Crawford,1995-11-04,MALE,INDIVIDUAL,292,Married
2054515,Lois,Simmons,2009-07-28,FEMALE,INDIVIDUAL,225,Married
2054531,Sara,Franklin,1962-12-20,FEMALE,INDIVIDUAL,451,Single
2054538,Harold,Pierce,1966-07-16,MALE,INDIVIDUAL,454,Single
2054809,Alice,Wagner,1982-03-31,FEMALE,INDIVIDUAL,256,Married
2054864,Ashley,Mason,1981-05-03,FEMALE,INDIVIDUAL,320,Married
2055121,Scott,Fuller,1980-05-26,MALE,INDIVIDUAL,626,Single
2055122,Susan,Greene,1983-03-26,FEMALE,INDIVIDUAL,882,Single
2055151,Ronald,Evans,1982-09-01,MALE,INDIVIDUAL,60,Single
2055391,Diana,Welch,2014-12-09,FEMALE,INDIVIDUAL,347,Divorced
2055392,Jason,Castillo,1979-04-14,MALE,INDIVIDUAL,109,Married
2055412,Cheryl,Diaz,1956-12-03,FEMALE,INDIVIDUAL,181,Divorced
2055413,Allergy Ltd,,,,COMPANY,994,
2055425,Julie,Kelly,1969-07-31,FEMALE,INDIVIDUAL,964,Married
2055465,Ashley,Lynch,1978-04-26,FEMALE,INDIVIDUAL,927,Married
2055469,Rose,Nelson,2013-06-16,FEMALE,INDIVIDUAL,501,Married
2055677,Tina,Walker,1985-04-10,FEMALE,INDIVIDUAL,96,Married
2055684,FAZ Ltd,,,,COMPANY,438,
2055687,Ashley,Schmidt,1990-10-12,FEMALE,INDIVIDUAL,337,Single
2055695,Robin,Robertson,1962-04-02,FEMALE,INDIVIDUAL,732,Divorced
2055696,Maria,Taylor,1982-04-05,FEMALE,INDIVIDUAL,603,Single
2055698,Earl,Henderson,2015-12-09,MALE,INDIVIDUAL,372,Divorced
2055753,Angela,Rose,2015-12-18,FEMALE,INDIVIDUAL,496,Divorced
2055964,Alice,Crawford,1982-10-16,FEMALE,INDIVIDUAL,247,Married
2055965,Lori,Bryant,1985-01-28,FEMALE,INDIVIDUAL,902,Divorced
2056006,Bruce,Martinez,1976-11-06,MALE,INDIVIDUAL,34,Married
2056007,Scott,Wheeler,2006-09-28,MALE,INDIVIDUAL,623,Married
2056017,Robin,Martinez,1984-02-01,FEMALE,INDIVIDUAL,636,Single
2056038,John,Rose,1964-03-31,MALE,INDIVIDUAL,317,Divorced
2056039,Joan,Porter,2016-07-07,FEMALE,INDIVIDUAL,5,Single
2056069,Lillian,Mason,2014-07-05,FEMALE,INDIVIDUAL,160,Single
2056103,Laura,Stone,2016-09-15,FEMALE,INDIVIDUAL,121,Married
2056104,Charles,Grant,1986-05-04,MALE,INDIVIDUAL,268,Divorced
2056364,Juan,Roberts,1980-03-21,MALE,INDIVIDUAL,23,Married
2056375,Irene,Meyer,1993-01-13,FEMALE,INDIVIDUAL,392,Married
2056384,Thomas,Hernandez,1967-05-13,MALE,INDIVIDUAL,877,Single
2056385,Kathryn,Webb,2007-01-24,FEMALE,INDIVIDUAL,800,Married
2056391,Jane,Mason,1976-06-20,FEMALE,INDIVIDUAL,821,Married
2056408,CoValence Ltd,,,,COMPANY,738,
2056413,Terry,Richards,1984-04-12,MALE,INDIVIDUAL,136,Married
2056414,Mildred,Sims,2014-11-07,FEMALE,INDIVIDUAL,191,Married
2056418,Barbara,Vasquez,1979-08-30,FEMALE,INDIVIDUAL,236,Married
2056437,Alan,Gonzalez,1953-10-20,MALE,INDIVIDUAL,311,Married
2056438,Ruby,Gonzalez,1993-02-19,FEMALE,INDIVIDUAL,356,Married
2056462,Martha,Fowler,2015-12-16,FEMALE,INDIVIDUAL,167,Divorced
2056463,Jack,Duncan,1984-02-08,MALE,INDIVIDUAL,649,Married
2056468,Jack,Perry,2016-09-09,MALE,INDIVIDUAL,963,Single
2056469,Jonathan,Mitchell,1965-01-29,MALE,INDIVIDUAL,200,Married
2056474,Chris,Allen,1975-08-30,MALE,INDIVIDUAL,400,Married
2056655,Melissa,Gordon,1992-01-21,FEMALE,INDIVIDUAL,403,Single
2056682,Antonio,Griffin,2010-10-11,MALE,INDIVIDUAL,782,Married
2056683,Timothy,Johnston,2008-09-02,MALE,INDIVIDUAL,606,Married
2056687,Tina,Frazier,1971-06-01,FEMALE,INDIVIDUAL,125,Divorced
2056691,Carol,Myers,1975-11-21,FEMALE,INDIVIDUAL,354,Divorced
2056707,Howard,Harvey,1987-01-05,MALE,INDIVIDUAL,398,Married
2056710,Antonio,Knight,1994-03-07,MALE,INDIVIDUAL,682,Divorced
2056717,Paula,Henderson,1986-04-26,FEMALE,INDIVIDUAL,429,Married
2056992,Michael,Moreno,2016-09-15,MALE,INDIVIDUAL,542,Married
2057006,Jeffrey,Fuller,2016-07-19,MALE,INDIVIDUAL,750,Married
2057007,Catherine,Owens,1980-01-26,FEMALE,INDIVIDUAL,93,Single
2057017,Christine,Lopez,2006-12-06,FEMALE,INDIVIDUAL,869,Single
2057018,Margaret,Snyder,1984-12-27,FEMALE,INDIVIDUAL,913,Single
2057032,Frances,Bennett,2016-03-09,FEMALE,INDIVIDUAL,564,Single
2057033,Thomas,Williamson,1980-09-29,MALE,INDIVIDUAL,945,Single
2057048,Nicholas,Sanchez,2013-09-03,MALE,INDIVIDUAL,321,Married
2057052,Lawrence,Stanley,1977-08-17,MALE,INDIVIDUAL,12,Married
2057053,Patricia,Cook,2015-12-02,FEMALE,INDIVIDUAL,463,Married
2057077,Cynthia,Gibson,1981-09-23,FEMALE,INDIVIDUAL,665,Single
2057328,Tammy,Ward,2016-06-08,FEMALE,INDIVIDUAL,50,Single
2057329,Chris,Nelson,2016-06-08,MALE,INDIVIDUAL,464,Single
2057330,Walter,Carpenter,1975-10-26,MALE,INDIVIDUAL,725,Single
2057356,Bruce,Alexander,1952-07-13,MALE,INDIVIDUAL,500,Married
2057652,Alan,Arnold,1973-05-12,MALE,INDIVIDUAL,185,Married
2057693,Tina,Olson,1974-07-28,FEMALE,INDIVIDUAL,870,Single
2058051,Donald,Nguyen,1978-11-27,MALE,INDIVIDUAL,61,Married
2058064,Justin,Alvarez,2002-01-02,MALE,INDIVIDUAL,839,Married
2058082,Ruby,Arnold,1964-03-15,FEMALE,INDIVIDUAL,681,Married
2058083,Brian,Larson,2016-09-27,MALE,INDIVIDUAL,701,Married
2058084,Daniel,Ortiz,1974-07-23,MALE,INDIVIDUAL,182,Married
2058092,Ryan,Morales,1972-07-01,MALE,INDIVIDUAL,501,Single
2058093,Angela,Stephens,2010-11-16,FEMALE,INDIVIDUAL,829,Single
2058097,Emily,Rivera,1966-02-16,FEMALE,INDIVIDUAL,339,Married
2058103,Louis,Carr,2015-12-15,MALE,INDIVIDUAL,467,Married
2058303,Lawrence,Fuller,2015-09-14,MALE,INDIVIDUAL,222,Single
2058310,Sarah,Williamson,1975-03-31,FEMALE,INDIVIDUAL,889,Married
2058313,Lisa,Willis,2016-09-09,FEMALE,INDIVIDUAL,195,Single
2058320,Justin,Pierce,1981-11-12,MALE,INDIVIDUAL,687,Divorced
2058321,Jonathan,Peterson,2015-01-14,MALE,INDIVIDUAL,41,Married
2058329,Deborah,Howell,1988-11-01,FEMALE,INDIVIDUAL,841,Married
2058334,Michelle,Bailey,1977-12-16,FEMALE,INDIVIDUAL,919,Married
2058335,Dorothy,Ward,1961-03-26,FEMALE,INDIVIDUAL,541,Married
2058346,Steven,Green,1977-06-10,MALE,INDIVIDUAL,916,Single
2058358,Martha,Dixon,2015-01-09,FEMALE,INDIVIDUAL,303,Married
2058366,Phyllis,Graham,2012-05-10,FEMALE,INDIVIDUAL,597,Married
2058372,Dennis,Price,2016-08-15,MALE,INDIVIDUAL,918,Married
2058373,Christopher,Reed,1972-10-03,MALE,INDIVIDUAL,668,Married
2058389,Rebecca,Larson,2015-10-14,FEMALE,INDIVIDUAL,668,Married
2058395,Carl,Robertson,2016-09-17,MALE,INDIVIDUAL,100,Married
2058399,Patrick,Reynolds,2015-01-18,MALE,INDIVIDUAL,979,Married
2058400,Andrew,Hansen,1966-10-07,MALE,INDIVIDUAL,262,Single
2058411,Richard,Scott,2016-05-08,MALE,INDIVIDUAL,315,Single
2058415,Phyllis,Perry,1964-04-10,FEMALE,INDIVIDUAL,511,Married
2058620,Kimberly,Cooper,2012-09-15,FEMALE,INDIVIDUAL,4,Married
2058621,Adam,White,1970-03-15,MALE,INDIVIDUAL,422,Single
2058624,Wanda,Andrews,1982-02-11,FEMALE,INDIVIDUAL,923,Married
2058648,James,Alexander,1975-05-14,MALE,INDIVIDUAL,488,Divorced
2058651,Carl,Perkins,1980-07-07,MALE,INDIVIDUAL,554,Married
2058652,Kathryn,Hart,2012-06-13,FEMALE,INDIVIDUAL,653,Divorced
2058655,Robin,Coleman,1980-09-21,FEMALE,INDIVIDUAL,898,Married
2058656,Ann,Stewart,1992-02-14,FEMALE,INDIVIDUAL,55,Married
2058692,Gary,Bishop,2015-09-15,MALE,INDIVIDUAL,243,Married
2058698,Rose,Matthews,1987-05-06,FEMALE,INDIVIDUAL,359,Married
2058713,Tammy,Baker,1990-05-02,FEMALE,INDIVIDUAL,842,Single
2058990,Rose,Richardson,1998-06-17,FEMALE,INDIVIDUAL,116,Single
2058992,Billy,Jackson,1998-06-17,MALE,INDIVIDUAL,462,Single
2059002,Fred,Alexander,2007-10-18,MALE,INDIVIDUAL,150,Single
2059231,Kelly,Ortiz,1959-11-09,FEMALE,INDIVIDUAL,312,Divorced
2059269,Ronald,Ramos,1975-05-31,MALE,INDIVIDUAL,488,Married
2059271,Irene,Wells,1967-10-13,FEMALE,INDIVIDUAL,144,Married
2059536,Harold,Hill,1970-09-06,MALE,INDIVIDUAL,954,Married
2059540,Wayne,Stevens,1993-09-01,MALE,INDIVIDUAL,20,Married
2059557,Lori,Freeman,1967-08-04,FEMALE,INDIVIDUAL,66,Single
2059562,Joyce,Martinez,1998-01-02,FEMALE,INDIVIDUAL,991,Single
2059564,Albert,Stevens,2016-09-16,MALE,INDIVIDUAL,622,Divorced
2059565,Timothy,Evans,1977-09-09,MALE,INDIVIDUAL,912,Single
2059568,Rose,Howell,2002-11-18,FEMALE,INDIVIDUAL,27,Married
2065656,Scott,Willis,1962-02-01,MALE,INDIVIDUAL,865,Married
2065689,Elizabeth,Bishop,1977-02-28,FEMALE,INDIVIDUAL,872,Married
2065696,Shawn,Hanson,2010-03-09,MALE,INDIVIDUAL,412,Divorced
2065697,Dennis,Payne,1983-11-26,MALE,INDIVIDUAL,13,Married
2065708,Walter,Murray,1972-01-25,MALE,INDIVIDUAL,206,Single
2065734,Kathryn,Fowler,2016-07-06,FEMALE,INDIVIDUAL,443,Married
2066113,Julie,Williams,1976-10-28,FEMALE,INDIVIDUAL,563,Single
2066122,Diane,Willis,2016-08-24,FEMALE,INDIVIDUAL,161,Single
2066127,Juan,Burton,2015-04-25,MALE,INDIVIDUAL,586,Married
2066144,Stephen,Frazier,2013-02-13,MALE,INDIVIDUAL,732,Married
2066146,Bobby,Bailey,1983-01-18,MALE,INDIVIDUAL,844,Married
2066147,Phillip,Day,2013-12-04,MALE,INDIVIDUAL,540,Single
2066149,Tina,Owens,1984-06-14,FEMALE,INDIVIDUAL,188,Married
2066150,Alice,Perkins,1957-02-20,FEMALE,INDIVIDUAL,599,Married
2066151,William,Torres,1988-01-13,MALE,INDIVIDUAL,297,Married
2066152,Ann,Hunter,1980-08-06,FEMALE,INDIVIDUAL,69,Single
2066178,Diana,Richardson,2015-06-25,FEMALE,INDIVIDUAL,986,Single
2066179,Anna,Russell,2013-10-17,FEMALE,INDIVIDUAL,933,Married
2066180,Frank,Parker,1984-05-17,MALE,INDIVIDUAL,701,Married
2066183,Judy,Harrison,2007-10-03,FEMALE,INDIVIDUAL,884,Single
2066438,Ryan,Barnes,2016-09-01,MALE,INDIVIDUAL,899,Married
2066439,George,Stone,1980-10-24,MALE,INDIVIDUAL,736,Married
2066451,Evelyn,Thomas,1977-12-29,FEMALE,INDIVIDUAL,848,Married
2066465,Daniel,Vasquez,1988-08-02,MALE,INDIVIDUAL,863,Married
2066466,Paula,Bailey,2016-09-25,FEMALE,INDIVIDUAL,945,Divorced
2066467,Ruth,Ward,2015-05-07,FEMALE,INDIVIDUAL,382,Married
2066678,William,Coleman,1977-11-24,MALE,INDIVIDUAL,765,Single
2066680,Michael,Mendoza,1975-02-21,MALE,INDIVIDUAL,641,Single
2066681,Samuel,Simpson,1981-10-09,MALE,INDIVIDUAL,958,Married
2066682,Kathleen,Ruiz,1982-07-11,FEMALE,INDIVIDUAL,836,Married
2066838,Matrixx Group,,,,COMPANY,482,
2066841,Stila Ltd,,,,COMPANY,287,
2066873,Douglas,Hamilton,2008-06-27,MALE,INDIVIDUAL,110,Divorced
2066881,Jeremy,Cunningham,1966-03-05,MALE,INDIVIDUAL,549,Single
2066884,Johnny,Gomez,1973-03-13,MALE,INDIVIDUAL,18,Married
2066897,Katherine,Miller,1972-03-19,FEMALE,INDIVIDUAL,381,Married
2067089,Jessica,Lane,2006-07-19,FEMALE,INDIVIDUAL,450,Single
2067096,Carl,Vasquez,1980-05-02,MALE,INDIVIDUAL,930,Married
2067097,Shirley,Gilbert,2013-01-11,FEMALE,INDIVIDUAL,837,Married
2067453,Nancy,Andrews,1989-12-08,FEMALE,INDIVIDUAL,817,Single
2067510,Frances,Chavez,1983-10-11,FEMALE,INDIVIDUAL,625,Single
2067669,Aaron,Boyd,1972-09-19,MALE,INDIVIDUAL,172,Married
2067670,Bruce,Ross,1981-08-07,MALE,INDIVIDUAL,671,Married
2067673,Jeremy,Garcia,1965-09-29,MALE,INDIVIDUAL,961,Single
2067683,Howard,Reed,2010-01-26,MALE,INDIVIDUAL,386,Married
2067684,Shirley,Mendoza,1967-09-20,FEMALE,INDIVIDUAL,409,Single
2067685,Dennis,Wagner,2015-08-21,MALE,INDIVIDUAL,175,Married
2067686,Chris,Brooks,1983-05-21,MALE,INDIVIDUAL,836,Married
2067695,Janice,Harper,2015-03-10,FEMALE,INDIVIDUAL,137,Married
2067696,Terry,Diaz,1986-12-24,MALE,INDIVIDUAL,196,Married
2067697,Diana,Woods,1991-08-28,FEMALE,INDIVIDUAL,666,Married
2067747,Eugene,Reynolds,2014-05-20,MALE,INDIVIDUAL,758,Divorced
2067748,Steven,Gibson,1981-05-08,MALE,INDIVIDUAL,103,Married
2067890,Jose,Hamilton,1992-02-10,MALE,INDIVIDUAL,157,Married
2067897,Brandon,Carr,1979-08-01,MALE,INDIVIDUAL,194,Single
2067911,Kimberly,Dean,1983-03-06,FEMALE,INDIVIDUAL,131,Married
2068043,YEPHARM Ltd,,,,COMPANY,539,
2068073,Emily,Kelly,1962-01-09,FEMALE,INDIVIDUAL,3,Married
2068074,Sean,Medina,2015-12-24,MALE,INDIVIDUAL,165,Divorced
2068085,Samuel,Perez,1993-04-10,MALE,INDIVIDUAL,939,Single
2068089,Craig,Allen,1978-06-29,MALE,INDIVIDUAL,718,Married
2068097,Joyce,Gilbert,1971-07-31,FEMALE,INDIVIDUAL,304,Divorced
2068373,George,Hanson,1964-11-04,MALE,INDIVIDUAL,487,Married
2068381,Virginia,Turner,2015-07-24,FEMALE,INDIVIDUAL,586,Married
2068677,Bruce,Holmes,1979-04-04,MALE,INDIVIDUAL,573,Married
2068692,Cynthia,Griffin,2011-11-26,FEMALE,INDIVIDUAL,346,Single
2068696,Joshua,Moreno,2014-12-17,MALE,INDIVIDUAL,85,Married
2068768,Kathryn,Gray,2015-01-14,FEMALE,INDIVIDUAL,676,Divorced
2068769,Christopher,Edwards,1976-01-15,MALE,INDIVIDUAL,437,Single
2068773,Virginia,Andrews,2016-03-05,FEMALE,INDIVIDUAL,546,Married
2068849,Sharon,Green,1972-06-26,FEMALE,INDIVIDUAL,287,Married
2068852,Linda,Gomez,1979-07-12,FEMALE,INDIVIDUAL,214,Single
2069126,Adam,Hansen,2016-10-14,MALE,INDIVIDUAL,168,Divorced
2069138,Keith,Edwards,1959-07-09,MALE,INDIVIDUAL,288,Single
2069159,Roy,Black,1981-08-20,MALE,INDIVIDUAL,940,Married
2069179,Thomas,Harvey,2016-08-08,MALE,INDIVIDUAL,111,Single
2069395,Martha,Morales,1983-11-19,FEMALE,INDIVIDUAL,437,Single
2069400,Jeffrey,Morris,2007-07-07,MALE,INDIVIDUAL,642,Single
2069407,Kathleen,Murphy,1964-06-20,FEMALE,INDIVIDUAL,435,Married
2069417,George,Flores,2016-01-23,MALE,INDIVIDUAL,623,Divorced
2069418,Joshua,Fisher,1988-12-11,MALE,INDIVIDUAL,867,Single
2069446,Christopher,Howell,2010-09-27,MALE,INDIVIDUAL,753,Married
2069448,Brandon,Brown,2016-10-11,MALE,INDIVIDUAL,672,Married
2069457,Rose,Alvarez,1957-06-20,FEMALE,INDIVIDUAL,368,Married
2069458,Scott,Elliott,2016-01-13,MALE,INDIVIDUAL,883,Single
2069464,Wayne,Hawkins,1975-10-25,MALE,INDIVIDUAL,281,Married
2069717,Anna,Williamson,1976-11-23,FEMALE,INDIVIDUAL,979,Single
2069719,Wanda,Mason,1977-09-12,FEMALE,INDIVIDUAL,338,Married
2069722,Tammy,Washington,2016-08-30,FEMALE,INDIVIDUAL,358,Married
2069728,Katherine,Hunt,1997-11-21,FEMALE,INDIVIDUAL,968,Single
2069741,Michael,Grant,1973-07-09,MALE,INDIVIDUAL,192,Married
2069756,Tammy,Garza,2006-06-21,FEMALE,INDIVIDUAL,298,Single
2069999,Carolyn,Ramirez,1961-10-31,FEMALE,INDIVIDUAL,262,Married
2070021,Robert,Matthews,1967-12-16,MALE,INDIVIDUAL,616,Single
2070060,Louis,Brown,1977-08-03,MALE,INDIVIDUAL,550,Married
2070061,Sara,Lane,2015-02-03,FEMALE,INDIVIDUAL,233,Single
2070091,Roger,Stone,1967-04-01,MALE,INDIVIDUAL,48,Divorced
2070096,Timothy,Lawson,1982-10-16,MALE,INDIVIDUAL,858,Married
2070099,Ronald,Lopez,2014-11-14,MALE,INDIVIDUAL,955,Single
2070100,Louis,Ford,1978-05-19,MALE,INDIVIDUAL,731,Single
2070108,Gerald,King,2014-01-03,MALE,INDIVIDUAL,141,Married
2070109,Chris,Thompson,1980-07-10,MALE,INDIVIDUAL,908,Married
2070116,Gregory,Rogers,1981-05-26,MALE,INDIVIDUAL,68,Single
2070503,Willie,Rose,1979-12-01,MALE,INDIVIDUAL,880,Single
2070559,Karen,Lewis,2013-07-06,FEMALE,INDIVIDUAL,663,Married
2070578,Denise,Hunt,1985-04-20,FEMALE,INDIVIDUAL,520,Married
2070942,Steve,Austin,1987-10-28,MALE,INDIVIDUAL,521,Married
2070943,Shirley,Phillips,1967-10-23,FEMALE,INDIVIDUAL,928,Married
2070962,Nancy,Olson,1972-09-26,FEMALE,INDIVIDUAL,450,Divorced
2070964,Marilyn,Fuller,1979-09-21,FEMALE,INDIVIDUAL,579,Married
2070978,Carlos,Mccoy,1997-09-19,MALE,INDIVIDUAL,521,Single
2071001,Barbara,Gardner,1989-11-08,FEMALE,INDIVIDUAL,315,Single
2071003,Helen,Robinson,1978-06-13,FEMALE,INDIVIDUAL,178,Married
2071025,Lori,Ross,2007-08-24,FEMALE,INDIVIDUAL,87,Single
2071301,Annie,Webb,1977-12-27,FEMALE,INDIVIDUAL,809,Married
2071317,Jeremy,Hill,2011-09-06,MALE,INDIVIDUAL,216,Single
2071338,Barbara,George,1975-10-29,FEMALE,INDIVIDUAL,464,Divorced
2071344,Charles,Peterson,1975-02-05,MALE,INDIVIDUAL,739,Married
2071363,Tammy,Phillips,1987-03-30,FEMALE,INDIVIDUAL,449,Married
2071365,Fred,Shaw,2016-09-14,MALE,INDIVIDUAL,283,Married
2071377,Teresa,Lane,1979-01-13,FEMALE,INDIVIDUAL,345,Single
2072755,Phyllis,Ramos,1991-08-05,FEMALE,INDIVIDUAL,49,Married
2072810,Rose,Duncan,1977-01-13,FEMALE,INDIVIDUAL,959,Single
2072814,Louise,Hunt,2016-11-01,FEMALE,INDIVIDUAL,588,Married
2072815,Howard,Coleman,1983-04-24,MALE,INDIVIDUAL,482,Married
2072816,Carol,Mccoy,1984-12-29,FEMALE,INDIVIDUAL,274,Single
2072826,Steve,Gutierrez,1980-10-13,MALE,INDIVIDUAL,845,Married
2072827,Alice,Oliver,2015-02-10,FEMALE,INDIVIDUAL,467,Single
2072828,Annie,Jordan,1983-09-28,FEMALE,INDIVIDUAL,332,Married
2072833,Ruth,Lee,2015-12-19,FEMALE,INDIVIDUAL,836,Single
2072836,Peter,Duncan,1985-03-31,MALE,INDIVIDUAL,540,Married
2072839,Sara,Austin,2016-02-14,FEMALE,INDIVIDUAL,703,Married
2072878,Roger,Morris,1975-07-02,MALE,INDIVIDUAL,36,Single
2072879,Kimberly,Little,2014-09-24,FEMALE,INDIVIDUAL,880,Single
2073460,Carl,Ellis,1983-02-05,MALE,INDIVIDUAL,25,Divorced
2073466,Carol,Nichols,1970-11-17,FEMALE,INDIVIDUAL,207,Married
2073467,Andrew,Robinson,2016-09-12,MALE,INDIVIDUAL,95,Single
2079483,7-Eleven ,,,,COMPANY,225,
2079506,Patricia,Burton,1986-04-03,FEMALE,INDIVIDUAL,111,Divorced
2079516,Andrew,Rice,1983-11-06,MALE,INDIVIDUAL,463,Divorced
2079525,Adam,Flores,2000-12-10,MALE,INDIVIDUAL,548,Married
2079527,Joshua,Green,1967-03-21,MALE,INDIVIDUAL,883,Single
2079528,George,Jackson,2014-06-25,MALE,INDIVIDUAL,526,Married
2079541,Paul,Palmer,2006-01-12,MALE,INDIVIDUAL,337,Single
2079542,George,Shaw,1968-07-19,MALE,INDIVIDUAL,650,Married
2079562,Eugene,Vasquez,1983-07-27,MALE,INDIVIDUAL,661,Single
2079568,Peter,Ramos,1983-05-06,MALE,INDIVIDUAL,195,Married
2079580,Michael,Hanson,1981-02-16,MALE,INDIVIDUAL,592,Married
2079800,Ryan,Jackson,1961-08-07,MALE,INDIVIDUAL,359,Married
2079801,Jonathan,Freeman,1992-11-12,MALE,INDIVIDUAL,366,Divorced
2079809,Victor,Henderson,1969-03-20,MALE,INDIVIDUAL,866,Single
2079820,Cynthia,Andrews,2014-07-30,FEMALE,INDIVIDUAL,467,Married
2079821,Alan,Payne,1978-05-05,MALE,INDIVIDUAL,469,Married
2079830,Joshua,Morgan,2012-12-28,MALE,INDIVIDUAL,270,Single
2079839,Martin,Martinez,1968-03-31,MALE,INDIVIDUAL,258,Single
2079840,Timothy,Garza,2001-09-13,MALE,INDIVIDUAL,573,Single
2079844,David,Reyes,1974-02-19,MALE,INDIVIDUAL,464,Single
2079845,Jack,Hunt,2011-01-28,MALE,INDIVIDUAL,208,Married
2079850,Mildred,Franklin,1986-02-13,FEMALE,INDIVIDUAL,124,Single
2079868,Douglas,Collins,1989-12-09,MALE,INDIVIDUAL,927,Single
2079878,Raymond,Long,1972-03-30,MALE,INDIVIDUAL,344,Married
2080256,Kathleen,Moreno,1987-07-07,FEMALE,INDIVIDUAL,158,Single
2080273,Denise,Gomez,1965-03-22,FEMALE,INDIVIDUAL,497,Single
2080277,Paula,Greene,1976-05-20,FEMALE,INDIVIDUAL,831,Married
2080283,Roy,Harrison,2006-11-29,MALE,INDIVIDUAL,37,Single
2080297,Justin,Robinson,1990-12-10,MALE,INDIVIDUAL,111,Divorced
2080300,Pamela,Franklin,2002-03-16,FEMALE,INDIVIDUAL,677,Divorced
2080312,Stephanie,Nelson,1995-06-13,FEMALE,INDIVIDUAL,770,Single
2080345,Ryan,Ward,1975-06-07,MALE,INDIVIDUAL,634,Single
2080346,Wanda,Evans,2016-01-31,FEMALE,INDIVIDUAL,52,Married
2080347,Jerry,Jones,1982-01-16,MALE,INDIVIDUAL,242,Single
2080630,Edward,Anderson,1978-03-16,MALE,INDIVIDUAL,552,Married
2080648,Lori,Castillo,1973-04-09,FEMALE,INDIVIDUAL,229,Single
2080653,Doris,Russell,1992-02-23,FEMALE,INDIVIDUAL,592,Married
2084017,Earl,Fields,2002-06-10,MALE,INDIVIDUAL,170,Married
2084039,Marie,Holmes,2011-08-18,FEMALE,INDIVIDUAL,983,Single
2084040,Emily,Cooper,2013-08-16,FEMALE,INDIVIDUAL,776,Single
2084041,Kevin,Patterson,1977-01-18,MALE,INDIVIDUAL,855,Married
2084052,Harold,Jacobs,2016-02-24,MALE,INDIVIDUAL,622,Divorced
2084057,Carolyn,Rodriguez,1983-01-12,FEMALE,INDIVIDUAL,177,Married
2084058,David,Hanson,1964-02-06,MALE,INDIVIDUAL,512,Married
2084064,Doris,Duncan,2016-02-04,FEMALE,INDIVIDUAL,601,Married
2084069,Kathy,Ross,2002-08-27,FEMALE,INDIVIDUAL,654,Single
2084071,Ronald,Jackson,2004-10-16,MALE,INDIVIDUAL,224,Married
2084091,Cheryl,Bennett,2016-11-30,FEMALE,INDIVIDUAL,924,Married
2084104,Norma,Mcdonald,1969-02-19,FEMALE,INDIVIDUAL,506,Single
2084175,Carl,Duncan,2016-11-25,MALE,INDIVIDUAL,147,Divorced
2084176,Howard,Freeman,1983-06-12,MALE,INDIVIDUAL,655,Divorced
2084183,William,Johnston,1977-12-31,MALE,INDIVIDUAL,972,Married
2084206,Brian,Martin,2015-08-21,MALE,INDIVIDUAL,397,Single
2084229,Carol,Robertson,1986-07-14,FEMALE,INDIVIDUAL,524,Married
2084233,Roger,Miller,1967-03-01,MALE,INDIVIDUAL,190,Divorced
2084513,Jeremy,Shaw,1977-12-06,MALE,INDIVIDUAL,85,Single
2084535,Nicole,Peters,1971-06-09,FEMALE,INDIVIDUAL,388,Married
2084547,Ashley,Harris,1982-03-15,FEMALE,INDIVIDUAL,486,Single
2084550,Steven,Stone,1973-08-09,MALE,INDIVIDUAL,279,Married
2084561,Todd,Murray,1985-12-09,MALE,INDIVIDUAL,987,Married
2084579,Teresa,Grant,1983-08-22,FEMALE,INDIVIDUAL,811,Married
2084582,Frank,Bryant,1972-11-07,MALE,INDIVIDUAL,149,Single
2087927,John,Butler,1974-12-26,MALE,INDIVIDUAL,236,Divorced
2087953,Kathy,Ellis,2015-04-18,FEMALE,INDIVIDUAL,899,Single
2087954,Gerald,Freeman,1980-10-31,MALE,INDIVIDUAL,983,Married
2087957,Rose,Holmes,1998-09-28,FEMALE,INDIVIDUAL,617,Single
2087993,Bruce,Pierce,2001-02-06,MALE,INDIVIDUAL,622,Married
2088206,Carlos,Patterson,1971-05-25,MALE,INDIVIDUAL,231,Divorced
2088225,Philip,Smith,2016-08-19,MALE,INDIVIDUAL,303,Married
2088226,Paul,Garrett,1982-03-04,MALE,INDIVIDUAL,98,Single
2088245,Ernest,Mills,2014-05-09,MALE,INDIVIDUAL,618,Married
2088278,George,Morales,1976-12-02,MALE,INDIVIDUAL,519,Married
2088290,Helen,Simpson,1987-03-23,FEMALE,INDIVIDUAL,957,Divorced
2088292,Clarence,Smith,1976-08-20,MALE,INDIVIDUAL,842,Married
2088705,Stephanie,Nichols,2015-07-20,FEMALE,INDIVIDUAL,148,Married
2088706,Scott,Rogers,2015-07-20,MALE,INDIVIDUAL,484,Married
2088709,Phyllis,Martinez,1967-07-16,FEMALE,INDIVIDUAL,887,Married
2088714,Lois,Thompson,1985-02-02,FEMALE,INDIVIDUAL,938,Single
2088716,Heather,Edwards,1973-11-07,FEMALE,INDIVIDUAL,380,Single
2088744,Melissa,Graham,1995-11-23,FEMALE,INDIVIDUAL,970,Married
2088769,Susan,Hudson,2002-02-11,FEMALE,INDIVIDUAL,401,Single
2088771,Julie,Foster,2016-01-25,FEMALE,INDIVIDUAL,683,Single
2089132,Cheryl,Fox,1978-10-06,FEMALE,INDIVIDUAL,571,Married
2089147,Barbara,Gomez,1999-07-27,FEMALE,INDIVIDUAL,380,Single
2089149,Samuel,James,1984-07-14,MALE,INDIVIDUAL,654,Married
2089156,Laura,Hawkins,1964-07-15,FEMALE,INDIVIDUAL,490,Married
2089539,Angela,Howard,1975-10-18,FEMALE,INDIVIDUAL,740,Married
2089566,John,Hart,1996-08-07,MALE,INDIVIDUAL,56,Married
2089583,Gerald,Peterson,1975-02-25,MALE,INDIVIDUAL,560,Divorced
2089922,Earl,Henry,1978-03-03,MALE,INDIVIDUAL,618,Divorced
2089928,Gregory,Dunn,1971-10-10,MALE,INDIVIDUAL,644,Married
2089929,Patrick,Arnold,2006-05-10,MALE,INDIVIDUAL,156,Single
2089930,Anne,Myers,2002-08-16,FEMALE,INDIVIDUAL,669,Married
2089948,Lisa,Graham,1976-05-18,FEMALE,INDIVIDUAL,520,Single
2089967,Diana,Richards,1977-10-01,FEMALE,INDIVIDUAL,4,Single
2089970,John,Ramirez,1972-01-07,MALE,INDIVIDUAL,305,Married
2089974,Andrea,Garza,2016-07-28,FEMALE,INDIVIDUAL,646,Married
2089976,Dorothy,Carter,1964-01-26,FEMALE,INDIVIDUAL,884,Married
2090001,Diana,Howard,2012-10-10,FEMALE,INDIVIDUAL,330,Single
2090002,Benjamin,Stevens,1976-03-11,MALE,INDIVIDUAL,506,Married
2090006,Jeffrey,Hall,1959-09-02,MALE,INDIVIDUAL,879,Married
2090008,Christopher,Morrison,1980-11-24,MALE,INDIVIDUAL,3,Divorced
2090296,Antonio,Jackson,1978-06-12,MALE,INDIVIDUAL,346,Single
2090393,Joseph,Garcia,1989-12-09,MALE,INDIVIDUAL,892,Single
2090396,Tina,Ray,1982-05-14,FEMALE,INDIVIDUAL,455,Married
2090823,Gregory,Lopez,1967-03-13,MALE,INDIVIDUAL,431,Single
2090871,Elizabeth,Day,1965-01-31,FEMALE,INDIVIDUAL,900,Married
2091268,Richard,Jacobs,2014-01-01,MALE,INDIVIDUAL,461,Married
2091269,Ernest,Webb,2011-04-02,MALE,INDIVIDUAL,887,Divorced
2091306,Mary,Wagner,1990-06-09,FEMALE,INDIVIDUAL,521,Married
2091309,Julie,Perkins,1986-07-07,FEMALE,INDIVIDUAL,463,Married
2091691,Playaction Group,,,,COMPANY,524,
2091710,Bruce,Alvarez,1983-06-28,MALE,INDIVIDUAL,728,Divorced
2091775,Steve,Green,2016-02-24,MALE,INDIVIDUAL,765,Single
2092134,Galena Group,,,,COMPANY,493,
2092145,Albert,Frazier,1982-08-20,MALE,INDIVIDUAL,174,Single
2092152,Harry,Snyder,2014-02-20,MALE,INDIVIDUAL,841,Married
2092158,Roger,Ryan,2015-10-16,MALE,INDIVIDUAL,855,Single
2092207,Nicole,Nguyen,1983-06-21,FEMALE,INDIVIDUAL,188,Married
2092209,Debra,Elliott,2016-07-21,FEMALE,INDIVIDUAL,561,Married
2092213,Eric,James,2016-10-08,MALE,INDIVIDUAL,668,Married
2092222,Anne,Wells,1987-05-24,FEMALE,INDIVIDUAL,235,Divorced
2092502,Terry,Evans,1978-01-15,MALE,INDIVIDUAL,862,Married
2092503,Antonio,Mendoza,1981-02-13,MALE,INDIVIDUAL,826,Married
2092505,Denise,Rodriguez,1982-12-22,FEMALE,INDIVIDUAL,510,Married
2092511,Philip,Castillo,1974-03-24,MALE,INDIVIDUAL,972,Married
2092521,Ruth,Frazier,1994-05-13,FEMALE,INDIVIDUAL,740,Married
2092529,Dennis,Kennedy,1980-05-06,MALE,INDIVIDUAL,356,Married
2092556,Mary,Holmes,2012-07-30,FEMALE,INDIVIDUAL,54,Single
2092557,Jeffrey,Hart,1973-01-16,MALE,INDIVIDUAL,937,Married
2092558,Gary,Austin,2013-11-16,MALE,INDIVIDUAL,446,Married
2092583,Mark,Gonzales,1958-02-11,MALE,INDIVIDUAL,833,Single
2092587,Louis,Martin,1976-09-01,MALE,INDIVIDUAL,877,Single
2092588,Juan,Schmidt,2009-11-20,MALE,INDIVIDUAL,304,Married
2093052,Alan,Dunn,1999-03-15,MALE,INDIVIDUAL,797,Married
2093053,Robert,Wilson,1972-03-15,MALE,INDIVIDUAL,699,Married
2093059,Bobby,Franklin,1968-02-15,MALE,INDIVIDUAL,766,Divorced
2093063,Ronald,Fowler,2016-03-01,MALE,INDIVIDUAL,438,Married
2093076,Frank,Clark,2014-04-11,MALE,INDIVIDUAL,249,Married
2093077,Lisa,Fuller,1994-10-23,FEMALE,INDIVIDUAL,552,Married
2093078,Wayne,Campbell,1965-03-08,MALE,INDIVIDUAL,47,Married
2093120,Pamela,Vasquez,1995-01-22,FEMALE,INDIVIDUAL,446,Single
2093137,Ann,Wright,2002-10-18,FEMALE,INDIVIDUAL,513,Married
2093138,Virginia,Lee,1967-08-06,FEMALE,INDIVIDUAL,254,Married
2096624,Jessica,Peters,1988-10-12,FEMALE,INDIVIDUAL,644,Divorced
2096634,Teresa,Lopez,1977-02-28,FEMALE,INDIVIDUAL,329,Married
2096667,Kenneth,George,2016-12-08,MALE,INDIVIDUAL,908,Married
2096685,Gary,Vasquez,1985-01-26,MALE,INDIVIDUAL,732,Married
2096697,Scott,Clark,2016-05-25,MALE,INDIVIDUAL,435,Divorced
2096698,Jimmy,Perez,1987-04-07,MALE,INDIVIDUAL,506,Married
2096717,Anna,Black,2016-12-19,FEMALE,INDIVIDUAL,635,Single
2097212,Rachel,Bryant,2009-06-30,FEMALE,INDIVIDUAL,827,Divorced
2097221,Christina,Brown,1985-01-10,FEMALE,INDIVIDUAL,333,Married
2097229,Richard,Cooper,2016-12-19,MALE,INDIVIDUAL,702,Married
2097232,Lois,Carpenter,2016-05-04,FEMALE,INDIVIDUAL,258,Married
2097234,Emily,West,1980-10-02,FEMALE,INDIVIDUAL,123,Married
2097276,Chris,Vasquez,1989-07-03,MALE,INDIVIDUAL,69,Married
2100560,Terry,Gray,2013-06-17,MALE,INDIVIDUAL,545,Single
2100570,Janice,Burns,1978-02-07,FEMALE,INDIVIDUAL,805,Single
2100574,Diane,Hayes,2016-03-05,FEMALE,INDIVIDUAL,356,Married
2100588,Teresa,Baker,2011-07-29,FEMALE,INDIVIDUAL,576,Single
2100591,Donna,Rivera,1958-05-11,FEMALE,INDIVIDUAL,253,Single
2100638,Marie,Stone,2010-06-06,FEMALE,INDIVIDUAL,397,Married
2100639,Lawrence,Clark,1961-10-23,MALE,INDIVIDUAL,95,Single
2100648,Juan,Smith,1978-05-03,MALE,INDIVIDUAL,439,Married
2100987,Harry,Henderson,1987-04-28,MALE,INDIVIDUAL,626,Divorced
2101009,Ryan,Evans,2016-08-26,MALE,INDIVIDUAL,822,Married
2101010,Christopher,Hicks,1977-02-21,MALE,INDIVIDUAL,632,Married
2101079,Benjamin,Bennett,1973-11-19,MALE,INDIVIDUAL,939,Single
2101484,Joseph,Grant,2011-02-16,MALE,INDIVIDUAL,991,Married
2101485,Bobby,Jackson,1974-11-03,MALE,INDIVIDUAL,341,Single
2101492,Carl,Romero,2008-08-09,MALE,INDIVIDUAL,480,Single
2101493,Richard,Diaz,1977-09-22,MALE,INDIVIDUAL,467,Single
2101511,Jeremy,Washington,1974-05-21,MALE,INDIVIDUAL,470,Married
2101828,Andrew,Gordon,1986-08-28,MALE,INDIVIDUAL,7,Married
2101843,Ruth,Fields,1978-12-01,FEMALE,INDIVIDUAL,884,Married
2101851,Fred,Alvarez,1995-09-06,MALE,INDIVIDUAL,463,Married
2101880,Kathryn,Woods,2011-03-24,FEMALE,INDIVIDUAL,326,Married
2101881,Sean,Fields,1977-10-21,MALE,INDIVIDUAL,835,Single
2101882,Rebecca,Fuller,2016-01-27,FEMALE,INDIVIDUAL,224,Married
2101887,Sharon,Cunningham,1973-03-12,FEMALE,INDIVIDUAL,81,Divorced
2101894,Sean,Robinson,1993-06-02,MALE,INDIVIDUAL,651,Single
2101895,David,Evans,1990-05-10,MALE,INDIVIDUAL,832,Married
2101904,Nicholas,Ortiz,1968-11-15,MALE,INDIVIDUAL,96,Married
2101909,Jose,Freeman,1973-02-13,MALE,INDIVIDUAL,828,Divorced
2102137,Angela,Ferguson,2009-02-05,FEMALE,INDIVIDUAL,303,Married
2102199,Margaret,Ford,2016-10-17,FEMALE,INDIVIDUAL,940,Married
2102201,Deborah,Hudson,1977-12-28,FEMALE,INDIVIDUAL,33,Single
2102206,Theresa,Walker,1971-05-18,FEMALE,INDIVIDUAL,925,Married
2102213,Ashley,Spencer,1971-11-15,FEMALE,INDIVIDUAL,193,Married
2102229,Jessica,Greene,1977-11-27,FEMALE,INDIVIDUAL,221,Married
2102477,Ashley,Stevens,1989-03-22,FEMALE,INDIVIDUAL,612,Married
2102526,Irene,Lopez,1988-01-28,FEMALE,INDIVIDUAL,191,Married
2102550,Ernest,Duncan,2015-04-19,MALE,INDIVIDUAL,266,Single
2102557,Elizabeth,Wheeler,2007-09-06,FEMALE,INDIVIDUAL,626,Divorced
2102592,Theresa,Diaz,1976-05-20,FEMALE,INDIVIDUAL,503,Married
2102637,Marie,Shaw,1999-03-08,FEMALE,INDIVIDUAL,244,Single
2103202,Sara,Brown,1982-12-09,FEMALE,INDIVIDUAL,114,Married
2103222,Michael,Washington,1988-04-28,MALE,INDIVIDUAL,469,Married
2103235,Catherine,Wells,1977-01-21,FEMALE,INDIVIDUAL,676,Single
2103239,Sean,Jacobs,1979-02-07,MALE,INDIVIDUAL,20,Married
2103270,Julie,Dean,2013-11-18,FEMALE,INDIVIDUAL,151,Single
2103580,Ruby,Daniels,2008-08-07,FEMALE,INDIVIDUAL,166,Single
2103581,Terry,Lawson,2012-03-25,MALE,INDIVIDUAL,822,Divorced
2103582,Bruce,Howard,1980-01-01,MALE,INDIVIDUAL,239,Married
2103595,Louis,Foster,2012-05-05,MALE,INDIVIDUAL,933,Single
2103608,Diane,Diaz,1982-07-24,FEMALE,INDIVIDUAL,24,Married
2103862,Jessica,Hanson,1966-02-25,FEMALE,INDIVIDUAL,176,Single
2103884,Richard,Larson,2015-10-02,MALE,INDIVIDUAL,714,Married
2103885,Jonathan,Davis,1987-08-28,MALE,INDIVIDUAL,686,Single
2103912,Sharon,Simpson,1976-01-24,FEMALE,INDIVIDUAL,226,Married
2103969,Louis,Hart,1981-08-23,MALE,INDIVIDUAL,33,Divorced
2104229,Ashley,Anderson,1971-04-22,FEMALE,INDIVIDUAL,486,Divorced
2104234,Judy,Wood,1960-01-20,FEMALE,INDIVIDUAL,653,Married
2104235,Kelly,Alexander,2004-04-19,FEMALE,INDIVIDUAL,726,Married
2104237,Eugene,Carpenter,1998-01-02,MALE,INDIVIDUAL,664,Married
2104284,Ryan,Thomas,1986-08-07,MALE,INDIVIDUAL,459,Married
2104285,Mary,Simmons,2014-11-02,FEMALE,INDIVIDUAL,463,Married
2104293,Janet,Larson,1991-09-01,FEMALE,INDIVIDUAL,325,Single
2104296,Fred,Diaz,1976-05-21,MALE,INDIVIDUAL,913,Divorced
2104297,Frank,Morrison,2012-11-23,MALE,INDIVIDUAL,215,Married
2104551,Kenneth,Hunter,1987-06-12,MALE,INDIVIDUAL,753,Married
2104560,Stephanie,Harvey,2014-09-20,FEMALE,INDIVIDUAL,726,Married
2104562,Lori,Morgan,1972-12-22,FEMALE,INDIVIDUAL,989,Single
2104577,Terry,Ross,2012-11-29,MALE,INDIVIDUAL,514,Married
2104581,Samuel,Fisher,1970-10-06,MALE,INDIVIDUAL,30,Married
2104592,Peter,Hanson,1985-01-17,MALE,INDIVIDUAL,300,Single
2104596,Amy,Rodriguez,1985-06-25,FEMALE,INDIVIDUAL,465,Married
2104598,Janet,Mccoy,2016-12-09,FEMALE,INDIVIDUAL,190,Married
2104613,Antonio,Mills,1970-11-13,MALE,INDIVIDUAL,489,Married
2104635,Nicholas,Martin,2016-09-26,MALE,INDIVIDUAL,591,Married
2104973,Jose,Alexander,1980-09-12,MALE,INDIVIDUAL,203,Married
2104994,Sean,Peters,1975-09-29,MALE,INDIVIDUAL,809,Single
2105007,Phyllis,Mason,2015-08-06,FEMALE,INDIVIDUAL,775,Divorced
2105008,Judith,Clark,2011-05-30,FEMALE,INDIVIDUAL,181,Married
2105009,Harold,Ford,1979-03-27,MALE,INDIVIDUAL,105,Single
2105022,Phyllis,Spencer,2009-01-20,FEMALE,INDIVIDUAL,155,Divorced
2105023,Antonio,Price,2005-11-07,MALE,INDIVIDUAL,551,Married
2105024,Roy,Rose,1985-11-04,MALE,INDIVIDUAL,170,Single
2105027,Robert,Coleman,1980-06-06,MALE,INDIVIDUAL,620,Single
2105450,Gary,Fields,2000-10-17,MALE,INDIVIDUAL,793,Married
2105465,Gerald,Taylor,1987-12-22,MALE,INDIVIDUAL,359,Divorced
2105470,Evelyn,Marshall,1971-01-23,FEMALE,INDIVIDUAL,622,Married
2105482,Eric,Turner,2016-11-24,MALE,INDIVIDUAL,350,Married
2105752,Brian,Wheeler,1969-02-18,MALE,INDIVIDUAL,522,Single
2105753,Larry,Cooper,1996-01-30,MALE,INDIVIDUAL,994,Single
2105787,Mildred,Hall,1985-10-31,FEMALE,INDIVIDUAL,226,Single
2105798,Beverly,Willis,1976-12-03,FEMALE,INDIVIDUAL,827,Single
2105827,Aaron,Fields,2009-06-09,MALE,INDIVIDUAL,280,Married
2106195,Terry,Young,1959-03-11,MALE,INDIVIDUAL,254,Married
2106200,Alan,Knight,1964-02-16,MALE,INDIVIDUAL,63,Married
2106203,Nicholas,Allen,1984-10-24,MALE,INDIVIDUAL,885,Single
2106204,Stephanie,Dean,1966-01-28,FEMALE,INDIVIDUAL,474,Married
2106207,Mark,Riley,1967-05-19,MALE,INDIVIDUAL,344,Married
2106262,Keith,Cook,1975-08-15,MALE,INDIVIDUAL,109,Married
2106482,Diana,Green,1982-03-03,FEMALE,INDIVIDUAL,104,Married
2106519,Edward,Hicks,2016-11-14,MALE,INDIVIDUAL,609,Married
2106520,Willie,Burton,1981-05-22,MALE,INDIVIDUAL,159,Single
2106524,Betty,Fisher,1979-05-25,FEMALE,INDIVIDUAL,715,Single
2106855,Camelot Corp,,,,COMPANY,163,
2106860,Craig,Campbell,1979-06-22,MALE,INDIVIDUAL,42,Single
2106872,Rose,Elliott,2016-05-10,FEMALE,INDIVIDUAL,818,Divorced
2106873,Jeremy,Wilson,2016-05-10,MALE,INDIVIDUAL,755,Single
2106897,Timothy,Pierce,1999-04-03,MALE,INDIVIDUAL,698,Married
2106915,Jason,Mccoy,1983-09-10,MALE,INDIVIDUAL,27,Married
2106919,Eugene,Hawkins,1984-08-02,MALE,INDIVIDUAL,274,Single
2106923,Aaron,James,1980-08-19,MALE,INDIVIDUAL,797,Single
2106924,Walter,Matthews,2016-02-02,MALE,INDIVIDUAL,597,Married
2106963,Judith,Brown,2016-12-19,FEMALE,INDIVIDUAL,352,Single
2106964,Elizabeth,Fisher,1972-12-04,FEMALE,INDIVIDUAL,166,Single
2107199,John,Dixon,2015-06-30,MALE,INDIVIDUAL,504,Divorced
2107204,Norma,Hernandez,1978-09-04,FEMALE,INDIVIDUAL,692,Married
2107222,Jeremy,Powell,1980-09-26,MALE,INDIVIDUAL,564,Single
2107235,Jennifer,Price,1975-09-22,FEMALE,INDIVIDUAL,639,Married
2107258,Tina,Burton,2007-05-08,FEMALE,INDIVIDUAL,887,Single
2107571,Diana,Carroll,1978-07-21,FEMALE,INDIVIDUAL,808,Married
2107602,Donald,Robinson,2012-11-23,MALE,INDIVIDUAL,976,Married
2107610,Jacqueline,Brooks,2015-09-23,FEMALE,INDIVIDUAL,226,Single
2107618,Jerry,Hart,1971-08-02,MALE,INDIVIDUAL,135,Married
2107622,Steven,Meyer,1985-12-29,MALE,INDIVIDUAL,915,Single
2107628,Pamela,Stanley,1973-12-19,FEMALE,INDIVIDUAL,892,Single
2107632,Alice,Elliott,1989-05-14,FEMALE,INDIVIDUAL,826,Married
2107641,Bobby,Nichols,2012-06-21,MALE,INDIVIDUAL,511,Divorced
2107647,Steven,Miller,2016-11-08,MALE,INDIVIDUAL,825,Married
2107648,Henry,Gordon,1981-03-31,MALE,INDIVIDUAL,776,Single
2107649,Kevin,Burke,1996-02-02,MALE,INDIVIDUAL,663,Married
2107670,Johnny,Hicks,1980-06-06,MALE,INDIVIDUAL,479,Married
2107675,Tammy,Cole,1981-10-18,FEMALE,INDIVIDUAL,136,Divorced
2107910,Fred,Moore,1979-12-07,MALE,INDIVIDUAL,550,Married
2107934,Richard,Kennedy,2016-03-17,MALE,INDIVIDUAL,970,Married
2107935,Richard,Dixon,1977-06-15,MALE,INDIVIDUAL,233,Married
2107948,Todd,Burton,1989-04-22,MALE,INDIVIDUAL,565,Single
2107953,Jessica,Coleman,1963-05-05,FEMALE,INDIVIDUAL,85,Single
2107977,Judy,Baker,1963-01-13,FEMALE,INDIVIDUAL,83,Single
2107988,Antonio,Hudson,2016-02-23,MALE,INDIVIDUAL,176,Married
2107991,Jessica,Gonzales,1979-07-01,FEMALE,INDIVIDUAL,244,Married
2108001,Eugene,Stone,2009-05-20,MALE,INDIVIDUAL,707,Married
2108339,Roger,Kelley,2011-06-03,MALE,INDIVIDUAL,466,Single
2108361,Joe,Lee,1973-03-22,MALE,INDIVIDUAL,795,Single
2108365,Helen,Murray,1984-10-09,FEMALE,INDIVIDUAL,225,Married
2108377,Julia,Hudson,1990-05-27,FEMALE,INDIVIDUAL,73,Married
2108379,Clarence,Perry,2014-02-13,MALE,INDIVIDUAL,926,Married
2108381,Rachel,Kelly,1981-12-21,FEMALE,INDIVIDUAL,597,Single
2108392,Elizabeth,Ramos,1977-07-24,FEMALE,INDIVIDUAL,497,Single
2108681,Adam,Hicks,1972-07-11,MALE,INDIVIDUAL,348,Single
2108701,Antonio,Adams,1985-02-15,MALE,INDIVIDUAL,87,Married
2108987,Elite Group,,,,COMPANY,871,
2108990,Johnny,Fowler,1974-02-25,MALE,INDIVIDUAL,583,Single
2108996,Gregory,Barnes,1980-10-02,MALE,INDIVIDUAL,895,Married
2108998,Kevin,Butler,1993-06-10,MALE,INDIVIDUAL,709,Single
2109010,Angela,Matthews,2000-06-15,FEMALE,INDIVIDUAL,294,Married
2109053,Daniel,Wells,1976-03-11,MALE,INDIVIDUAL,442,Single
2109060,Sharon,Romero,1960-10-27,FEMALE,INDIVIDUAL,604,Married
2109064,Beverly,Fisher,1975-02-09,FEMALE,INDIVIDUAL,15,Married
2109067,Thomas,Chavez,1976-08-05,MALE,INDIVIDUAL,423,Single
2109069,Johnny,Roberts,2016-01-30,MALE,INDIVIDUAL,896,Single
2109351,Theresa,Peters,1985-05-25,FEMALE,INDIVIDUAL,452,Single
2109353,Dorothy,Patterson,1999-03-08,FEMALE,INDIVIDUAL,83,Single
2109378,St. Group,,,,COMPANY,276,
2109406,Andrew,Ross,1987-04-20,MALE,INDIVIDUAL,399,Married
2109413,Timothy,Jones,1973-09-02,MALE,INDIVIDUAL,545,Divorced
2109699,Harry,Hanson,1981-05-26,MALE,INDIVIDUAL,849,Divorced
2109700,Terry,Lee,2015-03-27,MALE,INDIVIDUAL,634,Single
2109731,Doris,Phillips,1989-09-08,FEMALE,INDIVIDUAL,537,Married
2109732,Nancy,Reid,1994-08-08,FEMALE,INDIVIDUAL,577,Married
2109736,Amy,Powell,2009-05-13,FEMALE,INDIVIDUAL,909,Single
2109757,Robin,Mitchell,1981-03-09,FEMALE,INDIVIDUAL,483,Married
2109760,Jesse,Rivera,1975-03-11,MALE,INDIVIDUAL,375,Divorced
2110034,Jessica,Harris,1985-05-24,FEMALE,INDIVIDUAL,241,Married
2110054,Daniel,Carpenter,1960-09-30,MALE,INDIVIDUAL,326,Single
2110055,Kenneth,Lane,2003-11-19,MALE,INDIVIDUAL,650,Married
2110058,Johnny,Ortiz,2012-11-27,MALE,INDIVIDUAL,77,Married
2110080,Laura,Perkins,1978-04-16,FEMALE,INDIVIDUAL,994,Single
2110086,Pamela,Fowler,2015-03-03,FEMALE,INDIVIDUAL,331,Single
2110376,Eric,Gonzalez,1984-09-04,MALE,INDIVIDUAL,784,Married
2110400,Timothy,Morgan,2017-01-02,MALE,INDIVIDUAL,143,Married
2110401,Teresa,Davis,1977-02-23,FEMALE,INDIVIDUAL,449,Married
2110422,Chris,Reed,1992-07-09,MALE,INDIVIDUAL,299,Divorced
2110453,Paula,Palmer,1959-07-17,FEMALE,INDIVIDUAL,922,Single
2110455,Rebecca,Garza,1967-01-01,FEMALE,INDIVIDUAL,438,Divorced
2110465,Adam,Shaw,1960-10-23,MALE,INDIVIDUAL,104,Single
2110468,Sarah,Burke,1983-06-23,FEMALE,INDIVIDUAL,763,Single
2110469,Christopher,Harvey,2016-03-31,MALE,INDIVIDUAL,55,Single
2110481,Craig,Fox,1977-08-31,MALE,INDIVIDUAL,554,Single
2110482,Ralph,Nguyen,2013-02-13,MALE,INDIVIDUAL,668,Divorced
2110766,Rachel,Brooks,1984-09-12,FEMALE,INDIVIDUAL,123,Divorced
2110781,Andrew,Smith,1991-02-09,MALE,INDIVIDUAL,399,Married
2110790,Carol,Gibson,1975-03-11,FEMALE,INDIVIDUAL,233,Married
2110798,Kenneth,Berry,1995-05-19,MALE,INDIVIDUAL,185,Married
2110806,Joshua,Burns,1972-02-09,MALE,INDIVIDUAL,346,Married
2110807,Henry,Powell,2006-09-27,MALE,INDIVIDUAL,989,Married
2110808,Matthew,Diaz,1980-02-25,MALE,INDIVIDUAL,590,Married
2110809,John,Matthews,2016-04-11,MALE,INDIVIDUAL,365,Married
2111150,"Hospira, ",,,,COMPANY,395,
2111164,Rebecca,Carter,1988-05-16,FEMALE,INDIVIDUAL,799,Married
2111182,Henry,Johnston,1981-10-13,MALE,INDIVIDUAL,770,Married
2111201,Mark,Welch,1983-07-08,MALE,INDIVIDUAL,55,Single
2111202,Mildred,Torres,2014-10-01,FEMALE,INDIVIDUAL,80,Single
2111208,Evelyn,Jones,1982-03-09,FEMALE,INDIVIDUAL,225,Married
2111209,Judith,Watson,1986-07-25,FEMALE,INDIVIDUAL,50,Divorced
2111483,Marie,Allen,2017-01-15,FEMALE,INDIVIDUAL,235,Divorced
2111496,Mildred,Mcdonald,2014-10-23,FEMALE,INDIVIDUAL,392,Single
2111519,Joseph,Gibson,2000-10-04,MALE,INDIVIDUAL,638,Single
2111520,Ralph,Martinez,1952-05-31,MALE,INDIVIDUAL,779,Single
2111546,Willie,Morales,1992-09-04,MALE,INDIVIDUAL,93,Married
2111847,Nicholas,Robertson,2016-12-20,MALE,INDIVIDUAL,643,Married
2111856,Sharon,Hawkins,1978-06-27,FEMALE,INDIVIDUAL,703,Divorced
2111872,Denise,Moreno,1958-04-23,FEMALE,INDIVIDUAL,590,Married
2111874,Roy,Ramirez,2013-06-15,MALE,INDIVIDUAL,475,Married
2111880,David,Simpson,1984-10-28,MALE,INDIVIDUAL,696,Single
2111889,Shirley,Davis,1999-07-10,FEMALE,INDIVIDUAL,892,Divorced
2111891,Joseph,Andrews,1981-07-27,MALE,INDIVIDUAL,322,Married
2111898,Robert,Robertson,1973-02-03,MALE,INDIVIDUAL,271,Married
2111901,Angela,Ward,1956-12-16,FEMALE,INDIVIDUAL,786,Married
2112120,Jennifer,Webb,1962-03-15,FEMALE,INDIVIDUAL,626,Single
2112129,Craig,Alvarez,1974-10-21,MALE,INDIVIDUAL,894,Married
2112130,Samuel,Perry,1984-02-10,MALE,INDIVIDUAL,782,Divorced
2112141,Sandra,Brown,1979-12-07,FEMALE,INDIVIDUAL,734,Single
2112142,Adam,Harrison,1947-12-15,MALE,INDIVIDUAL,261,Single
2112148,Peter,Ruiz,1981-07-17,MALE,INDIVIDUAL,104,Single
2112177,Irene,Weaver,1979-07-12,FEMALE,INDIVIDUAL,969,Divorced
2112355,Michelle,Hanson,1979-07-20,FEMALE,INDIVIDUAL,268,Married
2112358,Jennifer,Sims,1986-07-25,FEMALE,INDIVIDUAL,309,Divorced
2112390,Gerald,Hall,1979-09-24,MALE,INDIVIDUAL,702,Married
2112418,Alice,Mcdonald,2015-07-27,FEMALE,INDIVIDUAL,592,Married
2112422,Helen,Sims,1965-10-06,FEMALE,INDIVIDUAL,945,Married
2112825,Victor,Robertson,1981-12-19,MALE,INDIVIDUAL,698,Single
2112835,Cynthia,Clark,2006-09-05,FEMALE,INDIVIDUAL,940,Married
2112839,Laura,Ramirez,1983-05-13,FEMALE,INDIVIDUAL,710,Single
2112852,Paula,Vasquez,2017-01-12,FEMALE,INDIVIDUAL,337,Married
2112858,Bruce,Lawrence,1983-11-13,MALE,INDIVIDUAL,747,Married
2112869,Deborah,Davis,2006-02-27,FEMALE,INDIVIDUAL,117,Married
2112884,Samuel,Ruiz,1977-07-12,MALE,INDIVIDUAL,180,Married
2112885,Nicole,Myers,2013-03-27,FEMALE,INDIVIDUAL,506,Single
2113328,Melissa,Brooks,1971-07-27,FEMALE,INDIVIDUAL,87,Married
2113654,Joyce,Berry,2012-07-24,FEMALE,INDIVIDUAL,281,Married
2113655,Jason,Gomez,1979-10-31,MALE,INDIVIDUAL,97,Single
2113656,Aaron,Myers,2010-09-16,MALE,INDIVIDUAL,911,Single
2113667,Lisa,Ford,1988-12-23,FEMALE,INDIVIDUAL,339,Married
2113719,Terry,Collins,1986-08-29,MALE,INDIVIDUAL,190,Single
2114070,Mark,Alexander,1972-05-17,MALE,INDIVIDUAL,856,Single
2114072,Gloria,Garza,1984-02-20,FEMALE,INDIVIDUAL,914,Single
2114074,Amanda,Hunt,1986-02-14,FEMALE,INDIVIDUAL,853,Married
2114088,Janice,Hall,1987-04-25,FEMALE,INDIVIDUAL,211,Single
2114098,Martin,Reynolds,1986-02-03,MALE,INDIVIDUAL,305,Married
2114152,Virginia,Oliver,1986-03-27,FEMALE,INDIVIDUAL,79,Divorced
2114153,Julie,Martin,1980-09-24,FEMALE,INDIVIDUAL,367,Single
2114154,Jeffrey,Gonzalez,2016-01-11,MALE,INDIVIDUAL,788,Single
2114165,Frances,Fox,2016-07-21,FEMALE,INDIVIDUAL,763,Married
2114169,Jason,Miller,2016-04-25,MALE,INDIVIDUAL,307,Married
2114170,John,Grant,1978-02-09,MALE,INDIVIDUAL,526,Single
2114185,Catherine,Wallace,1988-09-27,FEMALE,INDIVIDUAL,956,Single
2114809,Sean,Hamilton,1996-10-01,MALE,INDIVIDUAL,491,Single
2114831,Scott,Johnson,1971-10-13,MALE,INDIVIDUAL,905,Married
2114833,Tammy,Fields,1995-04-18,FEMALE,INDIVIDUAL,643,Married
2114835,Albert,King,1963-10-27,MALE,INDIVIDUAL,169,Married
2114856,Rachel,Cooper,1970-06-23,FEMALE,INDIVIDUAL,474,Married
2114881,Elizabeth,Gibson,2001-08-07,FEMALE,INDIVIDUAL,267,Married
2114903,Denise,Cook,1987-01-03,FEMALE,INDIVIDUAL,237,Married
2114944,Steve,Snyder,2016-09-28,MALE,INDIVIDUAL,544,Divorced
2114954,Andrea,Flores,2007-02-25,FEMALE,INDIVIDUAL,725,Married
2114962,Harry,Cook,1995-11-27,MALE,INDIVIDUAL,880,Single
2114994,Jane,Bell,1979-11-18,FEMALE,INDIVIDUAL,742,Married
2115004,Jerry,Mitchell,2016-04-09,MALE,INDIVIDUAL,647,Single
2115005,Sarah,Berry,1969-05-20,FEMALE,INDIVIDUAL,160,Single
2115154,Carlos,Duncan,2004-09-02,MALE,INDIVIDUAL,447,Married
2115157,Justin,Kelley,2014-06-21,MALE,INDIVIDUAL,454,Married
2115158,Justin,Hamilton,1981-08-04,MALE,INDIVIDUAL,167,Single
2115161,Ruth,King,2015-01-02,FEMALE,INDIVIDUAL,701,Married
2115173,Sarah,Wright,2017-02-13,FEMALE,INDIVIDUAL,149,Single
2115174,Russell,Burton,1946-08-28,MALE,INDIVIDUAL,20,Single
2115205,James,Ross,1985-05-17,MALE,INDIVIDUAL,936,Single
2115208,Christopher,Woods,2004-08-24,MALE,INDIVIDUAL,431,Married
2115212,Sara,Fowler,1982-11-16,FEMALE,INDIVIDUAL,269,Married
2115213,Todd,Welch,2016-01-23,MALE,INDIVIDUAL,125,Divorced
2115226,Evelyn,Bowman,1987-02-22,FEMALE,INDIVIDUAL,480,Married
2115227,Frank,Gomez,1974-12-23,MALE,INDIVIDUAL,723,Single
2115228,Bruce,Day,2012-06-01,MALE,INDIVIDUAL,327,Single
2115231,Howard,Weaver,1978-08-27,MALE,INDIVIDUAL,986,Married
2115262,Karen,Simpson,1968-07-01,FEMALE,INDIVIDUAL,306,Single
2115279,Timothy,Ray,2009-06-30,MALE,INDIVIDUAL,529,Single
2115293,Carl,Riley,1987-06-06,MALE,INDIVIDUAL,511,Single
2115294,Louise,Thomas,2016-04-22,FEMALE,INDIVIDUAL,880,Single
2115646,Laser Group,,,,COMPANY,254,
2115652,Brenda,Lynch,1987-05-18,FEMALE,INDIVIDUAL,675,Divorced
2115662,Peter,Tucker,1972-12-15,MALE,INDIVIDUAL,199,Married
2115666,Nicholas,Knight,1994-07-29,MALE,INDIVIDUAL,929,Divorced
2115668,Martha,Anderson,1966-01-31,FEMALE,INDIVIDUAL,650,Married
2115671,Jonathan,Duncan,1968-06-01,MALE,INDIVIDUAL,289,Divorced
2115678,Michael,Jacobs,2016-07-30,MALE,INDIVIDUAL,729,Single
2115689,Catherine,Williamson,1971-09-23,FEMALE,INDIVIDUAL,846,Married
2115705,Andrew,Rose,2009-09-26,MALE,INDIVIDUAL,307,Married
2115724,Shawn,Watkins,2004-03-07,MALE,INDIVIDUAL,554,Married
2115726,Paul,Armstrong,2016-03-28,MALE,INDIVIDUAL,820,Single
2115746,Russell,Harris,2016-03-26,MALE,INDIVIDUAL,175,Divorced
2115767,John,Young,2012-05-11,MALE,INDIVIDUAL,96,Married
2115978,Jonathan,Collins,1976-08-13,MALE,INDIVIDUAL,101,Married
2116001,Lillian,Griffin,1981-08-18,FEMALE,INDIVIDUAL,332,Married
2116003,Ruby,Mccoy,2016-12-02,FEMALE,INDIVIDUAL,346,Single
2116027,Karen,Wilson,1980-09-28,FEMALE,INDIVIDUAL,858,Married
2116035,Tina,Fernandez,2017-02-24,FEMALE,INDIVIDUAL,826,Married
2116038,Norma,Harper,1990-12-08,FEMALE,INDIVIDUAL,819,Married
2116060,Howard,Green,1980-09-28,MALE,INDIVIDUAL,716,Single
2116068,Benjamin,Reyes,1979-02-26,MALE,INDIVIDUAL,148,Married
2116097,Joe,Ramos,2017-01-16,MALE,INDIVIDUAL,449,Married
2116113,Jerry,Murphy,1974-04-09,MALE,INDIVIDUAL,459,Divorced
2116116,Jessica,Vasquez,1974-01-14,FEMALE,INDIVIDUAL,841,Divorced
2116119,Beverly,Rose,1986-10-16,FEMALE,INDIVIDUAL,708,Single
2116120,Anna,Burton,2016-04-12,FEMALE,INDIVIDUAL,502,Single
2116142,Charles,Hanson,1978-05-29,MALE,INDIVIDUAL,609,Married
2116361,Raymond,Bryant,2015-09-22,MALE,INDIVIDUAL,800,Divorced
2116362,Jeremy,Holmes,1978-09-06,MALE,INDIVIDUAL,727,Single
2116383,Katherine,Knight,1981-02-12,FEMALE,INDIVIDUAL,385,Married
2116386,Linda,Lynch,1971-12-02,FEMALE,INDIVIDUAL,640,Divorced
2116466,Judy,Rogers,2016-06-07,FEMALE,INDIVIDUAL,102,Single
2116467,Juan,Simmons,2013-05-26,MALE,INDIVIDUAL,130,Married
2116479,Stephanie,Larson,1985-05-29,FEMALE,INDIVIDUAL,229,Married
2116491,Joseph,Dean,2017-01-21,MALE,INDIVIDUAL,330,Married
2116769,Brandon,Moore,2016-05-05,MALE,INDIVIDUAL,714,Married
2116770,Terry,Mcdonald,1984-11-09,MALE,INDIVIDUAL,23,Single
2116800,Jennifer,Bowman,1973-01-19,FEMALE,INDIVIDUAL,766,Single
2116801,Jack,Gutierrez,2010-08-11,MALE,INDIVIDUAL,406,Married
2116827,Kathleen,Olson,1983-04-07,FEMALE,INDIVIDUAL,64,Married
2116837,Karen,Cruz,2012-12-12,FEMALE,INDIVIDUAL,377,Married
2116839,Douglas,Lewis,1978-08-27,MALE,INDIVIDUAL,289,Divorced
2116840,Julie,Bryant,1982-08-16,FEMALE,INDIVIDUAL,35,Single
2116844,Margaret,Franklin,1993-05-21,FEMALE,INDIVIDUAL,698,Married
2116870,Jessica,Williams,2016-04-09,FEMALE,INDIVIDUAL,483,Divorced
2116871,Jimmy,Murray,1970-05-29,MALE,INDIVIDUAL,711,Married
2116878,Marilyn,Watson,2011-09-03,FEMALE,INDIVIDUAL,716,Married
2116880,Louis,Graham,1978-06-29,MALE,INDIVIDUAL,657,Single
2116881,Andrea,Wright,1978-10-31,FEMALE,INDIVIDUAL,445,Divorced
2116892,Gregory,Gardner,1974-05-14,MALE,INDIVIDUAL,849,Married
2117187,Martha,Roberts,1987-05-28,FEMALE,INDIVIDUAL,404,Single
2117212,Russell,Stewart,2015-10-24,MALE,INDIVIDUAL,124,Married
2117223,Jimmy,Arnold,1971-02-05,MALE,INDIVIDUAL,946,Married
2117252,Nancy,Lewis,1994-01-25,FEMALE,INDIVIDUAL,790,Married
2117274,Kathryn,Lee,2016-11-01,FEMALE,INDIVIDUAL,772,Married
2117275,Douglas,Washington,1977-10-28,MALE,INDIVIDUAL,987,Married
2117280,Timothy,Washington,2017-01-10,MALE,INDIVIDUAL,983,Married
2117288,Tina,West,1985-04-28,FEMALE,INDIVIDUAL,574,Married
2117316,Jessica,Carter,1988-06-07,FEMALE,INDIVIDUAL,369,Single
2117324,Teresa,Alvarez,2010-09-07,FEMALE,INDIVIDUAL,90,Married
2117370,Harry,Pierce,2015-03-20,MALE,INDIVIDUAL,579,Single
2117371,Juan,Ford,1959-07-16,MALE,INDIVIDUAL,238,Married
2117628,Kelly,Dixon,1990-10-19,FEMALE,INDIVIDUAL,561,Divorced
2117631,Air Ltd,,,,COMPANY,463,
2117658,Gary,Stevens,1978-12-12,MALE,INDIVIDUAL,391,Single
2117705,Michael,Lewis,1994-10-25,MALE,INDIVIDUAL,247,Married
2117712,Carolyn,Bishop,1978-01-12,FEMALE,INDIVIDUAL,435,Married
2117734,Randy,Sims,2016-03-01,MALE,INDIVIDUAL,667,Married
2118040,Arthur,Russell,2014-01-17,MALE,INDIVIDUAL,622,Divorced
2118083,Kelly,Bell,1991-09-12,FEMALE,INDIVIDUAL,362,Single
2118101,Diana,Reyes,1980-08-24,FEMALE,INDIVIDUAL,633,Married
2118111,Shirley,Flores,1974-07-09,FEMALE,INDIVIDUAL,601,Single
2118117,Adam,Wagner,2014-07-20,MALE,INDIVIDUAL,529,Single
2118385,Ruby,Knight,2014-05-30,FEMALE,INDIVIDUAL,528,Married
2118386,Clarence,Kelley,1986-05-13,MALE,INDIVIDUAL,186,Married
2118387,Lori,Stewart,1985-05-25,FEMALE,INDIVIDUAL,690,Married
2118390,Rebecca,Payne,1957-08-17,FEMALE,INDIVIDUAL,65,Married
2118405,Jennifer,Gardner,2012-04-04,FEMALE,INDIVIDUAL,311,Married
2118415,Louise,Taylor,1987-07-07,FEMALE,INDIVIDUAL,668,Married
2118437,Lisa,Reynolds,1966-10-15,FEMALE,INDIVIDUAL,726,Married
2118472,Jennifer,Cole,1980-04-01,FEMALE,INDIVIDUAL,826,Married
2118494,Bruce,Adams,2012-05-05,MALE,INDIVIDUAL,39,Married
2118829,William,Edwards,1971-10-17,MALE,INDIVIDUAL,221,Married
2119188,Jurlique Group,,,,COMPANY,164,
2119205,Air Group,,,,COMPANY,15,
2119212,Bobby,Fowler,2016-05-09,MALE,INDIVIDUAL,884,Single
2119213,James,Johnston,1981-04-01,MALE,INDIVIDUAL,923,Married
2119216,Jane,Myers,1982-07-16,FEMALE,INDIVIDUAL,637,Divorced
2119240,Jimmy,Ford,1983-09-08,MALE,INDIVIDUAL,621,Single
2119246,Paul,Ward,2016-01-07,MALE,INDIVIDUAL,279,Married
2119248,Jerry,Snyder,1978-01-05,MALE,INDIVIDUAL,515,Married
2119254,Albert,Fowler,1979-02-23,MALE,INDIVIDUAL,870,Single
2119278,Bobby,Duncan,1977-05-15,MALE,INDIVIDUAL,537,Married
2119283,Eric,Castillo,1968-03-03,MALE,INDIVIDUAL,522,Married
2119296,Michael,Bell,1991-01-24,MALE,INDIVIDUAL,63,Married
2119304,Samuel,Sanders,2016-09-28,MALE,INDIVIDUAL,648,Single
2119308,Carol,Baker,1989-03-27,FEMALE,INDIVIDUAL,65,Divorced
2119332,Frank,Davis,1975-08-22,MALE,INDIVIDUAL,215,Married
2119344,Betty,Campbell,1965-07-21,FEMALE,INDIVIDUAL,665,Single
2119374,Carlos,Crawford,1976-11-04,MALE,INDIVIDUAL,721,Divorced
2119375,Clarence,Fields,1978-06-07,MALE,INDIVIDUAL,28,Single
2119377,Brandon,Harrison,1995-07-28,MALE,INDIVIDUAL,316,Married
2119380,Sharon,Payne,1977-07-14,FEMALE,INDIVIDUAL,905,Married
2119388,Stephen,Rose,1968-02-19,MALE,INDIVIDUAL,787,Married
2119390,Lori,Pierce,1998-11-30,FEMALE,INDIVIDUAL,962,Single
2119394,Daniel,Jones,2012-04-30,MALE,INDIVIDUAL,524,Married
2119395,Carl,Woods,1979-09-16,MALE,INDIVIDUAL,283,Single
2119405,Amy,Elliott,2016-04-21,FEMALE,INDIVIDUAL,633,Single
2119411,Jennifer,Watkins,1967-08-06,FEMALE,INDIVIDUAL,541,Married
2119671,Carlos,Day,1976-03-10,MALE,INDIVIDUAL,809,Single
2119711,Howard,Collins,2016-09-15,MALE,INDIVIDUAL,751,Single
2119712,Frank,Medina,1983-07-10,MALE,INDIVIDUAL,528,Married
2120058,Z.H.T. Group,,,,COMPANY,807,
2120172,Stephen,Ross,1979-04-08,MALE,INDIVIDUAL,839,Married
2120431,Eugene,Hanson,1984-04-20,MALE,INDIVIDUAL,666,Single
2120819,Catherine,Ray,1988-01-27,FEMALE,INDIVIDUAL,755,Single
2120892,Christine,Murray,1983-06-03,FEMALE,INDIVIDUAL,239,Married
2121261,Amy,Barnes,1980-10-11,FEMALE,INDIVIDUAL,607,Single
2121308,Eric,Evans,1979-04-02,MALE,INDIVIDUAL,827,Divorced
2121344,Patrick,Brown,1986-04-10,MALE,INDIVIDUAL,616,Single
2121350,Christine,Cruz,1988-12-01,FEMALE,INDIVIDUAL,497,Married
2121629,Charles,Lynch,2014-10-20,MALE,INDIVIDUAL,867,Single
2121637,Jeffrey,Miller,1979-06-29,MALE,INDIVIDUAL,948,Single
2121731,Frank,Bennett,2017-03-12,MALE,INDIVIDUAL,128,Single
2122020,Stephanie,Williamson,1974-06-25,FEMALE,INDIVIDUAL,511,Single
2122024,Major Corp,,,,COMPANY,818,
2122048,Sandra,Garcia,2011-08-23,FEMALE,INDIVIDUAL,360,Single
2122049,Marilyn,Vasquez,1969-08-21,FEMALE,INDIVIDUAL,334,Married
2122060,Frank,Russell,1986-12-01,MALE,INDIVIDUAL,533,Divorced
2122065,Laura,Harvey,1971-11-22,FEMALE,INDIVIDUAL,298,Divorced
2122080,Terry,Clark,1959-04-16,MALE,INDIVIDUAL,946,Married
2122169,Gregory,West,1977-08-29,MALE,INDIVIDUAL,474,Married
2122193,Michael,Brown,1973-11-09,MALE,INDIVIDUAL,519,Married
2123293,Shirley,Reynolds,1981-01-09,FEMALE,INDIVIDUAL,441,Married
2123330,Tina,Kennedy,1973-09-16,FEMALE,INDIVIDUAL,833,Single
2123343,Bonnie,Wells,2010-07-08,FEMALE,INDIVIDUAL,363,Married
2123801,John,Lewis,1978-01-30,MALE,INDIVIDUAL,708,Divorced
2123802,Alan,Perez,2014-08-21,MALE,INDIVIDUAL,598,Married
2124326,Diane,White,1971-09-29,FEMALE,INDIVIDUAL,95,Single
2124803,Robert,Mason,1976-05-19,MALE,INDIVIDUAL,247,Single
2124812,Victor,Butler,1987-05-20,MALE,INDIVIDUAL,300,Divorced
2124813,Carl,Griffin,2016-07-03,MALE,INDIVIDUAL,343,Married
2124881,Kevin,West,2013-01-25,MALE,INDIVIDUAL,38,Married
2124882,Benjamin,Harris,1986-12-03,MALE,INDIVIDUAL,174,Single
2125241,Elizabeth,Mason,1981-11-10,FEMALE,INDIVIDUAL,652,Single
2125261,Tammy,Lynch,1978-01-20,FEMALE,INDIVIDUAL,654,Single
2125266,Julia,Castillo,1981-09-12,FEMALE,INDIVIDUAL,781,Single
2125268,Russell,Ferguson,1976-09-17,MALE,INDIVIDUAL,56,Married
2125552,Denise,Duncan,1979-08-01,FEMALE,INDIVIDUAL,439,Single
2125569,Diana,Wood,1977-01-23,FEMALE,INDIVIDUAL,47,Married
2125605,Diane,Austin,1980-07-31,FEMALE,INDIVIDUAL,443,Married
2126039,Keith,Gutierrez,1979-01-03,MALE,INDIVIDUAL,724,Single
2126100,Roy,Rivera,1976-05-30,MALE,INDIVIDUAL,197,Married
2126104,Angela,Butler,2016-05-23,FEMALE,INDIVIDUAL,787,Single
2126430,Ralph,Welch,1969-01-26,MALE,INDIVIDUAL,17,Married
2126431,Kevin,Lewis,2006-06-11,MALE,INDIVIDUAL,813,Married
2126443,Kelly,Armstrong,1983-04-10,FEMALE,INDIVIDUAL,560,Married
2126471,Benjamin,Tucker,1993-04-09,MALE,INDIVIDUAL,823,Married
2126497,Lawrence,Barnes,1973-03-02,MALE,INDIVIDUAL,989,Divorced
2126509,Alice,Garcia,2012-08-13,FEMALE,INDIVIDUAL,504,Married
2126521,Joyce,Fisher,1966-05-23,FEMALE,INDIVIDUAL,838,Divorced
2126854,David,Stone,1982-05-24,MALE,INDIVIDUAL,587,Single
2126855,Juan,Ferguson,2014-09-18,MALE,INDIVIDUAL,450,Married
2126875,Terry,Roberts,2011-03-16,MALE,INDIVIDUAL,109,Single
2126939,Bobby,King,1977-07-16,MALE,INDIVIDUAL,838,Married
2127288,Thomas,Butler,1979-07-18,MALE,INDIVIDUAL,218,Married
2127753,Larry,Willis,1984-06-28,MALE,INDIVIDUAL,297,Married
2127789,Lisa,Larson,2017-04-21,FEMALE,INDIVIDUAL,517,Married
2127811,Victor,Young,1981-07-02,MALE,INDIVIDUAL,616,Married
2127821,Larry,Young,1980-12-29,MALE,INDIVIDUAL,414,Divorced
2127823,Jane,Graham,2016-09-27,FEMALE,INDIVIDUAL,863,Single
2127851,Todd,Harrison,1967-09-30,MALE,INDIVIDUAL,438,Married
2127852,Kathryn,Chapman,2004-09-08,FEMALE,INDIVIDUAL,369,Single
2127861,Lori,Dean,1974-10-13,FEMALE,INDIVIDUAL,153,Married
2128254,Harry,Price,1966-04-22,MALE,INDIVIDUAL,60,Single
2128641,Antonio,Collins,1960-03-25,MALE,INDIVIDUAL,308,Single
2128680,Todd,Lee,1965-09-29,MALE,INDIVIDUAL,665,Single
2128753,Jeffrey,Vasquez,2016-05-11,MALE,INDIVIDUAL,950,Single
2129100,Nicole,Morris,2016-05-12,FEMALE,INDIVIDUAL,120,Single
2129101,Wayne,Powell,1974-08-18,MALE,INDIVIDUAL,939,Single
2129121,Russell,Oliver,1975-03-20,MALE,INDIVIDUAL,617,Single
2129122,Albert,Castillo,2009-02-20,MALE,INDIVIDUAL,99,Married
2129478,Howard,Kelly,1969-04-18,MALE,INDIVIDUAL,829,Married
2129480,Louis,Clark,2007-08-18,MALE,INDIVIDUAL,55,Single
2129508,Beverly,Nelson,2006-10-31,FEMALE,INDIVIDUAL,713,Married
2129522,Lori,Williamson,2014-02-07,FEMALE,INDIVIDUAL,126,Married
2129523,Johnny,Martin,1982-05-30,MALE,INDIVIDUAL,300,Married
2129550,Andrea,Cunningham,1969-04-20,FEMALE,INDIVIDUAL,233,Married
2129989,Irene,Hanson,2008-10-24,FEMALE,INDIVIDUAL,89,Married
2129991,Jean,Webb,2016-12-14,FEMALE,INDIVIDUAL,431,Married
2130049,Theresa,Knight,1975-02-28,FEMALE,INDIVIDUAL,359,Single
2130360,David,Patterson,1958-06-02,MALE,INDIVIDUAL,262,Married
2130452,Sean,Baker,1976-09-17,MALE,INDIVIDUAL,960,Single
2130864,Willie,Lewis,2016-06-02,MALE,INDIVIDUAL,33,Divorced
2130884,"Accra-Pac, ",,,,COMPANY,268,
2130979,Paul,Hughes,1985-04-30,MALE,INDIVIDUAL,495,Single
2131953,Clarence,Richards,1978-08-08,MALE,INDIVIDUAL,541,Married
2131966,Henry,Ray,1983-07-02,MALE,INDIVIDUAL,763,Divorced
2132000,Carl,Bailey,2016-06-02,MALE,INDIVIDUAL,937,Married
2132001,Gary,Chapman,1972-01-25,MALE,INDIVIDUAL,71,Single
2132380,Joshua,Bell,1984-11-12,MALE,INDIVIDUAL,164,Married
2132575,William,Sanchez,1992-05-02,MALE,INDIVIDUAL,131,Married
2133012,Lori,Clark,2014-07-03,FEMALE,INDIVIDUAL,628,Married
2133013,Jeffrey,Wagner,1981-04-15,MALE,INDIVIDUAL,417,Married
2133031,Douglas,Warren,2016-06-21,MALE,INDIVIDUAL,182,Single
2133073,Martha,Mcdonald,1960-11-06,FEMALE,INDIVIDUAL,840,Divorced
2133080,David,Moore,2015-09-03,MALE,INDIVIDUAL,453,Married
2133977,Philip,Martin,2005-05-17,MALE,INDIVIDUAL,629,Married
2133978,Carlos,Dixon,1972-09-20,MALE,INDIVIDUAL,54,Single
2134014,Kathy,Ortiz,1975-07-24,FEMALE,INDIVIDUAL,570,Single
2134041,Deborah,Willis,1974-08-24,FEMALE,INDIVIDUAL,963,Married
2134120,Emily,Watkins,2009-01-19,FEMALE,INDIVIDUAL,971,Married
2134516,Chris,Patterson,1984-03-25,MALE,INDIVIDUAL,120,Married
2134522,Lawrence,Howell,2015-01-22,MALE,INDIVIDUAL,365,Married
2134523,Terry,Williamson,1984-02-13,MALE,INDIVIDUAL,970,Married
2134558,Tammy,Vasquez,1990-04-07,FEMALE,INDIVIDUAL,554,Married
2134612,Diane,Gordon,1988-05-18,FEMALE,INDIVIDUAL,438,Single
2134960,Harold,Armstrong,1976-05-18,MALE,INDIVIDUAL,38,Married
2134985,Sandra,Long,1972-06-17,FEMALE,INDIVIDUAL,598,Married
2135024,Randy,Black,2005-04-21,MALE,INDIVIDUAL,372,Married
2135025,Joe,Wagner,1969-07-01,MALE,INDIVIDUAL,238,Married
2135026,Susan,Burton,2007-12-06,FEMALE,INDIVIDUAL,621,Divorced
2135028,Judy,Vasquez,2003-10-11,FEMALE,INDIVIDUAL,224,Married
2135085,Shirley,Bishop,2008-03-24,FEMALE,INDIVIDUAL,846,Married
2135086,Thomas,Jackson,2009-10-20,MALE,INDIVIDUAL,703,Single
2135447,Daniel,Ramirez,2011-12-19,MALE,INDIVIDUAL,50,Married
2135448,Martin,Davis,2006-06-11,MALE,INDIVIDUAL,962,Married
2135487,Ralph,Snyder,2016-12-07,MALE,INDIVIDUAL,810,Single
2135777,Michael,Rogers,1968-07-01,MALE,INDIVIDUAL,160,Single
2135804,Ernest,Henderson,1993-06-14,MALE,INDIVIDUAL,399,Married
2135805,Brenda,Perkins,1990-10-13,FEMALE,INDIVIDUAL,372,Divorced
2135824,Mark,Rice,1999-03-15,MALE,INDIVIDUAL,35,Single
2135825,Sean,Larson,2001-07-06,MALE,INDIVIDUAL,503,Married
2135834,Judy,Cooper,1979-11-05,FEMALE,INDIVIDUAL,540,Single
2135835,Mark,Ferguson,2015-08-05,MALE,INDIVIDUAL,659,Married
2135869,Bonnie,Sanders,1971-11-25,FEMALE,INDIVIDUAL,6,Divorced
2136221,Cheryl,Torres,2017-03-08,FEMALE,INDIVIDUAL,148,Married
2136222,Mark,Mason,1983-04-27,MALE,INDIVIDUAL,418,Single
2136225,Margaret,Jordan,2016-07-01,FEMALE,INDIVIDUAL,812,Married
2136234,Rachel,Morales,1983-04-26,FEMALE,INDIVIDUAL,455,Single
2136239,Angela,Long,1979-05-19,FEMALE,INDIVIDUAL,784,Married
2136251,Bobby,Vasquez,2016-06-14,MALE,INDIVIDUAL,644,Married
2136259,Alice,Taylor,2016-05-22,FEMALE,INDIVIDUAL,470,Married
2136261,Andrew,Griffin,1986-11-15,MALE,INDIVIDUAL,902,Married
2136275,Mary,Robinson,2014-01-15,FEMALE,INDIVIDUAL,76,Single
2136276,William,Hudson,2016-08-18,MALE,INDIVIDUAL,983,Married
2136277,Terry,Holmes,1987-09-03,MALE,INDIVIDUAL,99,Single
2136615,Amanda,Tucker,1971-02-07,FEMALE,INDIVIDUAL,235,Married
2136670,Anna,Scott,1988-03-27,FEMALE,INDIVIDUAL,30,Married
2137040,Norma,Simmons,2014-06-24,FEMALE,INDIVIDUAL,268,Single
2137064,Carlos,Watson,1976-02-05,MALE,INDIVIDUAL,889,Married
2137065,Henry,James,2014-04-19,MALE,INDIVIDUAL,564,Married
2137439,Gregory,Phillips,1983-06-17,MALE,INDIVIDUAL,60,Divorced
2137476,Jose,Flores,1996-12-26,MALE,INDIVIDUAL,975,Married
2137858,Kathy,Nichols,1966-03-01,FEMALE,INDIVIDUAL,371,Married
2137892,Nancy,Thompson,1997-12-18,FEMALE,INDIVIDUAL,531,Married
2137903,Sandra,Hamilton,1969-07-30,FEMALE,INDIVIDUAL,821,Married
2138280,Raymond,Price,1953-05-05,MALE,INDIVIDUAL,207,Married
2138307,Beverly,Johnson,2010-04-23,FEMALE,INDIVIDUAL,63,Married
2138315,Scott,Kelly,2014-07-03,MALE,INDIVIDUAL,991,Married
2138319,Amanda,Watkins,1956-10-16,FEMALE,INDIVIDUAL,695,Divorced
2138331,Gregory,Lane,1994-10-01,MALE,INDIVIDUAL,899,Single
2138332,Ernest,Dunn,1960-10-26,MALE,INDIVIDUAL,299,Married
2138363,Amanda,Robinson,1971-11-15,FEMALE,INDIVIDUAL,680,Single
2138375,Lisa,Sims,1967-09-19,FEMALE,INDIVIDUAL,241,Single
2138796,Donna,Adams,2017-04-27,FEMALE,INDIVIDUAL,465,Married
2138862,Michael,Garza,2017-04-01,MALE,INDIVIDUAL,941,Married
2138877,William,Owens,1986-07-16,MALE,INDIVIDUAL,935,Married
2138884,Mary,Lynch,1964-12-16,FEMALE,INDIVIDUAL,772,Married
2138895,Lois,Baker,1990-09-13,FEMALE,INDIVIDUAL,830,Single
2139886,Amanda,Morgan,2016-07-05,FEMALE,INDIVIDUAL,888,Single
2139887,Jimmy,Gilbert,1981-09-23,MALE,INDIVIDUAL,846,Single
2140303,Philip,Bishop,1983-12-03,MALE,INDIVIDUAL,375,Single
2140728,Donna,Woods,2001-04-09,FEMALE,INDIVIDUAL,450,Married
2140729,Jerry,Bishop,1969-03-01,MALE,INDIVIDUAL,214,Married
2140743,Daniel,Perez,2016-07-30,MALE,INDIVIDUAL,884,Married
2141073,Carlos,Mendoza,2017-02-14,MALE,INDIVIDUAL,985,Married
2141074,Alan,Graham,1976-06-19,MALE,INDIVIDUAL,251,Single
2141099,Howard,Rose,1964-06-25,MALE,INDIVIDUAL,946,Divorced
2141146,Richard,Harvey,2008-11-03,MALE,INDIVIDUAL,840,Married
2141155,Alice,Warren,1977-12-25,FEMALE,INDIVIDUAL,254,Married
2141172,Andrea,Griffin,1984-09-19,FEMALE,INDIVIDUAL,342,Married
2141534,Gloria,Perkins,2011-11-16,FEMALE,INDIVIDUAL,765,Single
2141535,Fred,Welch,1980-04-23,MALE,INDIVIDUAL,872,Married
2141548,Julie,Carter,1968-12-19,FEMALE,INDIVIDUAL,855,Married
2141553,Joseph,Martinez,1986-03-04,MALE,INDIVIDUAL,579,Married
2141554,Randy,Bryant,2016-09-01,MALE,INDIVIDUAL,248,Married
2141612,Michael,Bishop,1969-04-03,MALE,INDIVIDUAL,339,Divorced
2141629,Sarah,Rivera,1981-03-14,FEMALE,INDIVIDUAL,173,Single
2142018,Jose,Castillo,1984-05-14,MALE,INDIVIDUAL,473,Married
2142029,Lois,Diaz,1973-08-12,FEMALE,INDIVIDUAL,416,Married
2142041,Betty,Lopez,1966-11-20,FEMALE,INDIVIDUAL,313,Married
2142056,Julia,Nelson,1978-10-10,FEMALE,INDIVIDUAL,170,Single
2142355,Victor,Rose,1974-06-27,MALE,INDIVIDUAL,774,Married
2142370,Joan,Garza,2008-02-28,FEMALE,INDIVIDUAL,648,Married
2142371,Wayne,Lopez,1976-05-23,MALE,INDIVIDUAL,931,Divorced
2142394,Phillip,Harvey,2006-09-01,MALE,INDIVIDUAL,698,Single
2142772,Heather,Butler,2016-06-22,FEMALE,INDIVIDUAL,2,Divorced
2142832,Walter,Phillips,1989-08-22,MALE,INDIVIDUAL,370,Married
2143420,Andrea,Morales,1981-01-23,FEMALE,INDIVIDUAL,751,Divorced
2143426,Amy,Hughes,1984-02-03,FEMALE,INDIVIDUAL,515,Divorced
2143458,Patricia,Webb,1981-10-19,FEMALE,INDIVIDUAL,848,Single
2144080,Steven,Duncan,1971-05-01,MALE,INDIVIDUAL,395,Married
2144485,Lawrence,Foster,1975-07-18,MALE,INDIVIDUAL,403,Married
2144492,Chris,Long,1957-12-04,MALE,INDIVIDUAL,561,Single
2144783,Christopher,Long,1986-07-15,MALE,INDIVIDUAL,221,Married
2144784,Daniel,Baker,2017-01-02,MALE,INDIVIDUAL,777,Single
2145493,George,Anderson,1956-05-14,MALE,INDIVIDUAL,687,Married
2145807,Patrick,Thompson,2016-09-09,MALE,INDIVIDUAL,635,Single
2145808,Juan,Alexander,1982-01-20,MALE,INDIVIDUAL,456,Married
2146104,Richard,Gibson,1979-04-10,MALE,INDIVIDUAL,946,Single
2146110,Jennifer,Morrison,2017-04-11,FEMALE,INDIVIDUAL,306,Divorced
2146111,Lois,Walker,1981-02-13,FEMALE,INDIVIDUAL,505,Divorced
2146165,Charles,Bell,2017-05-15,MALE,INDIVIDUAL,883,Single
2146754,Carolyn,Day,1983-10-07,FEMALE,INDIVIDUAL,192,Divorced
2147337,Phyllis,Wheeler,1989-08-23,FEMALE,INDIVIDUAL,221,Divorced
2147397,Anthony,Hart,2016-06-29,MALE,INDIVIDUAL,551,Divorced
2147410,Nicholas,Hawkins,1961-08-31,MALE,INDIVIDUAL,131,Single
2148124,Peter,Simpson,2017-04-06,MALE,INDIVIDUAL,856,Single
2148160,Debra,Willis,1996-07-25,FEMALE,INDIVIDUAL,66,Married
2148214,Janet,Washington,2016-07-26,FEMALE,INDIVIDUAL,174,Married
2148215,Patrick,Olson,1988-02-03,MALE,INDIVIDUAL,722,Divorced
2148443,Howard,Mason,2016-07-26,MALE,INDIVIDUAL,654,Single
2148466,Anne,Cole,1986-03-06,FEMALE,INDIVIDUAL,610,Married
2148877,Lillian,Scott,2017-06-07,FEMALE,INDIVIDUAL,939,Married
2149212,Phillip,Torres,1971-04-28,MALE,INDIVIDUAL,215,Single
2149639,Catherine,Warren,1934-04-17,FEMALE,INDIVIDUAL,197,Single
2149887,Nicole,Hunt,1978-05-18,FEMALE,INDIVIDUAL,134,Divorced
2150601,Stephen,Crawford,1977-10-09,MALE,INDIVIDUAL,659,Single
2150662,Barbara,Simpson,1986-06-16,FEMALE,INDIVIDUAL,921,Single
2150903,Rachel,Davis,1990-03-24,FEMALE,INDIVIDUAL,676,Married
2151260,George,Perry,1992-04-30,MALE,INDIVIDUAL,398,Single
2151587,Ruth,Stephens,1983-02-05,FEMALE,INDIVIDUAL,216,Divorced
2151667,Rachel,Mason,1977-09-11,FEMALE,INDIVIDUAL,648,Divorced
2152007,Robin,Nelson,1981-05-30,FEMALE,INDIVIDUAL,891,Married
2152313,Walter,Hudson,1977-10-05,MALE,INDIVIDUAL,643,Divorced
2152315,Ernest,Tucker,2007-09-17,MALE,INDIVIDUAL,462,Single
2152341,Gary,Gutierrez,2017-06-02,MALE,INDIVIDUAL,521,Single
2152374,David,Morrison,2016-02-13,MALE,INDIVIDUAL,241,Single
2152408,Mary,Bradley,1985-07-30,FEMALE,INDIVIDUAL,446,Single
2152427,Wanda,Kennedy,1973-01-01,FEMALE,INDIVIDUAL,124,Single
2153197,Burke Ltd,,,,COMPANY,405,
2153648,"Exact-Rx, Corp",,,,COMPANY,386,
2153652,Teresa,Gardner,1982-03-20,FEMALE,INDIVIDUAL,535,Single
2153790,Gerald,Baker,2008-08-09,MALE,INDIVIDUAL,90,Single
2153791,Joe,Campbell,1970-11-18,MALE,INDIVIDUAL,475,Divorced
2153807,Janice,Williams,1974-10-09,FEMALE,INDIVIDUAL,652,Married
2154216,Eric,Burns,2014-11-14,MALE,INDIVIDUAL,702,Married
2154226,Rebecca,Sanchez,1992-08-28,FEMALE,INDIVIDUAL,165,Single
2154466,Linda,Burton,1963-08-08,FEMALE,INDIVIDUAL,235,Single
2154528,Joyce,Gray,1985-02-05,FEMALE,INDIVIDUAL,659,Single
2154840,Ashley,Cox,2014-04-30,FEMALE,INDIVIDUAL,157,Married
2154869,Jennifer,Hunter,1990-07-31,FEMALE,INDIVIDUAL,283,Single
2154946,Walter,Dean,2016-09-13,MALE,INDIVIDUAL,281,Married
2154970,Jack,Ruiz,2017-03-30,MALE,INDIVIDUAL,456,Single
2154981,Janet,Hernandez,1995-02-24,FEMALE,INDIVIDUAL,255,Married
2155262,Geritrex Corp,,,,COMPANY,449,
2155317,Cheryl,Reynolds,1972-08-27,FEMALE,INDIVIDUAL,716,Single
2155333,Bobby,Torres,1998-05-29,MALE,INDIVIDUAL,157,Married
2155412,Kevin,Holmes,2016-09-08,MALE,INDIVIDUAL,562,Divorced
2155694,Alice,Gordon,2016-10-01,FEMALE,INDIVIDUAL,875,Single
2155731,Gregory,Ruiz,1975-07-24,MALE,INDIVIDUAL,266,Single
2155842,Benjamin,Ramos,2016-10-04,MALE,INDIVIDUAL,74,Single
2155859,Sharon,Myers,2010-09-26,FEMALE,INDIVIDUAL,680,Married
2155861,Richard,Morris,1982-05-08,MALE,INDIVIDUAL,843,Single
2156265,Brandon,Weaver,1980-07-17,MALE,INDIVIDUAL,127,Married
2156296,Ruth,Edwards,1973-07-04,FEMALE,INDIVIDUAL,608,Married
2156301,Carol,Elliott,1992-02-25,FEMALE,INDIVIDUAL,246,Single
2156559,John,Burke,1987-10-16,MALE,INDIVIDUAL,920,Married
2156561,Justin,Taylor,1972-05-28,MALE,INDIVIDUAL,314,Single
2156629,Richard,Fuller,2016-09-02,MALE,INDIVIDUAL,724,Single
2157029,Tammy,Gilbert,1977-04-05,FEMALE,INDIVIDUAL,773,Married
2157039,Howard,Lane,1959-02-16,MALE,INDIVIDUAL,917,Single
2157040,Shawn,Reid,2001-06-12,MALE,INDIVIDUAL,478,Married
2157106,Rebecca,Day,2016-11-04,FEMALE,INDIVIDUAL,806,Single
2157107,Johnny,Arnold,1979-03-23,MALE,INDIVIDUAL,70,Single
2157460,Betty,Kim,1984-12-24,FEMALE,INDIVIDUAL,24,Single
2157478,Eugene,Andrews,1963-06-28,MALE,INDIVIDUAL,447,Married
2157508,John,Weaver,2017-05-30,MALE,INDIVIDUAL,60,Married
2157511,Shawn,Nichols,1973-10-12,MALE,INDIVIDUAL,420,Married
2157898,Angela,Jones,1972-06-26,FEMALE,INDIVIDUAL,879,Single
2157984,Rachel,Ford,2011-11-07,FEMALE,INDIVIDUAL,485,Single
2158349,Randy,Hanson,1977-02-16,MALE,INDIVIDUAL,434,Married
2158363,Gregory,Fuller,1967-01-03,MALE,INDIVIDUAL,26,Married
2158366,Ruby,Nelson,2013-06-04,FEMALE,INDIVIDUAL,67,Married
2158378,George,Butler,2014-08-06,MALE,INDIVIDUAL,550,Married
2158379,Joe,Fox,1980-02-27,MALE,INDIVIDUAL,514,Single
2158383,Ryan,Stevens,1961-08-07,MALE,INDIVIDUAL,674,Married
2158442,Nicholas,Wells,2009-05-12,MALE,INDIVIDUAL,974,Divorced
2158443,Benjamin,Bradley,2011-01-08,MALE,INDIVIDUAL,900,Married
2158506,Ruth,Palmer,1982-11-20,FEMALE,INDIVIDUAL,343,Married
2158874,Joshua,Freeman,1978-10-04,MALE,INDIVIDUAL,73,Married
2158875,Shawn,Turner,2013-02-14,MALE,INDIVIDUAL,425,Married
2158884,Catherine,Knight,1984-02-28,FEMALE,INDIVIDUAL,891,Single
2159278,Matthew,Hughes,1994-08-06,MALE,INDIVIDUAL,723,Divorced
2159731,Eric,Boyd,1983-08-29,MALE,INDIVIDUAL,923,Married
2159733,Burel Corp,,,,COMPANY,431,
2159896,Randy,Rivera,1981-05-21,MALE,INDIVIDUAL,459,Married
2159897,Roger,Thomas,2015-09-28,MALE,INDIVIDUAL,137,Married
2159992,Martha,Edwards,2017-06-16,FEMALE,INDIVIDUAL,774,Single
2159993,Bruce,Crawford,1985-02-04,MALE,INDIVIDUAL,218,Single
2163275,Laura,Lee,1983-06-08,FEMALE,INDIVIDUAL,456,Married
2163308,Christopher,Smith,1997-08-16,MALE,INDIVIDUAL,825,Single
2163330,U.S.I.A. Group,,,,COMPANY,406,
2163756,Lawrence,White,1992-02-06,MALE,INDIVIDUAL,871,Married
2163768,Debra,Welch,1979-12-13,FEMALE,INDIVIDUAL,623,Single
2163796,Andrew,Vasquez,2001-03-06,MALE,INDIVIDUAL,783,Married
2163811,Cheryl,Ramirez,1969-09-02,FEMALE,INDIVIDUAL,930,Married
2163845,Patrick,Bennett,2017-05-08,MALE,INDIVIDUAL,830,Married
2163851,Jerry,Scott,1976-03-26,MALE,INDIVIDUAL,531,Married
2163917,Diane,Butler,2015-01-18,FEMALE,INDIVIDUAL,257,Single
2163918,Stephen,Franklin,1973-01-25,MALE,INDIVIDUAL,352,Divorced
2164259,Jesse,Fisher,1988-02-17,MALE,INDIVIDUAL,827,Married
2164671,Chris,Johnson,1959-08-24,MALE,INDIVIDUAL,519,Single
2164703,Anna,Stanley,1990-01-04,FEMALE,INDIVIDUAL,474,Married
2165170,Denise,Morris,1982-12-20,FEMALE,INDIVIDUAL,452,Married
2165482,Jerry,Simmons,1986-10-09,MALE,INDIVIDUAL,264,Married
2165483,George,Phillips,2016-08-18,MALE,INDIVIDUAL,36,Single
2165540,Stephen,Stevens,1983-01-06,MALE,INDIVIDUAL,405,Single
2165607,Singhfam Group,,,,COMPANY,407,
2165611,Matthew,Hamilton,2017-01-15,MALE,INDIVIDUAL,182,Single
2165612,Phillip,Bell,1980-12-19,MALE,INDIVIDUAL,371,Married
2165651,Carol,Butler,1976-08-10,FEMALE,INDIVIDUAL,57,Single
2166003,Alice,Freeman,2014-06-17,FEMALE,INDIVIDUAL,321,Married
2166074,Ralph,Henry,1969-12-11,MALE,INDIVIDUAL,683,Married
2166136,Sarah,Flores,1977-03-18,FEMALE,INDIVIDUAL,241,Married
2166432,Gloria,Castillo,1979-04-01,FEMALE,INDIVIDUAL,523,Married
2166482,Antonio,Perry,2016-05-12,MALE,INDIVIDUAL,778,Married
2166537,Shirley,James,1990-07-16,FEMALE,INDIVIDUAL,980,Married
2166784,Albert,Burns,2015-07-26,MALE,INDIVIDUAL,321,Divorced
2166827,Ryan,Dean,1978-03-16,MALE,INDIVIDUAL,408,Single
2166859,Edward,Reid,2011-07-14,MALE,INDIVIDUAL,456,Married
2167216,George,Gordon,1977-10-26,MALE,INDIVIDUAL,64,Married
2167288,Jonathan,West,2005-02-03,MALE,INDIVIDUAL,926,Single
2167341,David,Sullivan,2016-12-23,MALE,INDIVIDUAL,461,Married
2167362,Christopher,Baker,1965-10-21,MALE,INDIVIDUAL,901,Single
2167397,Randy,Fox,2015-10-29,MALE,INDIVIDUAL,150,Divorced
2167642,Timothy,Andrews,2016-09-09,MALE,INDIVIDUAL,630,Single
2167779,Teresa,Gomez,1984-03-18,FEMALE,INDIVIDUAL,361,Divorced
2168071,Adam,Stone,1955-03-30,MALE,INDIVIDUAL,724,Divorced
2168474,Carlos,Bell,1988-08-24,MALE,INDIVIDUAL,253,Married
2168556,Martin,Sanchez,1980-02-14,MALE,INDIVIDUAL,925,Single
2168994,Angela,Moreno,1978-09-14,FEMALE,INDIVIDUAL,894,Divorced
2169052,Diana,Stanley,1976-10-01,FEMALE,INDIVIDUAL,472,Married
2169369,Brian,Meyer,1978-01-23,MALE,INDIVIDUAL,70,Married
2170138,Donald,Gonzales,1975-08-18,MALE,INDIVIDUAL,337,Married
2170157,Andrew,Wagner,2001-06-15,MALE,INDIVIDUAL,907,Single
2170158,Steven,Palmer,2006-01-20,MALE,INDIVIDUAL,737,Married
2170441,Lillian,Cooper,1977-08-22,FEMALE,INDIVIDUAL,626,Married
2170442,Marilyn,Moreno,1981-01-09,FEMALE,INDIVIDUAL,213,Married
2170459,Theresa,Riley,1977-08-28,FEMALE,INDIVIDUAL,250,Single
2170496,Matthew,Johnston,2017-08-01,MALE,INDIVIDUAL,542,Married
2170497,Walter,Watkins,1979-03-03,MALE,INDIVIDUAL,444,Married
2170627,Roy,Jenkins,2016-10-17,MALE,INDIVIDUAL,236,Single
2170636,Deborah,Ramirez,2017-07-21,FEMALE,INDIVIDUAL,946,Married
2170642,Albert,Martinez,2016-10-15,MALE,INDIVIDUAL,67,Married
2170933,Janet,Welch,1978-05-11,FEMALE,INDIVIDUAL,842,Single
2170968,Paul,Murray,1986-08-25,MALE,INDIVIDUAL,909,Divorced
2170973,Clarence,Evans,2016-10-11,MALE,INDIVIDUAL,545,Married
2171465,Linda,Russell,1980-11-30,FEMALE,INDIVIDUAL,857,Married
2171644,Joe,Roberts,1981-07-02,MALE,INDIVIDUAL,552,Single
2171645,Larry,Mason,2014-08-04,MALE,INDIVIDUAL,494,Married
2171999,Earl,Vasquez,1985-07-14,MALE,INDIVIDUAL,721,Married
2172061,Gloria,James,1979-06-07,FEMALE,INDIVIDUAL,650,Married
2172262,Bobby,Turner,2015-01-27,MALE,INDIVIDUAL,62,Married
2172274,Gerald,Garrett,2015-08-09,MALE,INDIVIDUAL,419,Divorced
2172275,Jonathan,Simpson,1982-01-27,MALE,INDIVIDUAL,919,Single
2172346,Debra,Rose,1987-06-04,FEMALE,INDIVIDUAL,948,Single
2172440,Sandra,Payne,2017-07-07,FEMALE,INDIVIDUAL,461,Married
2172446,Mary,Webb,2017-04-08,FEMALE,INDIVIDUAL,393,Married
2172461,Richard,Wright,1992-04-20,MALE,INDIVIDUAL,606,Single
2172712,Debra,Arnold,1976-12-19,FEMALE,INDIVIDUAL,154,Married
2172748,Victor,Bailey,2011-02-15,MALE,INDIVIDUAL,157,Married
2172883,Gerald,Stewart,1976-08-18,MALE,INDIVIDUAL,139,Single
2172902,Earl,Perry,1995-12-11,MALE,INDIVIDUAL,3,Single
2173178,Anne,Sanchez,1983-08-15,FEMALE,INDIVIDUAL,397,Married
2173260,Donna,Lopez,1972-07-21,FEMALE,INDIVIDUAL,532,Married
2173296,Bonnie,Morris,2017-07-23,FEMALE,INDIVIDUAL,207,Married
2173589,Marilyn,Porter,1983-06-23,FEMALE,INDIVIDUAL,880,Married
2174023,Charles,Ryan,2017-04-07,MALE,INDIVIDUAL,916,Married
2174024,Mark,Rose,1980-10-15,MALE,INDIVIDUAL,829,Married
2174037,Phillip,Mills,2014-04-10,MALE,INDIVIDUAL,524,Single
2174038,Ernest,Crawford,1973-01-24,MALE,INDIVIDUAL,841,Married
2174321,Harry,Ward,1985-02-27,MALE,INDIVIDUAL,626,Single
2174414,Dennis,Stephens,1977-12-06,MALE,INDIVIDUAL,245,Married
2174415,Brandon,Wood,2011-12-17,MALE,INDIVIDUAL,921,Married
2174742,Ronald,Ferguson,1982-07-09,MALE,INDIVIDUAL,978,Single
2174743,Dennis,Roberts,2016-05-27,MALE,INDIVIDUAL,455,Married
2174799,Martin,Cole,1985-09-03,MALE,INDIVIDUAL,286,Married
2174800,Jesse,Morris,2017-01-04,MALE,INDIVIDUAL,474,Married
2175016,Terry,Sanders,2016-11-17,MALE,INDIVIDUAL,560,Single
2175017,Richard,Davis,1964-12-11,MALE,INDIVIDUAL,274,Single
2175152,Ashley,Armstrong,2016-11-24,FEMALE,INDIVIDUAL,952,Married
2175448,Samuel,Chapman,1974-08-29,MALE,INDIVIDUAL,409,Single
2175459,Lori,Roberts,1981-08-26,FEMALE,INDIVIDUAL,860,Married
2175464,Cynthia,Cook,2006-03-10,FEMALE,INDIVIDUAL,449,Divorced
2175473,Jimmy,Marshall,1958-12-26,MALE,INDIVIDUAL,622,Married
2175485,Albert,Webb,1973-05-12,MALE,INDIVIDUAL,800,Single
2175525,Ronald,Gordon,1975-05-11,MALE,INDIVIDUAL,733,Single
2175526,Richard,Palmer,2016-05-12,MALE,INDIVIDUAL,711,Divorced
2175530,Todd,Greene,2001-06-07,MALE,INDIVIDUAL,891,Single
2175878,Lois,Lawrence,2005-01-08,FEMALE,INDIVIDUAL,695,Single
2175879,Jason,Rice,1973-02-08,MALE,INDIVIDUAL,697,Married
2176506,Roger,Stevens,1979-09-06,MALE,INDIVIDUAL,175,Divorced
2176847,Debra,Gordon,1987-06-22,FEMALE,INDIVIDUAL,127,Single
2176868,Chris,Fields,2000-03-15,MALE,INDIVIDUAL,263,Single
2176884,Elizabeth,Campbell,1998-11-20,FEMALE,INDIVIDUAL,766,Married
2176898,Sarah,Wilson,2016-09-18,FEMALE,INDIVIDUAL,738,Single
2176966,Margaret,Gray,1970-02-27,FEMALE,INDIVIDUAL,65,Divorced
2177163,Stephen,Thompson,1984-01-04,MALE,INDIVIDUAL,896,Single
2177164,Joshua,Hayes,2016-12-05,MALE,INDIVIDUAL,968,Married
2177217,Johnny,Coleman,1991-06-09,MALE,INDIVIDUAL,737,Married
2178271,Walter,Johnson,1962-03-24,MALE,INDIVIDUAL,669,Married
2178272,Beverly,Murray,2009-10-12,FEMALE,INDIVIDUAL,563,Married
2178289,Rebecca,Harvey,2017-04-05,FEMALE,INDIVIDUAL,93,Married
2178291,Harry,Harvey,1999-12-12,MALE,INDIVIDUAL,609,Married
2178351,Steven,Marshall,2017-09-01,MALE,INDIVIDUAL,272,Single
2178403,Phyllis,Kelley,1967-11-17,FEMALE,INDIVIDUAL,108,Married
2178713,Richard,Hicks,1976-08-31,MALE,INDIVIDUAL,785,Single
2178714,Kathy,Jenkins,2014-11-17,FEMALE,INDIVIDUAL,207,Married
2178726,Amy,Harris,2015-08-20,FEMALE,INDIVIDUAL,660,Divorced
2178773,Brian,Robertson,1992-08-10,MALE,INDIVIDUAL,927,Single
2178774,Deborah,Bowman,2014-02-10,FEMALE,INDIVIDUAL,471,Married
2179235,Eric,Morales,1989-09-01,MALE,INDIVIDUAL,867,Married
2179299,Phillip,Rogers,1978-12-25,MALE,INDIVIDUAL,633,Single
2179300,Juan,Williamson,2015-07-07,MALE,INDIVIDUAL,525,Married
2179309,Alan,Fisher,1996-09-10,MALE,INDIVIDUAL,483,Divorced
2179537,Gloria,Nichols,2004-12-07,FEMALE,INDIVIDUAL,197,Single
2179645,Carolyn,Kennedy,1985-12-09,FEMALE,INDIVIDUAL,493,Single
2179675,Clarence,Marshall,2017-08-16,MALE,INDIVIDUAL,159,Single
2179977,Martha,Hayes,1969-09-09,FEMALE,INDIVIDUAL,373,Single
2180234,George,Johnston,1980-12-31,MALE,INDIVIDUAL,184,Single
2180235,Debra,Porter,2016-04-25,FEMALE,INDIVIDUAL,854,Married
2180258,Albert,Jones,1963-06-23,MALE,INDIVIDUAL,896,Married
2180274,Aaron,Patterson,2015-05-20,MALE,INDIVIDUAL,556,Married
2180361,Michelle,Parker,1976-06-05,FEMALE,INDIVIDUAL,727,Married
2180390,Walter,Williamson,1987-10-29,MALE,INDIVIDUAL,605,Married
2180999,Howard,Willis,1985-10-10,MALE,INDIVIDUAL,81,Single
2181044,Frank,Riley,1981-06-24,MALE,INDIVIDUAL,731,Divorced
2181045,Paul,Boyd,2017-02-10,MALE,INDIVIDUAL,735,Divorced
2181074,Harold,Ray,2016-11-24,MALE,INDIVIDUAL,269,Single
2181075,Joshua,Garza,1975-04-01,MALE,INDIVIDUAL,727,Divorced
2181339,James,Reynolds,1982-07-04,MALE,INDIVIDUAL,124,Married
2181345,Paul,Scott,1984-05-15,MALE,INDIVIDUAL,798,Married
2181354,Ashley,Wood,2014-08-05,FEMALE,INDIVIDUAL,84,Single
2181379,Tina,Sims,2016-05-21,FEMALE,INDIVIDUAL,296,Married
2181473,Wayne,Wallace,2000-05-06,MALE,INDIVIDUAL,630,Married
2182581,John,Chapman,1983-03-18,MALE,INDIVIDUAL,235,Single
2182587,Paul,Price,1966-12-07,MALE,INDIVIDUAL,78,Divorced
2182588,Frances,Berry,2007-07-27,FEMALE,INDIVIDUAL,270,Single
2182622,Rose,Rodriguez,1964-01-19,FEMALE,INDIVIDUAL,199,Single
2182706,Diana,Walker,1980-12-12,FEMALE,INDIVIDUAL,802,Single
2183486,Judy,Cunningham,2015-02-14,FEMALE,INDIVIDUAL,992,Single
2183948,Aaron,Tucker,1965-03-08,MALE,INDIVIDUAL,785,Divorced
2184332,Benjamin,Lawson,2015-02-16,MALE,INDIVIDUAL,382,Single
2184339,Louis,Hayes,1984-11-09,MALE,INDIVIDUAL,98,Married
2184346,James,Nichols,1983-02-05,MALE,INDIVIDUAL,400,Married
2184361,Tammy,Bennett,2013-05-16,FEMALE,INDIVIDUAL,821,Married
2184362,Jerry,Johnston,1972-07-02,MALE,INDIVIDUAL,336,Married
2184391,Cynthia,Allen,1971-10-02,FEMALE,INDIVIDUAL,821,Married
2184402,Harold,Stevens,1970-03-31,MALE,INDIVIDUAL,423,Married
2184403,Paula,Bishop,2015-07-17,FEMALE,INDIVIDUAL,309,Married
2184830,Margaret,Kennedy,1993-05-07,FEMALE,INDIVIDUAL,585,Single
2184842,Sharon,Daniels,1989-04-02,FEMALE,INDIVIDUAL,986,Single
2184885,Johnny,Bowman,1954-09-04,MALE,INDIVIDUAL,169,Divorced
2185235,Victor,Jacobs,1966-11-23,MALE,INDIVIDUAL,845,Married
2185236,Matthew,Martinez,2001-06-16,MALE,INDIVIDUAL,254,Married
2185520,Harold,Tucker,1979-11-04,MALE,INDIVIDUAL,141,Married
2185521,George,Bradley,2011-07-21,MALE,INDIVIDUAL,857,Married
2185524,Janice,Oliver,1983-07-24,FEMALE,INDIVIDUAL,756,Single
2185547,Norma,Gonzalez,1984-03-22,FEMALE,INDIVIDUAL,453,Single
2185561,Louise,Fowler,2016-12-09,FEMALE,INDIVIDUAL,557,Married
2185589,Sara,Gardner,1986-12-22,FEMALE,INDIVIDUAL,112,Married
2185610,Robert,Lane,2017-10-25,MALE,INDIVIDUAL,501,Married
2185617,Roger,Greene,1986-05-06,MALE,INDIVIDUAL,352,Married
2185649,Harry,Chapman,2016-12-30,MALE,INDIVIDUAL,908,Married
2185873,Carolyn,Marshall,2015-12-14,FEMALE,INDIVIDUAL,536,Single
2185907,Stephen,Stone,2017-02-02,MALE,INDIVIDUAL,589,Single
2185916,Mildred,Ruiz,1983-09-06,FEMALE,INDIVIDUAL,940,Single
2186288,Andrea,Barnes,2017-06-06,FEMALE,INDIVIDUAL,853,Single
2186290,Gerald,Daniels,2017-10-04,MALE,INDIVIDUAL,420,Single
2186317,Theresa,Sanders,1987-10-18,FEMALE,INDIVIDUAL,167,Married
2186352,Shawn,Pierce,1995-12-14,MALE,INDIVIDUAL,519,Married
2186357,Debra,Reed,1985-04-23,FEMALE,INDIVIDUAL,781,Married
2186366,Paul,Kelly,1972-09-01,MALE,INDIVIDUAL,881,Married
2186382,Peter,Carter,1984-06-11,MALE,INDIVIDUAL,488,Single
2186383,Adam,Parker,2016-12-30,MALE,INDIVIDUAL,524,Divorced
2186608,Mildred,Kelly,1983-11-04,FEMALE,INDIVIDUAL,226,Married
2186620,Samuel,Roberts,2015-12-28,MALE,INDIVIDUAL,57,Single
2187419,Todd,Shaw,1957-10-13,MALE,INDIVIDUAL,976,Married
2187424,Carolyn,Harper,2017-01-06,FEMALE,INDIVIDUAL,205,Married
2187465,Judy,Bell,1984-05-08,FEMALE,INDIVIDUAL,786,Married
2187481,Jean,Harvey,2016-11-16,FEMALE,INDIVIDUAL,159,Single
2187484,Raymond,Montgomery,1959-01-17,MALE,INDIVIDUAL,350,Divorced
2187519,Kelly,Washington,1974-11-26,FEMALE,INDIVIDUAL,622,Single
2188223,Helen,Harrison,1971-02-15,FEMALE,INDIVIDUAL,690,Married
2188312,Sarah,Johnson,1990-07-07,FEMALE,INDIVIDUAL,530,Single
2188567,Donna,Cooper,1992-03-31,FEMALE,INDIVIDUAL,566,Married
2188574,Joseph,Fisher,2015-11-20,MALE,INDIVIDUAL,741,Married
2188575,Henry,Howard,1982-10-07,MALE,INDIVIDUAL,240,Married
2188597,KMARTK Corp,,,,COMPANY,563,
2188921,Ryan,Riley,1983-09-08,MALE,INDIVIDUAL,166,Married
2188935,Ann,Andrews,1973-11-28,FEMALE,INDIVIDUAL,732,Single
2188937,Cangene Corp,,,,COMPANY,798,
2188953,Daniel,Barnes,2000-05-18,MALE,INDIVIDUAL,836,Married
2188963,Carol,Miller,1976-07-06,FEMALE,INDIVIDUAL,591,Married
2188965,Chris,Bishop,2014-05-17,MALE,INDIVIDUAL,397,Married
2188966,Jonathan,Anderson,1981-09-16,MALE,INDIVIDUAL,168,Married
2188976,Harold,Porter,1993-07-08,MALE,INDIVIDUAL,961,Married
2189023,Tammy,Wright,1983-09-23,FEMALE,INDIVIDUAL,380,Single
2189031,Ronald,Bradley,1987-02-28,MALE,INDIVIDUAL,936,Married
2198182,Marilyn,Meyer,1978-11-23,FEMALE,INDIVIDUAL,612,Married
2198214,Patrick,Smith,2013-09-28,MALE,INDIVIDUAL,842,Married
2198215,Ryan,Montgomery,1985-08-22,MALE,INDIVIDUAL,823,Married
2198234,Louise,Rodriguez,2016-12-18,FEMALE,INDIVIDUAL,65,Married
2198247,Brandon,Robertson,2016-11-23,MALE,INDIVIDUAL,232,Married
2198449,Cheryl,Mcdonald,1985-05-30,FEMALE,INDIVIDUAL,448,Single
2199026,Alan,Riley,1985-08-15,MALE,INDIVIDUAL,659,Married
2199074,Matthew,Fields,1976-07-21,MALE,INDIVIDUAL,372,Married
2199095,Bruce,Ellis,1987-04-25,MALE,INDIVIDUAL,423,Married
2199096,Dorothy,Carroll,2016-12-16,FEMALE,INDIVIDUAL,522,Married
2199329,Integrative Ltd,,,,COMPANY,408,
2199400,Carlos,Hicks,2001-03-03,MALE,INDIVIDUAL,157,Married
2199401,Philip,Franklin,2004-07-09,MALE,INDIVIDUAL,986,Married
2199403,Gerald,Brown,1977-09-01,MALE,INDIVIDUAL,331,Single
2199404,Richard,Parker,2014-12-26,MALE,INDIVIDUAL,959,Married
2199648,Barbara,Kelley,1981-10-11,FEMALE,INDIVIDUAL,298,Single
2199956,Julie,Phillips,1962-08-06,FEMALE,INDIVIDUAL,918,Married
2199969,Gloria,Harper,1976-11-20,FEMALE,INDIVIDUAL,397,Married
2199981,Lois,Harris,1983-06-15,FEMALE,INDIVIDUAL,363,Married
2200029,Richard,Russell,1994-03-27,MALE,INDIVIDUAL,535,Single
2200032,Fred,Rodriguez,1985-06-09,MALE,INDIVIDUAL,94,Single
2200033,Janet,Kelly,2017-01-13,FEMALE,INDIVIDUAL,969,Married
2200069,Wayne,Harris,2015-02-02,MALE,INDIVIDUAL,531,Married
2200277,Ruby,Bishop,1986-02-24,FEMALE,INDIVIDUAL,557,Married
2200278,Pamela,Gilbert,1965-02-25,FEMALE,INDIVIDUAL,745,Single
2200279,Dorothy,Dunn,1995-01-24,FEMALE,INDIVIDUAL,782,Married
2200280,Ernest,Cooper,1961-02-15,MALE,INDIVIDUAL,78,Married
2200328,Ralph,Ellis,2016-02-14,MALE,INDIVIDUAL,295,Single
2200343,Shawn,Thomas,1974-08-30,MALE,INDIVIDUAL,769,Married
2200345,Dorothy,Washington,2015-03-10,FEMALE,INDIVIDUAL,548,Single
2200357,Jose,Boyd,1969-05-13,MALE,INDIVIDUAL,881,Married
2200359,Andrew,Moreno,1998-03-14,MALE,INDIVIDUAL,100,Single
2200407,Donna,Cook,1968-05-01,FEMALE,INDIVIDUAL,557,Single
2200747,Eric,Burke,2017-10-27,MALE,INDIVIDUAL,239,Single
2201207,Aaron,Barnes,1972-02-11,MALE,INDIVIDUAL,166,Single
2201208,Brian,Jenkins,2015-10-13,MALE,INDIVIDUAL,288,Married
2201220,Debra,Moore,2017-01-05,FEMALE,INDIVIDUAL,805,Divorced
2201221,Terry,Brown,1973-10-30,MALE,INDIVIDUAL,396,Single
2201469,Sean,Burke,2003-10-14,MALE,INDIVIDUAL,80,Single
2201518,Ronald,Daniels,2016-05-17,MALE,INDIVIDUAL,697,Divorced
2201519,Carlos,Cox,1983-12-13,MALE,INDIVIDUAL,767,Married
2201801,Patrick,Gray,2017-09-26,MALE,INDIVIDUAL,942,Single
2201818,Aaron,Reed,2017-09-07,MALE,INDIVIDUAL,693,Married
2201838,Ralph,Fowler,2016-11-25,MALE,INDIVIDUAL,297,Married
2201844,Marilyn,Fisher,1980-05-10,FEMALE,INDIVIDUAL,666,Single
2201854,Norma,Allen,1992-02-21,FEMALE,INDIVIDUAL,942,Married
2201902,Judith,Hicks,1996-05-01,FEMALE,INDIVIDUAL,478,Single
2201919,Ruth,Green,1982-09-06,FEMALE,INDIVIDUAL,967,Single
2201926,Andrew,Fisher,2009-05-24,MALE,INDIVIDUAL,875,Married
2202147,Elizabeth,Coleman,1960-05-16,FEMALE,INDIVIDUAL,657,Divorced
2202149,Ernest,Gardner,1959-09-29,MALE,INDIVIDUAL,165,Divorced
2202438,Conju Ltd,,,,COMPANY,320,
2202480,Gerald,Mitchell,1984-11-22,MALE,INDIVIDUAL,653,Single
2202497,Rose,Webb,1988-04-20,FEMALE,INDIVIDUAL,789,Married
2202804,Tina,Fisher,1994-07-31,FEMALE,INDIVIDUAL,740,Single
2202820,Shawn,Peters,1982-11-04,MALE,INDIVIDUAL,822,Married
2202821,Gerald,Riley,2016-12-29,MALE,INDIVIDUAL,325,Single
2202843,Shirley,Romero,1973-04-10,FEMALE,INDIVIDUAL,33,Married
2202844,Tammy,Jones,2015-10-01,FEMALE,INDIVIDUAL,179,Single
2202854,Betco Group,,,,COMPANY,323,
2202914,Antonio,Wright,1972-05-15,MALE,INDIVIDUAL,979,Single
2202916,Victor,Webb,2017-10-26,MALE,INDIVIDUAL,968,Single
2202917,Albert,Reynolds,2017-10-11,MALE,INDIVIDUAL,798,Single
2202918,Benjamin,Coleman,1981-05-08,MALE,INDIVIDUAL,867,Married
2203792,Eric,Mendoza,2017-10-06,MALE,INDIVIDUAL,182,Married
2203794,Doris,Martinez,2011-05-08,FEMALE,INDIVIDUAL,382,Married
2203796,Wayne,Daniels,1977-05-30,MALE,INDIVIDUAL,128,Married
2203830,Scott,Edwards,2017-03-17,MALE,INDIVIDUAL,343,Single
2203831,Louis,Rivera,1977-03-14,MALE,INDIVIDUAL,468,Single
2204119,Anthony,White,1957-11-03,MALE,INDIVIDUAL,952,Single
2204465,Thomas,Evans,1993-05-17,MALE,INDIVIDUAL,333,Divorced
2204471,Judith,Peters,2017-02-22,FEMALE,INDIVIDUAL,772,Married
2204507,Gregory,Weaver,1977-05-06,MALE,INDIVIDUAL,377,Single
2204509,Chris,Morris,2013-04-14,MALE,INDIVIDUAL,657,Married
2204563,Virginia,Wood,1983-10-11,FEMALE,INDIVIDUAL,769,Married
2204566,David,Ruiz,1980-02-25,MALE,INDIVIDUAL,758,Married
2204567,Ernest,Carter,2016-09-20,MALE,INDIVIDUAL,51,Married
2204848,Jessica,Armstrong,1998-11-04,FEMALE,INDIVIDUAL,691,Married
2204908,Theresa,Welch,1964-12-18,FEMALE,INDIVIDUAL,877,Single
2205230,Russell,Nelson,1970-02-26,MALE,INDIVIDUAL,88,Single
2205315,Andrea,Reyes,1981-03-21,FEMALE,INDIVIDUAL,399,Divorced
2205705,Anthony,Wood,1977-05-13,MALE,INDIVIDUAL,201,Married
2205986,Lawrence,Romero,1998-07-21,MALE,INDIVIDUAL,374,Married
2206009,Raymond,Morrison,2017-03-21,MALE,INDIVIDUAL,746,Single
2206060,Pamela,Stephens,1974-07-11,FEMALE,INDIVIDUAL,784,Divorced
2206076,Paula,Wagner,2016-01-30,FEMALE,INDIVIDUAL,230,Divorced
2206412,Cheryl,Montgomery,1975-10-31,FEMALE,INDIVIDUAL,769,Married
2206425,Angela,Woods,2007-03-21,FEMALE,INDIVIDUAL,473,Married
2206439,Michelle,Tucker,2017-01-04,FEMALE,INDIVIDUAL,564,Single
2206440,Steven,Hernandez,1976-08-30,MALE,INDIVIDUAL,617,Married
2206748,Carlos,Edwards,1966-03-11,MALE,INDIVIDUAL,963,Married
2206749,Sarah,Washington,2013-06-20,FEMALE,INDIVIDUAL,139,Married
2206762,Terry,Gonzalez,1976-01-31,MALE,INDIVIDUAL,235,Single
2206787,Jason,Sullivan,2017-01-17,MALE,INDIVIDUAL,928,Married
2206827,Barbara,Weaver,1979-09-16,FEMALE,INDIVIDUAL,564,Married
2206838,Stephen,Cook,1970-12-18,MALE,INDIVIDUAL,35,Married
2206862,Mark,Snyder,2008-11-24,MALE,INDIVIDUAL,92,Married
2206863,Earl,Hawkins,1977-09-02,MALE,INDIVIDUAL,16,Married
2216135,Edward,Webb,1983-08-20,MALE,INDIVIDUAL,391,Single
2216177,Harold,Hansen,2017-10-26,MALE,INDIVIDUAL,508,Single
2216186,Daniel,Robinson,1989-01-12,MALE,INDIVIDUAL,346,Divorced
2216229,Peter,Allen,1988-07-12,MALE,INDIVIDUAL,448,Married
2216574,Shirley,Watkins,2017-03-06,FEMALE,INDIVIDUAL,781,Single
2216575,Joe,Hansen,1969-08-05,MALE,INDIVIDUAL,730,Single
2216911,Henry,Pierce,2011-11-02,MALE,INDIVIDUAL,793,Single
2216946,Rebecca,Diaz,2017-02-01,FEMALE,INDIVIDUAL,810,Single
2217222,Jeremy,Ruiz,1984-06-18,MALE,INDIVIDUAL,793,Married
2217248,Nancy,Rose,2017-10-10,FEMALE,INDIVIDUAL,112,Single
2217262,Alice,Alexander,1974-02-01,FEMALE,INDIVIDUAL,745,Single
2217282,Gloria,Patterson,1985-08-28,FEMALE,INDIVIDUAL,183,Single
2217330,Paul,Ellis,1960-05-03,MALE,INDIVIDUAL,416,Married
2217334,Juan,Murray,1975-01-11,MALE,INDIVIDUAL,137,Married
2217581,Stephen,Sanders,1974-03-21,MALE,INDIVIDUAL,917,Divorced
2217587,David,Martin,1976-09-21,MALE,INDIVIDUAL,674,Married
2217629,Debra,Reynolds,1987-09-24,FEMALE,INDIVIDUAL,36,Single
2217646,Craig,Spencer,2016-11-21,MALE,INDIVIDUAL,265,Married
2217678,Dorothy,Long,2017-11-26,FEMALE,INDIVIDUAL,447,Married
2217688,Melissa,Richardson,1981-08-07,FEMALE,INDIVIDUAL,982,Single
2217691,Jane,Stevens,1956-02-10,FEMALE,INDIVIDUAL,975,Divorced
2218017,Karen,Miller,1962-05-22,FEMALE,INDIVIDUAL,361,Married
2218081,Chris,Crawford,1999-05-10,MALE,INDIVIDUAL,369,Married
2218335,Betty,Wright,1982-12-20,FEMALE,INDIVIDUAL,565,Single
2218395,Amy,Wheeler,1986-09-08,FEMALE,INDIVIDUAL,579,Divorced
2218713,Jesse,Thompson,2017-10-14,MALE,INDIVIDUAL,135,Married
2218714,Bruce,Hayes,1973-11-28,MALE,INDIVIDUAL,543,Divorced
2218760,Bruce,Morales,1971-07-23,MALE,INDIVIDUAL,388,Divorced
2218813,Louis,Payne,2016-08-09,MALE,INDIVIDUAL,62,Married
2219137,Timothy,Bennett,1968-01-03,MALE,INDIVIDUAL,119,Married
2219169,Susan,Crawford,1982-07-14,FEMALE,INDIVIDUAL,582,Single
2219468,Deborah,Hamilton,1987-11-03,FEMALE,INDIVIDUAL,625,Married
2219563,Philip,Ramos,2017-11-08,MALE,INDIVIDUAL,662,Married
2219589,Anthony,Murphy,1988-02-04,MALE,INDIVIDUAL,62,Single
2219647,Stephen,Perkins,1970-02-18,MALE,INDIVIDUAL,209,Single
2219651,Kathryn,Lopez,1969-07-25,FEMALE,INDIVIDUAL,775,Married
2220037,Bonne Group,,,,COMPANY,288,
2220048,Heather,Welch,2001-09-11,FEMALE,INDIVIDUAL,172,Married
2220290,Johnny,Turner,1979-04-01,MALE,INDIVIDUAL,441,Single
2220291,Patrick,Ellis,2016-09-16,MALE,INDIVIDUAL,645,Married
2220303,Deborah,Mendoza,1949-05-01,FEMALE,INDIVIDUAL,394,Single
2220331,Helen,Scott,1972-02-08,FEMALE,INDIVIDUAL,698,Single
2220348,Jason,Wagner,2000-03-02,MALE,INDIVIDUAL,503,Married
2221045,Linda,Young,2017-04-21,FEMALE,INDIVIDUAL,292,Married
2221355,Aaron,Morales,2012-03-16,MALE,INDIVIDUAL,945,Single
2221398,Harry,Miller,1972-12-27,MALE,INDIVIDUAL,257,Married
2221422,Todd,Stephens,1988-09-20,MALE,INDIVIDUAL,345,Divorced
2221460,Sharon,Franklin,1979-11-04,FEMALE,INDIVIDUAL,682,Single
2221463,Carl,Gonzales,2017-02-21,MALE,INDIVIDUAL,228,Married
2221464,Matthew,Gonzalez,1974-08-25,MALE,INDIVIDUAL,569,Single
2221732,Stephen,Fisher,1984-05-07,MALE,INDIVIDUAL,258,Married
2221733,Andrew,Jordan,2017-09-21,MALE,INDIVIDUAL,986,Married
2221784,Anthony,Andrews,1990-08-22,MALE,INDIVIDUAL,598,Divorced
2221799,Timothy,Adams,1993-01-18,MALE,INDIVIDUAL,781,Single
2221828,Brenda,Williams,1975-12-09,FEMALE,INDIVIDUAL,937,Married
2222055,"Fenwal, Corp",,,,COMPANY,903,
2222080,Norma,Myers,1967-05-30,FEMALE,INDIVIDUAL,58,Married
2222103,Sean,Ellis,1986-07-20,MALE,INDIVIDUAL,878,Married
2222130,Lisa,Weaver,2008-06-25,FEMALE,INDIVIDUAL,488,Married
2222182,Russell,Sanders,1985-06-14,MALE,INDIVIDUAL,582,Single
2222674,Sean,Fox,2012-01-09,MALE,INDIVIDUAL,675,Married
2222683,Jean,Harris,2017-09-26,FEMALE,INDIVIDUAL,540,Married
2222685,Harry,Kelley,1962-09-09,MALE,INDIVIDUAL,231,Married
2222687,Ernest,West,1993-08-31,MALE,INDIVIDUAL,757,Married
2223084,Jack,Sullivan,2017-09-12,MALE,INDIVIDUAL,538,Married
2223085,Wayne,Henderson,1981-12-08,MALE,INDIVIDUAL,282,Married
2223151,Frank,Sanchez,2016-02-27,MALE,INDIVIDUAL,254,Single
2223152,Brandon,Hudson,1977-04-16,MALE,INDIVIDUAL,427,Married
2223173,Michelle,Chavez,2017-03-25,FEMALE,INDIVIDUAL,271,Married
2223184,Sandra,Cooper,2015-05-26,FEMALE,INDIVIDUAL,611,Single
2223185,Peter,Mccoy,1979-01-11,MALE,INDIVIDUAL,570,Divorced
2223188,Martin,Campbell,2017-03-21,MALE,INDIVIDUAL,331,Married
2223576,Carlos,Montgomery,1961-10-10,MALE,INDIVIDUAL,910,Single
2223582,Nicholas,Ward,1999-09-03,MALE,INDIVIDUAL,268,Married
2223636,Phyllis,Olson,1989-07-03,FEMALE,INDIVIDUAL,434,Single
2223651,Sharon,Hanson,2015-06-04,FEMALE,INDIVIDUAL,112,Single
2223652,Edward,Henderson,1982-01-05,MALE,INDIVIDUAL,835,Single
2223983,Kelly,Mitchell,1996-06-01,FEMALE,INDIVIDUAL,592,Married
2224003,Lawrence,Taylor,1985-06-15,MALE,INDIVIDUAL,417,Married
2224028,Rachel,Miller,2017-06-25,FEMALE,INDIVIDUAL,798,Married
2224081,Elizabeth,Greene,2017-11-24,FEMALE,INDIVIDUAL,642,Married
2224421,Donald,Harvey,1985-11-24,MALE,INDIVIDUAL,251,Married
2224507,Louis,Johnston,2006-07-31,MALE,INDIVIDUAL,720,Single
2224508,Jeremy,Cole,1960-02-20,MALE,INDIVIDUAL,328,Married
2225294,Lillian,Bradley,2017-03-17,FEMALE,INDIVIDUAL,408,Married
2225295,Henry,Ramos,1978-05-30,MALE,INDIVIDUAL,629,Single
2225311,Carolyn,Bryant,1994-04-25,FEMALE,INDIVIDUAL,174,Married
2225322,Billy,Martin,1987-12-15,MALE,INDIVIDUAL,799,Married
2225347,Dorothy,Watson,2017-01-03,FEMALE,INDIVIDUAL,895,Married
2225348,Richard,Hansen,2017-01-03,MALE,INDIVIDUAL,739,Single
2225349,Jimmy,Johnston,1974-08-02,MALE,INDIVIDUAL,506,Single
2225388,Donald,Patterson,2016-11-25,MALE,INDIVIDUAL,641,Married
2225389,Matthew,Bell,2015-02-27,MALE,INDIVIDUAL,368,Divorced
2225404,Sean,Bennett,2017-02-10,MALE,INDIVIDUAL,483,Single
2225419,Douglas,Harvey,1983-03-18,MALE,INDIVIDUAL,204,Single
2225454,Samuel,Green,2017-02-18,MALE,INDIVIDUAL,34,Married
2225458,Cynthia,Green,1980-10-06,FEMALE,INDIVIDUAL,100,Single
2225459,Christina,Woods,1986-12-19,FEMALE,INDIVIDUAL,55,Married
2225852,Debra,West,2017-01-19,FEMALE,INDIVIDUAL,460,Single
2225860,Howard,Griffin,2007-07-24,MALE,INDIVIDUAL,29,Single
2226308,Mark,Wood,1986-03-25,MALE,INDIVIDUAL,279,Married
2226401,Randy,Cox,1977-06-18,MALE,INDIVIDUAL,745,Married
2226741,Walter,Larson,2017-12-08,MALE,INDIVIDUAL,857,Married
2226826,Martin,Holmes,1987-11-09,MALE,INDIVIDUAL,403,Married
2226827,Johnny,Ford,2017-09-12,MALE,INDIVIDUAL,817,Married
2227127,Eli ,,,,COMPANY,202,
2227146,Julia,Mendoza,1982-07-03,FEMALE,INDIVIDUAL,604,Married
2227162,Andrea,Burton,1982-05-26,FEMALE,INDIVIDUAL,508,Married
2227182,Mildred,Webb,2017-12-20,FEMALE,INDIVIDUAL,472,Married
2227234,Andrew,Stephens,2007-05-21,MALE,INDIVIDUAL,371,Divorced
2227235,Roger,Dunn,1974-09-15,MALE,INDIVIDUAL,504,Married
2227257,Brandon,Dixon,1975-08-09,MALE,INDIVIDUAL,178,Married
2227278,Richard,Morrison,2016-12-16,MALE,INDIVIDUAL,621,Married
2227605,Paul,Ramirez,1981-05-17,MALE,INDIVIDUAL,834,Married
2227607,Cynthia,Wells,2014-06-17,FEMALE,INDIVIDUAL,495,Divorced
2227614,Jeremy,Peterson,1978-01-02,MALE,INDIVIDUAL,732,Divorced
2227720,Donald,Reid,1971-01-31,MALE,INDIVIDUAL,854,Married
2228061,Stephanie,Graham,1979-12-16,FEMALE,INDIVIDUAL,870,Married
2228071,Bobby,Harris,2017-03-24,MALE,INDIVIDUAL,725,Single
2228072,Benjamin,Castillo,1977-04-05,MALE,INDIVIDUAL,337,Married
2236003,Philip,Hill,1977-03-03,MALE,INDIVIDUAL,39,Married
2236013,Matthew,Phillips,1999-04-12,MALE,INDIVIDUAL,788,Married
2236042,Mary,Gonzalez,2017-03-19,FEMALE,INDIVIDUAL,834,Married
2236486,Barbara,Hudson,2017-08-16,FEMALE,INDIVIDUAL,349,Divorced
2236940,Edward,Morales,1972-10-31,MALE,INDIVIDUAL,651,Married
2236941,Gregory,Jordan,2012-07-10,MALE,INDIVIDUAL,628,Single
2237017,Gerald,Stone,1983-10-10,MALE,INDIVIDUAL,199,Married
2237382,Wayne,Lawrence,1993-11-29,MALE,INDIVIDUAL,433,Married
2237398,Joyce,Roberts,1982-09-15,FEMALE,INDIVIDUAL,538,Single
2237448,Lillian,Sanchez,1977-07-25,FEMALE,INDIVIDUAL,977,Single
2237476,Lawrence,Olson,2016-11-01,MALE,INDIVIDUAL,596,Married
2237794,Kathy,Taylor,1986-05-19,FEMALE,INDIVIDUAL,56,Divorced
2237804,Keith,Robertson,1998-04-25,MALE,INDIVIDUAL,433,Married
2237881,Lawrence,Burton,1983-01-26,MALE,INDIVIDUAL,131,Single
2237882,Ralph,Ferguson,2017-12-27,MALE,INDIVIDUAL,858,Married
2237905,Fred,Day,2017-12-22,MALE,INDIVIDUAL,889,Married
2237929,COLGATE-PALMOLIVE Ltd,,,,COMPANY,801,
2238247,Timothy,Young,2015-03-18,MALE,INDIVIDUAL,64,Married
2238391,Shawn,Washington,2017-07-07,MALE,INDIVIDUAL,945,Married
2238410,Judith,Cole,2012-08-11,FEMALE,INDIVIDUAL,328,Divorced
2238422,Robin,Clark,1987-07-03,FEMALE,INDIVIDUAL,961,Married
2240009,Henry,Vasquez,1969-06-08,MALE,INDIVIDUAL,537,Single
2240506,Shawn,Lopez,1966-05-06,MALE,INDIVIDUAL,706,Married
2240907,Timothy,Gutierrez,1969-01-03,MALE,INDIVIDUAL,321,Married
2241207,Brandon,Turner,1971-01-15,MALE,INDIVIDUAL,303,Married
2241300,Kathryn,Ortiz,1981-04-21,FEMALE,INDIVIDUAL,863,Single
2241329,Irene,Graham,1977-07-01,FEMALE,INDIVIDUAL,161,Divorced
2241336,Donald,Hart,1958-07-02,MALE,INDIVIDUAL,333,Single
2241973,Harold,Chavez,2017-12-22,MALE,INDIVIDUAL,6,Married
2241981,Edward,Rivera,1969-12-15,MALE,INDIVIDUAL,643,Married
2242189,Nicholas,Green,2000-10-10,MALE,INDIVIDUAL,947,Single
2242524,Samuel,Knight,2017-08-10,MALE,INDIVIDUAL,780,Divorced
2242572,Theresa,Garrett,1986-08-15,FEMALE,INDIVIDUAL,967,Married
2242967,Gerald,Armstrong,1983-06-27,MALE,INDIVIDUAL,729,Married
2243056,Douglas,Olson,1972-01-02,MALE,INDIVIDUAL,488,Married
2243057,Antonio,Woods,2015-05-12,MALE,INDIVIDUAL,587,Single
2243321,Judy,Matthews,2015-10-02,FEMALE,INDIVIDUAL,403,Married
2243343,Jack,Owens,2017-03-28,MALE,INDIVIDUAL,605,Single
2243344,Terry,Gutierrez,1983-02-17,MALE,INDIVIDUAL,290,Married
2253291,Eric,Porter,1963-04-04,MALE,INDIVIDUAL,966,Single
2253300,Paul,Ford,1991-11-25,MALE,INDIVIDUAL,928,Married
2254106,Jason,Reynolds,2018-01-30,MALE,INDIVIDUAL,477,Single
2254119,Susan,Sims,1966-01-11,FEMALE,INDIVIDUAL,700,Married
2254150,Anthony,Snyder,2015-03-07,MALE,INDIVIDUAL,228,Divorced
2254170,Walter,Hicks,2017-04-22,MALE,INDIVIDUAL,751,Married
2254171,Anthony,Dean,1989-04-26,MALE,INDIVIDUAL,39,Married
2254277,Jane,Collins,2018-01-30,FEMALE,INDIVIDUAL,450,Married
2254708,Tammy,Hart,1987-06-02,FEMALE,INDIVIDUAL,952,Married
2255075,Debra,Butler,2017-04-03,FEMALE,INDIVIDUAL,131,Married
2255526,Michael,Hill,2015-02-21,MALE,INDIVIDUAL,35,Married
2255527,Earl,Coleman,1979-04-14,MALE,INDIVIDUAL,195,Single
2255543,Theresa,Harris,1980-05-28,FEMALE,INDIVIDUAL,723,Divorced
2255999,Raymond,Bailey,1978-08-03,MALE,INDIVIDUAL,204,Married
2256012,Jean,Simmons,1992-01-23,FEMALE,INDIVIDUAL,30,Married
2256014,Phillip,Jones,1954-06-19,MALE,INDIVIDUAL,884,Married
2256351,Jason,Johnson,2016-06-30,MALE,INDIVIDUAL,142,Married
2256352,Steve,Medina,1985-01-01,MALE,INDIVIDUAL,149,Single
2256477,David,Montgomery,1982-08-18,MALE,INDIVIDUAL,758,Single
2256478,Sandra,Jones,2016-04-19,FEMALE,INDIVIDUAL,533,Single
2256488,Cobalt Corp,,,,COMPANY,720,
2256526,Donald,Hansen,2017-04-19,MALE,INDIVIDUAL,214,Married
2256528,Clarence,Weaver,1958-09-30,MALE,INDIVIDUAL,417,Married
2256744,Scott,Ross,1988-11-22,MALE,INDIVIDUAL,799,Married
2256768,Fred,Hughes,1969-07-07,MALE,INDIVIDUAL,592,Married
2256774,Jesse,Elliott,2017-07-17,MALE,INDIVIDUAL,576,Single
2256852,Thomas,Mccoy,2016-11-01,MALE,INDIVIDUAL,988,Married
2257272,Jennifer,Rodriguez,1971-04-01,FEMALE,INDIVIDUAL,703,Married
2257273,Lillian,Smith,2012-05-30,FEMALE,INDIVIDUAL,312,Single
2257349,Gregory,Young,1989-07-28,MALE,INDIVIDUAL,335,Divorced
2257726,Shirley,Morris,1955-05-09,FEMALE,INDIVIDUAL,572,Married
2257763,Kenneth,Ramirez,1971-12-31,MALE,INDIVIDUAL,481,Divorced
2258139,Wayne,Perkins,1969-08-01,MALE,INDIVIDUAL,695,Single
2258143,Patricia,Reed,2017-06-14,FEMALE,INDIVIDUAL,232,Single
2258165,Teresa,Phillips,1991-06-04,FEMALE,INDIVIDUAL,866,Married
2258231,Henry,Griffin,1989-04-13,MALE,INDIVIDUAL,518,Married
2258262,Russell,Jones,1969-06-11,MALE,INDIVIDUAL,338,Divorced
2268423,Howard,Ryan,1979-07-07,MALE,INDIVIDUAL,960,Married
2268485,Clarence,Ferguson,1981-05-13,MALE,INDIVIDUAL,29,Married
2268489,Albert,Greene,1988-07-18,MALE,INDIVIDUAL,451,Married
2268519,Antonio,Dixon,2017-05-04,MALE,INDIVIDUAL,24,Married
2268955,Lillian,Hall,2014-05-03,FEMALE,INDIVIDUAL,311,Married
2268956,Benjamin,Price,1977-02-19,MALE,INDIVIDUAL,718,Single
2270128,Brian,Black,1965-08-03,MALE,INDIVIDUAL,584,Married
2270214,Julie,Jones,2017-12-13,FEMALE,INDIVIDUAL,356,Married
2270229,Julia,Cox,1964-05-30,FEMALE,INDIVIDUAL,795,Married
2270521,Joseph,Watkins,1977-01-09,MALE,INDIVIDUAL,548,Married
2270526,Barbara,Franklin,1979-04-27,FEMALE,INDIVIDUAL,675,Divorced
2270546,Kathryn,Burton,2017-11-08,FEMALE,INDIVIDUAL,615,Married
2270547,Scott,Graham,1980-07-17,MALE,INDIVIDUAL,666,Married
2270548,Stephanie,Watkins,1982-11-22,FEMALE,INDIVIDUAL,502,Married
2270588,Rebecca,Ortiz,1987-04-09,FEMALE,INDIVIDUAL,417,Single
2270981,Phyllis,Green,1986-03-20,FEMALE,INDIVIDUAL,889,Married
2271024,Alice,Cole,1982-06-15,FEMALE,INDIVIDUAL,3,Single
2271977,Alice,Mitchell,1994-04-30,FEMALE,INDIVIDUAL,511,Married
2272020,Mark,Stewart,1978-05-25,MALE,INDIVIDUAL,219,Married
2272021,Amy,Mcdonald,2017-05-12,FEMALE,INDIVIDUAL,157,Married
2272024,Joseph,Oliver,2017-01-24,MALE,INDIVIDUAL,32,Divorced
2272312,Boca Ltd,,,,COMPANY,221,
2272316,Jessica,Shaw,2018-01-07,FEMALE,INDIVIDUAL,625,Single
2272355,Sharon,Walker,1971-02-25,FEMALE,INDIVIDUAL,189,Married
2272763,Diana,Bowman,1983-12-15,FEMALE,INDIVIDUAL,21,Single
2272764,Chris,Fernandez,1979-03-15,MALE,INDIVIDUAL,645,Married
2272814,Mutual Corp,,,,COMPANY,652,
2272894,Louise,Wood,2014-05-10,FEMALE,INDIVIDUAL,667,Married
2272895,Scott,Nichols,1974-08-28,MALE,INDIVIDUAL,333,Single
2273287,Janet,Roberts,1987-03-15,FEMALE,INDIVIDUAL,234,Divorced
2273329,Anna,Thompson,1990-07-17,FEMALE,INDIVIDUAL,189,Married
2273365,Kimberly,Willis,1996-08-02,FEMALE,INDIVIDUAL,812,Married
2273810,Theresa,Vasquez,1986-10-14,FEMALE,INDIVIDUAL,149,Married
2274135,Victor,Mendoza,1982-02-25,MALE,INDIVIDUAL,602,Single
2274222,Joyce,Mccoy,1980-03-31,FEMALE,INDIVIDUAL,442,Married
2274257,Frank,George,1992-09-14,MALE,INDIVIDUAL,986,Married
2274519,Sandra,Kelly,1986-08-15,FEMALE,INDIVIDUAL,864,Married
2274557,Timothy,Reynolds,1983-09-08,MALE,INDIVIDUAL,669,Married
2274581,Joseph,Flores,1980-10-24,MALE,INDIVIDUAL,796,Single
2275180,Steve,Spencer,1960-11-30,MALE,INDIVIDUAL,835,Single
2275181,Rose,Garcia,1993-05-11,FEMALE,INDIVIDUAL,109,Married
2276360,Phyllis,Hawkins,1964-09-16,FEMALE,INDIVIDUAL,530,Divorced
2276361,Arthur,Morrison,2013-07-01,MALE,INDIVIDUAL,639,Single
2286803,Martha,Russell,1997-02-08,FEMALE,INDIVIDUAL,755,Married
2286804,Jesse,Wells,1958-07-09,MALE,INDIVIDUAL,902,Married
2287339,Phyllis,Reid,1971-03-05,FEMALE,INDIVIDUAL,779,Married
2287659,Jack,Ward,2009-03-26,MALE,INDIVIDUAL,778,Single
2288218,Sean,Perry,1966-07-10,MALE,INDIVIDUAL,92,Married
2288219,Sara,Foster,2001-06-12,FEMALE,INDIVIDUAL,43,Divorced
2288598,Linda,Gonzalez,1957-10-29,FEMALE,INDIVIDUAL,948,Married
2288990,EXPRO3 Ltd,,,,COMPANY,509,
2289052,Katherine,Meyer,1981-11-01,FEMALE,INDIVIDUAL,91,Married
2289073,Victor,Stephens,1986-09-10,MALE,INDIVIDUAL,536,Single
2289075,Paul,Hart,1978-02-18,MALE,INDIVIDUAL,502,Married
2289129,Jose,Payne,2015-01-23,MALE,INDIVIDUAL,376,Married
2289133,James,Hart,1958-03-16,MALE,INDIVIDUAL,381,Married
2289520,Scott,Robinson,1986-03-15,MALE,INDIVIDUAL,682,Married
2289542,Julia,Rice,2016-08-19,FEMALE,INDIVIDUAL,256,Divorced
2289912,Samuel,Burns,1998-11-17,MALE,INDIVIDUAL,259,Married
2289913,Eric,Kelley,2006-12-08,MALE,INDIVIDUAL,768,Single
2289944,Ernest,Burns,2014-01-08,MALE,INDIVIDUAL,466,Married
2289945,William,Ferguson,1979-06-07,MALE,INDIVIDUAL,868,Married
2290470,Michael,Brooks,1993-07-31,MALE,INDIVIDUAL,615,Married
2290892,Debra,Cruz,1955-01-09,FEMALE,INDIVIDUAL,457,Married
2291415,Doris,Hunter,1980-07-31,FEMALE,INDIVIDUAL,441,Married
2291850,Lonkey ,,,,COMPANY,654,
2291872,Michael,Holmes,2017-03-02,MALE,INDIVIDUAL,189,Single
2291873,Aaron,Wagner,1978-05-02,MALE,INDIVIDUAL,981,Married
2291902,Bonnie,Morgan,1979-03-24,FEMALE,INDIVIDUAL,653,Single
2292242,Lori,Ramos,2018-03-20,FEMALE,INDIVIDUAL,703,Married
2292281,Gloria,Mcdonald,1984-01-20,FEMALE,INDIVIDUAL,913,Single
2292298,Janice,Vasquez,1963-11-16,FEMALE,INDIVIDUAL,882,Single
2292657,William,Marshall,1972-07-22,MALE,INDIVIDUAL,248,Married
2292978,Irene,Kelley,1985-01-21,FEMALE,INDIVIDUAL,112,Single
2293031,Brandon,Mills,1988-03-14,MALE,INDIVIDUAL,939,Single
2293567,Ryan,Shaw,2017-05-31,MALE,INDIVIDUAL,100,Married
2294040,Shirley,Allen,1976-03-06,FEMALE,INDIVIDUAL,224,Single
2294061,Philip,Matthews,2007-11-16,MALE,INDIVIDUAL,842,Divorced
2294479,David,Boyd,2018-03-31,MALE,INDIVIDUAL,152,Married
2294487,Samuel,Castillo,1978-06-07,MALE,INDIVIDUAL,37,Single
2294488,Justin,Bryant,2015-11-05,MALE,INDIVIDUAL,662,Divorced
2294971,Victor,Nelson,1974-01-31,MALE,INDIVIDUAL,862,Married
2295074,Andrew,Garcia,1983-05-02,MALE,INDIVIDUAL,186,Married
2295582,Jessica,Bowman,1979-02-14,FEMALE,INDIVIDUAL,954,Married
2303316,Denise,Ortiz,1983-08-17,FEMALE,INDIVIDUAL,225,Single
2303323,Jose,Wagner,2017-06-27,MALE,INDIVIDUAL,891,Married
2303337,Earl,Rogers,2017-10-11,MALE,INDIVIDUAL,449,Married
2303338,Ryan,Wallace,1981-06-05,MALE,INDIVIDUAL,666,Married
2303357,Jane,West,1985-10-15,FEMALE,INDIVIDUAL,943,Married
2303368,Albert,Wallace,1977-06-14,MALE,INDIVIDUAL,548,Married
2303485,Stephanie,Scott,1982-05-12,FEMALE,INDIVIDUAL,399,Divorced
2303822,Phillip,Gonzalez,2016-11-10,MALE,INDIVIDUAL,733,Married
2303823,Emily,Lane,1979-09-10,FEMALE,INDIVIDUAL,619,Married
2304843,Andrew,Sims,1989-12-19,MALE,INDIVIDUAL,371,Married
2304844,Mark,Hawkins,2017-08-11,MALE,INDIVIDUAL,813,Married
2305156,Antonio,Reyes,1981-01-18,MALE,INDIVIDUAL,614,Single
2305197,Teresa,Price,1978-11-15,FEMALE,INDIVIDUAL,906,Single
2305284,Harold,Brown,2015-10-24,MALE,INDIVIDUAL,256,Divorced
2305285,Martin,Weaver,1945-08-05,MALE,INDIVIDUAL,898,Divorced
2305309,Willie,Rodriguez,2017-07-22,MALE,INDIVIDUAL,206,Married
2306083,Peter,Lopez,1963-06-09,MALE,INDIVIDUAL,755,Married
2306096,Sharon,Bell,2016-06-17,FEMALE,INDIVIDUAL,129,Single
2306097,Todd,Rogers,1972-04-25,MALE,INDIVIDUAL,150,Single
2306142,Christina,Wood,1962-03-13,FEMALE,INDIVIDUAL,406,Married
2306148,Eric,Holmes,2001-01-08,MALE,INDIVIDUAL,520,Divorced
2306563,Carlos,James,2017-06-09,MALE,INDIVIDUAL,705,Married
2306566,Adam,Meyer,1965-08-01,MALE,INDIVIDUAL,426,Married
2306567,Theresa,Perez,2007-07-12,FEMALE,INDIVIDUAL,205,Married
2306589,Wayne,Ross,1976-11-25,MALE,INDIVIDUAL,867,Married
2306657,Cynthia,Harris,1984-01-23,FEMALE,INDIVIDUAL,598,Single
2306666,Jonathan,Mason,1975-09-23,MALE,INDIVIDUAL,421,Single
2307081,Roy,Harvey,1983-01-03,MALE,INDIVIDUAL,57,Single
2307442,Brian,Ryan,2017-07-06,MALE,INDIVIDUAL,480,Single
2307477,Joseph,Stanley,1994-06-28,MALE,INDIVIDUAL,655,Single
2307489,Jane,Lewis,1967-08-28,FEMALE,INDIVIDUAL,978,Single
2307527,Margaret,Vasquez,1992-05-07,FEMALE,INDIVIDUAL,320,Married
2307528,Brandon,Woods,1966-05-07,MALE,INDIVIDUAL,460,Married
2307553,Roger,Henry,1964-06-20,MALE,INDIVIDUAL,986,Married
2307889,Michael,Phillips,1970-08-17,MALE,INDIVIDUAL,764,Single
2308333,Gloria,Bradley,2017-07-10,FEMALE,INDIVIDUAL,288,Married
2308334,Ryan,Long,1981-05-01,MALE,INDIVIDUAL,783,Married
2308393,Stephen,Williamson,1992-09-18,MALE,INDIVIDUAL,366,Married
2308402,Jean,Fuller,2003-11-24,FEMALE,INDIVIDUAL,124,Married
2308404,Philip,Ford,1970-01-05,MALE,INDIVIDUAL,643,Married
2308410,James,Rivera,2018-04-10,MALE,INDIVIDUAL,937,Married
2308411,Victor,George,1978-07-24,MALE,INDIVIDUAL,99,Married
2308800,Bonnie,Brooks,2001-10-08,FEMALE,INDIVIDUAL,341,Married
2308829,Paula,White,1970-11-10,FEMALE,INDIVIDUAL,703,Married
2308865,Robert,Mills,1985-02-15,MALE,INDIVIDUAL,185,Married
2309147,Barbara,Schmidt,2015-09-27,FEMALE,INDIVIDUAL,990,Divorced
2309151,Keith,Duncan,2017-04-19,MALE,INDIVIDUAL,192,Single
2309217,Lillian,Ortiz,1985-05-07,FEMALE,INDIVIDUAL,671,Married
2309249,Louis,Lane,2011-10-25,MALE,INDIVIDUAL,552,Single
2309269,Anne,Collins,1985-07-12,FEMALE,INDIVIDUAL,931,Single
2309278,Debra,Kim,1984-08-21,FEMALE,INDIVIDUAL,437,Single
2309590,Deborah,Kelley,1960-04-14,FEMALE,INDIVIDUAL,503,Single
2309726,Jack,Edwards,2018-03-30,MALE,INDIVIDUAL,751,Married
2309730,Eric,Price,1989-07-13,MALE,INDIVIDUAL,981,Married
2311118,Fred,Hunt,2018-03-24,MALE,INDIVIDUAL,725,Married
2311137,Jerry,Barnes,1988-07-21,MALE,INDIVIDUAL,373,Married
2311243,Carl,Anderson,1969-08-05,MALE,INDIVIDUAL,259,Divorced
2312014,Colgate Group,,,,COMPANY,510,
2312053,Denise,Lopez,2014-11-25,FEMALE,INDIVIDUAL,267,Single
2312071,Jason,Hart,2018-03-12,MALE,INDIVIDUAL,817,Married
2312097,Ryan,Franklin,1979-07-04,MALE,INDIVIDUAL,417,Divorced
2312117,Fred,Duncan,2014-10-26,MALE,INDIVIDUAL,964,Married
2312118,Joe,Rose,1980-07-01,MALE,INDIVIDUAL,723,Single
2313037,Lawrence,Wright,1988-11-26,MALE,INDIVIDUAL,914,Single
2313420,Steve,Martin,1954-08-01,MALE,INDIVIDUAL,882,Married
2313440,Matthew,Gardner,1996-06-20,MALE,INDIVIDUAL,530,Divorced
2313871,Jonathan,Harper,1969-07-22,MALE,INDIVIDUAL,385,Married
2313939,Jonathan,Shaw,1990-01-25,MALE,INDIVIDUAL,143,Married
2313953,Lisa,Flores,2017-03-02,FEMALE,INDIVIDUAL,30,Married
2313994,Gloria,Gardner,2017-09-05,FEMALE,INDIVIDUAL,784,Married
2313995,Keith,Lynch,1953-07-19,MALE,INDIVIDUAL,850,Divorced
2314302,Karen,Rose,1980-12-17,FEMALE,INDIVIDUAL,824,Divorced
2314317,Brenda,Daniels,2007-04-07,FEMALE,INDIVIDUAL,444,Single
2314344,Randy,Barnes,2016-06-22,MALE,INDIVIDUAL,956,Single
2323442,Ernest,Martinez,2017-08-03,MALE,INDIVIDUAL,359,Married
2323462,Martha,Duncan,1981-10-16,FEMALE,INDIVIDUAL,311,Single
2323814,Michael,Stephens,1983-06-15,MALE,INDIVIDUAL,691,Married
2323815,Tina,Sanders,2018-05-10,FEMALE,INDIVIDUAL,737,Single
2323816,Jonathan,Jones,1995-12-19,MALE,INDIVIDUAL,33,Married
2324179,Barbara,Warren,2016-07-07,FEMALE,INDIVIDUAL,806,Married
2324218,Rebecca,Carr,1984-08-14,FEMALE,INDIVIDUAL,224,Married
2324223,Amy,Vasquez,2009-12-27,FEMALE,INDIVIDUAL,46,Divorced
2324249,Amanda,Brown,2014-10-17,FEMALE,INDIVIDUAL,580,Single
2324250,William,Cooper,1975-06-28,MALE,INDIVIDUAL,184,Married
2324256,Andrea,Gordon,1980-01-19,FEMALE,INDIVIDUAL,406,Married
2324975,Helen,Alexander,1971-07-31,FEMALE,INDIVIDUAL,303,Single
2325294,Howard,Hamilton,2018-06-07,MALE,INDIVIDUAL,669,Divorced
2325295,Philip,Larson,1982-08-30,MALE,INDIVIDUAL,64,Married
2325656,Douglas,Wheeler,2018-04-09,MALE,INDIVIDUAL,260,Married
2326332,Robin,Garcia,1956-04-10,FEMALE,INDIVIDUAL,442,Married
2327943,Harry,Edwards,1980-11-24,MALE,INDIVIDUAL,738,Married
2336747,Richard,Spencer,1986-12-22,MALE,INDIVIDUAL,513,Single
2336800,Doris,Hanson,2016-05-28,FEMALE,INDIVIDUAL,725,Married
2337071,Jeffrey,Hernandez,2016-10-11,MALE,INDIVIDUAL,233,Married
2337075,Helen,Freeman,1962-03-01,FEMALE,INDIVIDUAL,197,Married
2337368,Paula,Kelley,1982-07-22,FEMALE,INDIVIDUAL,513,Divorced
2337399,Donald,Peters,2017-09-04,MALE,INDIVIDUAL,898,Married
2337613,Bruce,Simmons,1982-11-21,MALE,INDIVIDUAL,610,Divorced
2337672,Elizabeth,Williams,1982-03-10,FEMALE,INDIVIDUAL,324,Married
2338303,Wanda,Reyes,1982-04-30,FEMALE,INDIVIDUAL,787,Single
2338320,Gloria,Olson,2017-07-05,FEMALE,INDIVIDUAL,142,Single
2338325,Bonnie,Wallace,1973-03-26,FEMALE,INDIVIDUAL,526,Married
2338330,Wayne,Spencer,1991-08-31,MALE,INDIVIDUAL,763,Single
2338331,Roy,Harper,2016-10-25,MALE,INDIVIDUAL,135,Married
2338342,Lisa,Burton,2017-10-25,FEMALE,INDIVIDUAL,987,Single
2338365,Teresa,Nichols,2006-07-15,FEMALE,INDIVIDUAL,916,Married
2338654,Ernest,Marshall,1979-04-10,MALE,INDIVIDUAL,477,Married
2338680,Raymond,Jackson,2014-05-24,MALE,INDIVIDUAL,291,Married
2338696,Judith,Reyes,1959-01-01,FEMALE,INDIVIDUAL,608,Married
2339409,Billy,Jones,2017-08-05,MALE,INDIVIDUAL,751,Divorced
2339410,Timothy,Fuller,1991-05-16,MALE,INDIVIDUAL,345,Single
2339840,Bayer Corp,,,,COMPANY,757,
2339887,Jason,Morris,1970-02-28,MALE,INDIVIDUAL,562,Married
2339947,Judith,Johnson,1988-04-07,FEMALE,INDIVIDUAL,798,Married
2339948,Martin,Barnes,1991-09-27,MALE,INDIVIDUAL,118,Single
2340271,Margaret,Gutierrez,2018-04-19,FEMALE,INDIVIDUAL,379,Married
2340356,Nicole,Simpson,1974-03-02,FEMALE,INDIVIDUAL,373,Single
2340373,Stephanie,Little,2012-05-21,FEMALE,INDIVIDUAL,637,Single
2340374,Robert,Armstrong,1972-04-21,MALE,INDIVIDUAL,272,Single
2340381,Cynthia,Roberts,2017-08-06,FEMALE,INDIVIDUAL,785,Married
2340382,Paul,Clark,1988-05-24,MALE,INDIVIDUAL,52,Married
2340814,Lori,Young,2009-11-26,FEMALE,INDIVIDUAL,443,Married
2340815,Bobby,Armstrong,2013-06-12,MALE,INDIVIDUAL,922,Divorced
2340827,Bruce,Bailey,1984-06-26,MALE,INDIVIDUAL,850,Divorced
2340833,Julie,Sanchez,1975-07-13,FEMALE,INDIVIDUAL,350,Married
2340836,Pamela,Mcdonald,2010-11-05,FEMALE,INDIVIDUAL,448,Married
2340849,Louise,Medina,1978-11-22,FEMALE,INDIVIDUAL,387,Single
2340856,Judith,Gardner,1980-10-04,FEMALE,INDIVIDUAL,798,Married
2340857,Martin,Miller,2016-09-01,MALE,INDIVIDUAL,841,Married
2340861,Carlos,Ryan,2009-04-30,MALE,INDIVIDUAL,235,Married
2341254,Doris,Ferguson,2001-12-17,FEMALE,INDIVIDUAL,63,Married
2341272,Katherine,Hill,1976-12-10,FEMALE,INDIVIDUAL,214,Divorced
2341631,Scott,Martin,1983-08-09,MALE,INDIVIDUAL,910,Married
2341632,Samuel,Rodriguez,2011-11-19,MALE,INDIVIDUAL,513,Single
2341658,Donna,Kelly,1984-09-21,FEMALE,INDIVIDUAL,645,Divorced
2342091,Wayne,Wood,2017-07-13,MALE,INDIVIDUAL,244,Married
2342116,Bonnie,Kennedy,1991-10-16,FEMALE,INDIVIDUAL,617,Married
2342117,Gerald,Ellis,1996-11-06,MALE,INDIVIDUAL,147,Married
2342560,Steven,Owens,1962-01-01,MALE,INDIVIDUAL,101,Single
2343275,Kevin,Wood,2017-10-03,MALE,INDIVIDUAL,440,Single
2343709,Walter,Johnston,1968-08-29,MALE,INDIVIDUAL,255,Single
2343710,Harold,Holmes,2005-04-28,MALE,INDIVIDUAL,989,Single
2344733,George,Wagner,1976-09-09,MALE,INDIVIDUAL,174,Divorced
2344777,Alan,Day,2018-04-27,MALE,INDIVIDUAL,631,Single
2345168,George,Perkins,1973-06-07,MALE,INDIVIDUAL,688,Married
2345255,Lois,Carter,2017-09-28,FEMALE,INDIVIDUAL,69,Married
2345729,Mary,Ward,2017-09-15,FEMALE,INDIVIDUAL,69,Married
2345730,Gregory,Rose,1983-05-11,MALE,INDIVIDUAL,894,Married
2345787,Terry,Bowman,1977-11-10,MALE,INDIVIDUAL,77,Divorced
2345862,Paul,Peters,1973-06-30,MALE,INDIVIDUAL,326,Divorced
2346294,Carol,Montgomery,1994-03-18,FEMALE,INDIVIDUAL,716,Single
2346368,Jose,Murphy,1955-08-07,MALE,INDIVIDUAL,655,Single
2347952,Kenneth,Mitchell,1968-03-12,MALE,INDIVIDUAL,103,Single
2348069,Anna,Allen,2018-01-25,FEMALE,INDIVIDUAL,755,Single
2348070,Todd,Hart,1985-10-16,MALE,INDIVIDUAL,394,Single
2348093,Keith,Sanders,2009-05-09,MALE,INDIVIDUAL,817,Married
2348098,Harold,Griffin,2007-09-27,MALE,INDIVIDUAL,74,Single
2348144,Janice,Wheeler,1970-11-28,FEMALE,INDIVIDUAL,846,Married
2348197,Gloria,Bishop,1956-01-31,FEMALE,INDIVIDUAL,380,Married
2348265,Martin,Carr,2018-04-04,MALE,INDIVIDUAL,419,Divorced
2348696,SKINFOOD ,,,,COMPANY,513,
2348752,Peter,Hayes,2017-10-12,MALE,INDIVIDUAL,7,Single
2348765,Kimberly,Johnston,1984-09-15,FEMALE,INDIVIDUAL,58,Divorced
2348805,Frances,Clark,1985-06-17,FEMALE,INDIVIDUAL,162,Single
2358310,Mary,Gardner,2004-02-21,FEMALE,INDIVIDUAL,637,Married
2358375,Gregory,Harrison,1981-06-13,MALE,INDIVIDUAL,552,Single
2358376,Joe,George,2017-08-03,MALE,INDIVIDUAL,427,Married
2358453,Russell,Mills,2017-10-19,MALE,INDIVIDUAL,932,Married
2358456,Sara,Moore,2017-10-21,FEMALE,INDIVIDUAL,269,Married
2358862,Nicholas,Moreno,1981-06-27,MALE,INDIVIDUAL,954,Married
2358888,Lillian,King,2018-01-25,FEMALE,INDIVIDUAL,873,Married
2358889,Jerry,Edwards,1973-05-01,MALE,INDIVIDUAL,437,Married
2359374,Helen,Weaver,1982-11-11,FEMALE,INDIVIDUAL,494,Married
2359404,Keith,Simpson,2017-10-06,MALE,INDIVIDUAL,802,Divorced
2359811,Beverly,Carpenter,2017-10-04,FEMALE,INDIVIDUAL,495,Single
2360706,Chris,Cox,1969-01-26,MALE,INDIVIDUAL,964,Single
2360707,Joshua,Greene,2005-09-22,MALE,INDIVIDUAL,618,Single
2360739,Daniel,Owens,2014-07-24,MALE,INDIVIDUAL,428,Married
2360740,Bobby,Thomas,1979-09-22,MALE,INDIVIDUAL,145,Single
2361251,Robin,Butler,1963-03-29,FEMALE,INDIVIDUAL,359,Single
2361261,Ronald,Mendoza,1990-12-19,MALE,INDIVIDUAL,260,Single
2361625,Arthur,Meyer,1978-08-12,MALE,INDIVIDUAL,70,Married
2362028,Camber ,,,,COMPANY,933,
2362053,Nancy,Chavez,2018-07-10,FEMALE,INDIVIDUAL,853,Married
2362054,Ronald,Miller,1984-12-14,MALE,INDIVIDUAL,362,Single
2362056,Julie,Baker,2018-03-05,FEMALE,INDIVIDUAL,44,Married
2362057,Lawrence,Gibson,1975-08-23,MALE,INDIVIDUAL,753,Married
2362075,Juan,Perry,1981-10-05,MALE,INDIVIDUAL,439,Single
2362125,Roy,Coleman,1976-07-25,MALE,INDIVIDUAL,726,Single
2362126,Phyllis,Day,2012-10-12,FEMALE,INDIVIDUAL,640,Married
2362143,Aaron,Gilbert,2014-02-11,MALE,INDIVIDUAL,27,Married
2362145,Nancy,Dunn,1978-07-07,FEMALE,INDIVIDUAL,808,Married
2362156,Christopher,Black,2014-07-24,MALE,INDIVIDUAL,90,Married
2362593,Keith,Ryan,1982-01-23,MALE,INDIVIDUAL,724,Single
2362600,Diana,Dixon,1959-02-10,FEMALE,INDIVIDUAL,90,Married
2362973,Robin,Perez,1979-05-09,FEMALE,INDIVIDUAL,836,Married
2363040,Louise,Patterson,1978-10-03,FEMALE,INDIVIDUAL,31,Married
2363436,Julia,Scott,1985-07-14,FEMALE,INDIVIDUAL,572,Married
2363482,Douglas,White,2008-06-27,MALE,INDIVIDUAL,264,Married
2363510,Katherine,Reynolds,1986-01-19,FEMALE,INDIVIDUAL,282,Married
2363569,Diane,Daniels,1984-03-09,FEMALE,INDIVIDUAL,67,Single
2363582,Mildred,Sullivan,2017-11-02,FEMALE,INDIVIDUAL,175,Divorced
2363599,Ryan,Cook,1981-10-23,MALE,INDIVIDUAL,486,Married
2364031,Teresa,Ramirez,1960-06-29,FEMALE,INDIVIDUAL,904,Single
2364074,Lillian,Stone,2016-09-19,FEMALE,INDIVIDUAL,220,Married
2364555,Andrea,Murphy,2018-01-29,FEMALE,INDIVIDUAL,689,Single
2364579,Bobby,Lynch,1973-07-01,MALE,INDIVIDUAL,743,Married
2364580,Lawrence,Chapman,2013-01-04,MALE,INDIVIDUAL,871,Married
2364629,Lisa,Wilson,1988-08-17,FEMALE,INDIVIDUAL,239,Married
2365118,Marie,Crawford,1998-02-11,FEMALE,INDIVIDUAL,148,Single
2365137,Beverly,Gutierrez,2015-03-08,FEMALE,INDIVIDUAL,455,Single
2365148,Linda,Scott,2018-07-09,FEMALE,INDIVIDUAL,359,Single
2365149,Terry,Jackson,1981-11-19,MALE,INDIVIDUAL,716,Married
2365178,Christina,Holmes,1982-08-02,FEMALE,INDIVIDUAL,348,Married
2365659,Gary,Hill,2012-12-11,MALE,INDIVIDUAL,678,Married
2366190,Heather,Garcia,1957-08-05,FEMALE,INDIVIDUAL,917,Divorced
2366226,Kathryn,Cole,2017-10-27,FEMALE,INDIVIDUAL,675,Married
2366649,Laura,Wheeler,1983-09-21,FEMALE,INDIVIDUAL,948,Single
2366719,Chris,Henry,1980-12-08,MALE,INDIVIDUAL,792,Single
2366731,Terry,Johnston,1973-10-19,MALE,INDIVIDUAL,721,Single
2366739,Steven,Reynolds,2017-10-13,MALE,INDIVIDUAL,237,Married
2366753,Aaron,Fowler,1981-11-25,MALE,INDIVIDUAL,740,Married
2367126,Clarence,Brown,2015-11-11,MALE,INDIVIDUAL,273,Married
2367131,Amy,Howard,1984-07-31,FEMALE,INDIVIDUAL,181,Married
2367202,Richard,Green,2018-07-21,MALE,INDIVIDUAL,976,Single
2367203,Todd,Robinson,1976-09-01,MALE,INDIVIDUAL,648,Married
2368397,Earl,Richards,2009-06-02,MALE,INDIVIDUAL,202,Married
2368484,Helen,Kim,2017-10-31,FEMALE,INDIVIDUAL,271,Married
2368496,Rachel,Smith,1999-06-30,FEMALE,INDIVIDUAL,854,Single
2368499,Gary,Washington,2018-07-29,MALE,INDIVIDUAL,51,Divorced
2368512,Helen,Bryant,1981-07-20,FEMALE,INDIVIDUAL,959,Single
2368516,Nicholas,Fox,2015-07-10,MALE,INDIVIDUAL,436,Married
2368541,Helen,Walker,1983-11-21,FEMALE,INDIVIDUAL,738,Single
2369440,William,Ford,1971-08-29,MALE,INDIVIDUAL,170,Married
2369857,DESERET Ltd,,,,COMPANY,420,
2369888,Diane,Rivera,2018-06-13,FEMALE,INDIVIDUAL,61,Married
2369937,BAUMANN ,,,,COMPANY,667,
2370578,Gregory,Wallace,2018-08-09,MALE,INDIVIDUAL,222,Divorced
2378181,Paul,Howard,2012-07-15,MALE,INDIVIDUAL,505,Single
2378182,Edward,Woods,1979-06-05,MALE,INDIVIDUAL,760,Single
2378602,Xiamen Group,,,,COMPANY,240,
2378636,Melissa,Hernandez,2014-05-09,FEMALE,INDIVIDUAL,336,Married
2378643,Cynthia,Nguyen,1983-08-25,FEMALE,INDIVIDUAL,238,Single
2378737,Marie,Matthews,2017-11-10,FEMALE,INDIVIDUAL,33,Married
2378741,Amy,Price,2017-01-17,FEMALE,INDIVIDUAL,97,Married
2379134,Karen,Bell,1987-08-28,FEMALE,INDIVIDUAL,749,Married
2379225,Shawn,Henderson,1974-07-30,MALE,INDIVIDUAL,354,Married
2379231,Edward,Wright,1973-03-04,MALE,INDIVIDUAL,435,Single
2379596,Victor,Crawford,2018-07-21,MALE,INDIVIDUAL,805,Single
2379647,Terry,Morales,2017-07-04,MALE,INDIVIDUAL,276,Single
2379696,Ruth,Rivera,1988-01-17,FEMALE,INDIVIDUAL,675,Single
2379705,Catherine,Stanley,1985-10-23,FEMALE,INDIVIDUAL,905,Married
2379707,Michael,Jackson,1965-09-17,MALE,INDIVIDUAL,802,Single
2380202,Joshua,Ford,1990-08-08,MALE,INDIVIDUAL,356,Single
2380580,Stephen,Brooks,1983-09-26,MALE,INDIVIDUAL,478,Divorced
2380581,Stephanie,Lewis,2018-05-12,FEMALE,INDIVIDUAL,130,Single
2380615,Harry,Payne,2017-12-22,MALE,INDIVIDUAL,219,Married
2380616,Patrick,Wagner,1981-11-10,MALE,INDIVIDUAL,364,Divorced
2380662,Martha,Ellis,1991-05-07,FEMALE,INDIVIDUAL,908,Married
2380692,Julia,Mills,1996-12-22,FEMALE,INDIVIDUAL,664,Married
2380705,Douglas,Jacobs,2016-03-29,MALE,INDIVIDUAL,764,Married
2381117,Beverly,Arnold,1991-02-19,FEMALE,INDIVIDUAL,777,Married
2381652,Gerald,Bishop,1976-04-16,MALE,INDIVIDUAL,231,Single
2381700,J.M. Group,,,,COMPANY,272,
2382058,Seroyal Corp,,,,COMPANY,883,
2382074,Mark,Anderson,1982-11-21,MALE,INDIVIDUAL,264,Single
2382112,Christina,Austin,2016-06-26,FEMALE,INDIVIDUAL,244,Married
2382113,Kenneth,Howell,1976-03-24,MALE,INDIVIDUAL,571,Married
2382122,Irene,Bishop,1983-01-10,FEMALE,INDIVIDUAL,625,Married
2382133,Irene,Hunt,2017-07-10,FEMALE,INDIVIDUAL,586,Married
2382195,Roy,Wood,1985-01-08,MALE,INDIVIDUAL,360,Single
2382196,Chris,Gray,2017-01-03,MALE,INDIVIDUAL,45,Single
2382629,Raymond,Tucker,2015-07-10,MALE,INDIVIDUAL,287,Single
2382639,Gerald,Garza,2016-10-07,MALE,INDIVIDUAL,367,Married
2382641,Douglas,Howard,1985-03-08,MALE,INDIVIDUAL,633,Married
2382704,Joe,Thomas,1981-12-22,MALE,INDIVIDUAL,491,Married
2382765,Steven,Bennett,1973-03-05,MALE,INDIVIDUAL,377,Divorced
2383060,Donna,Parker,2000-07-24,FEMALE,INDIVIDUAL,66,Divorced
2383149,Kevin,Johnston,2017-12-11,MALE,INDIVIDUAL,42,Single
2383497,Wayne,Jones,1996-06-19,MALE,INDIVIDUAL,30,Married
2383581,Kathryn,Simpson,1969-10-25,FEMALE,INDIVIDUAL,497,Married
2383872,Betty,Rivera,2018-06-20,FEMALE,INDIVIDUAL,785,Married
2383873,Ralph,Weaver,1981-03-20,MALE,INDIVIDUAL,322,Married
2383941,Larry,Stanley,1979-02-17,MALE,INDIVIDUAL,109,Single
2383942,Gary,Warren,2017-04-04,MALE,INDIVIDUAL,438,Married
2383948,Lisa,Carter,2017-09-26,FEMALE,INDIVIDUAL,582,Divorced
2384394,Martha,Hall,1984-07-05,FEMALE,INDIVIDUAL,889,Married
2384430,Pamela,Wells,1991-10-15,FEMALE,INDIVIDUAL,811,Married
2384433,Jeremy,Medina,1989-11-30,MALE,INDIVIDUAL,312,Married
2384857,Henry,Hart,1962-08-13,MALE,INDIVIDUAL,281,Married
2385300,Andrew,Lewis,1988-10-11,MALE,INDIVIDUAL,49,Married
2385301,Douglas,Ortiz,2018-08-21,MALE,INDIVIDUAL,418,Single
2385319,Harry,Wagner,1973-07-19,MALE,INDIVIDUAL,232,Single
2385666,Mary,Ortiz,2015-12-15,FEMALE,INDIVIDUAL,688,Married
2385688,Michael,Ortiz,1978-05-15,MALE,INDIVIDUAL,198,Single
2385689,Linda,Hamilton,2017-11-27,FEMALE,INDIVIDUAL,576,Single
2385690,Ashley,Montgomery,2015-11-06,FEMALE,INDIVIDUAL,61,Married
2385692,Gregory,Jenkins,2017-10-20,MALE,INDIVIDUAL,525,Divorced
2385736,Kimberly,Harvey,1981-07-28,FEMALE,INDIVIDUAL,120,Divorced
2385737,Shirley,Perkins,1981-07-28,FEMALE,INDIVIDUAL,614,Married
2385789,Nancy,Butler,1987-07-28,FEMALE,INDIVIDUAL,534,Single
2385802,Phyllis,Howell,1996-07-29,FEMALE,INDIVIDUAL,228,Married
2386155,George,Hernandez,2008-10-02,MALE,INDIVIDUAL,546,Divorced
2386186,Lisa,Grant,1981-01-14,FEMALE,INDIVIDUAL,731,Married
2386205,Debra,Torres,1981-02-11,FEMALE,INDIVIDUAL,659,Married
2386239,Keith,Berry,2005-02-01,MALE,INDIVIDUAL,395,Married
2386240,Willie,Thomas,1974-05-06,MALE,INDIVIDUAL,304,Married
2386242,Russell,Foster,2016-06-30,MALE,INDIVIDUAL,654,Married
2386243,Maria,Matthews,1986-11-23,FEMALE,INDIVIDUAL,980,Single
2386845,Scott,Ray,1986-05-21,MALE,INDIVIDUAL,59,Married
2387308,Julia,Rose,1985-08-26,FEMALE,INDIVIDUAL,382,Married
2387320,Howard,Rodriguez,1984-04-17,MALE,INDIVIDUAL,419,Married
2387404,Jacqueline,Mason,2017-12-01,FEMALE,INDIVIDUAL,18,Married
2387405,John,Arnold,1983-09-02,MALE,INDIVIDUAL,819,Married
2387778,Rebel Ltd,,,,COMPANY,97,
2387834,David,Green,1972-05-21,MALE,INDIVIDUAL,588,Single
2387924,Carlos,Greene,2001-01-21,MALE,INDIVIDUAL,52,Single
2388324,Diane,Knight,2002-07-11,FEMALE,INDIVIDUAL,809,Married
2388351,Harry,Cunningham,2017-06-29,MALE,INDIVIDUAL,312,Single
2388718,Ronald,Boyd,1991-03-31,MALE,INDIVIDUAL,780,Married
2389163,Kathleen,Watson,2014-12-29,FEMALE,INDIVIDUAL,771,Married
2389172,Joseph,Brown,1980-05-26,MALE,INDIVIDUAL,42,Single
2389173,Stephen,Flores,2008-07-29,MALE,INDIVIDUAL,944,Married
2389193,Terry,Gomez,1979-03-19,MALE,INDIVIDUAL,121,Married
2389194,Henry,Jackson,2017-01-21,MALE,INDIVIDUAL,112,Married
2389227,Richard,Kelley,2018-01-17,MALE,INDIVIDUAL,49,Single
2389235,Steven,Gardner,2018-04-14,MALE,INDIVIDUAL,196,Married
2389255,Aaron,Griffin,1985-03-25,MALE,INDIVIDUAL,813,Divorced
2389301,Gregory,Crawford,1958-09-20,MALE,INDIVIDUAL,948,Single
2389312,Lawrence,Fowler,2018-03-06,MALE,INDIVIDUAL,986,Single
2389313,James,Thompson,1978-07-08,MALE,INDIVIDUAL,220,Married
2389335,Tina,Dean,1989-11-27,FEMALE,INDIVIDUAL,532,Divorced
2389369,Wanda,Stewart,1984-02-05,FEMALE,INDIVIDUAL,255,Single
2398023,Anne,Castillo,1986-11-11,FEMALE,INDIVIDUAL,277,Married
2398024,Bobby,Gilbert,1984-01-06,MALE,INDIVIDUAL,438,Single
2398051,Kathryn,Mcdonald,1981-05-01,FEMALE,INDIVIDUAL,98,Married
2398069,Tina,Ruiz,2017-12-06,FEMALE,INDIVIDUAL,665,Married
2398071,Larry,Walker,1976-07-06,MALE,INDIVIDUAL,248,Married
2398513,Craig,Mendoza,1980-05-23,MALE,INDIVIDUAL,851,Divorced
2398538,James,Garrett,1979-09-12,MALE,INDIVIDUAL,621,Married
2398539,Steve,Mendoza,2018-01-05,MALE,INDIVIDUAL,488,Single
2398919,Steven,Fox,1997-08-18,MALE,INDIVIDUAL,565,Married
2398961,Henry,Jones,1981-09-17,MALE,INDIVIDUAL,746,Married
2399020,Walter,Arnold,1967-03-27,MALE,INDIVIDUAL,644,Married
2399453,Wanda,Watson,1990-01-22,FEMALE,INDIVIDUAL,796,Single
2399464,Theresa,Taylor,2018-08-29,FEMALE,INDIVIDUAL,60,Single
2399549,Linda,Henry,2017-12-12,FEMALE,INDIVIDUAL,748,Single
2399958,Pamela,Murphy,2017-01-20,FEMALE,INDIVIDUAL,946,Married
2400023,Karen,Rivera,1980-04-09,FEMALE,INDIVIDUAL,460,Married
2400049,Charles,Nguyen,2011-05-14,MALE,INDIVIDUAL,560,Married
2400053,Amanda,Garrett,2017-12-14,FEMALE,INDIVIDUAL,786,Married
2400054,Sean,Dean,1968-07-01,MALE,INDIVIDUAL,181,Single
2400466,Ruby,Henderson,1980-05-06,FEMALE,INDIVIDUAL,655,Married
2400481,Martha,Mccoy,2004-04-30,FEMALE,INDIVIDUAL,185,Married
2400484,Alan,Banks,1970-12-03,MALE,INDIVIDUAL,665,Married
2400485,Jason,Crawford,1986-09-27,MALE,INDIVIDUAL,859,Single
2400486,Jessica,Jones,2014-07-23,FEMALE,INDIVIDUAL,151,Married
2400510,Jonathan,Harris,2018-01-04,MALE,INDIVIDUAL,243,Married
2400511,Daniel,Rose,1976-08-14,MALE,INDIVIDUAL,392,Married
2400546,Willie,Gray,2017-05-23,MALE,INDIVIDUAL,509,Married
2400547,Ernest,Sanchez,1983-11-02,MALE,INDIVIDUAL,140,Single
2400578,Donald,Lynch,1975-03-21,MALE,INDIVIDUAL,248,Single
2400997,Lawrence,Henry,2015-11-07,MALE,INDIVIDUAL,121,Married
2401063,Joyce,White,1984-12-31,FEMALE,INDIVIDUAL,800,Single
2401487,Norma,Hanson,2017-11-10,FEMALE,INDIVIDUAL,622,Single
2401503,Katherine,Sanders,1978-06-11,FEMALE,INDIVIDUAL,505,Single
2401567,Donald,Mendoza,1993-06-02,MALE,INDIVIDUAL,344,Married
2401616,Phillip,Phillips,2017-12-18,MALE,INDIVIDUAL,831,Married
2402595,Rachel,Jenkins,2000-04-21,FEMALE,INDIVIDUAL,761,Married
2402700,Steve,Riley,2017-12-16,MALE,INDIVIDUAL,811,Divorced
2402707,Ann,Fuller,1996-01-01,FEMALE,INDIVIDUAL,467,Married
2403397,Robert,Reid,1987-10-20,MALE,INDIVIDUAL,713,Married
2403398,Phillip,Stevens,2018-01-06,MALE,INDIVIDUAL,920,Married
2403427,Kenneth,Coleman,1986-01-15,MALE,INDIVIDUAL,253,Married
2403458,Richard,Owens,2017-10-18,MALE,INDIVIDUAL,340,Divorced
2403792,Patrick,Stone,2018-01-14,MALE,INDIVIDUAL,49,Married
2403793,Rose,Fields,2016-02-08,FEMALE,INDIVIDUAL,363,Single
2403840,Steve,Hamilton,2018-09-24,MALE,INDIVIDUAL,450,Married
2405949,Bruce,Payne,1980-01-29,MALE,INDIVIDUAL,348,Single
2405950,Wayne,Morris,2017-07-21,MALE,INDIVIDUAL,273,Married
2407310,Frank,Hughes,1982-06-23,MALE,INDIVIDUAL,830,Married
2407311,Joyce,Martin,2018-10-02,FEMALE,INDIVIDUAL,345,Divorced
2407312,Janice,Perkins,1989-11-05,FEMALE,INDIVIDUAL,331,Single
2407768,Ronald,Meyer,2014-10-03,MALE,INDIVIDUAL,591,Single
2407872,Annie,Oliver,1979-01-11,FEMALE,INDIVIDUAL,757,Married
2408928,Cadila Corp,,,,COMPANY,741,
2408981,Angela,Dixon,2018-08-04,FEMALE,INDIVIDUAL,751,Single
2409000,Linda,Hart,2016-10-18,FEMALE,INDIVIDUAL,621,Single
2409001,Carl,Johnston,1977-04-19,MALE,INDIVIDUAL,678,Single
2409474,Betty,Pierce,2018-02-08,FEMALE,INDIVIDUAL,401,Divorced
2409475,Edward,Nguyen,1987-11-04,MALE,INDIVIDUAL,256,Married
2409507,Louise,Robinson,2018-06-15,FEMALE,INDIVIDUAL,97,Married
2409970,Lisa,Barnes,1984-02-19,FEMALE,INDIVIDUAL,361,Married
2410066,Rose,Daniels,2018-05-04,FEMALE,INDIVIDUAL,206,Married
2410075,Kathryn,Diaz,1989-11-22,FEMALE,INDIVIDUAL,681,Married
2410436,Laura,Williamson,1995-11-21,FEMALE,INDIVIDUAL,406,Single
2410546,Paul,Patterson,1996-03-08,MALE,INDIVIDUAL,208,Married
2410547,Anna,Bennett,2000-04-03,FEMALE,INDIVIDUAL,203,Divorced
2411043,Kathleen,Sanders,2016-03-07,FEMALE,INDIVIDUAL,609,Single
2411049,Lisa,Cox,1982-05-31,FEMALE,INDIVIDUAL,936,Divorced
2411059,Sharon,Coleman,1974-09-03,FEMALE,INDIVIDUAL,470,Married
2411071,Wayne,Williams,2018-01-05,MALE,INDIVIDUAL,748,Single
2411072,Kevin,Reed,1983-02-11,MALE,INDIVIDUAL,606,Single
2411085,Sean,Dixon,2018-02-04,MALE,INDIVIDUAL,511,Married
2411589,Gary,Gibson,1966-08-26,MALE,INDIVIDUAL,559,Single
2411590,GOOD Group,,,,COMPANY,659,
2411983,Catherine,Coleman,1965-05-24,FEMALE,INDIVIDUAL,753,Divorced
2412530,Jose,Ford,1987-04-07,MALE,INDIVIDUAL,570,Divorced
2413269,Ralph,Coleman,2016-04-16,MALE,INDIVIDUAL,753,Married
2413270,Roy,Turner,1974-03-28,MALE,INDIVIDUAL,490,Divorced
2413302,Robert,Howard,1985-11-17,MALE,INDIVIDUAL,608,Married
2413321,Steve,Young,2015-01-02,MALE,INDIVIDUAL,713,Single
2413322,Nicholas,Gonzalez,1984-08-16,MALE,INDIVIDUAL,703,Single
2413323,Joyce,Harris,2018-02-02,FEMALE,INDIVIDUAL,954,Divorced
2413838,Gerald,Harvey,2018-10-08,MALE,INDIVIDUAL,753,Single
2413839,Frank,Gibson,1984-12-18,MALE,INDIVIDUAL,727,Married
2413840,Ernest,Graham,1984-12-18,MALE,INDIVIDUAL,865,Married
2413841,Harold,Fox,2015-03-03,MALE,INDIVIDUAL,951,Divorced
2414456,Marie,Mcdonald,1982-07-16,FEMALE,INDIVIDUAL,126,Married
2414494,Kevin,Evans,2013-07-12,MALE,INDIVIDUAL,123,Married
2414539,Antonio,Romero,1973-01-22,MALE,INDIVIDUAL,529,Single
2414540,Lawrence,Reed,2011-10-03,MALE,INDIVIDUAL,17,Married
2415079,Annie,Simpson,1967-04-24,FEMALE,INDIVIDUAL,488,Divorced
2415093,Jennifer,Jacobs,1965-05-24,FEMALE,INDIVIDUAL,236,Married
2415150,Lois,Hunt,2018-03-06,FEMALE,INDIVIDUAL,172,Single
2415577,Frank,Hawkins,1992-03-07,MALE,INDIVIDUAL,123,Single
2415583,Rebecca,Lewis,2009-01-10,FEMALE,INDIVIDUAL,773,Single
2415614,James,Lopez,1972-11-16,MALE,INDIVIDUAL,56,Married
2415624,Virginia,Chapman,1974-04-13,FEMALE,INDIVIDUAL,907,Married
2415712,Virginia,Brown,2017-04-05,FEMALE,INDIVIDUAL,101,Married
2415719,Eugene,Mills,1978-07-24,MALE,INDIVIDUAL,683,Single
2416160,Terry,Ward,2018-09-30,MALE,INDIVIDUAL,942,Divorced
2416241,Diana,Fernandez,2016-06-09,FEMALE,INDIVIDUAL,435,Single
2416730,Tammy,Castillo,1968-11-05,FEMALE,INDIVIDUAL,651,Single
2416746,Peter,Turner,2018-02-07,MALE,INDIVIDUAL,393,Married
2417301,Aaron,Harrison,1982-03-28,MALE,INDIVIDUAL,301,Married
2417302,Martin,Bradley,2016-08-31,MALE,INDIVIDUAL,12,Single
2417317,Randy,Arnold,1991-11-26,MALE,INDIVIDUAL,28,Divorced
2417764,Maria,Rivera,1962-11-01,FEMALE,INDIVIDUAL,515,Married
2417867,Barbara,Ellis,2002-12-10,FEMALE,INDIVIDUAL,820,Married
2417868,Andrew,Gilbert,1975-12-24,MALE,INDIVIDUAL,233,Single
2417870,Robert,Duncan,2005-10-29,MALE,INDIVIDUAL,785,Married
2417871,Matthew,Dixon,1978-09-12,MALE,INDIVIDUAL,787,Married
2417900,Antonio,Harvey,1981-07-22,MALE,INDIVIDUAL,217,Divorced
2418261,Greco Group,,,,COMPANY,259,
2418329,Justin,Jones,1972-05-17,MALE,INDIVIDUAL,328,Married
2418359,Patrick,Franklin,1976-06-06,MALE,INDIVIDUAL,756,Married
2418718,Anthony,Gardner,2017-04-18,MALE,INDIVIDUAL,357,Single
2418773,Marie,Hall,1982-07-18,FEMALE,INDIVIDUAL,894,Single
2418776,Peter,Dunn,1993-07-01,MALE,INDIVIDUAL,328,Single
2419864,Louis,Frazier,1988-05-04,MALE,INDIVIDUAL,798,Married
2419950,Stephen,Marshall,2018-10-26,MALE,INDIVIDUAL,165,Married
2419951,Clarence,Patterson,1985-03-12,MALE,INDIVIDUAL,917,Single
2420447,Lillian,Foster,1985-01-11,FEMALE,INDIVIDUAL,629,Single
2420457,Craig,Howard,1980-04-25,MALE,INDIVIDUAL,547,Married
2420458,Brandon,Lopez,2018-03-01,MALE,INDIVIDUAL,653,Single
2420792,Louis,Perry,1972-01-07,MALE,INDIVIDUAL,304,Married
2420828,Jonathan,Russell,1996-02-21,MALE,INDIVIDUAL,642,Married
2421854,Nicole,Long,2018-01-13,FEMALE,INDIVIDUAL,741,Married
2421877,Steven,Burton,1965-10-20,MALE,INDIVIDUAL,202,Married
2421903,Catherine,Pierce,1971-01-13,FEMALE,INDIVIDUAL,900,Married
2421920,Samuel,Andrews,1989-11-14,MALE,INDIVIDUAL,480,Married
2422000,Lillian,Ray,1996-05-28,FEMALE,INDIVIDUAL,615,Divorced
2422425,Bonnie,Warren,1975-02-24,FEMALE,INDIVIDUAL,837,Married
2422435,Kathleen,Ross,2016-03-08,FEMALE,INDIVIDUAL,266,Married
2422517,Ernest,Hall,1973-06-16,MALE,INDIVIDUAL,715,Single
2422876,Harry,Dean,1989-04-25,MALE,INDIVIDUAL,967,Single
2422891,Carolyn,Parker,1965-02-13,FEMALE,INDIVIDUAL,138,Married
2422893,Christopher,Ferguson,2004-01-10,MALE,INDIVIDUAL,761,Married
2422960,Albert,Gray,2018-02-20,MALE,INDIVIDUAL,411,Married
2422961,Keith,Kim,1981-01-28,MALE,INDIVIDUAL,324,Married
2423902,Sandra,Elliott,1982-08-04,FEMALE,INDIVIDUAL,769,Single
2423962,Joseph,Gonzalez,2018-02-27,MALE,INDIVIDUAL,209,Divorced
2424775,"Skinfix, Corp",,,,COMPANY,600,
2425324,Sara,Jordan,1956-05-02,FEMALE,INDIVIDUAL,59,Married
2425347,Kenneth,Jenkins,2016-01-26,MALE,INDIVIDUAL,133,Single
2425348,Melissa,Howard,1983-10-17,FEMALE,INDIVIDUAL,814,Married
2425400,"Alvogen, ",,,,COMPANY,604,
2425901,Larry,Kelley,2018-07-01,MALE,INDIVIDUAL,320,Married
2425902,Steve,Sims,2016-05-30,MALE,INDIVIDUAL,810,Single
2425936,Betty,Garrett,1985-07-25,FEMALE,INDIVIDUAL,128,Single
2426433,Joe,Freeman,1980-01-01,MALE,INDIVIDUAL,349,Married
2426951,Barbara,Richards,2002-01-21,FEMALE,INDIVIDUAL,115,Married
2427034,Mary,Ellis,1966-05-31,FEMALE,INDIVIDUAL,342,Married
2427420,Brandon,Hansen,1976-08-10,MALE,INDIVIDUAL,137,Single
2427432,Mary,Johnson,1971-09-03,FEMALE,INDIVIDUAL,278,Married
2428079,Andrea,Hall,1980-05-28,FEMALE,INDIVIDUAL,55,Married
2428629,Antonio,Johnston,1982-10-13,MALE,INDIVIDUAL,277,Single
2429171,Diana,Coleman,2013-12-02,FEMALE,INDIVIDUAL,666,Married
2429172,Patrick,Snyder,1985-10-12,MALE,INDIVIDUAL,285,Married
2429650,Christopher,Gutierrez,1964-11-08,MALE,INDIVIDUAL,155,Single
2429712,Betty,Schmidt,2006-10-21,FEMALE,INDIVIDUAL,930,Single
2429714,Sean,Ferguson,1971-09-15,MALE,INDIVIDUAL,307,Married
2430175,Victor,Murphy,2011-01-21,MALE,INDIVIDUAL,253,Single
2430176,Scott,Frazier,1971-01-01,MALE,INDIVIDUAL,143,Married
2430181,Linda,Howard,1986-10-01,FEMALE,INDIVIDUAL,989,Married
2430201,Paula,Robertson,1982-04-08,FEMALE,INDIVIDUAL,683,Single
2430206,Peter,Scott,2012-08-09,MALE,INDIVIDUAL,478,Married
2430253,Joyce,Hamilton,1975-07-22,FEMALE,INDIVIDUAL,683,Single
2430698,Craig,Brooks,1978-04-04,MALE,INDIVIDUAL,888,Divorced
2431332,Nicholas,Owens,2018-03-09,MALE,INDIVIDUAL,71,Single
2431333,Gregory,Woods,1981-01-29,MALE,INDIVIDUAL,230,Married
2432453,Bobby,Lawson,2018-11-29,MALE,INDIVIDUAL,849,Married
2432909,John,Hall,1985-07-23,MALE,INDIVIDUAL,119,Single
2432910,Cheryl,Freeman,2018-12-11,FEMALE,INDIVIDUAL,387,Married
2433371,Mylan Ltd,,,,COMPANY,185,
2433383,Roger,Jackson,1986-12-10,MALE,INDIVIDUAL,605,Single
2433397,Debra,Kelly,1972-05-03,FEMALE,INDIVIDUAL,359,Married
2433403,Ann,Wilson,1975-06-30,FEMALE,INDIVIDUAL,648,Married
2433413,Keith,Jackson,2006-03-05,MALE,INDIVIDUAL,225,Single
2433453,Heather,Powell,1997-07-04,FEMALE,INDIVIDUAL,847,Single
2433473,James,Powell,2007-01-13,MALE,INDIVIDUAL,302,Married
2433474,Catherine,Alexander,1976-01-13,FEMALE,INDIVIDUAL,964,Married
2433477,George,Hicks,1971-02-27,MALE,INDIVIDUAL,708,Married
2433496,Christopher,Allen,2018-03-30,MALE,INDIVIDUAL,250,Divorced
2433974,Beverly,Alexander,2018-03-16,FEMALE,INDIVIDUAL,646,Single
2433989,Shirley,Rodriguez,1991-06-08,FEMALE,INDIVIDUAL,942,Married
2434914,Arthur,Palmer,1970-08-08,MALE,INDIVIDUAL,279,Married
2434973,Ruby,Sims,1974-01-28,FEMALE,INDIVIDUAL,725,Married
2435703,Carl,Powell,1993-12-30,MALE,INDIVIDUAL,437,Single
2436242,Daniel,Johnson,1984-02-16,MALE,INDIVIDUAL,656,Married
2436243,Roger,Ward,2013-01-11,MALE,INDIVIDUAL,596,Single
2436254,Roger,Howard,2018-10-28,MALE,INDIVIDUAL,905,Married
2436255,Brandon,Hayes,1989-08-12,MALE,INDIVIDUAL,770,Married
2436736,Patrick,Mitchell,1981-07-13,MALE,INDIVIDUAL,227,Married
2436737,Catherine,Adams,2018-03-24,FEMALE,INDIVIDUAL,287,Divorced
2438539,Lillian,West,1973-09-12,FEMALE,INDIVIDUAL,85,Married
2438543,Nicholas,Arnold,2010-05-04,MALE,INDIVIDUAL,415,Divorced
2438551,Jeffrey,King,1977-03-12,MALE,INDIVIDUAL,135,Married
2438579,Nancy,Mendoza,1984-05-16,FEMALE,INDIVIDUAL,707,Married
2438629,Jack,Kelly,2015-07-21,MALE,INDIVIDUAL,310,Married
2438650,Martin,Hayes,2018-12-30,MALE,INDIVIDUAL,227,Single
2439098,Jeffrey,Peterson,1987-10-17,MALE,INDIVIDUAL,832,Single
2439099,Christine,Wallace,2018-04-28,FEMALE,INDIVIDUAL,472,Married
2439164,Jean,Dean,1973-01-20,FEMALE,INDIVIDUAL,197,Married
2439663,Cynthia,Vasquez,2018-05-22,FEMALE,INDIVIDUAL,176,Divorced
2439674,Rose,Sanchez,1971-10-28,FEMALE,INDIVIDUAL,231,Married
2440219,David,Knight,1958-08-26,MALE,INDIVIDUAL,868,Married
2440231,Edward,Mccoy,1974-07-09,MALE,INDIVIDUAL,362,Married
2440243,Lisa,Perez,2018-03-14,FEMALE,INDIVIDUAL,776,Divorced
2440244,Joe,Jones,1971-04-09,MALE,INDIVIDUAL,525,Married
2440285,Karen,Castillo,1983-12-28,FEMALE,INDIVIDUAL,923,Married
2441234,Julie,Miller,2018-11-30,FEMALE,INDIVIDUAL,289,Married
2441274,Jason,Diaz,2019-01-21,MALE,INDIVIDUAL,807,Married
2441741,Ryan,Olson,2018-12-19,MALE,INDIVIDUAL,571,Divorced
2441742,Benjamin,Schmidt,1968-01-31,MALE,INDIVIDUAL,635,Married
2442180,Christina,Ross,1978-05-02,FEMALE,INDIVIDUAL,217,Single
2442200,Benjamin,Weaver,2003-11-04,MALE,INDIVIDUAL,819,Married
2443165,Aphena Group,,,,COMPANY,610,
2443224,Evelyn,Fuller,2001-12-15,FEMALE,INDIVIDUAL,83,Married
2443257,Ruth,Bradley,2015-08-24,FEMALE,INDIVIDUAL,481,Single
2443258,Steve,Webb,1975-07-31,MALE,INDIVIDUAL,814,Single
2443631,Antonio,Warren,1985-05-05,MALE,INDIVIDUAL,118,Married
2443636,Ruby,Jacobs,1999-08-03,FEMALE,INDIVIDUAL,482,Married
2443651,Tina,Rodriguez,1969-11-04,FEMALE,INDIVIDUAL,312,Married
2443666,Susan,Young,1986-04-29,FEMALE,INDIVIDUAL,17,Married
2443757,Dennis,Murphy,2017-03-31,MALE,INDIVIDUAL,557,Divorced
2444166,Richard,Reyes,2018-04-14,MALE,INDIVIDUAL,648,Married
2444185,Christina,Kennedy,2018-04-25,FEMALE,INDIVIDUAL,273,Single
2444633,Sandra,Gordon,2007-07-05,FEMALE,INDIVIDUAL,578,Married
2445102,Douglas,Stevens,1966-07-01,MALE,INDIVIDUAL,809,Married
2445118,Larry,Brown,1982-05-23,MALE,INDIVIDUAL,946,Married
2445705,MAX Group,,,,COMPANY,32,
2446335,Ashley,Shaw,1973-12-05,FEMALE,INDIVIDUAL,855,Married
2446363,Ann,Hicks,2007-06-01,FEMALE,INDIVIDUAL,114,Married
2447025,Ruth,Hicks,2016-10-20,FEMALE,INDIVIDUAL,18,Married
2447065,Brenda,Sims,1985-03-09,FEMALE,INDIVIDUAL,496,Married
2447715,Evelyn,Barnes,2018-04-12,FEMALE,INDIVIDUAL,914,Married
2447758,Betty,Myers,2018-11-21,FEMALE,INDIVIDUAL,755,Single
2447759,Antonio,Jenkins,1986-07-06,MALE,INDIVIDUAL,847,Divorced
2447762,Lori,Gray,1984-10-28,FEMALE,INDIVIDUAL,865,Single
2448210,Beverly,Andrews,1983-11-14,FEMALE,INDIVIDUAL,822,Married
2448249,Samuel,Young,2018-07-25,MALE,INDIVIDUAL,648,Married
2448254,Ann,Rice,1981-04-17,FEMALE,INDIVIDUAL,526,Married
2448571,Margaret,White,1998-11-20,FEMALE,INDIVIDUAL,392,Single
2448951,Debra,Dixon,1977-01-05,FEMALE,INDIVIDUAL,817,Divorced
2449441,Mark,Hernandez,2018-03-10,MALE,INDIVIDUAL,431,Single
2449457,Sean,Flores,1980-03-22,MALE,INDIVIDUAL,475,Married
2449534,Ernest,Young,2018-05-07,MALE,INDIVIDUAL,362,Single
2449902,AnazaoHealth Group,,,,COMPANY,112,
2449921,Matthew,Lopez,2014-08-24,MALE,INDIVIDUAL,90,Single
2450016,Peter,Brooks,1991-05-17,MALE,INDIVIDUAL,445,Married
2451410,Gerald,Alexander,2004-07-27,MALE,INDIVIDUAL,697,Married
2451412,Stephen,Shaw,1975-10-07,MALE,INDIVIDUAL,148,Married
2451424,Brenda,Brooks,2018-05-04,FEMALE,INDIVIDUAL,654,Married
2451951,Earl,Woods,1978-04-22,MALE,INDIVIDUAL,614,Single
2451973,Dorothy,Gomez,2013-02-28,FEMALE,INDIVIDUAL,228,Married
2451974,Anne,Greene,1981-10-08,FEMALE,INDIVIDUAL,961,Single
2452456,Richard,Watkins,2018-06-12,MALE,INDIVIDUAL,460,Married
2452457,Steven,Foster,1981-05-23,MALE,INDIVIDUAL,113,Married
2452875,Brian,Snyder,1978-10-01,MALE,INDIVIDUAL,789,Married
2452907,Amanda,Miller,1972-05-30,FEMALE,INDIVIDUAL,335,Married
2453505,Richard,Andrews,2003-04-14,MALE,INDIVIDUAL,289,Single
2453519,Anthony,Long,1976-10-10,MALE,INDIVIDUAL,870,Single
2454016,Rebecca,Mccoy,1969-01-26,FEMALE,INDIVIDUAL,658,Married
2454052,Joyce,Fuller,1998-11-23,FEMALE,INDIVIDUAL,814,Single
2454060,James,Cole,2003-02-21,MALE,INDIVIDUAL,832,Single
2454709,Maria,Smith,1998-07-01,FEMALE,INDIVIDUAL,636,Married
2455113,Jason,Richardson,2014-12-12,MALE,INDIVIDUAL,988,Married
2455114,William,Allen,1975-08-30,MALE,INDIVIDUAL,827,Married
2455646,Daniel,Nichols,1980-08-24,MALE,INDIVIDUAL,74,Single
2456077,Richard,Nichols,2009-08-29,MALE,INDIVIDUAL,13,Married
2456078,Rose,Reid,1989-05-23,FEMALE,INDIVIDUAL,242,Single
2456611,Laura,Day,2018-05-31,FEMALE,INDIVIDUAL,416,Married
2456663,Rose,Hughes,1981-11-27,FEMALE,INDIVIDUAL,374,Married
2457170,Rachel,Andrews,1982-07-29,FEMALE,INDIVIDUAL,735,Single
2457195,Chris,Knight,2017-05-29,MALE,INDIVIDUAL,382,Married
2457258,Maria,Price,1987-07-16,FEMALE,INDIVIDUAL,869,Single
2457574,Debra,Hicks,1983-01-17,FEMALE,INDIVIDUAL,983,Married
2458130,Joan,Griffin,1979-09-12,FEMALE,INDIVIDUAL,523,Married
2458639,Victor,Fields,2014-02-20,MALE,INDIVIDUAL,150,Married
2458654,Rachel,Carroll,1979-09-11,FEMALE,INDIVIDUAL,954,Single
2459190,Ann,Frazier,1971-01-22,FEMALE,INDIVIDUAL,455,Single
2459655,Michelle,Lopez,1969-01-09,FEMALE,INDIVIDUAL,746,Divorced
2460155,Nicole,Thompson,1995-04-22,FEMALE,INDIVIDUAL,943,Single
2460679,Joan,Freeman,2011-03-06,FEMALE,INDIVIDUAL,812,Married
2462267,Patrick,Hanson,1988-02-26,MALE,INDIVIDUAL,893,Single
2462269,Cynthia,Burns,2015-05-05,FEMALE,INDIVIDUAL,755,Divorced
2463174,Joseph,Frazier,1978-12-08,MALE,INDIVIDUAL,445,Single
2463181,Irene,Daniels,2010-07-16,FEMALE,INDIVIDUAL,469,Single
2463182,Mark,Fowler,1980-10-10,MALE,INDIVIDUAL,612,Single
2463185,Clarence,Spencer,2018-01-13,MALE,INDIVIDUAL,106,Married
2463216,Judith,Davis,1979-03-24,FEMALE,INDIVIDUAL,151,Married
2463636,Daniel,Hamilton,2017-10-19,MALE,INDIVIDUAL,330,Divorced
2463637,George,Williams,1984-12-12,MALE,INDIVIDUAL,491,Divorced
2463684,Roy,Gomez,1960-11-25,MALE,INDIVIDUAL,680,Divorced
2464121,Andrea,Fields,1978-05-14,FEMALE,INDIVIDUAL,350,Married
2464710,Laura,King,1979-06-27,FEMALE,INDIVIDUAL,965,Married
2464724,Chris,Collins,1984-11-26,MALE,INDIVIDUAL,521,Single
2464725,Ernest,Mcdonald,2019-02-03,MALE,INDIVIDUAL,460,Married
2464768,Henry,Rice,2012-12-22,MALE,INDIVIDUAL,201,Married
2464769,Mildred,Oliver,2018-06-26,FEMALE,INDIVIDUAL,638,Married
2464770,Rebecca,Mason,1977-04-28,FEMALE,INDIVIDUAL,481,Married
2465655,Judith,Jacobs,1985-10-19,FEMALE,INDIVIDUAL,82,Married
2466874,Brenda,Turner,1982-01-04,FEMALE,INDIVIDUAL,845,Single
2466903,Paul,Edwards,2018-09-22,MALE,INDIVIDUAL,505,Married
2466953,Jane,Reid,1960-07-10,FEMALE,INDIVIDUAL,45,Married
2466976,Steve,Perkins,1981-02-05,MALE,INDIVIDUAL,457,Single
2467446,Catherine,Miller,2018-05-25,FEMALE,INDIVIDUAL,397,Married
2467979,Jason,Allen,2011-09-22,MALE,INDIVIDUAL,682,Single
2469620,Kenneth,Ryan,2018-07-30,MALE,INDIVIDUAL,697,Married
2469696,Sandra,Sanders,1974-09-30,FEMALE,INDIVIDUAL,205,Single
2470055,Ernest,Stevens,2019-03-29,MALE,INDIVIDUAL,753,Married
2470056,Johnny,Mccoy,1983-12-06,MALE,INDIVIDUAL,711,Married
2470113,Brandon,Holmes,1969-05-12,MALE,INDIVIDUAL,151,Married
2470130,George,Brooks,1976-10-05,MALE,INDIVIDUAL,842,Single
2471177,Sarah,Watkins,2017-11-12,FEMALE,INDIVIDUAL,114,Married
2471178,Gerald,Perez,1982-08-10,MALE,INDIVIDUAL,926,Divorced
2471179,Gregory,Burton,2015-12-01,MALE,INDIVIDUAL,605,Single
2471588,Kremers Corp,,,,COMPANY,547,
2471740,Donald,Stanley,1979-07-21,MALE,INDIVIDUAL,475,Married
2471741,Nancy,Wood,2015-02-20,FEMALE,INDIVIDUAL,591,Married
2472267,Alan,West,2003-07-01,MALE,INDIVIDUAL,108,Married
2472285,Jane,Ruiz,1972-05-26,FEMALE,INDIVIDUAL,970,Married
2472703,Betty,Richardson,2016-11-16,FEMALE,INDIVIDUAL,56,Married
2472717,Ruth,Ramos,1985-10-18,FEMALE,INDIVIDUAL,79,Single
2473185,Fischer ,,,,COMPANY,133,
2473671,Shirley,Spencer,1978-01-28,FEMALE,INDIVIDUAL,403,Divorced
2474309,Kathy,Chapman,1974-01-06,FEMALE,INDIVIDUAL,673,Married
2474311,Maria,Lee,1993-03-16,FEMALE,INDIVIDUAL,797,Married
2475274,Roy,Hansen,2016-10-18,MALE,INDIVIDUAL,682,Single
2475342,Brenda,Lawson,1967-04-05,FEMALE,INDIVIDUAL,546,Divorced
2475770,Johnny,Bailey,2019-03-07,MALE,INDIVIDUAL,976,Married
2475771,Adam,Day,1978-09-26,MALE,INDIVIDUAL,688,Married
2475803,Virginia,Hansen,1981-02-23,FEMALE,INDIVIDUAL,126,Married
2476382,MAC ,,,,COMPANY,877,
2476388,Frank,Murphy,1979-08-02,MALE,INDIVIDUAL,704,Married
2476830,Harry,Hughes,1980-05-16,MALE,INDIVIDUAL,410,Single
2476831,Eric,Vasquez,2017-09-24,MALE,INDIVIDUAL,473,Married
2477323,William,Green,2018-07-27,MALE,INDIVIDUAL,439,Single
2477803,Eric,Watson,2018-07-03,MALE,INDIVIDUAL,16,Married
2478688,W Ltd,,,,COMPANY,570,
2480878,Bonnie,Fisher,2017-05-22,FEMALE,INDIVIDUAL,368,Married
2481332,Victor,Hall,1974-05-06,MALE,INDIVIDUAL,66,Married
2481381,Gerald,Gordon,2018-08-07,MALE,INDIVIDUAL,37,Single
2481382,Charles,Miller,2016-06-07,MALE,INDIVIDUAL,444,Married
2481383,Samuel,Dunn,1980-10-19,MALE,INDIVIDUAL,186,Married
2481384,Jack,Ford,1980-10-19,MALE,INDIVIDUAL,241,Single
2481874,John,Reynolds,1974-10-17,MALE,INDIVIDUAL,684,Single
2481875,Peter,Richardson,2016-07-21,MALE,INDIVIDUAL,200,Married
2481881,Roger,Black,2017-08-15,MALE,INDIVIDUAL,53,Single
2482867,Albert,Gibson,2018-07-18,MALE,INDIVIDUAL,506,Single
2482889,Kelly,Hawkins,1983-07-28,FEMALE,INDIVIDUAL,399,Divorced
2483316,Andrea,Nelson,1993-04-20,FEMALE,INDIVIDUAL,954,Married
2483387,Paula,Mason,1991-07-25,FEMALE,INDIVIDUAL,513,Single
2484271,Fred,Olson,1985-08-12,MALE,INDIVIDUAL,540,Single
2484272,Keith,Hall,2018-08-22,MALE,INDIVIDUAL,919,Single
2485031,Bonnie,Hunt,1994-09-27,FEMALE,INDIVIDUAL,589,Married
2485103,Thomas,Bryant,1982-05-17,MALE,INDIVIDUAL,263,Single
2485104,Nancy,Richardson,2018-03-07,FEMALE,INDIVIDUAL,804,Married
2485793,Jose,Gordon,1981-03-12,MALE,INDIVIDUAL,973,Divorced
2485794,Mark,West,2019-05-06,MALE,INDIVIDUAL,72,Married
2486704,Keith,Welch,2019-04-17,MALE,INDIVIDUAL,765,Married
2487986,Evelyn,Gonzalez,1985-09-17,FEMALE,INDIVIDUAL,760,Single
2488458,Eugene,Moore,2014-04-09,MALE,INDIVIDUAL,674,Divorced
2488817,Todd,Payne,2019-01-16,MALE,INDIVIDUAL,141,Married
2488818,Jacqueline,Wood,1959-12-04,FEMALE,INDIVIDUAL,271,Married
2489805,Andrea,Sanchez,2019-01-28,FEMALE,INDIVIDUAL,65,Married
2489807,Carlos,Carpenter,1984-12-31,MALE,INDIVIDUAL,615,Married
2491681,Beverly,Fernandez,1992-10-05,FEMALE,INDIVIDUAL,420,Married
2491753,Roy,Jones,1973-06-08,MALE,INDIVIDUAL,270,Single
2492221,Albert,Marshall,1998-09-07,MALE,INDIVIDUAL,1,Single
2493294,Craig,Martinez,2002-02-24,MALE,INDIVIDUAL,937,Married
2493350,Melissa,Hicks,2000-02-20,FEMALE,INDIVIDUAL,80,Married
2495056,Diana,Henderson,2019-06-12,FEMALE,INDIVIDUAL,107,Married
2496116,Doris,Burton,2018-10-11,FEMALE,INDIVIDUAL,457,Single
2496117,Alan,Stephens,1989-09-15,MALE,INDIVIDUAL,161,Married
2496194,Nancy,Bowman,2019-06-10,FEMALE,INDIVIDUAL,785,Single
2496195,Billy,Fowler,1978-08-23,MALE,INDIVIDUAL,52,Married
2497470,Margaret,Henry,1993-05-18,FEMALE,INDIVIDUAL,572,Divorced
2497986,Jennifer,Bennett,2019-04-23,FEMALE,INDIVIDUAL,80,Single
2498034,Patricia,Cox,1976-02-26,FEMALE,INDIVIDUAL,411,Single
2498053,Keith,Reed,1987-10-24,MALE,INDIVIDUAL,673,Married
2502043,Beverly,Bailey,2019-03-28,FEMALE,INDIVIDUAL,558,Single
2502137,Betty,Wheeler,1974-06-18,FEMALE,INDIVIDUAL,607,Divorced
2502145,Ernest,Powell,1981-12-10,MALE,INDIVIDUAL,108,Married
2502746,Chris,Bowman,1977-01-01,MALE,INDIVIDUAL,334,Married
2502748,Jack,Carroll,2015-11-26,MALE,INDIVIDUAL,770,Single
2503596,Bruce,Woods,1982-09-21,MALE,INDIVIDUAL,32,Married
2503622,George,Williamson,2014-12-09,MALE,INDIVIDUAL,720,Married
2503731,Jack,Richardson,2012-08-18,MALE,INDIVIDUAL,687,Single
2503732,Ronald,Hughes,1973-08-10,MALE,INDIVIDUAL,342,Single
2503755,Ann,Burns,1968-10-20,FEMALE,INDIVIDUAL,171,Married
2504473,Mark,Hayes,1978-02-09,MALE,INDIVIDUAL,658,Divorced
2504515,Jesse,Owens,1960-07-11,MALE,INDIVIDUAL,66,Single
2505050,Shirley,Wheeler,2019-05-30,FEMALE,INDIVIDUAL,790,Married
2506282,Janice,Cruz,1968-05-24,FEMALE,INDIVIDUAL,690,Single
2506353,Brenda,Carroll,1971-12-21,FEMALE,INDIVIDUAL,625,Divorced
2509287,Mark,Franklin,2018-10-20,MALE,INDIVIDUAL,215,Married
2509288,Mark,Phillips,1974-04-22,MALE,INDIVIDUAL,361,Married
2509887,Dennis,Myers,1974-12-05,MALE,INDIVIDUAL,74,Single
2510524,Lillian,Patterson,2017-08-11,FEMALE,INDIVIDUAL,115,Divorced
2510616,Kimberly,Alexander,2019-01-25,FEMALE,INDIVIDUAL,219,Single
2510617,Jose,Taylor,1982-12-09,MALE,INDIVIDUAL,673,Married
2510630,Ann,Hunt,1980-09-29,FEMALE,INDIVIDUAL,898,Married
2511028,Insight ,,,,COMPANY,376,
2511036,Russell,Armstrong,1980-04-01,MALE,INDIVIDUAL,97,Married
2511199,Rose,Cox,1979-06-24,FEMALE,INDIVIDUAL,793,Married
2511674,KTAIGA Corp,,,,COMPANY,263,
2511722,Walter,Hughes,2019-07-04,MALE,INDIVIDUAL,827,Single
2512242,Henry,Dixon,1979-02-16,MALE,INDIVIDUAL,573,Married
2512272,Jerry,Martinez,2018-10-16,MALE,INDIVIDUAL,688,Married
2512912,Jesse,Mills,2019-01-09,MALE,INDIVIDUAL,734,Married
2512927,Anna,Gutierrez,2018-10-20,FEMALE,INDIVIDUAL,469,Married
2513513,Anna,Weaver,1982-11-01,FEMALE,INDIVIDUAL,813,Married
2516012,Shirley,Stevens,2017-11-25,FEMALE,INDIVIDUAL,364,Married
2516040,Ruth,Hawkins,2017-05-21,FEMALE,INDIVIDUAL,892,Married
2516070,Lori,Garcia,1971-03-05,FEMALE,INDIVIDUAL,953,Divorced
2516622,Justin,Wilson,1989-01-05,MALE,INDIVIDUAL,105,Married
2517833,Bobby,Frazier,1993-09-13,MALE,INDIVIDUAL,418,Single
2517852,Ruby,Lynch,1998-05-06,FEMALE,INDIVIDUAL,242,Single
2518300,James,Edwards,2019-08-08,MALE,INDIVIDUAL,418,Divorced
2518301,David,Ryan,1980-01-19,MALE,INDIVIDUAL,23,Divorced
2518725,Paula,Turner,1967-06-15,FEMALE,INDIVIDUAL,670,Married
2519339,Sharon,Bryant,2004-01-10,FEMALE,INDIVIDUAL,463,Married
2519412,Maria,Foster,1969-06-29,FEMALE,INDIVIDUAL,31,Married
2519876,Deborah,Morgan,1987-05-29,FEMALE,INDIVIDUAL,944,Single
2520428,Anne,Mcdonald,1976-06-15,FEMALE,INDIVIDUAL,37,Divorced
2520479,Annie,Elliott,2016-08-31,FEMALE,INDIVIDUAL,182,Single
2520480,Samuel,Rice,1980-09-04,MALE,INDIVIDUAL,91,Single
2522655,Russell,Cooper,1998-05-20,MALE,INDIVIDUAL,188,Married
2523168,Louise,Martin,1980-07-28,FEMALE,INDIVIDUAL,702,Married
2523271,Patricia,Chapman,1973-09-07,FEMALE,INDIVIDUAL,691,Married
2524277,Ruth,Myers,2017-09-15,FEMALE,INDIVIDUAL,734,Married
2524278,Annie,Mason,2015-04-24,FEMALE,INDIVIDUAL,514,Single
2525263,Martha,Ward,1996-02-15,FEMALE,INDIVIDUAL,639,Single
2525283,Jonathan,Wallace,1983-08-11,MALE,INDIVIDUAL,172,Single
2525284,Benjamin,Evans,2018-02-04,MALE,INDIVIDUAL,828,Married
2525783,Brian,Austin,1968-07-08,MALE,INDIVIDUAL,706,Married
2526291,Harry,Russell,2002-01-24,MALE,INDIVIDUAL,439,Married
2527952,Julia,Alexander,2018-07-23,FEMALE,INDIVIDUAL,314,Married
2528608,Albert,Mccoy,2019-07-19,MALE,INDIVIDUAL,337,Divorced
2528609,Jose,Lynch,1985-08-06,MALE,INDIVIDUAL,806,Married
2529726,Jack,Howard,1982-06-10,MALE,INDIVIDUAL,588,Married
2529729,Brenda,Ferguson,2019-07-05,FEMALE,INDIVIDUAL,827,Single
2531316,Carlos,Larson,2018-03-24,MALE,INDIVIDUAL,596,Married
2532292,Kelly,Davis,2018-10-05,FEMALE,INDIVIDUAL,610,Married
2532293,Gary,Thompson,1980-11-17,MALE,INDIVIDUAL,712,Single
2533338,James,Morrison,1995-01-20,MALE,INDIVIDUAL,379,Divorced
2534963,Carlos,Ruiz,1986-08-05,MALE,INDIVIDUAL,29,Married
2535511,Matthew,Harper,1988-02-26,MALE,INDIVIDUAL,89,Married
2536002,A Ltd,,,,COMPANY,885,
2536772,Melissa,Burns,1983-07-09,FEMALE,INDIVIDUAL,467,Married
2537795,Marilyn,Perry,1983-07-06,FEMALE,INDIVIDUAL,734,Married
2539607,Andrew,Harper,1984-04-13,MALE,INDIVIDUAL,85,Married
2547792,Billy,Watson,1992-12-28,MALE,INDIVIDUAL,10,Married
2553007,Richard,Sullivan,2018-12-10,MALE,INDIVIDUAL,187,Married
2554557,Keith,Freeman,1988-03-18,MALE,INDIVIDUAL,729,Married
2554558,Steve,Johnson,2019-09-01,MALE,INDIVIDUAL,42,Single
2558001,Kevin,Palmer,1991-04-07,MALE,INDIVIDUAL,717,Married
2560254,Virginia,Rodriguez,2014-11-08,FEMALE,INDIVIDUAL,102,Married
2560303,Julie,Owens,1976-01-14,FEMALE,INDIVIDUAL,431,Single
2560362,Judith,Dunn,1987-07-27,FEMALE,INDIVIDUAL,361,Single
2563276,WAL-MART Ltd,,,,COMPANY,594,
2574599,Terry,Cox,1969-08-29,MALE,INDIVIDUAL,549,Married
2579714,Virtus ,,,,COMPANY,411,
2581366,Portal Ltd,,,,COMPANY,93,
