ID,ComplaintID,ComplaintStatusID,StatusDate
129,10028,9,2018-09-19
33,10033,1,2018-09-12
34,10033,9,2018-09-12
67,10051,3,2018-09-14
68,10051,4,2018-09-14
69,10051,9,2018-09-14
334,10052,3,2018-09-28
341,10052,9,2018-10-01
20,10053,1,2018-09-12
338,10053,4,2018-10-01
579,10053,1,2018-10-17
620,10053,4,2018-10-19
649,10053,1,2018-10-22
664,10053,9,2018-10-23
95,10071,9,2018-09-18
158,10074,9,2018-09-20
96,10083,1,2018-09-18
102,10083,4,2018-09-18
171,10083,3,2018-09-21
210,10083,4,2018-09-25
378,10083,9,2018-10-03
121,10090,3,2018-09-19
162,10090,4,2018-09-20
1049,10090,1,2018-11-13
1052,10090,4,2018-11-13
1143,10090,9,2018-11-19
161,10101,1,2018-09-20
175,10101,4,2018-09-21
266,10101,9,2018-09-26
92,10104,3,2018-09-17
135,10104,9,2018-09-20
50,10106,4,2018-09-13
168,10106,1,2018-09-21
440,10106,9,2018-10-09
30,10108,3,2018-09-12
32,10108,1,2018-09-12
55,10108,3,2018-09-13
97,10108,9,2018-09-18
12,10117,3,2018-09-11
174,10117,9,2018-09-21
16,10119,4,2018-09-11
160,10119,1,2018-09-20
188,10119,4,2018-09-24
204,10119,9,2018-09-24
71,10124,3,2018-09-14
333,10124,9,2018-09-28
9,10125,4,2018-09-11
19,10125,1,2018-09-12
23,10125,3,2018-09-12
61,10125,9,2018-09-13
3,10126,1,2018-09-11
10,10126,9,2018-09-11
4,10127,9,2018-09-11
5,10128,9,2018-09-11
141,10129,4,2018-09-20
599,10129,9,2018-10-17
41,10130,3,2018-09-13
60,10130,1,2018-09-13
63,10130,9,2018-09-13
2,10131,1,2018-09-11
15,10131,3,2018-09-11
93,10131,9,2018-09-18
11,10133,9,2018-09-11
1,10134,1,2018-09-11
21,10134,1,2018-09-12
110,10134,4,2018-09-19
111,10134,1,2018-09-19
224,10134,3,2018-09-25
346,10134,4,2018-10-01
482,10134,3,2018-10-10
489,10134,9,2018-10-10
6,10135,1,2018-09-11
13,10135,3,2018-09-11
78,10135,4,2018-09-17
79,10135,3,2018-09-17
85,10135,9,2018-09-17
7,10136,1,2018-09-11
8,10136,4,2018-09-11
59,10136,1,2018-09-13
164,10136,3,2018-09-21
263,10136,9,2018-09-26
14,10137,1,2018-09-11
22,10137,9,2018-09-12
17,10138,2,2018-09-11
87,10138,9,2018-09-17
18,10139,2,2018-09-11
114,10139,1,2018-09-19
146,10139,9,2018-09-20
24,10140,1,2018-09-12
29,10140,4,2018-09-12
297,10140,3,2018-09-27
433,10140,9,2018-10-08
25,10141,2,2018-09-12
116,10141,1,2018-09-19
159,10141,9,2018-09-20
26,10142,2,2018-09-12
117,10142,1,2018-09-19
147,10142,9,2018-09-20
27,10143,2,2018-09-12
118,10143,1,2018-09-19
149,10143,9,2018-09-20
28,10144,1,2018-09-12
58,10144,4,2018-09-13
393,10144,1,2018-10-04
394,10144,3,2018-10-04
467,10144,9,2018-10-09
31,10145,1,2018-09-12
56,10145,3,2018-09-13
98,10145,9,2018-09-18
35,10146,1,2018-09-13
52,10146,4,2018-09-13
105,10146,9,2018-09-19
36,10147,1,2018-09-13
49,10147,4,2018-09-13
136,10147,9,2018-09-20
37,10148,1,2018-09-13
44,10148,4,2018-09-13
515,10148,9,2018-10-12
38,10154,1,2018-09-13
45,10154,4,2018-09-13
488,10154,9,2018-10-10
39,10155,1,2018-09-13
40,10155,4,2018-09-13
54,10155,1,2018-09-13
88,10155,3,2018-09-17
101,10155,9,2018-09-18
42,10156,2,2018-09-13
119,10156,1,2018-09-19
150,10156,9,2018-09-20
43,10157,2,2018-09-13
120,10157,1,2018-09-19
151,10157,9,2018-09-20
46,10158,2,2018-09-13
199,10158,9,2018-09-24
47,10159,2,2018-09-13
122,10159,1,2018-09-19
152,10159,9,2018-09-20
48,10160,1,2018-09-13
57,10160,4,2018-09-13
163,10160,1,2018-09-20
265,10160,4,2018-09-26
478,10160,1,2018-10-10
487,10160,9,2018-10-10
51,10161,2,2018-09-13
123,10161,1,2018-09-19
153,10161,9,2018-09-20
53,10162,2,2018-09-13
115,10162,1,2018-09-19
154,10162,9,2018-09-20
62,10163,1,2018-09-13
107,10163,4,2018-09-19
373,10163,1,2018-10-03
479,10163,4,2018-10-10
627,10163,9,2018-10-19
64,10164,1,2018-09-14
65,10164,4,2018-09-14
1060,10164,1,2018-11-13
1165,10164,3,2018-11-20
1282,10164,9,2018-11-27
66,10165,1,2018-09-14
70,10165,9,2018-09-14
72,10166,9,2018-09-14
73,10167,1,2018-09-14
165,10167,3,2018-09-21
525,10167,9,2018-10-15
74,10168,2,2018-09-14
200,10168,9,2018-09-24
75,10169,2,2018-09-14
201,10169,1,2018-09-24
209,10169,9,2018-09-24
76,10170,2,2018-09-14
173,10170,4,2018-09-21
222,10170,1,2018-09-25
231,10170,4,2018-09-25
549,10170,9,2018-10-15
77,10171,2,2018-09-14
124,10171,1,2018-09-19
155,10171,9,2018-09-20
80,10172,1,2018-09-17
83,10172,4,2018-09-17
130,10172,9,2018-09-19
81,10173,2,2018-09-17
125,10173,1,2018-09-19
156,10173,9,2018-09-20
82,10174,1,2018-09-17
86,10174,4,2018-09-17
495,10174,9,2018-10-11
84,10175,2,2018-09-17
203,10175,1,2018-09-24
207,10175,9,2018-09-24
89,10176,1,2018-09-17
90,10176,4,2018-09-17
299,10176,1,2018-09-27
332,10176,9,2018-09-28
91,10177,2,2018-09-17
126,10177,1,2018-09-19
145,10177,9,2018-09-20
94,10178,1,2018-09-18
157,10178,4,2018-09-20
1277,10178,9,2018-11-27
99,10179,1,2018-09-18
100,10179,4,2018-09-18
196,10179,1,2018-09-24
261,10179,3,2018-09-26
517,10179,9,2018-10-15
103,10180,1,2018-09-19
104,10180,9,2018-09-19
106,10181,1,2018-09-19
139,10181,9,2018-09-20
108,10182,1,2018-09-19
197,10182,4,2018-09-24
289,10182,1,2018-09-27
293,10182,9,2018-09-27
109,10183,1,2018-09-19
198,10183,9,2018-09-24
112,10184,2,2018-09-19
127,10184,1,2018-09-19
138,10184,9,2018-09-20
113,10185,1,2018-09-18
214,10185,9,2018-09-25
128,10186,1,2018-09-18
264,10186,9,2018-09-26
131,10187,1,2018-09-19
323,10187,9,2018-09-28
132,10188,2,2018-09-19
205,10188,1,2018-09-24
208,10188,9,2018-09-24
133,10189,1,2018-09-13
134,10189,4,2018-09-19
143,10189,9,2018-09-20
137,10190,2,2018-09-20
240,10190,9,2018-09-26
140,10191,2,2018-09-20
242,10191,1,2018-09-26
287,10191,9,2018-09-27
142,10192,1,2018-09-18
219,10192,4,2018-09-25
380,10192,1,2018-10-03
513,10192,3,2018-10-12
518,10192,4,2018-10-15
527,10192,9,2018-10-15
144,10193,2,2018-09-20
244,10193,1,2018-09-26
270,10193,9,2018-09-27
148,10194,2,2018-09-20
245,10194,1,2018-09-26
285,10194,9,2018-09-27
166,10195,1,2018-09-20
167,10195,4,2018-09-21
268,10195,1,2018-09-27
269,10195,9,2018-09-27
169,10196,1,2018-09-20
170,10196,3,2018-09-21
331,10196,9,2018-09-28
172,10197,1,2018-09-19
182,10197,4,2018-09-24
183,10197,1,2018-09-24
184,10197,9,2018-09-24
176,10198,2,2018-09-14
202,10198,9,2018-09-24
177,10199,1,2018-09-21
189,10199,9,2018-09-24
178,10200,1,2018-09-21
179,10200,4,2018-09-24
212,10200,9,2018-09-25
180,10201,2,2018-09-24
246,10201,1,2018-09-26
291,10201,9,2018-09-27
181,10202,2,2018-09-24
247,10202,1,2018-09-26
284,10202,9,2018-09-27
185,10203,2,2018-09-24
295,10203,9,2018-09-27
186,10204,2,2018-09-24
248,10204,1,2018-09-26
283,10204,9,2018-09-27
187,10205,2,2018-09-24
249,10205,1,2018-09-26
282,10205,9,2018-09-27
190,10206,2,2018-09-24
250,10206,1,2018-09-26
281,10206,9,2018-09-27
191,10207,1,2018-09-21
271,10207,3,2018-09-27
522,10207,9,2018-10-15
192,10208,2,2018-09-24
251,10208,1,2018-09-26
280,10208,9,2018-09-27
193,10209,2,2018-09-24
337,10209,9,2018-09-28
194,10210,2,2018-09-24
252,10210,1,2018-09-26
279,10210,9,2018-09-27
195,10211,2,2018-09-24
253,10211,1,2018-09-26
278,10211,9,2018-09-27
206,10212,2,2018-09-24
213,10212,9,2018-09-25
211,10213,1,2018-09-24
218,10213,9,2018-09-25
215,10214,1,2018-09-24
230,10214,9,2018-09-25
216,10215,1,2018-09-25
217,10215,4,2018-09-25
220,10215,1,2018-09-25
221,10215,9,2018-09-25
223,10216,2,2018-09-25
312,10216,1,2018-09-27
330,10216,9,2018-09-28
225,10217,2,2018-09-25
254,10217,1,2018-09-26
277,10217,9,2018-09-27
226,10218,1,2018-09-25
228,10218,4,2018-09-25
229,10218,3,2018-09-25
648,10218,4,2018-10-22
650,10218,1,2018-10-22
665,10218,9,2018-10-23
227,10219,2,2018-09-25
255,10219,1,2018-09-26
276,10219,9,2018-09-27
232,10220,2,2018-09-25
256,10220,1,2018-09-26
275,10220,9,2018-09-27
233,10221,2,2018-09-25
243,10221,1,2018-09-26
286,10221,9,2018-09-27
234,10222,2,2018-09-25
257,10222,1,2018-09-26
288,10222,9,2018-09-27
235,10223,2,2018-09-25
258,10223,1,2018-09-26
274,10223,9,2018-09-27
236,10224,2,2018-09-25
259,10224,1,2018-09-26
273,10224,9,2018-09-27
237,10225,2,2018-09-25
262,10225,9,2018-09-26
238,10226,2,2018-09-25
260,10226,1,2018-09-26
272,10226,9,2018-09-27
239,10227,1,2018-09-25
241,10227,9,2018-09-26
267,10228,2,2018-09-26
294,10228,1,2018-09-27
322,10228,9,2018-09-28
290,10229,2,2018-09-27
292,10229,9,2018-09-27
296,10230,1,2018-09-27
298,10230,4,2018-09-27
300,10230,9,2018-09-27
301,10231,2,2018-09-27
314,10231,1,2018-09-27
329,10231,9,2018-09-28
302,10232,2,2018-09-27
315,10232,1,2018-09-27
328,10232,9,2018-09-28
303,10233,2,2018-09-27
316,10233,1,2018-09-27
353,10233,9,2018-10-02
304,10234,2,2018-09-27
318,10234,1,2018-09-28
327,10234,9,2018-09-28
305,10235,2,2018-09-27
319,10235,1,2018-09-28
326,10235,9,2018-09-28
306,10236,1,2018-09-26
317,10236,4,2018-09-28
401,10236,9,2018-10-05
307,10237,2,2018-09-27
320,10237,1,2018-09-28
325,10237,9,2018-09-28
308,10238,2,2018-09-27
321,10238,1,2018-09-28
324,10238,9,2018-09-28
309,10239,2,2018-09-27
313,10239,9,2018-09-27
310,10240,1,2018-09-27
311,10240,4,2018-09-27
449,10240,1,2018-10-09
466,10240,9,2018-10-09
335,10241,1,2018-09-28
336,10241,4,2018-09-28
427,10241,1,2018-10-08
434,10241,9,2018-10-08
339,10242,1,2018-10-01
340,10242,4,2018-10-01
344,10242,1,2018-10-01
352,10242,9,2018-10-02
342,10243,1,2018-10-01
343,10243,3,2018-10-01
426,10243,4,2018-10-08
1567,10243,9,2018-12-20
345,10248,1,2018-10-01
359,10248,4,2018-10-02
368,10248,9,2018-10-02
347,10249,1,2018-10-01
348,10249,9,2018-10-01
349,10250,1,2018-10-01
358,10250,9,2018-10-02
350,10252,1,2018-10-01
351,10252,9,2018-10-01
354,10253,1,2018-10-02
355,10253,9,2018-10-02
356,10254,2,2018-10-02
370,10254,1,2018-10-03
388,10254,9,2018-10-03
357,10255,2,2018-10-02
371,10255,9,2018-10-03
360,10256,2,2018-10-02
372,10256,1,2018-10-03
387,10256,9,2018-10-03
361,10257,2,2018-10-02
377,10257,9,2018-10-03
362,10258,2,2018-10-02
374,10258,1,2018-10-03
386,10258,9,2018-10-03
363,10259,2,2018-10-02
369,10259,1,2018-10-03
379,10259,9,2018-10-03
364,10260,2,2018-10-02
375,10260,1,2018-10-03
384,10260,9,2018-10-03
365,10261,1,2018-10-02
367,10261,9,2018-10-02
366,10262,2,2018-10-02
376,10262,1,2018-10-03
385,10262,9,2018-10-03
381,10263,1,2018-10-03
383,10263,4,2018-10-03
419,10263,9,2018-10-05
382,10264,1,2018-10-03
389,10264,4,2018-10-03
578,10264,3,2018-10-17
942,10264,4,2018-11-05
1153,10264,1,2018-11-19
1161,10264,3,2018-11-20
1175,10264,9,2018-11-20
390,10265,1,2018-10-03
443,10265,9,2018-10-09
474,10265,1,2018-10-10
514,10265,3,2018-10-12
938,10265,9,2018-11-05
391,10266,1,2018-10-04
392,10266,4,2018-10-04
688,10266,1,2018-10-23
704,10266,9,2018-10-23
395,10267,1,2018-09-19
421,10267,9,2018-10-08
396,10268,1,2018-09-11
397,10268,4,2018-10-04
438,10268,9,2018-10-09
398,10269,2,2018-10-04
403,10269,1,2018-10-05
411,10269,9,2018-10-05
399,10270,2,2018-10-04
405,10270,1,2018-10-05
410,10270,9,2018-10-05
400,10271,2,2018-10-04
408,10271,1,2018-10-05
409,10271,9,2018-10-05
402,10272,1,2018-10-04
412,10272,9,2018-10-05
404,10273,1,2018-10-04
424,10273,4,2018-10-08
432,10273,1,2018-10-08
553,10273,9,2018-10-16
406,10274,1,2018-10-05
407,10274,4,2018-10-05
577,10274,3,2018-10-17
660,10274,9,2018-10-22
413,10275,1,2018-10-05
414,10275,4,2018-10-05
481,10275,1,2018-10-10
485,10275,4,2018-10-10
686,10275,3,2018-10-23
800,10275,4,2018-10-29
852,10275,9,2018-10-30
415,10276,1,2018-10-05
416,10276,4,2018-10-05
724,10276,1,2018-10-24
726,10276,9,2018-10-24
417,10277,1,2018-10-04
418,10277,4,2018-10-05
484,10277,9,2018-10-10
420,10278,2,2018-10-05
425,10278,4,2018-10-08
428,10278,9,2018-10-08
422,10279,1,2018-10-05
423,10279,4,2018-10-08
602,10279,9,2018-10-18
429,10280,1,2018-10-08
430,10280,4,2018-10-08
817,10280,9,2018-10-29
431,10281,1,2018-10-08
445,10281,4,2018-10-09
447,10281,3,2018-10-09
661,10281,9,2018-10-22
435,10282,1,2018-10-05
437,10282,4,2018-10-09
611,10282,1,2018-10-18
613,10282,9,2018-10-18
436,10283,1,2018-10-08
477,10283,9,2018-10-10
439,10284,2,2018-10-09
451,10284,1,2018-10-09
459,10284,9,2018-10-09
441,10285,2,2018-10-09
452,10285,1,2018-10-09
471,10285,9,2018-10-10
442,10286,2,2018-10-09
453,10286,1,2018-10-09
470,10286,9,2018-10-10
444,10287,2,2018-10-09
464,10287,9,2018-10-09
446,10288,2,2018-10-09
465,10288,1,2018-10-09
473,10288,9,2018-10-10
448,10289,2,2018-10-09
469,10289,1,2018-10-09
476,10289,9,2018-10-10
450,10290,1,2018-10-09
462,10290,4,2018-10-09
519,10290,1,2018-10-15
526,10290,4,2018-10-15
596,10290,1,2018-10-17
615,10290,3,2018-10-18
645,10290,9,2018-10-22
454,10291,2,2018-10-09
463,10291,1,2018-10-09
475,10291,9,2018-10-10
455,10292,1,2018-10-08
457,10292,4,2018-10-09
1041,10292,9,2018-11-12
456,10293,2,2018-10-09
460,10293,1,2018-10-09
472,10293,9,2018-10-10
458,10294,1,2018-10-09
461,10294,4,2018-10-09
601,10294,1,2018-10-18
617,10294,3,2018-10-18
830,10294,4,2018-10-30
917,10294,3,2018-11-02
922,10294,9,2018-11-02
468,10295,1,2018-10-09
483,10295,4,2018-10-10
1323,10295,9,2018-12-04
480,10296,1,2018-10-10
597,10296,4,2018-10-17
600,10296,1,2018-10-18
629,10296,4,2018-10-19
775,10296,1,2018-10-26
786,10296,9,2018-10-26
486,10297,1,2018-10-01
720,10297,3,2018-10-24
795,10297,4,2018-10-29
796,10297,3,2018-10-29
825,10297,4,2018-10-30
829,10297,9,2018-10-30
490,10298,1,2018-10-10
529,10298,9,2018-10-15
491,10299,1,2018-10-10
528,10299,9,2018-10-15
492,10300,1,2018-10-11
530,10300,2,2018-10-15
532,10300,1,2018-10-15
583,10300,9,2018-10-17
493,10301,2,2018-10-11
497,10301,1,2018-10-11
500,10301,9,2018-10-12
494,10302,2,2018-10-11
496,10302,4,2018-10-11
512,10302,9,2018-10-12
498,10303,1,2018-10-11
501,10303,9,2018-10-12
499,10304,1,2018-10-11
502,10304,9,2018-10-12
503,10305,1,2018-10-11
504,10305,9,2018-10-12
505,10306,1,2018-10-04
506,10306,9,2018-10-12
507,10307,1,2018-10-11
619,10307,3,2018-10-18
773,10307,9,2018-10-26
508,10308,1,2018-10-12
509,10308,4,2018-10-12
540,10308,1,2018-10-15
545,10308,4,2018-10-15
687,10308,1,2018-10-23
805,10308,3,2018-10-29
935,10308,9,2018-11-02
510,10309,1,2018-10-12
511,10309,4,2018-10-12
541,10309,1,2018-10-15
546,10309,4,2018-10-15
633,10309,1,2018-10-19
636,10309,4,2018-10-19
707,10309,1,2018-10-23
727,10309,3,2018-10-24
950,10309,4,2018-11-06
1071,10309,9,2018-11-14
516,10310,1,2018-10-12
603,10310,9,2018-10-18
520,10311,2,2018-10-15
534,10311,1,2018-10-15
584,10311,9,2018-10-17
521,10312,2,2018-10-15
535,10312,4,2018-10-15
593,10312,9,2018-10-17
523,10313,2,2018-10-15
543,10313,9,2018-10-15
524,10314,2,2018-10-15
537,10314,1,2018-10-15
586,10314,9,2018-10-17
531,10315,2,2018-10-15
538,10315,1,2018-10-15
587,10315,9,2018-10-17
533,10316,2,2018-10-15
539,10316,4,2018-10-15
562,10316,1,2018-10-16
590,10316,9,2018-10-17
536,10317,2,2018-10-15
542,10317,4,2018-10-15
798,10317,9,2018-10-29
544,10318,1,2018-10-12
547,10318,4,2018-10-15
548,10318,1,2018-10-15
862,10318,3,2018-10-31
1178,10318,4,2018-11-21
1339,10318,1,2018-12-05
1340,10318,9,2018-12-05
550,10319,1,2018-10-15
630,10319,4,2018-10-19
635,10319,1,2018-10-19
638,10319,3,2018-10-19
710,10319,9,2018-10-24
551,10320,1,2018-10-16
690,10320,4,2018-10-23
1019,10320,9,2018-11-09
552,10322,1,2018-10-16
691,10322,4,2018-10-23
1020,10322,9,2018-11-09
554,10323,2,2018-10-16
575,10323,9,2018-10-16
555,10324,2,2018-10-16
571,10324,4,2018-10-16
741,10324,9,2018-10-25
556,10325,2,2018-10-16
572,10325,1,2018-10-16
582,10325,9,2018-10-17
557,10329,1,2018-10-16
692,10329,4,2018-10-23
1023,10329,9,2018-11-09
558,10330,1,2018-10-16
559,10330,4,2018-10-16
614,10330,3,2018-10-18
970,10330,4,2018-11-07
1327,10330,9,2018-12-04
560,10331,1,2018-10-16
693,10331,4,2018-10-23
1024,10331,9,2018-11-09
561,10332,1,2018-10-16
694,10332,4,2018-10-23
1017,10332,9,2018-11-09
563,10333,1,2018-10-16
695,10333,4,2018-10-23
1018,10333,9,2018-11-09
564,10334,1,2018-10-16
696,10334,4,2018-10-23
1025,10334,9,2018-11-09
565,10335,1,2018-10-16
566,10335,4,2018-10-16
828,10335,1,2018-10-30
833,10335,3,2018-10-30
1039,10335,9,2018-11-12
567,10337,1,2018-10-16
697,10337,4,2018-10-23
1026,10337,9,2018-11-09
568,10338,1,2018-10-16
698,10338,4,2018-10-23
1012,10338,9,2018-11-09
569,10339,1,2018-10-16
699,10339,4,2018-10-23
1015,10339,9,2018-11-09
570,10340,2,2018-10-16
821,10340,1,2018-10-29
826,10340,3,2018-10-30
946,10340,9,2018-11-05
573,10341,1,2018-10-16
574,10341,4,2018-10-16
723,10341,1,2018-10-24
731,10341,9,2018-10-24
576,10342,1,2018-10-16
632,10342,4,2018-10-19
711,10342,1,2018-10-24
753,10342,3,2018-10-25
861,10342,9,2018-10-31
580,10343,1,2018-09-04
581,10343,9,2018-10-17
585,10344,1,2018-10-17
588,10344,9,2018-10-17
589,10345,1,2018-10-16
591,10345,4,2018-10-17
820,10345,1,2018-10-29
863,10345,3,2018-10-31
901,10345,9,2018-11-01
592,10346,1,2018-10-17
610,10346,4,2018-10-18
706,10346,1,2018-10-23
721,10346,3,2018-10-24
793,10346,9,2018-10-26
594,10347,1,2018-10-16
595,10347,4,2018-10-17
1287,10347,9,2018-11-28
598,10348,1,2018-10-17
612,10348,9,2018-10-18
604,10349,1,2018-10-17
700,10349,4,2018-10-23
1013,10349,9,2018-11-09
605,10350,1,2018-10-18
701,10350,4,2018-10-23
1021,10350,9,2018-11-09
606,10351,1,2018-10-17
702,10351,4,2018-10-23
1022,10351,9,2018-11-09
607,10352,1,2018-10-17
703,10352,4,2018-10-23
1014,10352,9,2018-11-09
608,10353,1,2018-10-18
609,10353,4,2018-10-18
780,10353,1,2018-10-26
884,10353,4,2018-11-01
904,10353,1,2018-11-01
1070,10353,3,2018-11-14
1198,10353,9,2018-11-22
616,10354,2,2018-10-18
631,10354,1,2018-10-19
639,10354,9,2018-10-19
618,10355,2,2018-10-18
634,10355,1,2018-10-19
640,10355,9,2018-10-19
621,10356,1,2018-10-16
622,10356,4,2018-10-19
708,10356,1,2018-10-23
718,10356,3,2018-10-24
748,10356,9,2018-10-25
623,10357,1,2018-10-18
624,10357,4,2018-10-19
827,10357,3,2018-10-30
1201,10357,9,2018-11-22
625,10358,1,2018-10-18
626,10358,4,2018-10-19
689,10358,1,2018-10-23
713,10358,9,2018-10-24
628,10359,2,2018-10-19
637,10359,1,2018-10-19
641,10359,9,2018-10-19
642,10360,1,2018-10-19
646,10360,9,2018-10-22
643,10361,1,2018-10-19
810,10361,9,2018-10-29
644,10362,1,2018-10-19
809,10362,9,2018-10-29
647,10363,1,2018-10-18
1167,10363,3,2018-11-20
1179,10363,9,2018-11-21
651,10364,1,2018-10-19
670,10364,3,2018-10-23
774,10364,9,2018-10-26
652,10365,1,2018-10-22
705,10365,4,2018-10-23
1027,10365,9,2018-11-09
653,10366,2,2018-10-22
658,10366,4,2018-10-22
977,10366,9,2018-11-08
654,10367,2,2018-10-22
659,10367,9,2018-10-22
655,10368,1,2018-10-22
657,10368,4,2018-10-22
722,10368,1,2018-10-24
785,10368,3,2018-10-26
1042,10368,4,2018-11-12
1331,10368,9,2018-12-04
656,10369,1,2018-10-22
807,10369,9,2018-10-29
662,10370,1,2018-10-22
663,10370,9,2018-10-23
666,10371,1,2018-10-22
667,10371,4,2018-10-23
808,10371,9,2018-10-29
668,10372,1,2018-10-22
669,10372,4,2018-10-23
709,10372,9,2018-10-23
671,10373,1,2018-10-22
672,10373,4,2018-10-23
816,10373,1,2018-10-29
1131,10373,9,2018-11-19
673,10374,2,2018-10-23
712,10374,1,2018-10-24
744,10374,9,2018-10-25
674,10375,2,2018-10-23
714,10375,1,2018-10-24
739,10375,9,2018-10-25
675,10376,2,2018-10-23
715,10376,4,2018-10-24
846,10376,9,2018-10-30
676,10377,2,2018-10-23
725,10377,9,2018-10-24
677,10378,1,2018-10-22
678,10378,4,2018-10-23
3097,10378,1,2019-03-14
3735,10378,4,2019-03-28
3753,10378,1,2019-03-28
3756,10378,3,2019-03-28
4373,10378,9,2019-04-08
679,10379,2,2018-10-23
728,10379,9,2018-10-24
680,10380,1,2018-10-23
681,10380,4,2018-10-23
789,10380,1,2018-10-26
870,10380,4,2018-10-31
1160,10380,1,2018-11-20
1166,10380,9,2018-11-20
682,10381,2,2018-10-23
729,10381,1,2018-10-24
743,10381,9,2018-10-25
683,10382,2,2018-10-23
730,10382,1,2018-10-24
742,10382,9,2018-10-25
684,10383,1,2018-10-23
685,10383,4,2018-10-23
735,10383,1,2018-10-25
749,10383,9,2018-10-25
716,10384,1,2018-10-23
717,10384,4,2018-10-24
719,10384,6,2018-10-24
750,10384,1,2018-10-25
751,10384,4,2018-10-25
799,10384,1,2018-10-29
819,10384,9,2018-10-29
732,10385,1,2018-10-24
752,10385,4,2018-10-25
941,10385,3,2018-11-05
969,10385,9,2018-11-07
733,10386,1,2018-10-24
869,10386,3,2018-10-31
1259,10386,9,2018-11-26
734,10387,1,2018-10-25
745,10387,9,2018-10-25
736,10388,2,2018-10-22
737,10388,4,2018-10-25
818,10388,9,2018-10-29
738,10389,1,2018-10-25
740,10389,4,2018-10-25
973,10389,9,2018-11-08
746,10390,1,2018-10-22
806,10390,4,2018-10-29
921,10390,1,2018-11-02
932,10390,4,2018-11-02
1136,10390,9,2018-11-19
747,10391,1,2018-10-23
815,10391,4,2018-10-29
856,10391,1,2018-10-30
859,10391,3,2018-10-31
1048,10391,4,2018-11-13
1332,10391,9,2018-12-04
754,10392,2,2018-10-25
803,10392,1,2018-10-29
994,10392,9,2018-11-08
755,10393,2,2018-10-25
783,10393,1,2018-10-26
813,10393,9,2018-10-29
756,10394,2,2018-10-25
771,10394,9,2018-10-25
757,10395,1,2018-10-24
758,10395,2,2018-10-25
801,10395,1,2018-10-29
860,10395,9,2018-10-31
759,10396,1,2018-10-23
760,10396,4,2018-10-25
802,10396,1,2018-10-29
872,10396,3,2018-11-01
877,10396,1,2018-11-01
934,10396,9,2018-11-02
761,10397,1,2018-10-25
764,10397,3,2018-10-25
797,10397,9,2018-10-29
762,10398,2,2018-10-25
781,10398,1,2018-10-26
811,10398,9,2018-10-29
763,10399,2,2018-10-25
782,10399,1,2018-10-26
812,10399,9,2018-10-29
765,10400,1,2018-10-24
1063,10400,3,2018-11-14
1114,10400,9,2018-11-16
766,10401,1,2018-10-25
824,10401,9,2018-10-30
767,10402,1,2018-10-24
915,10402,9,2018-11-02
768,10403,1,2018-10-25
871,10403,9,2018-10-31
769,10404,1,2018-10-25
770,10404,9,2018-10-25
772,10405,1,2018-10-24
844,10405,9,2018-10-30
776,10406,1,2018-10-18
804,10406,3,2018-10-29
931,10406,4,2018-11-02
937,10406,9,2018-11-05
777,10407,1,2018-10-24
834,10407,4,2018-10-30
864,10407,1,2018-10-31
943,10407,9,2018-11-05
778,10408,1,2018-10-25
779,10408,4,2018-10-26
1341,10408,9,2018-12-05
784,10409,1,2018-10-26
814,10409,4,2018-10-29
874,10409,9,2018-11-01
787,10410,1,2018-10-24
788,10410,9,2018-10-26
790,10411,1,2018-10-19
791,10411,9,2018-10-26
792,10412,1,2018-10-24
794,10412,4,2018-10-29
1195,10412,1,2018-11-21
1196,10412,3,2018-11-21
1248,10412,9,2018-11-23
822,10413,1,2018-10-29
823,10413,9,2018-10-30
831,10414,1,2018-10-29
1239,10414,3,2018-11-23
1260,10414,9,2018-11-26
832,10415,1,2018-10-29
916,10415,4,2018-11-02
1065,10415,1,2018-11-14
1083,10415,4,2018-11-15
1128,10415,1,2018-11-19
1132,10415,3,2018-11-19
1139,10415,4,2018-11-19
1140,10415,3,2018-11-19
1163,10415,4,2018-11-20
1288,10415,9,2018-11-28
835,10416,1,2018-10-25
855,10416,4,2018-10-30
900,10416,9,2018-11-01
836,10417,2,2018-10-30
838,10417,1,2018-10-30
866,10417,9,2018-10-31
837,10418,2,2018-10-30
839,10418,1,2018-10-30
865,10418,9,2018-10-31
840,10419,2,2018-10-30
843,10419,9,2018-10-30
841,10420,2,2018-10-30
845,10420,9,2018-10-30
842,10421,2,2018-10-30
849,10421,1,2018-10-30
867,10421,9,2018-10-31
847,10422,2,2018-10-30
850,10422,1,2018-10-30
868,10422,9,2018-10-31
848,10423,2,2018-10-30
851,10423,4,2018-10-30
978,10423,9,2018-11-08
853,10424,1,2018-10-25
854,10424,4,2018-10-30
1029,10424,1,2018-11-12
1068,10424,4,2018-11-14
1137,10424,1,2018-11-19
1141,10424,9,2018-11-19
857,10425,1,2018-10-29
911,10425,9,2018-11-02
858,10426,1,2018-10-30
910,10426,9,2018-11-02
873,10427,1,2018-10-31
902,10427,4,2018-11-01
1051,10427,1,2018-11-13
1194,10427,3,2018-11-21
1249,10427,4,2018-11-23
1370,10427,1,2018-12-07
1408,10427,9,2018-12-12
875,10428,2,2018-11-01
876,10428,4,2018-11-01
880,10428,9,2018-11-01
878,10429,1,2018-10-31
879,10429,9,2018-11-01
881,10430,1,2018-10-31
882,10430,4,2018-11-01
920,10430,1,2018-11-02
929,10430,4,2018-11-02
998,10430,1,2018-11-09
1043,10430,3,2018-11-12
1261,10430,9,2018-11-26
883,10431,1,2018-10-31
885,10431,4,2018-11-01
919,10431,1,2018-11-02
1037,10431,3,2018-11-12
1129,10431,9,2018-11-19
1130,10431,1,2018-11-19
1145,10431,9,2018-11-19
886,10432,2,2018-11-01
890,10432,1,2018-11-01
930,10432,9,2018-11-02
887,10433,2,2018-11-01
891,10433,1,2018-11-01
928,10433,9,2018-11-02
888,10434,2,2018-11-01
892,10434,4,2018-11-01
927,10434,9,2018-11-02
889,10435,2,2018-11-01
896,10435,1,2018-11-01
926,10435,9,2018-11-02
893,10436,2,2018-11-01
903,10436,1,2018-11-01
961,10436,9,2018-11-07
894,10437,1,2018-10-24
895,10437,4,2018-11-01
1054,10437,1,2018-11-13
1057,10437,3,2018-11-13
1062,10437,9,2018-11-14
897,10439,1,2018-10-31
936,10439,4,2018-11-02
958,10439,1,2018-11-07
965,10439,4,2018-11-07
1000,10439,1,2018-11-09
1004,10439,3,2018-11-09
1250,10439,4,2018-11-23
1438,10439,1,2018-12-12
1447,10439,9,2018-12-13
898,10440,2,2018-11-01
905,10440,9,2018-11-01
899,10441,2,2018-11-01
906,10441,1,2018-11-01
925,10441,9,2018-11-02
907,10442,1,2018-11-01
908,10442,4,2018-11-01
914,10442,1,2018-11-02
1383,10442,9,2018-12-11
909,10443,1,2018-11-01
996,10443,9,2018-11-09
912,10444,1,2018-10-31
913,10444,4,2018-11-02
1214,10444,9,2018-11-22
918,10445,1,2018-10-30
1010,10445,3,2018-11-09
1127,10445,9,2018-11-19
923,10446,1,2018-10-31
924,10446,4,2018-11-02
933,10446,1,2018-11-02
1169,10446,3,2018-11-20
1251,10446,4,2018-11-23
1257,10446,9,2018-11-26
939,10447,1,2018-11-02
960,10447,3,2018-11-07
1256,10447,9,2018-11-23
940,10448,1,2018-10-29
947,10448,9,2018-11-06
944,10449,1,2018-11-05
945,10449,4,2018-11-05
1181,10449,1,2018-11-21
1210,10449,3,2018-11-22
1268,10449,4,2018-11-26
1279,10449,9,2018-11-27
948,10450,1,2018-11-05
949,10450,4,2018-11-06
1035,10450,9,2018-11-12
951,10451,2,2018-11-06
963,10451,1,2018-11-07
974,10451,9,2018-11-08
952,10452,2,2018-11-06
964,10452,1,2018-11-07
975,10452,9,2018-11-08
953,10453,2,2018-11-06
962,10453,9,2018-11-07
954,10454,1,2018-11-06
1069,10454,9,2018-11-14
955,10455,1,2018-11-06
956,10455,4,2018-11-06
999,10455,1,2018-11-09
1009,10455,4,2018-11-09
1059,10455,3,2018-11-13
1061,10455,9,2018-11-13
957,10456,1,2018-11-06
1215,10456,4,2018-11-22
1718,10456,9,2019-01-10
959,10457,2,2018-11-07
966,10457,4,2018-11-07
971,10457,9,2018-11-07
967,10458,1,2018-11-07
968,10458,9,2018-11-07
972,10459,1,2018-11-07
976,10459,4,2018-11-08
1001,10459,1,2018-11-09
1032,10459,4,2018-11-12
1058,10459,1,2018-11-13
1177,10459,9,2018-11-20
979,10460,1,2018-11-08
980,10460,9,2018-11-08
981,10461,2,2018-11-08
984,10461,1,2018-11-08
985,10461,9,2018-11-08
982,10462,1,2018-11-07
983,10462,4,2018-11-08
1031,10462,9,2018-11-12
986,10463,2,2018-11-08
992,10463,9,2018-11-08
987,10464,2,2018-11-08
993,10464,1,2018-11-08
1008,10464,9,2018-11-09
988,10465,1,2018-11-07
989,10465,4,2018-11-08
1030,10465,9,2018-11-12
990,10466,1,2018-11-07
991,10466,4,2018-11-08
1372,10466,9,2018-12-10
995,10467,1,2018-11-09
997,10467,4,2018-11-09
1033,10467,1,2018-11-12
1056,10467,3,2018-11-13
1109,10467,4,2018-11-15
1176,10467,1,2018-11-20
1180,10467,4,2018-11-21
1280,10467,9,2018-11-27
1002,10468,1,2018-11-08
1007,10468,4,2018-11-09
1016,10468,1,2018-11-09
1292,10468,3,2018-11-29
1297,10468,9,2018-11-30
1003,10469,2,2018-11-09
1011,10469,1,2018-11-09
1036,10469,4,2018-11-12
1523,10469,1,2018-12-18
1533,10469,9,2018-12-18
1005,10470,1,2018-10-31
1006,10470,2,2018-11-09
1034,10470,4,2018-11-12
1066,10470,9,2018-11-14
1028,10471,1,2018-11-09
1045,10471,9,2018-11-13
1038,10472,1,2018-11-09
1040,10472,9,2018-11-12
1044,10473,1,2018-11-13
1120,10473,4,2018-11-16
1608,10473,1,2018-12-28
1609,10473,3,2018-12-28
1612,10473,9,2018-12-28
1046,10474,1,2018-11-13
1072,10474,3,2018-11-14
1284,10474,4,2018-11-28
1300,10474,9,2018-11-30
1047,10475,2,2018-11-13
1053,10475,9,2018-11-13
1050,10476,1,2018-11-12
1055,10476,4,2018-11-13
1064,10476,1,2018-11-14
1067,10476,3,2018-11-14
1080,10476,9,2018-11-15
1073,10477,2,2018-11-14
1081,10477,9,2018-11-15
1074,10478,2,2018-11-14
1082,10478,9,2018-11-15
1075,10479,2,2018-11-14
1084,10479,1,2018-11-15
1096,10479,9,2018-11-15
1076,10480,2,2018-11-14
1085,10480,1,2018-11-15
1097,10480,9,2018-11-15
1077,10481,2,2018-11-14
1087,10481,1,2018-11-15
1099,10481,9,2018-11-15
1078,10482,2,2018-11-14
1088,10482,1,2018-11-15
1101,10482,9,2018-11-15
1079,10483,2,2018-11-14
1090,10483,9,2018-11-15
1086,10484,1,2018-11-14
1089,10484,9,2018-11-15
1091,10485,1,2018-11-13
1168,10485,4,2018-11-20
1224,10485,9,2018-11-22
1092,10486,1,2018-11-14
1095,10486,4,2018-11-15
1113,10486,1,2018-11-16
1125,10486,3,2018-11-16
1298,10486,9,2018-11-30
1093,10487,1,2018-11-12
1094,10487,4,2018-11-15
1112,10487,9,2018-11-15
1098,10488,1,2018-11-14
1211,10488,4,2018-11-22
1414,10488,9,2018-12-12
1100,10489,1,2018-11-14
1102,10489,4,2018-11-15
1379,10489,9,2018-12-10
1103,10490,1,2018-11-15
1104,10490,4,2018-11-15
1107,10490,1,2018-11-15
1108,10490,9,2018-11-15
1105,10491,1,2018-11-15
1106,10491,4,2018-11-15
1126,10491,1,2018-11-16
1197,10491,4,2018-11-21
1213,10491,1,2018-11-22
1228,10491,9,2018-11-22
1110,10492,1,2018-11-15
1111,10492,4,2018-11-15
1138,10492,3,2018-11-19
1155,10492,4,2018-11-19
1173,10492,9,2018-11-20
1115,10493,1,2018-11-15
1117,10493,9,2018-11-16
1116,10494,1,2018-11-12
1123,10494,3,2018-11-16
1258,10494,9,2018-11-26
1118,10495,1,2018-11-12
1121,10495,9,2018-11-16
1119,10496,1,2018-11-12
1122,10496,9,2018-11-16
1124,10497,1,2018-11-05
1135,10497,3,2018-11-19
1265,10497,9,2018-11-26
1133,10498,1,2018-10-12
1134,10498,9,2018-11-19
1142,10499,2,2018-11-19
1149,10499,4,2018-11-19
1223,10499,9,2018-11-22
1144,10500,2,2018-11-19
1150,10500,1,2018-11-19
1164,10500,9,2018-11-20
1146,10501,2,2018-11-19
1151,10501,1,2018-11-19
1159,10501,9,2018-11-20
1147,10502,2,2018-11-19
1154,10502,9,2018-11-19
1148,10503,2,2018-11-19
1156,10503,9,2018-11-19
1152,10504,2,2018-11-19
1157,10504,1,2018-11-19
1162,10504,9,2018-11-20
1158,10505,1,2018-11-16
1234,10505,4,2018-11-23
1415,10505,1,2018-12-12
1425,10505,3,2018-12-12
1465,10505,9,2018-12-14
1170,10506,1,2018-11-20
1171,10506,4,2018-11-20
1317,10506,1,2018-12-03
1319,10506,4,2018-12-03
1338,10506,9,2018-12-04
1172,10507,2,2018-11-20
1174,10507,9,2018-11-20
1182,10508,1,2018-11-20
1183,10508,4,2018-11-21
1233,10508,1,2018-11-23
1237,10508,9,2018-11-23
1184,10509,2,2018-11-21
1199,10509,9,2018-11-22
1185,10510,1,2018-11-16
1190,10510,4,2018-11-21
1469,10510,3,2018-12-14
1508,10510,4,2018-12-17
1618,10510,9,2018-12-28
1186,10511,1,2018-11-20
1188,10511,4,2018-11-21
1231,10511,1,2018-11-23
1236,10511,9,2018-11-23
1187,10512,2,2018-11-21
1241,10512,9,2018-11-23
1189,10513,2,2018-11-21
1205,10513,1,2018-11-22
1219,10513,9,2018-11-22
1191,10514,2,2018-11-21
1206,10514,1,2018-11-22
1281,10514,9,2018-11-27
1192,10515,2,2018-11-21
1208,10515,9,2018-11-22
1193,10516,2,2018-11-21
1209,10516,1,2018-11-22
1221,10516,9,2018-11-22
1200,10517,1,2018-11-21
1202,10517,4,2018-11-22
1216,10517,1,2018-11-22
1432,10517,3,2018-12-12
1464,10517,9,2018-12-14
1203,10518,1,2018-11-21
1204,10518,4,2018-11-22
1232,10518,1,2018-11-23
1235,10518,9,2018-11-23
1207,10519,1,2018-11-22
1220,10519,9,2018-11-22
1212,10520,2,2018-11-22
1278,10520,4,2018-11-27
1293,10520,9,2018-11-29
1217,10521,1,2018-11-22
1218,10521,3,2018-11-22
1238,10521,4,2018-11-23
1398,10521,3,2018-12-11
1484,10521,4,2018-12-14
1736,10521,9,2019-01-11
1222,10522,1,2018-11-20
1225,10522,4,2018-11-22
1336,10522,1,2018-12-04
1369,10522,3,2018-12-07
1437,10522,9,2018-12-12
1226,10523,2,2018-11-22
1272,10523,9,2018-11-26
1227,10524,2,2018-11-22
1275,10524,9,2018-11-26
1229,10525,1,2018-11-22
1230,10525,4,2018-11-22
1283,10525,1,2018-11-28
1299,10525,9,2018-11-30
1240,10526,1,2018-11-22
1242,10526,4,2018-11-23
1783,10526,6,2019-01-09
1835,10526,4,2019-01-18
1857,10526,1,2019-01-21
1862,10526,4,2019-01-22
1906,10526,9,2019-01-24
1243,10527,1,2018-11-22
1252,10527,9,2018-11-23
1244,10528,1,2018-11-23
1247,10528,9,2018-11-23
1245,10529,1,2018-11-23
1246,10529,4,2018-11-23
1285,10529,1,2018-11-28
1483,10529,3,2018-12-14
1511,10529,9,2018-12-18
1253,10530,1,2018-11-19
1290,10530,3,2018-11-29
1294,10530,9,2018-11-29
1254,10531,1,2018-11-23
1266,10531,9,2018-11-26
1255,10532,1,2018-11-22
1267,10532,9,2018-11-26
1262,10533,1,2018-11-23
1289,10533,9,2018-11-28
1263,10534,1,2018-11-23
1264,10534,4,2018-11-26
1427,10534,1,2018-12-12
1537,10534,9,2018-12-19
1269,10535,1,2018-11-26
1270,10535,4,2018-11-26
1324,10535,9,2018-12-04
1271,10536,2,2018-11-26
1274,10536,9,2018-11-26
1273,10537,2,2018-11-26
1276,10537,9,2018-11-26
1286,10538,1,2018-12-26
1291,10538,3,2018-11-29
1337,10538,4,2018-12-04
1343,10538,9,2018-12-05
1295,10539,1,2018-11-29
1301,10539,4,2018-11-30
1328,10539,1,2018-12-04
1507,10539,3,2018-12-17
1539,10539,9,2018-12-19
1296,10540,1,2018-11-29
1302,10540,4,2018-11-30
1734,10540,3,2019-01-11
1744,10540,9,2019-01-11
1303,10541,1,2018-11-29
1304,10541,4,2018-11-30
1315,10541,1,2018-12-03
1316,10541,4,2018-12-03
1326,10541,1,2018-12-04
1428,10541,3,2018-12-12
1581,10541,9,2018-12-21
1305,10542,1,2018-11-29
1306,10542,4,2018-11-30
1318,10542,1,2018-12-03
1342,10542,9,2018-12-05
1307,10543,2,2018-11-30
1358,10543,9,2018-12-06
1308,10544,2,2018-11-30
1345,10544,9,2018-12-05
1309,10545,1,2018-11-30
1314,10545,4,2018-12-03
1325,10545,1,2018-12-04
1495,10545,3,2018-12-17
1600,10545,9,2018-12-24
1310,10546,2,2018-11-30
1359,10546,9,2018-12-06
1311,10547,2,2018-11-30
1360,10547,9,2018-12-06
1312,10548,1,2018-11-30
1416,10548,9,2018-12-12
1313,10549,1,2018-11-30
1402,10549,9,2018-12-11
1320,10550,1,2018-11-30
1321,10550,4,2018-12-03
1412,10550,1,2018-12-12
1526,10550,3,2018-12-18
1606,10550,9,2018-12-28
1322,10551,1,2018-11-30
1335,10551,9,2018-12-04
1329,10552,1,2018-12-04
1509,10552,3,2018-12-17
1649,10552,9,2019-01-04
1330,10553,1,2018-12-03
1407,10553,9,2018-12-11
1333,10554,1,2018-11-30
1334,10554,9,2018-12-04
1344,10555,1,2018-12-05
1346,10555,4,2018-12-05
1603,10555,1,2018-12-27
1605,10555,9,2018-12-28
1347,10556,2,2018-12-05
1357,10556,9,2018-12-06
1348,10557,2,2018-12-05
1361,10557,9,2018-12-06
1349,10558,1,2018-12-05
1356,10558,9,2018-12-06
1350,10559,1,2018-11-28
1351,10559,9,2018-12-06
1352,10560,1,2018-12-05
1353,10560,4,2018-12-06
1363,10560,1,2018-12-06
1365,10560,9,2018-12-07
1354,10561,1,2018-12-05
1355,10561,4,2018-12-06
1364,10561,1,2018-12-06
1366,10561,9,2018-12-07
1362,10562,1,2018-12-05
1429,10562,3,2018-12-12
1457,10562,9,2018-12-13
1367,10563,1,2018-12-06
1368,10563,9,2018-12-07
1371,10564,1,2018-12-07
1513,10564,9,2018-12-18
1373,10565,1,2018-12-06
1470,10565,3,2018-12-14
1480,10565,4,2018-12-14
1805,10565,9,2019-01-16
1374,10566,1,2018-12-07
1375,10566,9,2018-12-10
1376,10567,1,2018-12-10
1377,10567,9,2018-12-10
1378,10568,1,2018-12-05
1426,10568,4,2018-12-12
1619,10568,9,2018-12-31
1380,10569,1,2018-12-10
1382,10569,9,2018-12-11
1381,10570,1,2018-12-07
1456,10570,9,2018-12-13
1384,10571,1,2018-12-11
1477,10571,9,2018-12-14
1385,10572,2,2018-12-11
1409,10572,4,2018-12-12
1452,10572,9,2018-12-13
1386,10573,2,2018-12-11
1410,10573,4,2018-12-12
1443,10573,1,2018-12-12
1446,10573,9,2018-12-13
1387,10574,2,2018-12-11
1411,10574,1,2018-12-12
1430,10574,9,2018-12-12
1388,10575,2,2018-12-11
1413,10575,9,2018-12-12
1389,10576,1,2018-12-11
1390,10576,4,2018-12-11
1492,10576,1,2018-12-17
1611,10576,3,2018-12-28
1616,10576,9,2018-12-28
1391,10577,1,2018-12-06
1392,10577,9,2018-12-11
1393,10578,2,2018-12-11
1445,10578,9,2018-12-13
1394,10579,2,2018-12-11
1417,10579,1,2018-12-12
1431,10579,9,2018-12-12
1395,10580,2,2018-12-11
1418,10580,9,2018-12-12
1396,10581,1,2018-12-10
1397,10581,4,2018-12-11
1502,10581,9,2018-12-17
1399,10582,2,2018-12-11
1419,10582,9,2018-12-12
1400,10583,2,2018-12-11
1458,10583,9,2018-12-13
1401,10584,2,2018-12-11
1420,10584,1,2018-12-12
1436,10584,9,2018-12-12
1403,10585,2,2018-12-11
1421,10585,9,2018-12-12
1404,10586,2,2018-12-11
1422,10586,1,2018-12-12
1435,10586,9,2018-12-12
1405,10587,2,2018-12-11
1423,10587,1,2018-12-12
1434,10587,9,2018-12-12
1406,10588,2,2018-12-11
1424,10588,1,2018-12-12
1433,10588,9,2018-12-12
1439,10589,1,2018-12-20
1441,10589,9,2018-12-12
1440,10590,2,2018-12-12
1451,10590,9,2018-12-13
1442,10591,2,2018-12-12
1444,10591,9,2018-12-12
1448,10592,1,2018-12-12
1455,10592,4,2018-12-13
1532,10592,9,2018-12-18
1449,10593,1,2018-12-12
1463,10593,9,2018-12-14
1450,10594,1,2018-12-11
1461,10594,9,2018-12-14
1453,10595,1,2018-12-13
1454,10595,4,2018-12-13
1491,10595,1,2018-12-17
1564,10595,3,2018-12-20
1620,10595,9,2018-12-31
1459,10596,1,2018-12-12
1466,10596,9,2018-12-14
1460,10597,1,2018-12-14
1462,10597,4,2018-12-14
1585,10597,9,2018-12-21
1467,10598,2,2018-12-14
1478,10598,1,2018-12-14
1490,10598,9,2018-12-14
1468,10599,1,2018-12-13
1473,10599,4,2018-12-14
1635,10599,1,2019-01-03
1639,10599,9,2019-01-03
1471,10601,1,2018-12-13
1474,10601,4,2018-12-14
1636,10601,1,2019-01-03
1640,10601,9,2019-01-03
1472,10602,2,2018-12-14
1479,10602,1,2018-12-14
1489,10602,9,2018-12-14
1475,10603,2,2018-12-14
1482,10603,9,2018-12-14
1476,10604,1,2018-12-13
1486,10604,4,2018-12-14
1519,10604,1,2018-12-18
1527,10604,4,2018-12-18
1651,10604,3,2019-01-04
1660,10604,1,2019-01-07
1693,10604,9,2019-01-09
1481,10605,1,2018-12-14
1487,10605,4,2018-12-14
1520,10605,1,2018-12-18
1528,10605,4,2018-12-18
1652,10605,3,2019-01-04
1661,10605,1,2019-01-07
1694,10605,9,2019-01-09
1485,10607,1,2018-12-13
1488,10607,4,2018-12-14
1521,10607,1,2018-12-18
1529,10607,4,2018-12-18
1653,10607,3,2019-01-04
1662,10607,1,2019-01-07
1695,10607,9,2019-01-09
1493,10608,1,2018-12-12
1494,10608,9,2018-12-17
1496,10609,1,2018-12-17
1497,10609,4,2018-12-17
1802,10609,1,2019-01-16
1804,10609,3,2019-01-16
1815,10609,9,2019-01-17
1498,10610,1,2018-12-17
1499,10610,4,2018-12-17
1571,10610,1,2018-12-21
1575,10610,9,2018-12-21
1500,10611,1,2018-12-14
1501,10611,4,2018-12-17
1512,10611,9,2018-12-18
1503,10612,1,2018-12-17
1506,10612,9,2018-12-17
1504,10613,1,2018-12-14
1505,10613,4,2018-12-17
1817,10613,3,2019-01-17
1833,10613,9,2019-01-18
1510,10614,2,2018-12-17
1522,10614,1,2018-12-18
1524,10614,9,2018-12-18
1514,10615,1,2018-12-17
1516,10615,4,2018-12-18
1535,10615,1,2018-12-19
1565,10615,3,2018-12-20
1633,10615,9,2019-01-02
1515,10616,1,2018-12-14
1518,10616,9,2018-12-18
1517,10617,1,2018-12-17
1536,10617,9,2018-12-19
1525,10618,1,2018-12-18
1597,10618,9,2018-12-24
1530,10619,1,2018-12-18
1531,10619,4,2018-12-18
1540,10619,1,2018-12-20
1615,10619,3,2018-12-28
1638,10619,9,2019-01-03
1534,10620,1,2018-12-18
1582,10620,4,2018-12-21
1747,10620,1,2019-01-14
1753,10620,4,2019-01-14
1787,10620,9,2019-01-15
1538,10621,1,2018-12-19
1562,10621,9,2018-12-20
1541,10622,1,2018-12-20
1599,10622,3,2018-12-24
1644,10622,9,2019-01-03
1542,10623,1,2018-12-20
1637,10623,3,2019-01-03
1642,10623,9,2019-01-03
1543,10624,2,2018-12-20
1553,10624,1,2018-12-20
1578,10624,9,2018-12-21
1544,10625,1,2018-12-20
1557,10625,9,2018-12-20
1545,10626,1,2018-12-20
1546,10626,4,2018-12-20
1550,10626,1,2018-12-20
1589,10626,9,2018-12-24
1547,10627,2,2018-12-20
1554,10627,1,2018-12-20
1577,10627,9,2018-12-21
1548,10628,2,2018-12-20
1555,10628,1,2018-12-20
1579,10628,9,2018-12-21
1549,10629,2,2018-12-20
1558,10629,9,2018-12-20
1551,10630,2,2018-12-20
1559,10630,9,2018-12-20
1552,10631,2,2018-12-20
1560,10631,1,2018-12-20
1580,10631,9,2018-12-21
1556,10632,2,2018-12-20
1561,10632,1,2018-12-20
1574,10632,9,2018-12-21
1563,10633,2,2018-12-20
1566,10633,1,2018-12-20
1576,10633,9,2018-12-21
1568,10634,2,2018-12-21
1569,10634,9,2018-12-21
1570,10635,1,2018-12-20
1590,10635,4,2018-12-24
1607,10635,9,2018-12-28
1572,10636,1,2018-12-21
1587,10636,4,2018-12-21
1593,10636,1,2018-12-24
1655,10636,4,2019-01-04
1669,10636,1,2019-01-07
1676,10636,4,2019-01-07
1683,10636,1,2019-01-08
1751,10636,3,2019-01-14
1770,10636,4,2019-01-15
1800,10636,1,2019-01-16
1801,10636,9,2019-01-16
1573,10637,1,2018-12-21
1586,10637,4,2018-12-21
1595,10637,1,2018-12-24
1601,10637,4,2018-12-27
1654,10637,3,2019-01-04
1763,10637,9,2019-01-14
1583,10638,1,2018-12-21
1584,10638,9,2018-12-21
1588,10639,1,2018-12-21
1596,10639,4,2018-12-24
1598,10639,9,2018-12-24
1591,10640,1,2018-12-24
1592,10640,4,2018-12-24
1594,10640,9,2018-12-24
1602,10641,1,2018-12-27
1666,10641,9,2019-01-07
1604,10642,1,2018-12-24
1610,10642,4,2018-12-28
1648,10642,1,2019-01-04
1650,10642,3,2019-01-04
1657,10642,9,2019-01-07
1613,10643,1,2018-12-28
1667,10643,9,2019-01-07
1614,10644,1,2018-12-28
1668,10644,9,2019-01-07
1617,10645,1,2018-12-28
1665,10645,9,2019-01-07
1621,10646,1,2018-12-28
1634,10646,9,2019-01-03
1622,10647,1,2018-12-31
1623,10647,4,2019-01-02
1629,10647,1,2019-01-02
1632,10647,4,2019-01-02
1771,10647,1,2019-01-15
1915,10647,4,2019-01-24
1938,10647,3,2019-01-25
1940,10647,9,2019-01-25
1624,10648,1,2019-01-02
1625,10648,4,2019-01-02
1630,10648,1,2019-01-02
1631,10648,9,2019-01-02
1626,10649,1,2019-01-02
1627,10649,9,2019-01-02
1628,10650,1,2019-01-02
1645,10650,3,2019-01-03
1806,10650,4,2019-01-16
1851,10650,1,2019-01-21
1853,10650,9,2019-01-21
1641,10651,1,2019-01-02
1646,10651,9,2019-01-04
1643,10652,1,2019-01-02
1647,10652,9,2019-01-04
1656,10653,2,2019-01-04
1664,10653,9,2019-01-07
1658,10654,1,2019-01-04
1674,10654,3,2019-01-07
1794,10654,9,2019-01-16
1659,10655,1,2019-01-04
1663,10655,9,2019-01-07
1670,10656,2,2019-01-04
1679,10656,9,2019-01-07
1671,10657,2,2019-01-07
1680,10657,9,2019-01-07
1672,10658,2,2019-01-07
1681,10658,9,2019-01-07
1673,10659,2,2019-01-07
1685,10659,1,2019-01-08
1692,10659,9,2019-01-08
1675,10660,2,2019-01-07
1686,10660,1,2019-01-08
1691,10660,9,2019-01-08
1677,10661,2,2019-01-07
1687,10661,1,2019-01-08
1690,10661,9,2019-01-08
1678,10662,2,2019-01-07
1682,10662,9,2019-01-07
1684,10663,1,2019-01-07
1745,10663,3,2019-01-11
1830,10663,9,2019-01-18
1688,10664,1,2019-01-08
1725,10664,9,2019-01-10
1689,10665,1,2018-12-27
1808,10665,4,2019-01-17
1811,10665,3,2019-01-17
1814,10665,9,2019-01-17
1696,10666,2,2019-01-09
1704,10666,9,2019-01-09
1697,10667,2,2019-01-09
1709,10667,9,2019-01-09
1698,10668,2,2019-01-09
1710,10668,9,2019-01-09
1699,10669,2,2019-01-09
1993,10669,4,2019-01-28
2073,10669,9,2019-02-01
1700,10670,2,2019-01-09
1708,10670,1,2019-01-09
1723,10670,9,2019-01-10
1701,10671,1,2019-01-09
1706,10671,4,2019-01-09
1829,10671,1,2019-01-18
1852,10671,9,2019-01-21
1702,10672,2,2019-01-09
1711,10672,1,2019-01-09
1726,10672,9,2019-01-10
1703,10673,2,2019-01-09
1740,10673,9,2019-01-11
1705,10674,2,2019-01-09
1712,10674,1,2019-01-09
1728,10674,9,2019-01-10
1707,10675,2,2019-01-09
1713,10675,1,2019-01-09
1714,10675,9,2019-01-10
1715,10676,1,2019-01-08
1735,10676,9,2019-01-11
1716,10677,1,2019-01-07
1818,10677,9,2019-01-17
1717,10678,1,2019-01-09
1731,10678,9,2019-01-10
1719,10679,1,2019-01-09
1782,10679,3,2019-01-15
1912,10679,9,2019-01-24
1720,10680,1,2019-01-04
1727,10680,4,2019-01-10
1774,10680,9,2019-01-15
1721,10681,1,2019-01-09
1722,10681,4,2019-01-10
1733,10681,9,2019-01-10
1724,10682,1,2019-01-09
1746,10682,9,2019-01-11
1729,10683,1,2019-01-10
1730,10683,4,2019-01-10
1732,10683,9,2019-01-10
1737,10684,1,2019-01-08
1738,10684,9,2019-01-11
1739,10684,4,2019-01-11
1813,10684,9,2019-01-17
1741,10685,1,2019-01-11
1742,10685,4,2019-01-11
1816,10685,3,2019-01-17
1984,10685,9,2019-01-28
1743,10686,1,2019-01-11
1749,10686,9,2019-01-14
1748,10688,1,2019-01-11
1750,10688,9,2019-01-14
1752,10689,1,2019-01-10
1812,10689,9,2019-01-17
1754,10690,1,2019-01-14
1755,10690,4,2019-01-14
1799,10690,9,2019-01-16
1756,10691,2,2019-01-14
1916,10691,9,2019-01-24
1757,10692,1,2019-01-09
1758,10692,4,2019-01-14
1768,10692,3,2019-01-15
1781,10692,9,2019-01-15
1759,10693,1,2019-01-14
1760,10693,4,2019-01-14
1779,10693,1,2019-01-15
1786,10693,9,2019-01-15
1761,10694,1,2019-01-14
1762,10694,4,2019-01-14
1778,10694,3,2019-01-15
1798,10694,4,2019-01-16
1820,10694,3,2019-01-17
1822,10694,9,2019-01-17
1764,10695,2,2019-01-14
1947,10695,9,2019-01-25
1765,10696,2,2019-01-14
1893,10696,9,2019-01-23
1766,10697,2,2019-01-14
1881,10697,9,2019-01-22
1767,10698,2,2019-01-14
1885,10698,9,2019-01-23
1769,10699,1,2019-01-10
1784,10699,9,2019-01-15
1772,10700,1,2019-01-10
1773,10700,3,2019-01-15
1780,10700,9,2019-01-15
1775,10701,1,2019-01-14
1825,10701,3,2019-01-17
2001,10701,1,2019-01-29
2044,10701,9,2019-01-31
1776,10702,1,2019-01-07
1777,10702,4,2019-01-15
1785,10702,9,2019-01-15
1788,10703,2,2019-01-15
1892,10703,9,2019-01-23
1789,10704,2,2019-01-15
1882,10704,4,2019-01-22
2026,10704,2,2019-01-29
2196,10704,9,2019-02-08
1790,10705,2,2019-01-15
1894,10705,9,2019-01-23
1791,10706,2,2019-01-15
1948,10706,9,2019-01-25
1792,10707,2,2019-01-15
1951,10707,9,2019-01-25
1793,10708,2,2019-01-15
1997,10708,9,2019-01-29
1795,10709,2,2019-01-14
1891,10709,9,2019-01-23
1796,10710,1,2019-01-15
1797,10710,4,2019-01-16
1832,10710,1,2019-01-18
1988,10710,3,2019-01-28
2031,10710,9,2019-01-29
1803,10711,1,2019-01-16
1807,10711,4,2019-01-17
1844,10711,9,2019-01-21
1809,10712,1,2019-01-16
1810,10712,4,2019-01-17
1828,10712,9,2019-01-17
1819,10713,2,2019-01-17
1889,10713,9,2019-01-23
1821,10714,2,2019-01-17
1960,10714,9,2019-01-25
1823,10715,2,2019-01-17
1884,10715,9,2019-01-22
1824,10716,2,2019-01-17
1949,10716,9,2019-01-25
1826,10717,1,2019-01-16
1834,10717,3,2019-01-18
1856,10717,4,2019-01-21
2032,10717,9,2019-01-30
1827,10718,2,2019-01-17
1900,10718,9,2019-01-23
1831,10719,1,2019-01-18
1998,10719,4,2019-01-29
2056,10719,1,2019-02-01
2066,10719,3,2019-02-01
2109,10719,9,2019-02-05
1836,10720,2,2019-01-18
1908,10720,9,2019-01-24
1837,10721,2,2019-01-18
1996,10721,9,2019-01-29
1838,10722,2,2019-01-18
1897,10722,9,2019-01-23
1839,10723,2,2019-01-18
1898,10723,9,2019-01-23
1840,10724,2,2019-01-18
1918,10724,9,2019-01-24
1841,10725,1,2019-01-17
1887,10725,9,2019-01-23
1842,10726,1,2019-01-21
1845,10726,4,2019-01-21
1854,10726,1,2019-01-21
1909,10726,4,2019-01-24
1992,10726,1,2019-01-28
2019,10726,4,2019-01-29
2151,10726,9,2019-02-06
1843,10727,1,2019-01-21
1846,10727,4,2019-01-21
1855,10727,1,2019-01-21
1910,10727,4,2019-01-24
2150,10727,9,2019-02-06
1847,10728,1,2019-01-21
1848,10728,9,2019-01-21
1849,10729,1,2019-01-15
1850,10729,9,2019-01-21
1858,10730,2,2019-01-21
1899,10730,4,2019-01-23
2027,10730,2,2019-01-29
2257,10730,9,2019-02-12
1859,10731,2,2019-01-21
1902,10731,4,2019-01-23
2028,10731,2,2019-01-29
2270,10731,9,2019-02-13
1860,10732,2,2019-01-21
1999,10732,9,2019-01-29
1861,10733,1,2019-01-21
1886,10733,9,2019-01-23
1863,10734,1,2019-01-22
1864,10734,9,2019-01-22
1865,10735,1,2019-01-22
1866,10735,9,2019-01-22
1867,10736,1,2019-01-22
1868,10736,4,2019-01-22
1896,10736,9,2019-01-23
1869,10737,2,2019-01-22
2000,10737,9,2019-01-29
1870,10738,2,2019-01-22
1958,10738,9,2019-01-25
1871,10739,2,2019-01-22
1903,10739,9,2019-01-23
1872,10740,2,2019-01-22
1904,10740,9,2019-01-23
1873,10741,2,2019-01-22
1936,10741,9,2019-01-25
1874,10742,2,2019-01-22
1959,10742,9,2019-01-25
1875,10743,2,2019-01-22
2002,10743,9,2019-01-29
1876,10744,1,2019-01-21
1987,10744,3,2019-01-28
2075,10744,9,2019-02-01
1877,10745,1,2019-01-21
1888,10745,4,2019-01-23
2085,10745,3,2019-02-04
2113,10745,9,2019-02-05
1878,10746,1,2019-01-22
1991,10746,4,2019-01-28
2021,10746,9,2019-01-29
1879,10747,1,2019-01-22
1990,10747,4,2019-01-28
2006,10747,9,2019-01-29
1880,10748,1,2019-01-22
2029,10748,4,2019-01-29
2042,10748,9,2019-01-30
1883,10749,1,2019-01-22
1953,10749,4,2019-01-25
1962,10749,9,2019-01-25
1890,10750,1,2019-01-23
1895,10750,3,2019-01-23
1917,10750,9,2019-01-24
1901,10751,2,2019-01-23
1907,10751,9,2019-01-24
1905,10752,1,2019-01-22
1911,10752,9,2019-01-24
1913,10753,1,2019-01-23
1914,10753,9,2019-01-24
1919,10754,1,2019-01-22
1939,10754,4,2019-01-25
2083,10754,1,2019-02-04
2219,10754,9,2019-02-08
1920,10755,2,2019-01-24
2008,10755,9,2019-01-29
1921,10756,2,2019-01-24
2004,10756,9,2019-01-29
1922,10757,1,2019-01-24
1935,10757,4,2019-01-25
2267,10757,3,2019-02-12
2278,10757,9,2019-02-13
1923,10758,2,2019-01-24
2018,10758,9,2019-01-29
1924,10759,2,2019-01-24
2007,10759,9,2019-01-29
1925,10760,1,2019-01-24
1955,10760,4,2019-01-25
1968,10760,9,2019-01-25
1926,10761,2,2019-01-24
2005,10761,9,2019-01-29
1927,10762,2,2019-01-25
2009,10762,9,2019-01-29
1928,10763,2,2019-01-25
2010,10763,9,2019-01-29
1929,10764,2,2019-01-25
1981,10764,9,2019-01-28
1930,10765,2,2019-01-25
2011,10765,9,2019-01-29
1931,10766,1,2019-01-25
1932,10766,4,2019-01-25
1950,10766,1,2019-01-25
1952,10766,9,2019-01-25
1933,10767,2,2019-01-25
2145,10767,9,2019-02-06
1934,10768,2,2019-01-25
1985,10768,9,2019-01-28
1937,10769,2,2019-01-25
1986,10769,9,2019-01-28
1941,10770,2,2019-01-25
2047,10770,9,2019-01-31
1942,10771,2,2019-01-25
2014,10771,9,2019-01-29
1943,10772,1,2019-01-24
1965,10772,4,2019-01-25
2030,10772,9,2019-01-29
1944,10773,1,2019-01-22
1966,10773,4,2019-01-25
2128,10773,1,2019-02-06
2130,10773,9,2019-02-06
1945,10774,2,2019-01-25
1961,10774,9,2019-01-25
1946,10775,1,2019-01-22
1967,10775,4,2019-01-25
2127,10775,1,2019-02-06
2129,10775,9,2019-02-06
1954,10776,1,2019-01-25
2024,10776,9,2019-01-29
1956,10777,1,2019-01-25
1957,10777,4,2019-01-25
2050,10777,1,2019-01-31
2054,10777,9,2019-01-31
1963,10778,1,2019-01-25
1964,10778,4,2019-01-25
1989,10778,9,2019-01-28
1969,10779,1,2019-01-25
1976,10779,9,2019-01-28
1970,10780,1,2019-01-25
1971,10780,4,2019-01-25
1978,10780,9,2019-01-28
1972,10781,1,2019-01-25
1973,10781,9,2019-01-28
1974,10782,1,2019-01-24
1975,10782,4,2019-01-28
2016,10782,9,2019-01-29
1977,10783,1,2019-01-25
1983,10783,4,2019-01-28
2048,10783,3,2019-01-31
2231,10783,9,2019-02-11
1979,10784,1,2019-01-22
1980,10784,4,2019-01-28
1982,10784,1,2019-01-28
2020,10784,4,2019-01-29
2037,10784,9,2019-01-30
1994,10785,2,2019-01-28
1995,10785,9,2019-01-28
2003,10786,2,2019-01-29
2035,10786,9,2019-01-30
2012,10787,1,2019-01-24
2015,10787,4,2019-01-29
2111,10787,9,2019-02-05
2013,10788,1,2019-01-28
2017,10788,4,2019-01-29
2086,10788,9,2019-02-04
2022,10789,2,2019-01-29
2036,10789,9,2019-01-30
2023,10790,1,2019-01-29
2025,10790,4,2019-01-29
2187,10790,1,2019-02-08
2208,10790,3,2019-02-08
2284,10790,9,2019-02-14
2033,10791,1,2019-01-30
2034,10791,9,2019-01-30
2038,10792,2,2019-01-30
2057,10792,9,2019-02-01
2039,10793,2,2019-01-30
2059,10793,9,2019-02-01
2040,10794,2,2019-01-30
2058,10794,9,2019-02-01
2041,10795,1,2019-01-30
2084,10795,3,2019-02-04
2320,10795,9,2019-02-15
2043,10796,2,2019-01-31
2060,10796,9,2019-02-01
2045,10797,1,2019-01-23
2046,10797,9,2019-01-31
2049,10798,2,2019-01-31
2068,10798,9,2019-02-01
2051,10799,2,2019-01-31
2070,10799,9,2019-02-01
2052,10800,1,2019-01-31
2074,10800,4,2019-02-01
2116,10800,3,2019-02-06
2268,10800,4,2019-02-12
2662,10800,9,2019-03-01
2053,10801,2,2019-01-31
2071,10801,9,2019-02-01
2055,10802,2,2019-01-31
2072,10802,9,2019-02-01
2061,10803,1,2019-02-01
2065,10803,9,2019-02-01
2062,10804,1,2019-01-31
2067,10804,4,2019-02-01
2234,10804,1,2019-02-11
2254,10804,3,2019-02-12
2407,10804,9,2019-02-19
2063,10805,1,2019-02-01
2064,10805,9,2019-02-01
2069,10806,2,2019-02-01
2220,10806,9,2019-02-11
2076,10807,1,2019-01-31
2124,10807,9,2019-02-06
2077,10808,1,2019-02-01
2112,10808,9,2019-02-05
2078,10809,1,2019-02-01
2121,10809,3,2019-02-06
2243,10809,4,2019-02-11
2305,10809,9,2019-02-14
2079,10810,1,2019-02-04
2080,10810,4,2019-02-04
2102,10810,9,2019-02-05
2081,10811,1,2019-02-04
2082,10811,4,2019-02-04
2158,10811,1,2019-02-07
2186,10811,3,2019-02-08
2233,10811,9,2019-02-11
2087,10812,1,2019-02-04
2090,10812,4,2019-02-04
2125,10812,1,2019-02-06
2126,10812,4,2019-02-06
2147,10812,9,2019-02-06
2088,10813,2,2019-02-04
2104,10813,9,2019-02-05
2089,10814,2,2019-02-04
2103,10814,9,2019-02-05
2091,10815,2,2019-02-04
2105,10815,9,2019-02-05
2092,10816,1,2019-02-04
2101,10816,4,2019-02-05
2167,10816,1,2019-02-07
2263,10816,3,2019-02-12
2399,10816,4,2019-02-18
2525,10816,1,2019-02-26
2549,10816,9,2019-02-26
2093,10817,2,2019-02-04
2106,10817,9,2019-02-05
2094,10818,2,2019-02-04
2107,10818,9,2019-02-05
2095,10819,1,2019-02-04
2096,10819,9,2019-02-05
2097,10820,1,2019-02-05
2098,10820,4,2019-02-05
2235,10820,1,2019-02-11
2255,10820,3,2019-02-12
2409,10820,9,2019-02-19
2099,10821,1,2019-02-05
2100,10821,4,2019-02-05
2131,10821,1,2019-02-06
2238,10821,3,2019-02-11
2250,10821,9,2019-02-12
2108,10822,2,2019-02-05
2132,10822,9,2019-02-06
2110,10823,2,2019-02-05
2134,10823,9,2019-02-06
2114,10824,1,2019-02-06
2115,10824,9,2019-02-06
2117,10825,1,2019-02-05
2123,10825,9,2019-02-06
2118,10826,1,2019-02-05
2122,10826,9,2019-02-06
2119,10827,1,2019-02-06
2120,10827,4,2019-02-06
2468,10827,9,2019-02-22
2133,10828,2,2019-02-06
2144,10828,9,2019-02-06
2135,10829,2,2019-02-06
2146,10829,9,2019-02-06
2136,10830,2,2019-02-06
2148,10830,9,2019-02-06
2137,10831,2,2019-02-06
2149,10831,9,2019-02-06
2138,10835,1,2019-02-06
2166,10835,4,2019-02-07
2171,10835,3,2019-02-07
2623,10835,9,2019-02-28
2139,10839,1,2019-02-06
2200,10839,9,2019-02-08
2140,10840,1,2019-02-06
2141,10840,4,2019-02-06
2239,10840,9,2019-02-11
2142,10841,1,2019-02-06
2237,10841,4,2019-02-11
2269,10841,1,2019-02-13
2271,10841,9,2019-02-13
2143,10842,2,2019-02-06
2161,10842,9,2019-02-07
2164,10842,2,2019-02-07
2185,10842,9,2019-02-07
2152,10843,1,2019-02-06
2153,10843,4,2019-02-07
2236,10843,1,2019-02-11
2285,10843,4,2019-02-14
2474,10843,1,2019-02-22
2475,10843,3,2019-02-22
2518,10843,9,2019-02-25
2154,10844,1,2019-02-07
2155,10844,4,2019-02-07
2188,10844,1,2019-02-08
2189,10844,9,2019-02-08
2156,10845,1,2019-02-05
2157,10845,4,2019-02-07
4053,10845,9,2019-04-02
2159,10846,1,2019-02-07
2160,10846,4,2019-02-07
2170,10846,9,2019-02-07
2162,10847,2,2019-02-07
2201,10847,9,2019-02-08
2163,10848,2,2019-02-07
2179,10848,9,2019-02-07
2165,10849,2,2019-02-07
2203,10849,9,2019-02-08
2168,10850,2,2019-02-07
2204,10850,9,2019-02-08
2169,10852,2,2019-02-07
2226,10852,9,2019-02-11
2172,10853,2,2019-02-07
2205,10853,9,2019-02-08
2173,10854,2,2019-02-07
2206,10854,9,2019-02-08
2174,10855,2,2019-02-07
2210,10855,9,2019-02-08
2175,10856,2,2019-02-07
2211,10856,9,2019-02-08
2176,10857,2,2019-02-07
2202,10857,9,2019-02-08
2177,10858,2,2019-02-07
2212,10858,9,2019-02-08
2178,10859,2,2019-02-07
2213,10859,9,2019-02-08
2180,10860,2,2019-02-07
2214,10860,9,2019-02-08
2181,10861,2,2019-02-07
2215,10861,9,2019-02-08
2182,10862,2,2019-02-07
2216,10862,9,2019-02-08
2183,10863,2,2019-02-07
2217,10863,9,2019-02-08
2184,10864,2,2019-02-07
2218,10864,9,2019-02-08
2190,10865,1,2019-02-07
2191,10865,4,2019-02-08
2428,10865,1,2019-02-21
2442,10865,4,2019-02-21
2465,10865,3,2019-02-22
3033,10865,1,2019-03-13
3148,10865,4,2019-03-15
3279,10865,1,2019-03-19
3323,10865,3,2019-03-20
3645,10865,9,2019-03-26
2192,10866,1,2019-02-07
2258,10866,3,2019-02-12
2281,10866,9,2019-02-13
2193,10867,1,2019-02-01
2232,10867,3,2019-02-11
2368,10867,9,2019-02-18
2194,10868,1,2019-02-01
2240,10868,4,2019-02-11
2241,10868,3,2019-02-11
2346,10868,9,2019-02-15
2195,10869,1,2019-01-29
2197,10869,4,2019-02-08
2198,10869,1,2019-02-08
2199,10869,9,2019-02-08
2207,10870,1,2019-02-08
2282,10870,3,2019-02-13
3052,10870,9,2019-03-13
2209,10871,1,2019-02-08
2283,10871,3,2019-02-13
2417,10871,1,2019-02-19
2431,10871,9,2019-02-21
2221,10872,1,2019-02-08
2224,10872,4,2019-02-11
2260,10872,1,2019-02-12
2338,10872,3,2019-02-15
2476,10872,9,2019-02-22
2222,10873,1,2019-02-08
2227,10873,4,2019-02-11
2251,10873,1,2019-02-12
2344,10873,3,2019-02-15
2430,10873,9,2019-02-21
2223,10874,1,2019-02-11
2225,10874,4,2019-02-11
2877,10874,3,2019-03-08
2923,10874,9,2019-03-12
2228,10875,2,2019-02-11
2253,10875,9,2019-02-12
2229,10876,1,2019-02-07
2333,10876,3,2019-02-15
2559,10876,9,2019-02-27
2230,10877,2,2019-02-11
2242,10877,9,2019-02-11
2244,10878,2,2019-02-11
2276,10878,9,2019-02-13
2245,10879,2,2019-02-11
2343,10879,9,2019-02-15
2246,10880,2,2019-02-11
2289,10880,9,2019-02-14
2247,10881,2,2019-02-11
2287,10881,9,2019-02-14
2248,10882,1,2019-02-11
2256,10882,4,2019-02-12
2615,10882,1,2019-02-28
2669,10882,3,2019-03-04
2748,10882,4,2019-03-06
3578,10882,9,2019-03-22
2249,10883,1,2019-02-11
2252,10883,4,2019-02-12
2286,10883,3,2019-02-14
2574,10883,9,2019-02-27
2259,10884,2,2019-02-12
2274,10884,9,2019-02-13
2261,10885,2,2019-02-12
2288,10885,9,2019-02-14
2262,10886,2,2019-02-12
2471,10886,9,2019-02-22
2264,10887,1,2019-02-12
2356,10887,3,2019-02-15
2573,10887,4,2019-02-27
2601,10887,9,2019-02-27
2265,10888,1,2019-02-12
2266,10888,4,2019-02-12
2337,10888,1,2019-02-15
2410,10888,4,2019-02-19
2469,10888,1,2019-02-22
2627,10888,3,2019-03-01
2793,10888,9,2019-03-07
2272,10889,1,2019-02-12
2273,10889,4,2019-02-13
2374,10889,1,2019-02-18
2376,10889,9,2019-02-18
2275,10890,1,2019-02-13
2279,10890,9,2019-02-13
2277,10891,1,2019-02-13
2280,10891,9,2019-02-13
2290,10892,2,2019-02-14
2345,10892,9,2019-02-15
2291,10893,2,2019-02-14
2347,10893,9,2019-02-15
2292,10894,2,2019-02-14
2348,10894,9,2019-02-15
2293,10895,1,2019-02-13
2295,10895,4,2019-02-14
2412,10895,9,2019-02-19
2294,10896,1,2019-02-14
2300,10896,4,2019-02-14
2342,10896,1,2019-02-15
2367,10896,3,2019-02-18
2405,10896,9,2019-02-19
2296,10897,2,2019-02-14
2349,10897,9,2019-02-15
2297,10898,2,2019-02-14
2350,10898,9,2019-02-15
2298,10899,2,2019-02-14
2324,10899,9,2019-02-15
2299,10900,2,2019-02-14
2359,10900,9,2019-02-18
2301,10901,1,2019-02-14
2303,10901,9,2019-02-14
2302,10902,2,2019-02-14
2360,10902,9,2019-02-18
2304,10903,2,2019-02-14
2361,10903,9,2019-02-18
2306,10904,2,2019-02-14
2363,10904,9,2019-02-18
2307,10905,2,2019-02-14
2364,10905,9,2019-02-18
2308,10906,2,2019-02-14
2335,10906,9,2019-02-15
2309,10907,2,2019-02-14
2336,10907,9,2019-02-15
2310,10908,2,2019-02-14
2339,10908,9,2019-02-15
2311,10909,2,2019-02-14
2365,10909,9,2019-02-18
2312,10910,2,2019-02-14
2366,10910,9,2019-02-18
2313,10911,2,2019-02-14
2358,10911,9,2019-02-15
2314,10912,2,2019-02-14
2357,10912,9,2019-02-15
2315,10913,2,2019-02-14
2355,10913,9,2019-02-15
2316,10914,2,2019-02-14
2354,10914,9,2019-02-15
2317,10915,2,2019-02-14
2353,10915,9,2019-02-15
2318,10916,2,2019-02-14
2352,10916,9,2019-02-15
2319,10917,2,2019-02-14
2351,10917,9,2019-02-15
2321,10918,1,2019-02-14
2325,10918,9,2019-02-15
2322,10919,1,2019-02-14
2326,10919,9,2019-02-15
2323,10920,1,2019-02-14
2329,10920,4,2019-02-15
2362,10920,9,2019-02-18
2327,10921,1,2019-02-11
2328,10921,9,2019-02-15
2330,10922,2,2019-02-15
2385,10922,9,2019-02-18
2331,10923,2,2019-02-15
2382,10923,9,2019-02-18
2332,10924,2,2019-02-15
2369,10924,9,2019-02-18
2334,10925,2,2019-02-15
2386,10925,9,2019-02-18
2340,10926,1,2019-02-15
2371,10926,9,2019-02-18
2341,10927,1,2019-02-15
2379,10927,3,2019-02-18
3880,10927,9,2019-03-29
2370,10928,1,2019-02-18
2375,10928,9,2019-02-18
2372,10929,2,2019-02-18
2387,10929,9,2019-02-18
2373,10930,2,2019-02-18
2383,10930,9,2019-02-18
2377,10931,1,2019-02-18
2378,10931,4,2019-02-18
2384,10931,9,2019-02-18
2380,10932,1,2019-02-18
2381,10932,9,2019-02-18
2388,10933,2,2019-02-18
2404,10933,9,2019-02-19
2389,10934,2,2019-02-18
2406,10934,9,2019-02-19
2390,10935,1,2019-02-18
2392,10935,4,2019-02-18
2393,10935,1,2019-02-18
2398,10935,9,2019-02-18
2391,10936,2,2019-02-18
2400,10936,9,2019-02-18
2394,10937,2,2019-02-18
2411,10937,9,2019-02-19
2395,10938,2,2019-02-18
2420,10938,9,2019-02-20
2396,10939,1,2019-02-18
2397,10939,4,2019-02-18
2433,10939,3,2019-02-21
3642,10939,4,2019-03-26
3644,10939,9,2019-03-26
2401,10940,2,2019-02-18
2421,10940,9,2019-02-20
2402,10941,2,2019-02-18
2408,10941,9,2019-02-19
2403,10942,1,2019-02-18
2472,10942,3,2019-02-22
2604,10942,9,2019-02-28
2413,10943,1,2019-02-19
2414,10943,4,2019-02-19
3493,10943,1,2019-03-21
3675,10943,3,2019-03-27
3689,10943,4,2019-03-27
3741,10943,3,2019-03-28
3750,10943,9,2019-03-28
2415,10944,1,2019-02-19
2416,10944,4,2019-02-19
2608,10944,1,2019-02-28
2609,10944,4,2019-02-28
2879,10944,9,2019-03-08
2418,10945,2,2019-02-19
2436,10945,1,2019-02-21
2473,10945,3,2019-02-22
3162,10945,9,2019-03-18
2419,10946,1,2019-02-19
2478,10946,3,2019-02-22
2622,10946,9,2019-02-28
2422,10947,1,2019-02-20
2423,10947,4,2019-02-20
2432,10947,1,2019-02-21
2520,10947,9,2019-02-25
2424,10948,1,2019-02-20
2435,10948,4,2019-02-21
2602,10948,1,2019-02-28
2667,10948,3,2019-03-04
2892,10948,9,2019-03-08
2425,10949,1,2019-02-20
2426,10949,4,2019-02-20
2429,10949,1,2019-02-21
2434,10949,9,2019-02-21
2427,10950,1,2019-02-20
2477,10950,4,2019-02-22
3567,10950,1,2019-03-22
3568,10950,9,2019-03-22
2437,10951,2,2019-02-21
2496,10951,9,2019-02-22
2438,10952,2,2019-02-21
2494,10952,9,2019-02-22
2439,10953,2,2019-02-21
2493,10953,9,2019-02-22
2440,10954,2,2019-02-21
2492,10954,9,2019-02-22
2441,10955,2,2019-02-21
2491,10955,9,2019-02-22
2443,10956,2,2019-02-21
2585,10956,9,2019-02-27
2444,10957,2,2019-02-21
2490,10957,9,2019-02-22
2445,10958,1,2019-02-21
2524,10958,9,2019-02-26
2446,10959,2,2019-02-21
2489,10959,9,2019-02-22
2447,10960,1,2019-02-21
2463,10960,4,2019-02-22
2470,10960,1,2019-02-22
2680,10960,3,2019-03-04
2873,10960,9,2019-03-08
2448,10961,1,2019-02-21
2450,10961,4,2019-02-21
2459,10961,9,2019-02-21
2449,10962,1,2019-02-19
2462,10962,4,2019-02-22
2813,10962,1,2019-03-07
2944,10962,9,2019-03-12
2451,10963,2,2019-02-21
2488,10963,9,2019-02-22
2452,10964,2,2019-02-21
2454,10964,9,2019-02-21
2453,10965,2,2019-02-21
2487,10965,9,2019-02-22
2455,10966,2,2019-02-21
2485,10966,9,2019-02-22
2456,10967,2,2019-02-21
2484,10967,9,2019-02-22
2457,10968,2,2019-02-21
2483,10968,9,2019-02-22
2458,10969,2,2019-02-21
2481,10969,9,2019-02-22
2460,10970,2,2019-02-21
2480,10970,9,2019-02-22
2461,10971,2,2019-02-21
2479,10971,9,2019-02-22
2464,10972,1,2019-02-21
2557,10972,9,2019-02-26
2466,10973,1,2019-02-20
2467,10973,4,2019-02-22
2523,10973,9,2019-02-26
2482,10974,1,2019-02-19
2550,10974,3,2019-02-26
2614,10974,4,2019-02-28
2666,10974,3,2019-03-04
2668,10974,4,2019-03-04
2699,10974,9,2019-03-05
2486,10975,2,2019-02-22
2544,10975,9,2019-02-26
2495,10976,2,2019-02-22
2504,10976,9,2019-02-25
2497,10977,2,2019-02-22
2542,10977,9,2019-02-26
2498,10978,2,2019-02-22
2541,10978,9,2019-02-26
2499,10979,2,2019-02-22
2539,10979,9,2019-02-26
2500,10980,2,2019-02-22
2538,10980,9,2019-02-26
2501,10981,2,2019-02-22
2536,10981,9,2019-02-26
2502,10982,1,2019-02-22
2561,10982,9,2019-02-27
2503,10983,1,2019-02-22
2552,10983,9,2019-02-26
2505,10984,1,2019-02-25
2510,10984,3,2019-02-25
2522,10984,9,2019-02-26
2506,10985,1,2019-02-22
2527,10985,3,2019-02-26
2560,10985,9,2019-02-27
2507,10986,1,2019-02-25
2687,10986,4,2019-03-04
2772,10986,1,2019-03-06
2828,10986,3,2019-03-07
2922,10986,9,2019-03-12
2508,10987,1,2019-02-22
2509,10987,4,2019-02-25
2513,10987,1,2019-02-25
2562,10987,3,2019-02-27
2605,10987,9,2019-02-28
2511,10988,2,2019-02-25
2546,10988,9,2019-02-26
2512,10989,2,2019-02-25
2545,10989,9,2019-02-26
2514,10990,2,2019-02-25
2554,10990,9,2019-02-26
2515,10991,2,2019-02-25
2586,10991,9,2019-02-27
2516,10992,2,2019-02-25
2587,10992,9,2019-02-27
2517,10993,2,2019-02-25
2589,10993,9,2019-02-27
2519,10994,2,2019-02-25
2590,10994,9,2019-02-27
2521,10995,1,2019-02-25
2553,10995,9,2019-02-26
2526,10996,2,2019-02-26
2591,10996,9,2019-02-27
2528,10997,1,2019-02-26
2531,10997,4,2019-02-26
2643,10997,1,2019-03-01
2654,10997,4,2019-03-01
3282,10997,3,2019-03-19
3786,10997,4,2019-03-28
3917,10997,1,2019-04-01
4167,10997,3,2019-04-04
4198,10997,9,2019-04-04
2529,10998,2,2019-02-26
2603,10998,9,2019-02-28
2530,10999,2,2019-02-26
2593,10999,9,2019-02-27
2532,11000,2,2019-02-26
2613,11000,9,2019-02-28
2533,11001,1,2019-02-26
2535,11001,9,2019-02-26
2534,11002,2,2019-02-26
2596,11002,9,2019-02-27
2537,11003,1,2019-02-26
2543,11003,4,2019-02-26
2551,11003,9,2019-02-26
2540,11004,2,2019-02-26
2594,11004,9,2019-02-27
2547,11005,2,2019-02-26
2597,11005,9,2019-02-27
2548,11006,2,2019-02-26
2598,11006,9,2019-02-27
2555,11007,1,2019-02-26
2556,11007,4,2019-02-26
2762,11007,1,2019-03-06
2911,11007,9,2019-03-08
2558,11008,2,2019-02-26
2599,11008,9,2019-02-27
2563,11009,2,2019-02-27
2579,11009,9,2019-02-27
2564,11010,2,2019-02-27
2600,11010,9,2019-02-27
2565,11011,1,2019-02-25
2575,11011,4,2019-02-27
2612,11011,1,2019-02-28
2763,11011,3,2019-03-06
3032,11011,9,2019-03-13
2566,11012,2,2019-02-27
2628,11012,9,2019-03-01
2567,11013,1,2019-02-27
2576,11013,4,2019-02-27
2704,11013,1,2019-03-05
3005,11013,3,2019-03-13
3068,11013,9,2019-03-14
2568,11014,2,2019-02-27
2629,11014,9,2019-03-01
2569,11015,1,2019-02-27
2577,11015,4,2019-02-27
2625,11015,1,2019-03-01
2875,11015,3,2019-03-08
2999,11015,9,2019-03-13
2570,11016,2,2019-02-27
2630,11016,9,2019-03-01
2571,11017,1,2019-02-27
2572,11017,4,2019-02-27
2611,11017,1,2019-02-28
3026,11017,3,2019-03-13
3065,11017,4,2019-03-14
3646,11017,9,2019-03-26
2578,11018,2,2019-02-27
2631,11018,9,2019-03-01
2580,11019,1,2019-02-27
2582,11019,4,2019-02-27
3571,11019,1,2019-03-22
3890,11019,3,2019-03-29
4319,11019,9,2019-04-08
2581,11020,2,2019-02-27
2632,11020,9,2019-03-01
2583,11021,2,2019-02-27
2636,11021,9,2019-03-01
2584,11022,1,2019-02-27
2588,11022,4,2019-02-27
2759,11022,1,2019-03-06
2859,11022,4,2019-03-07
4140,11022,3,2019-04-03
4725,11022,9,2019-04-17
2592,11023,1,2019-02-27
2595,11023,4,2019-02-27
2626,11023,3,2019-03-01
2685,11023,9,2019-03-04
2606,11024,1,2019-02-28
2607,11024,4,2019-02-28
3950,11024,1,2019-04-01
4279,11024,3,2019-04-05
4320,11024,9,2019-04-08
2610,11025,2,2019-02-28
2719,11025,9,2019-03-05
2616,11026,2,2019-02-28
2633,11026,9,2019-03-01
2617,11027,2,2019-02-28
2637,11027,9,2019-03-01
2618,11028,2,2019-02-28
2639,11028,9,2019-03-01
2619,11029,2,2019-02-28
2644,11029,9,2019-03-01
2620,11030,2,2019-02-28
2647,11030,9,2019-03-01
2621,11031,2,2019-02-28
2648,11031,9,2019-03-01
2624,11032,2,2019-02-28
2650,11032,9,2019-03-01
2634,11033,2,2019-03-01
2670,11033,9,2019-03-04
2635,11034,1,2019-03-01
2641,11034,4,2019-03-01
2665,11034,1,2019-03-04
2674,11034,3,2019-03-04
2698,11034,9,2019-03-05
2638,11035,2,2019-03-01
2671,11035,9,2019-03-04
2640,11036,2,2019-03-01
2672,11036,9,2019-03-04
2642,11037,2,2019-03-01
2653,11037,9,2019-03-01
2645,11038,2,2019-03-01
2673,11038,9,2019-03-04
2646,11039,2,2019-03-01
2675,11039,9,2019-03-04
2649,11040,2,2019-03-01
2655,11040,9,2019-03-01
2651,11041,2,2019-03-01
2676,11041,9,2019-03-04
2652,11042,2,2019-03-01
2677,11042,9,2019-03-04
2656,11043,2,2019-03-01
2678,11043,9,2019-03-04
2657,11044,2,2019-03-01
2679,11044,9,2019-03-04
2658,11045,2,2019-03-01
2681,11045,9,2019-03-04
2659,11046,2,2019-03-01
2682,11046,9,2019-03-04
2660,11047,1,2019-03-01
2664,11047,4,2019-03-01
3007,11047,3,2019-03-13
3077,11047,4,2019-03-14
3647,11047,3,2019-03-26
3697,11047,9,2019-03-27
2661,11048,2,2019-03-01
2683,11048,9,2019-03-04
2663,11049,2,2019-03-01
2684,11049,9,2019-03-04
2686,11050,2,2019-03-04
2688,11050,9,2019-03-04
2689,11051,2,2019-03-04
2710,11051,9,2019-03-05
2690,11052,2,2019-03-04
2711,11052,9,2019-03-05
2691,11053,2,2019-03-04
2712,11053,9,2019-03-05
2692,11054,1,2019-03-04
2694,11054,9,2019-03-04
2693,11055,2,2019-03-04
2714,11055,9,2019-03-05
2695,11056,2,2019-03-04
2716,11056,9,2019-03-05
2696,11057,2,2019-03-04
2717,11057,9,2019-03-05
2697,11058,2,2019-03-04
2718,11058,9,2019-03-05
2700,11059,1,2019-03-04
2701,11059,9,2019-03-05
2702,11060,1,2019-03-05
2703,11060,4,2019-03-05
2707,11060,9,2019-03-05
2705,11061,1,2019-03-05
2706,11061,4,2019-03-05
2773,11061,1,2019-03-06
3034,11061,9,2019-03-13
2708,11062,1,2019-03-05
2709,11062,4,2019-03-05
2767,11062,3,2019-03-06
2800,11062,9,2019-03-07
2713,11063,1,2019-03-05
2715,11063,4,2019-03-05
3621,11063,1,2019-03-22
3688,11063,4,2019-03-27
3911,11063,9,2019-03-29
2720,11064,2,2019-03-05
2781,11064,9,2019-03-07
2721,11065,1,2019-03-05
2722,11065,9,2019-03-05
2723,11066,2,2019-03-05
2780,11066,9,2019-03-07
2724,11067,1,2019-03-05
2726,11067,4,2019-03-05
3031,11067,9,2019-03-13
2725,11068,2,2019-03-05
2782,11068,9,2019-03-07
2727,11069,2,2019-03-05
2783,11069,9,2019-03-07
2728,11070,2,2019-03-05
2784,11070,9,2019-03-07
2729,11071,2,2019-03-05
2785,11071,9,2019-03-07
2730,11072,2,2019-03-05
2786,11072,9,2019-03-07
2731,11073,2,2019-03-05
2789,11073,9,2019-03-07
2732,11074,2,2019-03-05
2791,11074,9,2019-03-07
2733,11075,2,2019-03-05
2794,11075,9,2019-03-07
2734,11076,2,2019-03-05
2796,11076,9,2019-03-07
2735,11077,2,2019-03-05
2797,11077,9,2019-03-07
2736,11078,2,2019-03-05
2799,11078,9,2019-03-07
2737,11079,2,2019-03-05
2801,11079,9,2019-03-07
2738,11080,2,2019-03-05
2802,11080,9,2019-03-07
2739,11081,2,2019-03-05
2804,11081,9,2019-03-07
2740,11082,2,2019-03-05
4391,11082,9,2019-04-09
2741,11083,2,2019-03-05
3659,11083,9,2019-03-26
2742,11088,1,2019-03-05
2743,11088,4,2019-03-06
2754,11088,1,2019-03-06
2760,11088,9,2019-03-06
2744,11089,1,2019-03-05
2745,11089,4,2019-03-06
2757,11089,1,2019-03-06
2758,11089,9,2019-03-06
2746,11090,2,2019-03-06
2816,11090,9,2019-03-07
2747,11091,2,2019-03-06
2814,11091,9,2019-03-07
2749,11092,2,2019-03-06
2812,11092,9,2019-03-07
2750,11093,2,2019-03-06
2805,11093,9,2019-03-07
2751,11094,2,2019-03-06
2809,11094,9,2019-03-07
2752,11095,2,2019-03-06
2806,11095,9,2019-03-07
2753,11096,2,2019-03-06
3661,11096,9,2019-03-26
2755,11097,2,2019-03-06
2818,11097,9,2019-03-07
2756,11098,2,2019-03-06
3670,11098,9,2019-03-26
2761,11099,2,2019-03-06
2768,11099,9,2019-03-06
2764,11100,1,2019-03-06
2766,11100,9,2019-03-06
2765,11101,2,2019-03-06
3665,11101,9,2019-03-26
2769,11102,2,2019-03-06
3349,11102,9,2019-03-20
2770,11103,2,2019-03-06
2820,11103,9,2019-03-07
2771,11104,2,2019-03-06
2819,11104,9,2019-03-07
2774,11105,2,2019-03-06
2822,11105,9,2019-03-07
2775,11106,2,2019-03-06
2823,11106,9,2019-03-07
2776,11107,2,2019-03-06
2827,11107,9,2019-03-07
2777,11108,2,2019-03-06
2826,11108,9,2019-03-07
2778,11109,1,2019-03-05
2779,11109,4,2019-03-07
2821,11109,1,2019-03-07
2848,11109,4,2019-03-07
3066,11109,1,2019-03-14
3171,11109,3,2019-03-18
4724,11109,9,2019-04-17
2787,11110,1,2019-02-22
2790,11110,4,2019-03-07
3406,11110,1,2019-03-20
3566,11110,9,2019-03-22
2788,11111,2,2019-03-07
2893,11111,9,2019-03-08
2792,11112,2,2019-03-07
2894,11112,9,2019-03-08
2795,11113,2,2019-03-07
2895,11113,9,2019-03-08
2798,11114,2,2019-03-07
2846,11114,9,2019-03-07
2803,11115,2,2019-03-07
2896,11115,9,2019-03-08
2807,11116,2,2019-03-07
2897,11116,9,2019-03-08
2808,11117,1,2019-03-06
2811,11117,4,2019-03-07
2883,11117,1,2019-03-08
3273,11117,3,2019-03-19
4340,11117,9,2019-04-08
2810,11118,2,2019-03-07
2898,11118,9,2019-03-08
2815,11119,2,2019-03-07
2899,11119,9,2019-03-08
2817,11120,2,2019-03-07
2847,11120,9,2019-03-07
2824,11121,1,2019-03-07
2839,11121,3,2019-03-07
2998,11121,1,2019-03-13
3014,11121,3,2019-03-13
3156,11121,9,2019-03-15
2825,11122,2,2019-03-07
2900,11122,9,2019-03-08
2829,11123,2,2019-03-07
2901,11123,9,2019-03-08
2830,11124,2,2019-03-07
2902,11124,9,2019-03-08
2831,11125,2,2019-03-07
2903,11125,9,2019-03-08
2832,11126,2,2019-03-07
2904,11126,9,2019-03-08
2833,11127,2,2019-03-07
2905,11127,9,2019-03-08
2834,11128,2,2019-03-07
2906,11128,9,2019-03-08
2835,11129,1,2019-03-07
2841,11129,4,2019-03-07
2974,11129,9,2019-03-12
2836,11130,2,2019-03-07
2907,11130,9,2019-03-08
2837,11131,2,2019-03-07
2908,11131,9,2019-03-08
2838,11132,2,2019-03-07
2909,11132,9,2019-03-08
2840,11133,2,2019-03-07
2910,11133,9,2019-03-08
2842,11134,2,2019-03-07
2912,11134,9,2019-03-08
2843,11135,1,2019-03-07
2845,11135,4,2019-03-07
2968,11135,3,2019-03-12
3067,11135,9,2019-03-14
2844,11136,2,2019-03-07
2915,11136,9,2019-03-12
2849,11137,1,2019-03-07
2850,11137,4,2019-03-07
2876,11137,1,2019-03-08
2886,11137,9,2019-03-08
2851,11138,1,2019-03-07
2913,11138,9,2019-03-08
2852,11139,2,2019-03-07
2858,11139,9,2019-03-07
2853,11140,2,2019-03-07
2916,11140,9,2019-03-12
2854,11141,2,2019-03-07
2917,11141,9,2019-03-12
2855,11142,2,2019-03-07
2918,11142,9,2019-03-12
2856,11143,2,2019-03-07
2881,11143,9,2019-03-08
2857,11144,2,2019-03-07
2919,11144,9,2019-03-12
2860,11145,2,2019-03-07
2920,11145,9,2019-03-12
2861,11149,2,2019-03-07
2921,11149,9,2019-03-12
2862,11150,2,2019-03-07
2924,11150,9,2019-03-12
2863,11151,2,2019-03-07
2925,11151,9,2019-03-12
2864,11152,2,2019-03-07
2926,11152,9,2019-03-12
2865,11153,2,2019-03-07
2927,11153,9,2019-03-12
2866,11154,2,2019-03-07
2928,11154,9,2019-03-12
2867,11155,2,2019-03-07
2929,11155,9,2019-03-12
2868,11156,2,2019-03-07
2930,11156,9,2019-03-12
2869,11157,2,2019-03-07
2932,11157,9,2019-03-12
2870,11158,2,2019-03-07
2933,11158,9,2019-03-12
2871,11159,2,2019-03-07
2934,11159,9,2019-03-12
2872,11160,2,2019-03-07
2935,11160,9,2019-03-12
2874,11161,2,2019-03-08
3666,11161,9,2019-03-26
2878,11162,2,2019-03-08
2960,11162,9,2019-03-12
2880,11163,2,2019-03-08
2961,11163,9,2019-03-12
2882,11164,2,2019-03-08
2962,11164,9,2019-03-12
2884,11165,2,2019-03-08
2963,11165,9,2019-03-12
2885,11166,2,2019-03-08
2964,11166,9,2019-03-12
2887,11167,2,2019-03-08
2965,11167,9,2019-03-12
2888,11168,2,2019-03-08
4272,11168,9,2019-04-05
2889,11169,2,2019-03-08
2966,11169,9,2019-03-12
2890,11170,2,2019-03-08
2969,11170,9,2019-03-12
2891,11171,2,2019-03-08
2940,11171,9,2019-03-12
2914,11172,1,2019-03-08
3002,11172,9,2019-03-13
2931,11173,1,2019-03-12
2937,11173,4,2019-03-12
3078,11173,1,2019-03-14
3135,11173,3,2019-03-15
4338,11173,9,2019-04-08
2936,11174,1,2019-03-12
2938,11174,4,2019-03-12
3324,11174,1,2019-03-20
3643,11174,3,2019-03-26
3748,11174,9,2019-03-28
2939,11175,2,2019-03-12
3277,11175,9,2019-03-19
2941,11176,1,2019-03-12
2942,11176,4,2019-03-12
3570,11176,1,2019-03-22
3910,11176,3,2019-03-29
4412,11176,4,2019-04-09
4869,11176,9,2019-04-18
2943,11177,2,2019-03-12
3276,11177,9,2019-03-19
2945,11178,2,2019-03-12
3246,11178,9,2019-03-18
2946,11179,2,2019-03-12
3243,11179,9,2019-03-18
2947,11180,2,2019-03-12
3195,11180,9,2019-03-18
2948,11181,2,2019-03-12
2983,11181,9,2019-03-12
2949,11182,2,2019-03-12
3241,11182,9,2019-03-18
2950,11183,2,2019-03-12
3240,11183,9,2019-03-18
2951,11184,2,2019-03-12
3237,11184,9,2019-03-18
2952,11185,2,2019-03-12
3232,11185,9,2019-03-18
2953,11186,2,2019-03-12
3226,11186,9,2019-03-18
2954,11187,2,2019-03-12
3215,11187,9,2019-03-18
2955,11188,2,2019-03-12
3208,11188,9,2019-03-18
2956,11189,2,2019-03-12
3181,11189,9,2019-03-18
2957,11190,2,2019-03-12
3182,11190,9,2019-03-18
2958,11191,2,2019-03-12
3194,11191,9,2019-03-18
2959,11192,2,2019-03-12
3192,11192,9,2019-03-18
2967,11193,2,2019-03-12
3191,11193,9,2019-03-18
2970,11194,2,2019-03-12
3266,11194,9,2019-03-19
2971,11195,2,2019-03-12
3264,11195,9,2019-03-19
2972,11196,2,2019-03-12
3668,11196,9,2019-03-26
2973,11197,2,2019-03-12
3263,11197,9,2019-03-19
2975,11198,2,2019-03-12
3262,11198,9,2019-03-19
2976,11199,2,2019-03-12
3261,11199,9,2019-03-19
2977,11200,2,2019-03-12
3218,11200,9,2019-03-18
2978,11201,2,2019-03-12
3212,11201,9,2019-03-18
2979,11202,2,2019-03-12
3207,11202,9,2019-03-18
2980,11203,2,2019-03-12
3423,11203,9,2019-03-20
2981,11204,2,2019-03-12
3424,11204,9,2019-03-20
2982,11205,2,2019-03-12
3202,11205,9,2019-03-18
2984,11206,2,2019-03-12
3199,11206,9,2019-03-18
2985,11207,2,2019-03-12
3197,11207,9,2019-03-18
2986,11208,2,2019-03-12
3304,11208,9,2019-03-19
2987,11209,2,2019-03-12
3301,11209,9,2019-03-19
2988,11210,2,2019-03-12
3299,11210,9,2019-03-19
2989,11211,2,2019-03-12
3210,11211,9,2019-03-18
2990,11212,2,2019-03-12
3297,11212,9,2019-03-19
2991,11213,2,2019-03-12
3292,11213,9,2019-03-19
2992,11214,2,2019-03-12
3284,11214,9,2019-03-19
2993,11215,2,2019-03-12
3287,11215,9,2019-03-19
2994,11216,2,2019-03-12
3283,11216,9,2019-03-19
2995,11217,2,2019-03-12
3281,11217,9,2019-03-19
2996,11218,2,2019-03-12
3280,11218,9,2019-03-19
2997,11219,2,2019-03-12
3278,11219,9,2019-03-19
3000,11220,1,2019-03-12
3003,11220,9,2019-03-13
3001,11221,1,2019-03-12
3004,11221,9,2019-03-13
3006,11222,2,2019-03-13
3203,11222,9,2019-03-18
3008,11223,2,2019-03-13
3201,11223,9,2019-03-18
3009,11224,2,2019-03-13
3200,11224,9,2019-03-18
3010,11225,2,2019-03-13
3198,11225,9,2019-03-18
3011,11226,2,2019-03-13
3196,11226,9,2019-03-18
3012,11227,2,2019-03-13
3238,11227,9,2019-03-18
3013,11228,2,2019-03-13
3236,11228,9,2019-03-18
3015,11229,2,2019-03-13
3234,11229,9,2019-03-18
3016,11230,2,2019-03-13
3231,11230,9,2019-03-18
3017,11231,2,2019-03-13
3229,11231,9,2019-03-18
3018,11232,2,2019-03-13
3228,11232,9,2019-03-18
3019,11233,2,2019-03-13
3227,11233,9,2019-03-18
3020,11234,2,2019-03-13
3224,11234,9,2019-03-18
3021,11235,2,2019-03-13
3222,11235,9,2019-03-18
3022,11236,2,2019-03-13
3221,11236,9,2019-03-18
3023,11237,2,2019-03-13
3217,11237,9,2019-03-18
3024,11238,2,2019-03-13
3360,11238,9,2019-03-20
3025,11239,2,2019-03-13
3214,11239,9,2019-03-18
3027,11240,2,2019-03-13
3211,11240,9,2019-03-18
3028,11241,2,2019-03-13
3209,11241,9,2019-03-18
3029,11242,2,2019-03-13
3206,11242,9,2019-03-18
3030,11243,2,2019-03-13
3205,11243,9,2019-03-18
3035,11244,1,2019-03-12
3076,11244,4,2019-03-14
3125,11244,1,2019-03-15
3173,11244,3,2019-03-18
4337,11244,9,2019-04-08
3036,11245,2,2019-03-13
3640,11245,9,2019-03-26
3037,11246,2,2019-03-13
3204,11246,9,2019-03-18
3038,11247,2,2019-03-13
3193,11247,9,2019-03-18
3039,11248,2,2019-03-13
3190,11248,9,2019-03-18
3040,11249,2,2019-03-13
3189,11249,9,2019-03-18
3041,11250,2,2019-03-13
3188,11250,9,2019-03-18
3042,11251,2,2019-03-13
3187,11251,9,2019-03-18
3043,11252,2,2019-03-13
3185,11252,9,2019-03-18
3044,11253,2,2019-03-13
3184,11253,9,2019-03-18
3045,11254,2,2019-03-13
3183,11254,9,2019-03-18
3046,11255,2,2019-03-13
3180,11255,9,2019-03-18
3047,11256,2,2019-03-13
3239,11256,9,2019-03-18
3048,11257,2,2019-03-13
3235,11257,9,2019-03-18
3049,11258,2,2019-03-13
3233,11258,9,2019-03-18
3050,11259,2,2019-03-13
3230,11259,9,2019-03-18
3051,11260,2,2019-03-13
3225,11260,9,2019-03-18
3053,11261,2,2019-03-13
3091,11261,9,2019-03-14
3054,11262,2,2019-03-13
3178,11262,9,2019-03-18
3055,11263,2,2019-03-13
3223,11263,9,2019-03-18
3056,11264,2,2019-03-13
3220,11264,9,2019-03-18
3057,11265,2,2019-03-13
3219,11265,9,2019-03-18
3058,11266,2,2019-03-13
3216,11266,9,2019-03-18
3059,11267,2,2019-03-13
3213,11267,9,2019-03-18
3060,11268,1,2019-03-13
3093,11268,3,2019-03-14
3141,11268,9,2019-03-15
3061,11269,1,2019-03-13
3186,11269,9,2019-03-18
3062,11270,1,2019-03-13
3602,11270,3,2019-03-22
4201,11270,9,2019-04-04
3063,11271,2,2019-03-14
3401,11271,9,2019-03-20
3064,11272,2,2019-03-14
3403,11272,9,2019-03-20
3069,11273,2,2019-03-14
3410,11273,9,2019-03-20
3070,11274,2,2019-03-14
3124,11274,9,2019-03-15
3071,11275,2,2019-03-14
3328,11275,9,2019-03-20
3072,11276,2,2019-03-14
3491,11276,9,2019-03-21
3073,11277,2,2019-03-14
3490,11277,9,2019-03-21
3074,11278,2,2019-03-14
3489,11278,9,2019-03-21
3075,11279,2,2019-03-14
3488,11279,9,2019-03-21
3079,11280,2,2019-03-14
3487,11280,9,2019-03-21
3080,11281,2,2019-03-14
3486,11281,9,2019-03-21
3081,11282,2,2019-03-14
3485,11282,9,2019-03-21
3082,11283,2,2019-03-14
3484,11283,9,2019-03-21
3083,11284,2,2019-03-14
3483,11284,9,2019-03-21
3084,11285,2,2019-03-14
3482,11285,9,2019-03-21
3085,11286,2,2019-03-14
3327,11286,9,2019-03-20
3086,11287,2,2019-03-14
3481,11287,9,2019-03-21
3087,11288,2,2019-03-14
3451,11288,9,2019-03-20
3088,11289,2,2019-03-14
3449,11289,9,2019-03-20
3089,11290,2,2019-03-14
3446,11290,9,2019-03-20
3090,11291,2,2019-03-14
3552,11291,9,2019-03-21
3092,11292,2,2019-03-14
3130,11292,9,2019-03-15
3139,11292,2,2019-03-15
3439,11292,9,2019-03-20
3094,11293,2,2019-03-14
3412,11293,9,2019-03-20
3095,11294,2,2019-03-14
3492,11294,9,2019-03-21
3096,11295,2,2019-03-14
3378,11295,9,2019-03-20
3098,11296,1,2019-03-14
3100,11296,4,2019-03-14
3269,11296,1,2019-03-19
4292,11296,3,2019-04-05
4413,11296,9,2019-04-09
3099,11297,2,2019-03-14
3362,11297,9,2019-03-20
3101,11298,2,2019-03-14
3674,11298,9,2019-03-26
3102,11299,2,2019-03-14
3358,11299,9,2019-03-20
3103,11300,2,2019-03-14
3353,11300,9,2019-03-20
3104,11301,2,2019-03-14
3407,11301,9,2019-03-20
3105,11302,1,2019-03-14
3123,11302,4,2019-03-15
3146,11302,1,2019-03-15
3275,11302,3,2019-03-19
4419,11302,9,2019-04-10
3106,11303,2,2019-03-14
3504,11303,9,2019-03-21
3107,11304,2,2019-03-14
3359,11304,9,2019-03-20
3108,11305,2,2019-03-14
3505,11305,9,2019-03-21
3109,11306,2,2019-03-14
3506,11306,9,2019-03-21
3110,11307,2,2019-03-14
3361,11307,9,2019-03-20
3111,11308,2,2019-03-14
3357,11308,9,2019-03-20
3112,11309,2,2019-03-14
3352,11309,9,2019-03-20
3113,11310,2,2019-03-14
3351,11310,9,2019-03-20
3114,11311,2,2019-03-14
3348,11311,9,2019-03-20
3115,11312,2,2019-03-14
3346,11312,9,2019-03-20
3116,11313,2,2019-03-14
3507,11313,9,2019-03-21
3117,11314,2,2019-03-14
3340,11314,9,2019-03-20
3118,11315,2,2019-03-14
3337,11315,9,2019-03-20
3119,11316,2,2019-03-14
3336,11316,9,2019-03-20
3120,11317,2,2019-03-14
3331,11317,9,2019-03-20
3121,11318,2,2019-03-14
3329,11318,9,2019-03-20
3122,11319,2,2019-03-15
3161,11319,9,2019-03-18
3126,11320,1,2019-03-14
3127,11320,4,2019-03-15
3143,11320,1,2019-03-15
4334,11320,3,2019-04-08
4452,11320,9,2019-04-10
3128,11321,2,2019-03-15
3364,11321,9,2019-03-20
3129,11322,1,2019-03-15
3700,11322,4,2019-03-27
4175,11322,3,2019-04-04
4675,11322,9,2019-04-16
3131,11323,2,2019-03-15
3166,11323,9,2019-03-18
3132,11324,2,2019-03-15
3165,11324,9,2019-03-18
3133,11325,1,2019-03-15
3175,11325,3,2019-03-18
4551,11325,9,2019-04-12
3134,11326,1,2019-03-14
3136,11326,4,2019-03-15
4885,11326,3,2019-04-18
4926,11326,9,2019-04-19
3137,11327,2,2019-03-15
3366,11327,9,2019-03-20
3138,11328,2,2019-03-15
3370,11328,9,2019-03-20
3140,11332,2,2019-03-15
3369,11332,9,2019-03-20
3142,11336,2,2019-03-15
3367,11336,9,2019-03-20
3144,11337,2,2019-03-15
3894,11337,9,2019-03-29
3145,11338,2,2019-03-15
3372,11338,9,2019-03-20
3147,11339,2,2019-03-15
3376,11339,9,2019-03-20
3149,11340,2,2019-03-15
3380,11340,9,2019-03-20
3150,11341,2,2019-03-15
3384,11341,9,2019-03-20
3151,11342,2,2019-03-15
3381,11342,9,2019-03-20
3152,11343,2,2019-03-15
3386,11343,9,2019-03-20
3153,11344,2,2019-03-15
3174,11344,9,2019-03-18
3154,11345,2,2019-03-15
3388,11345,9,2019-03-20
3155,11347,2,2019-03-15
3390,11347,9,2019-03-20
3157,11348,2,2019-03-15
3392,11348,9,2019-03-20
3158,11349,2,2019-03-15
3394,11349,9,2019-03-20
3159,11350,2,2019-03-15
3398,11350,9,2019-03-20
3160,11351,2,2019-03-15
3396,11351,9,2019-03-20
3163,11352,1,2019-03-14
3167,11352,4,2019-03-18
3172,11352,1,2019-03-18
4027,11352,3,2019-04-02
4208,11352,9,2019-04-04
3164,11353,1,2019-03-15
3170,11353,4,2019-03-18
3268,11353,1,2019-03-19
3272,11353,4,2019-03-19
3749,11353,1,2019-03-28
3757,11353,4,2019-03-28
4168,11353,9,2019-04-04
3168,11354,1,2019-03-15
3169,11354,4,2019-03-18
3274,11354,9,2019-03-19
3176,11355,2,2019-03-18
3663,11355,9,2019-03-26
3177,11356,1,2019-03-18
3179,11356,4,2019-03-18
3265,11356,1,2019-03-19
3271,11356,3,2019-03-19
4480,11356,9,2019-04-11
3242,11357,2,2019-03-18
3332,11357,9,2019-03-20
3244,11358,2,2019-03-18
3333,11358,9,2019-03-20
3245,11359,2,2019-03-18
3334,11359,9,2019-03-20
3247,11360,1,2019-03-18
3249,11360,4,2019-03-18
3751,11360,1,2019-03-28
3935,11360,4,2019-04-01
4141,11360,3,2019-04-03
5360,11360,9,2019-05-02
3248,11361,2,2019-03-18
3335,11361,9,2019-03-20
3250,11362,2,2019-03-18
3339,11362,9,2019-03-20
3251,11363,2,2019-03-18
3338,11363,9,2019-03-20
3252,11364,2,2019-03-18
3341,11364,9,2019-03-20
3253,11365,2,2019-03-18
3342,11365,9,2019-03-20
3254,11366,2,2019-03-18
3343,11366,9,2019-03-20
3255,11367,2,2019-03-18
3344,11367,9,2019-03-20
3256,11368,2,2019-03-18
3350,11368,9,2019-03-20
3257,11369,2,2019-03-18
3354,11369,9,2019-03-20
3258,11370,2,2019-03-18
3355,11370,9,2019-03-20
3259,11371,2,2019-03-18
3356,11371,9,2019-03-20
3260,11372,1,2019-03-15
3692,11372,9,2019-03-27
3267,11373,1,2019-03-18
3270,11373,9,2019-03-19
3285,11374,2,2019-03-19
3629,11374,9,2019-03-22
3286,11375,2,2019-03-19
3628,11375,9,2019-03-22
3288,11376,2,2019-03-19
3627,11376,9,2019-03-22
3289,11377,2,2019-03-19
3626,11377,9,2019-03-22
3290,11378,2,2019-03-19
3625,11378,9,2019-03-22
3291,11379,2,2019-03-19
3624,11379,9,2019-03-22
3293,11380,2,2019-03-19
3623,11380,9,2019-03-22
3294,11381,2,2019-03-19
3973,11381,9,2019-04-01
3295,11382,2,2019-03-19
3310,11382,9,2019-03-19
3296,11383,2,2019-03-19
3330,11383,9,2019-03-20
3298,11384,2,2019-03-19
3978,11384,9,2019-04-01
3300,11385,2,2019-03-19
3977,11385,9,2019-04-01
3302,11386,2,2019-03-19
3976,11386,9,2019-04-01
3303,11387,2,2019-03-19
3562,11387,9,2019-03-21
3305,11388,2,2019-03-19
3560,11388,9,2019-03-21
3306,11389,2,2019-03-19
3515,11389,9,2019-03-21
3307,11390,2,2019-03-19
3514,11390,9,2019-03-21
3308,11391,2,2019-03-19
3513,11391,9,2019-03-21
3309,11392,2,2019-03-19
3511,11392,9,2019-03-21
3311,11393,2,2019-03-19
3510,11393,9,2019-03-21
3312,11394,2,2019-03-19
3509,11394,9,2019-03-21
3313,11395,2,2019-03-19
3508,11395,9,2019-03-21
3314,11396,2,2019-03-19
3503,11396,9,2019-03-21
3315,11397,2,2019-03-19
3502,11397,9,2019-03-21
3316,11398,2,2019-03-19
3501,11398,9,2019-03-21
3317,11399,2,2019-03-19
3500,11399,9,2019-03-21
3318,11400,2,2019-03-19
3499,11400,9,2019-03-21
3319,11401,2,2019-03-19
3498,11401,9,2019-03-21
3320,11402,2,2019-03-19
3496,11402,9,2019-03-21
3321,11403,2,2019-03-19
3495,11403,9,2019-03-21
3322,11404,2,2019-03-19
3494,11404,9,2019-03-21
3325,11405,1,2019-03-19
3326,11405,9,2019-03-20
3345,11406,2,2019-03-20
3913,11406,9,2019-04-01
3347,11407,2,2019-03-20
3671,11407,9,2019-03-26
3363,11408,2,2019-03-20
3699,11408,9,2019-03-27
3365,11409,2,2019-03-20
3673,11409,9,2019-03-26
3368,11410,2,2019-03-20
3672,11410,9,2019-03-26
3371,11411,2,2019-03-20
3512,11411,9,2019-03-21
3373,11412,2,2019-03-20
3669,11412,9,2019-03-26
3374,11413,2,2019-03-20
3667,11413,9,2019-03-26
3375,11414,2,2019-03-20
3664,11414,9,2019-03-26
3377,11415,2,2019-03-20
3662,11415,9,2019-03-26
3379,11416,2,2019-03-20
3660,11416,9,2019-03-26
3382,11417,2,2019-03-20
3575,11417,9,2019-03-22
3383,11418,2,2019-03-20
3658,11418,9,2019-03-26
3385,11419,2,2019-03-20
3637,11419,9,2019-03-22
3387,11420,2,2019-03-20
3657,11420,9,2019-03-26
3389,11421,2,2019-03-20
3656,11421,9,2019-03-26
3391,11422,2,2019-03-20
3655,11422,9,2019-03-26
3393,11423,2,2019-03-20
3653,11423,9,2019-03-26
3395,11424,2,2019-03-20
3651,11424,9,2019-03-26
3397,11425,2,2019-03-20
3650,11425,9,2019-03-26
3399,11426,2,2019-03-20
3576,11426,9,2019-03-22
3400,11427,2,2019-03-20
3649,11427,9,2019-03-26
3402,11428,2,2019-03-20
3638,11428,9,2019-03-22
3404,11429,2,2019-03-20
3636,11429,9,2019-03-22
3405,11430,2,2019-03-20
3635,11430,9,2019-03-22
3408,11431,2,2019-03-20
3634,11431,9,2019-03-22
3409,11432,2,2019-03-20
3633,11432,9,2019-03-22
3411,11433,2,2019-03-20
3632,11433,9,2019-03-22
3413,11435,2,2019-03-20
3975,11435,9,2019-04-01
3414,11436,2,2019-03-20
3631,11436,9,2019-03-22
3415,11437,2,2019-03-20
3630,11437,9,2019-03-22
3416,11438,2,2019-03-20
3979,11438,9,2019-04-01
3417,11439,2,2019-03-20
3814,11439,9,2019-03-28
3418,11440,2,2019-03-20
3809,11440,9,2019-03-28
3419,11441,2,2019-03-20
3805,11441,9,2019-03-28
3420,11442,2,2019-03-20
3802,11442,9,2019-03-28
3421,11443,2,2019-03-20
3796,11443,9,2019-03-28
3422,11444,2,2019-03-20
3794,11444,9,2019-03-28
3425,11445,2,2019-03-20
3781,11445,9,2019-03-28
3426,11446,2,2019-03-20
3912,11446,9,2019-03-29
3427,11447,2,2019-03-20
3745,11447,9,2019-03-28
3428,11448,2,2019-03-20
3817,11448,9,2019-03-28
3429,11449,2,2019-03-20
3744,11449,9,2019-03-28
3430,11450,2,2019-03-20
4084,11450,9,2019-04-03
3431,11451,2,2019-03-20
3600,11451,9,2019-03-22
3432,11452,2,2019-03-20
3601,11452,9,2019-03-22
3433,11453,2,2019-03-20
3974,11453,9,2019-04-01
3434,11454,2,2019-03-20
4083,11454,9,2019-04-03
3435,11455,2,2019-03-20
4082,11455,9,2019-04-03
3436,11456,2,2019-03-20
4081,11456,9,2019-04-03
3437,11457,2,2019-03-20
3807,11457,9,2019-03-28
3438,11458,2,2019-03-20
3841,11458,9,2019-03-28
3440,11459,2,2019-03-20
3799,11459,9,2019-03-28
3441,11460,2,2019-03-20
3800,11460,9,2019-03-28
3442,11461,2,2019-03-20
3801,11461,9,2019-03-28
3443,11462,2,2019-03-20
3804,11462,9,2019-03-28
3444,11463,2,2019-03-20
3808,11463,9,2019-03-28
3445,11464,2,2019-03-20
3811,11464,9,2019-03-28
3447,11465,2,2019-03-20
3812,11465,9,2019-03-28
3448,11466,2,2019-03-20
3742,11466,9,2019-03-28
3450,11467,2,2019-03-20
3815,11467,9,2019-03-28
3452,11468,2,2019-03-20
3816,11468,9,2019-03-28
3453,11469,2,2019-03-20
3820,11469,9,2019-03-28
3454,11470,2,2019-03-20
3821,11470,9,2019-03-28
3455,11471,2,2019-03-20
3822,11471,9,2019-03-28
3456,11472,2,2019-03-20
3823,11472,9,2019-03-28
3457,11473,2,2019-03-20
3826,11473,9,2019-03-28
3458,11474,2,2019-03-20
3830,11474,9,2019-03-28
3459,11475,2,2019-03-20
3833,11475,9,2019-03-28
3460,11476,2,2019-03-20
3834,11476,9,2019-03-28
3461,11477,2,2019-03-20
3836,11477,9,2019-03-28
3462,11478,2,2019-03-20
3844,11478,9,2019-03-28
3463,11479,2,2019-03-20
3837,11479,9,2019-03-28
3464,11480,2,2019-03-20
3846,11480,9,2019-03-28
3465,11481,2,2019-03-20
3848,11481,9,2019-03-28
3466,11482,2,2019-03-20
3849,11482,9,2019-03-28
3467,11483,2,2019-03-20
3778,11483,9,2019-03-28
3468,11484,2,2019-03-20
3775,11484,9,2019-03-28
3469,11485,2,2019-03-20
3773,11485,9,2019-03-28
3470,11486,2,2019-03-20
3772,11486,9,2019-03-28
3471,11487,1,2019-03-20
4889,11487,2,2019-04-18
4892,11487,9,2019-04-18
3472,11488,2,2019-03-20
3765,11488,9,2019-03-28
3473,11489,2,2019-03-20
3764,11489,9,2019-03-28
3474,11490,2,2019-03-20
3763,11490,9,2019-03-28
3475,11491,2,2019-03-20
3771,11491,9,2019-03-28
3476,11492,2,2019-03-20
3770,11492,9,2019-03-28
3477,11493,2,2019-03-20
3762,11493,9,2019-03-28
3478,11494,2,2019-03-21
3769,11494,9,2019-03-28
3479,11495,2,2019-03-21
3768,11495,9,2019-03-28
3480,11496,2,2019-03-21
3767,11496,9,2019-03-28
3497,11497,2,2019-03-21
3611,11497,9,2019-03-22
3516,11498,1,2019-03-21
3540,11498,4,2019-03-21
3572,11498,1,2019-03-22
4429,11498,3,2019-04-10
4923,11498,9,2019-04-19
3517,11499,2,2019-03-21
3766,11499,9,2019-03-28
3518,11500,2,2019-03-21
3994,11500,9,2019-04-02
3519,11501,2,2019-03-21
3995,11501,9,2019-04-02
3520,11502,2,2019-03-21
3996,11502,9,2019-04-02
3521,11504,1,2019-03-21
4434,11504,3,2019-04-10
4840,11504,9,2019-04-18
3522,11505,2,2019-03-21
3998,11505,9,2019-04-02
3523,11506,2,2019-03-21
4043,11506,9,2019-04-02
3524,11507,2,2019-03-21
3999,11507,9,2019-04-02
3525,11508,2,2019-03-21
3990,11508,9,2019-04-01
3526,11509,2,2019-03-21
3991,11509,9,2019-04-01
3527,11510,2,2019-03-21
3992,11510,9,2019-04-01
3528,11511,2,2019-03-21
3940,11511,9,2019-04-01
3529,11512,2,2019-03-21
4097,11512,9,2019-04-03
3530,11513,2,2019-03-21
3553,11513,9,2019-03-21
3531,11514,2,2019-03-21
3554,11514,9,2019-03-21
3532,11515,2,2019-03-21
3993,11515,9,2019-04-01
3533,11516,2,2019-03-21
3980,11516,9,2019-04-01
3534,11517,2,2019-03-21
3981,11517,9,2019-04-01
3535,11518,2,2019-03-21
3683,11518,9,2019-03-27
3536,11519,2,2019-03-21
3982,11519,9,2019-04-01
3537,11520,2,2019-03-21
3983,11520,9,2019-04-01
3538,11521,2,2019-03-21
3984,11521,9,2019-04-01
3539,11522,2,2019-03-21
3985,11522,9,2019-04-01
3541,11523,2,2019-03-21
3891,11523,9,2019-03-29
3542,11524,2,2019-03-21
3986,11524,9,2019-04-01
3543,11525,2,2019-03-21
3987,11525,9,2019-04-01
3544,11526,2,2019-03-21
3972,11526,9,2019-04-01
3545,11527,2,2019-03-21
3988,11527,9,2019-04-01
3546,11528,2,2019-03-21
3989,11528,9,2019-04-01
3547,11529,2,2019-03-21
4078,11529,9,2019-04-02
3548,11530,2,2019-03-21
4076,11530,9,2019-04-02
3549,11531,2,2019-03-21
4075,11531,9,2019-04-02
3550,11532,2,2019-03-21
4071,11532,9,2019-04-02
3551,11533,2,2019-03-21
4054,11533,9,2019-04-02
3555,11535,2,2019-03-21
4040,11535,9,2019-04-02
3556,11536,2,2019-03-21
4035,11536,9,2019-04-02
3557,11537,2,2019-03-21
4032,11537,9,2019-04-02
3558,11538,2,2019-03-21
4030,11538,9,2019-04-02
3559,11539,2,2019-03-21
3698,11539,9,2019-03-27
3561,11540,2,2019-03-21
4029,11540,9,2019-04-02
3563,11541,2,2019-03-21
3574,11541,9,2019-03-22
3564,11542,2,2019-03-21
4024,11542,9,2019-04-02
3565,11543,2,2019-03-21
3938,11543,9,2019-04-01
3569,11544,2,2019-03-22
3939,11544,9,2019-04-01
3573,11545,1,2019-03-22
3577,11545,9,2019-03-22
3579,11546,2,2019-03-22
3941,11546,9,2019-04-01
3580,11547,2,2019-03-22
3906,11547,9,2019-03-29
3581,11548,1,2019-03-21
3583,11548,4,2019-03-22
3622,11548,1,2019-03-22
3758,11548,9,2019-03-28
3582,11549,2,2019-03-22
3942,11549,9,2019-04-01
3584,11550,2,2019-03-22
3943,11550,9,2019-04-01
3585,11551,2,2019-03-22
3944,11551,9,2019-04-01
3586,11552,2,2019-03-22
3945,11552,9,2019-04-01
3587,11553,2,2019-03-22
3946,11553,9,2019-04-01
3588,11554,2,2019-03-22
3948,11554,9,2019-04-01
3589,11555,2,2019-03-22
3949,11555,9,2019-04-01
3590,11556,2,2019-03-22
3951,11556,9,2019-04-01
3591,11557,2,2019-03-22
3952,11557,9,2019-04-01
3592,11558,2,2019-03-22
3953,11558,9,2019-04-01
3593,11559,2,2019-03-22
3724,11559,9,2019-03-27
3594,11560,2,2019-03-22
3729,11560,9,2019-03-27
3595,11561,2,2019-03-22
3954,11561,9,2019-04-01
3596,11562,2,2019-03-22
3955,11562,9,2019-04-01
3597,11563,2,2019-03-22
3956,11563,9,2019-04-01
3598,11564,2,2019-03-22
3957,11564,9,2019-04-01
3599,11565,2,2019-03-22
4095,11565,9,2019-04-03
3603,11566,2,2019-03-22
3958,11566,9,2019-04-01
3604,11567,2,2019-03-22
3959,11567,9,2019-04-01
3605,11568,2,2019-03-22
3892,11568,9,2019-03-29
3606,11569,2,2019-03-22
3960,11569,9,2019-04-01
3607,11570,1,2019-03-22
3639,11570,4,2019-03-26
4324,11570,1,2019-04-08
4385,11570,4,2019-04-08
4401,11570,3,2019-04-09
5072,11570,9,2019-04-22
3608,11571,2,2019-03-22
3858,11571,9,2019-03-28
3609,11572,2,2019-03-22
3961,11572,9,2019-04-01
3610,11573,2,2019-03-22
3962,11573,9,2019-04-01
3612,11574,2,2019-03-22
3963,11574,9,2019-04-01
3613,11575,2,2019-03-22
3964,11575,9,2019-04-01
3614,11576,2,2019-03-22
3965,11576,9,2019-04-01
3615,11577,2,2019-03-22
3966,11577,9,2019-04-01
3616,11578,2,2019-03-22
3967,11578,9,2019-04-01
3617,11579,2,2019-03-22
3968,11579,9,2019-04-01
3618,11580,2,2019-03-22
3970,11580,9,2019-04-01
3619,11581,2,2019-03-22
3733,11581,9,2019-03-27
3620,11582,2,2019-03-22
3695,11582,9,2019-03-27
3641,11583,2,2019-03-26
3971,11583,9,2019-04-01
3648,11584,2,2019-03-26
3761,11584,9,2019-03-28
3652,11585,9,2019-03-26
3654,11585,2,2019-03-26
3903,11585,9,2019-03-29
3676,11586,1,2019-03-26
3693,11586,9,2019-03-27
3677,11587,1,2019-03-26
3678,11587,4,2019-03-27
5135,11587,1,2019-04-23
5141,11587,4,2019-04-23
5283,11587,9,2019-04-25
3679,11588,2,2019-03-27
3877,11588,9,2019-03-29
3680,11589,2,2019-03-27
4100,11589,9,2019-04-03
3681,11590,1,2019-03-27
3682,11590,4,2019-03-27
4321,11590,1,2019-04-08
4511,11590,9,2019-04-11
3684,11591,2,2019-03-27
4101,11591,9,2019-04-03
3685,11592,2,2019-03-27
4102,11592,9,2019-04-03
3686,11593,1,2019-03-27
3754,11593,9,2019-03-28
3687,11594,2,2019-03-27
4103,11594,9,2019-04-03
3690,11595,2,2019-03-27
4104,11595,9,2019-04-03
3691,11596,2,2019-03-27
4105,11596,9,2019-04-03
3694,11597,2,2019-03-27
4107,11597,9,2019-04-03
3696,11598,2,2019-03-27
4111,11598,9,2019-04-03
3701,11599,2,2019-03-27
3883,11599,9,2019-03-29
3702,11600,2,2019-03-27
4112,11600,9,2019-04-03
3703,11601,2,2019-03-27
4113,11601,9,2019-04-03
3704,11602,2,2019-03-27
4116,11602,9,2019-04-03
3705,11603,2,2019-03-27
3889,11603,9,2019-03-29
3706,11604,2,2019-03-27
4007,11604,9,2019-04-02
3707,11605,2,2019-03-27
4013,11605,9,2019-04-02
3708,11606,2,2019-03-27
4010,11606,9,2019-04-02
3709,11607,2,2019-03-27
4011,11607,9,2019-04-02
3710,11608,2,2019-03-27
4012,11608,9,2019-04-02
3711,11609,2,2019-03-27
4014,11609,9,2019-04-02
3712,11610,2,2019-03-27
3905,11610,9,2019-03-29
3713,11611,2,2019-03-27
4087,11611,9,2019-04-03
3714,11612,2,2019-03-27
4015,11612,9,2019-04-02
3715,11613,2,2019-03-27
4016,11613,9,2019-04-02
3716,11614,2,2019-03-27
4018,11614,9,2019-04-02
3717,11615,2,2019-03-27
4019,11615,9,2019-04-02
3718,11616,2,2019-03-27
4020,11616,9,2019-04-02
3719,11617,2,2019-03-27
4022,11617,9,2019-04-02
3720,11618,2,2019-03-27
4023,11618,9,2019-04-02
3721,11619,2,2019-03-27
4042,11619,9,2019-04-02
3722,11620,2,2019-03-27
4025,11620,9,2019-04-02
3723,11621,2,2019-03-27
4026,11621,9,2019-04-02
3725,11622,2,2019-03-27
4028,11622,9,2019-04-02
3726,11623,2,2019-03-27
4031,11623,9,2019-04-02
3727,11624,2,2019-03-27
4034,11624,9,2019-04-02
3728,11625,2,2019-03-27
4036,11625,9,2019-04-02
3730,11626,2,2019-03-27
4038,11626,9,2019-04-02
3731,11627,2,2019-03-27
4039,11627,9,2019-04-02
3732,11628,2,2019-03-27
4041,11628,9,2019-04-02
3734,11629,1,2019-03-27
4263,11629,4,2019-04-04
4478,11629,1,2019-04-10
4970,11629,3,2019-04-19
5393,11629,9,2019-05-03
3736,11630,2,2019-03-28
3915,11630,9,2019-04-01
3737,11631,2,2019-03-28
4046,11631,9,2019-04-02
3738,11632,2,2019-03-28
4047,11632,9,2019-04-02
3739,11633,2,2019-03-28
4048,11633,9,2019-04-02
3740,11634,2,2019-03-28
4049,11634,9,2019-04-02
3743,11635,1,2019-03-26
4045,11635,3,2019-04-02
4952,11635,9,2019-04-19
3746,11636,2,2019-03-28
4050,11636,9,2019-04-02
3747,11637,2,2019-03-28
4051,11637,9,2019-04-02
3752,11638,2,2019-03-28
4052,11638,9,2019-04-02
3755,11639,1,2019-03-28
3876,11639,9,2019-03-29
3759,11640,1,2019-03-28
3760,11640,4,2019-03-28
4008,11640,9,2019-04-02
3774,11641,2,2019-03-28
3824,11641,9,2019-03-28
3776,11642,2,2019-03-28
3919,11642,9,2019-04-01
3777,11643,2,2019-03-28
3851,11643,9,2019-03-28
3779,11644,2,2019-03-28
3843,11644,9,2019-03-28
3780,11645,2,2019-03-28
3861,11645,9,2019-03-28
3782,11646,2,2019-03-28
3829,11646,9,2019-03-28
3783,11647,2,2019-03-28
3867,11647,9,2019-03-28
3784,11648,2,2019-03-28
3852,11648,9,2019-03-28
3785,11649,2,2019-03-28
3835,11649,9,2019-03-28
3787,11650,2,2019-03-28
3870,11650,9,2019-03-28
3788,11651,2,2019-03-28
3874,11651,9,2019-03-28
3789,11652,2,2019-03-28
3840,11652,9,2019-03-28
3790,11653,2,2019-03-28
3921,11653,9,2019-04-01
3791,11654,2,2019-03-28
3900,11654,9,2019-03-29
3792,11655,2,2019-03-28
3875,11655,9,2019-03-28
3793,11656,2,2019-03-28
3873,11656,9,2019-03-28
3795,11657,2,2019-03-28
3872,11657,9,2019-03-28
3797,11658,2,2019-03-28
3871,11658,9,2019-03-28
3798,11659,2,2019-03-28
3869,11659,9,2019-03-28
3803,11660,2,2019-03-28
3868,11660,9,2019-03-28
3806,11661,2,2019-03-28
3866,11661,9,2019-03-28
3810,11662,2,2019-03-28
3865,11662,9,2019-03-28
3813,11663,2,2019-03-28
3864,11663,9,2019-03-28
3818,11664,2,2019-03-28
3863,11664,9,2019-03-28
3819,11665,2,2019-03-28
3862,11665,9,2019-03-28
3825,11666,2,2019-03-28
3860,11666,9,2019-03-28
3827,11667,2,2019-03-28
3859,11667,9,2019-03-28
3828,11668,2,2019-03-28
4055,11668,9,2019-04-02
3831,11669,2,2019-03-28
4056,11669,9,2019-04-02
3832,11670,2,2019-03-28
4057,11670,9,2019-04-02
3838,11672,2,2019-03-28
4058,11672,9,2019-04-02
3839,11673,2,2019-03-28
3857,11673,9,2019-03-28
3842,11674,2,2019-03-28
4059,11674,9,2019-04-02
3845,11675,2,2019-03-28
3856,11675,9,2019-03-28
3847,11676,2,2019-03-28
4060,11676,9,2019-04-02
3850,11677,2,2019-03-28
3855,11677,9,2019-03-28
3853,11678,2,2019-03-28
3854,11678,9,2019-03-28
3878,11679,2,2019-03-29
3895,11679,9,2019-03-29
3879,11680,2,2019-03-29
3896,11680,9,2019-03-29
3881,11681,2,2019-03-29
4061,11681,9,2019-04-02
3882,11682,2,2019-03-29
3897,11682,9,2019-03-29
3884,11683,2,2019-03-29
3898,11683,9,2019-03-29
3885,11684,2,2019-03-29
3899,11684,9,2019-03-29
3886,11685,2,2019-03-29
3901,11685,9,2019-03-29
3887,11686,2,2019-03-29
3902,11686,9,2019-03-29
3888,11687,2,2019-03-29
3904,11687,9,2019-03-29
3893,11688,1,2019-03-27
3925,11688,4,2019-04-01
4009,11688,1,2019-04-02
4017,11688,4,2019-04-02
4987,11688,3,2019-04-19
5213,11688,9,2019-04-24
3907,11689,2,2019-03-29
4062,11689,9,2019-04-02
3908,11690,2,2019-03-29
4063,11690,9,2019-04-02
3909,11691,2,2019-03-29
4065,11691,9,2019-04-02
3914,11692,1,2019-03-07
3969,11692,3,2019-04-01
4092,11692,9,2019-04-03
3916,11693,1,2019-03-28
4115,11693,4,2019-04-03
4134,11693,1,2019-04-03
4284,11693,9,2019-04-05
3918,11694,1,2019-03-29
4677,11694,9,2019-04-16
3920,11695,1,2019-03-28
3922,11695,4,2019-04-01
4106,11695,9,2019-04-03
3923,11696,1,2019-03-29
3924,11696,4,2019-04-01
3934,11696,9,2019-04-01
3926,11697,1,2019-04-01
3931,11697,4,2019-04-01
4322,11697,1,2019-04-08
4411,11697,3,2019-04-09
4825,11697,4,2019-04-18
4995,11697,9,2019-04-19
3927,11698,2,2019-04-01
4085,11698,9,2019-04-03
3928,11699,1,2019-03-29
3929,11699,4,2019-04-01
4170,11699,1,2019-04-04
4273,11699,9,2019-04-05
3930,11700,2,2019-04-01
4000,11700,9,2019-04-02
3932,11701,1,2019-04-01
3933,11701,4,2019-04-01
3936,11701,1,2019-04-01
5329,11701,9,2019-04-25
3937,11702,1,2019-03-29
3947,11702,4,2019-04-01
4450,11702,1,2019-04-10
4512,11702,3,2019-04-11
5022,11702,9,2019-04-22
3997,11703,2,2019-04-02
4086,11703,9,2019-04-03
4001,11704,2,2019-04-02
4088,11704,9,2019-04-03
4002,11705,2,2019-04-02
4089,11705,9,2019-04-03
4003,11706,2,2019-04-02
4090,11706,9,2019-04-03
4004,11707,2,2019-04-02
4006,11707,9,2019-04-02
4005,11708,1,2019-04-01
4323,11708,9,2019-04-08
4021,11709,2,2019-04-02
4271,11709,9,2019-04-04
4033,11710,2,2019-04-02
4270,11710,9,2019-04-04
4037,11711,2,2019-04-02
4269,11711,9,2019-04-04
4044,11712,2,2019-04-02
4278,11712,9,2019-04-05
4064,11715,2,2019-04-02
4268,11715,9,2019-04-04
4066,11716,2,2019-04-02
4267,11716,9,2019-04-04
4067,11717,2,2019-04-02
4266,11717,9,2019-04-04
4068,11718,2,2019-04-02
4265,11718,9,2019-04-04
4069,11719,2,2019-04-02
4264,11719,9,2019-04-04
4070,11720,2,2019-04-02
4253,11720,9,2019-04-04
4072,11721,2,2019-04-02
4249,11721,9,2019-04-04
4073,11722,2,2019-04-02
4246,11722,9,2019-04-04
4074,11723,2,2019-04-02
4219,11723,9,2019-04-04
4077,11724,2,2019-04-02
4243,11724,9,2019-04-04
4079,11725,2,2019-04-02
4240,11725,9,2019-04-04
4080,11726,2,2019-04-02
4227,11726,9,2019-04-04
4091,11727,2,2019-04-03
4218,11727,9,2019-04-04
4093,11728,2,2019-04-03
4216,11728,9,2019-04-04
4094,11729,2,2019-04-03
4212,11729,9,2019-04-04
4096,11730,2,2019-04-03
4210,11730,9,2019-04-04
4098,11731,2,2019-04-03
4237,11731,9,2019-04-04
4099,11732,2,2019-04-03
4117,11732,9,2019-04-03
4108,11733,1,2019-04-02
4110,11733,4,2019-04-03
4509,11733,9,2019-04-11
4109,11734,1,2019-04-03
4118,11734,4,2019-04-03
4123,11734,9,2019-04-03
4114,11735,1,2019-04-02
4119,11735,4,2019-04-03
4124,11735,9,2019-04-03
4120,11736,2,2019-04-03
4239,11736,9,2019-04-04
4121,11737,1,2019-04-03
4122,11737,4,2019-04-03
4139,11737,1,2019-04-03
4414,11737,4,2019-04-09
4430,11737,3,2019-04-10
5261,11737,4,2019-04-25
5460,11737,9,2019-05-09
4125,11738,2,2019-04-03
4571,11738,9,2019-04-12
4126,11739,1,2019-04-03
4127,11739,4,2019-04-03
4342,11739,1,2019-04-08
4424,11739,3,2019-04-10
4426,11739,9,2019-04-10
4128,11740,2,2019-04-03
4144,11740,9,2019-04-03
4129,11741,2,2019-04-03
4285,11741,9,2019-04-05
4130,11742,2,2019-04-03
4147,11742,9,2019-04-03
4131,11743,2,2019-04-03
4220,11743,9,2019-04-04
4132,11744,2,2019-04-03
4221,11744,9,2019-04-04
4133,11745,2,2019-04-03
4222,11745,9,2019-04-04
4135,11746,2,2019-04-03
4223,11746,9,2019-04-04
4136,11747,2,2019-04-03
4224,11747,9,2019-04-04
4137,11748,2,2019-04-03
4225,11748,9,2019-04-04
4138,11749,2,2019-04-03
4226,11749,9,2019-04-04
4142,11750,2,2019-04-03
4228,11750,9,2019-04-04
4143,11751,2,2019-04-03
4229,11751,9,2019-04-04
4145,11752,1,2019-04-03
4169,11752,9,2019-04-04
4146,11753,2,2019-04-03
4230,11753,9,2019-04-04
4148,11754,2,2019-04-03
4231,11754,9,2019-04-04
4149,11755,2,2019-04-03
4232,11755,9,2019-04-04
4150,11756,2,2019-04-03
4234,11756,9,2019-04-04
4151,11757,2,2019-04-03
4235,11757,9,2019-04-04
4152,11758,2,2019-04-03
4236,11758,9,2019-04-04
4153,11759,2,2019-04-03
4287,11759,9,2019-04-05
4154,11760,2,2019-04-03
4188,11760,9,2019-04-04
4155,11761,2,2019-04-03
4288,11761,9,2019-04-05
4156,11762,2,2019-04-03
4289,11762,9,2019-04-05
4157,11763,2,2019-04-03
4290,11763,9,2019-04-05
4158,11764,2,2019-04-03
4291,11764,9,2019-04-05
4159,11765,2,2019-04-03
4293,11765,9,2019-04-05
4160,11766,2,2019-04-03
4294,11766,9,2019-04-05
4161,11767,2,2019-04-03
4295,11767,9,2019-04-05
4162,11768,2,2019-04-03
4297,11768,9,2019-04-05
4163,11769,2,2019-04-03
4298,11769,9,2019-04-05
4164,11770,2,2019-04-03
4299,11770,9,2019-04-05
4165,11771,2,2019-04-03
4300,11771,9,2019-04-05
4166,11772,2,2019-04-03
4301,11772,9,2019-04-05
4171,11773,2,2019-04-04
4302,11773,9,2019-04-05
4172,11774,2,2019-04-04
4303,11774,9,2019-04-05
4173,11775,2,2019-04-04
4241,11775,9,2019-04-04
4174,11776,2,2019-04-04
4305,11776,9,2019-04-05
4176,11777,2,2019-04-04
4306,11777,9,2019-04-05
4177,11778,2,2019-04-04
4307,11778,9,2019-04-05
4178,11779,2,2019-04-04
4308,11779,9,2019-04-05
4179,11780,2,2019-04-04
4309,11780,9,2019-04-05
4180,11781,2,2019-04-04
4310,11781,9,2019-04-05
4181,11782,2,2019-04-04
4311,11782,9,2019-04-05
4182,11783,2,2019-04-04
4312,11783,9,2019-04-05
4183,11784,2,2019-04-04
4313,11784,9,2019-04-05
4184,11785,2,2019-04-04
4314,11785,9,2019-04-05
4185,11786,2,2019-04-04
4315,11786,9,2019-04-05
4186,11787,2,2019-04-04
4316,11787,9,2019-04-05
4187,11788,2,2019-04-04
4248,11788,9,2019-04-04
4189,11789,2,2019-04-04
4250,11789,9,2019-04-04
4190,11790,2,2019-04-04
4256,11790,9,2019-04-04
4191,11791,2,2019-04-04
4317,11791,9,2019-04-05
4192,11792,2,2019-04-04
4318,11792,9,2019-04-05
4193,11793,1,2019-04-03
4194,11793,9,2019-04-04
4195,11794,2,2019-04-04
4345,11794,9,2019-04-08
4196,11795,2,2019-04-04
4347,11795,9,2019-04-08
4197,11796,2,2019-04-04
4349,11796,9,2019-04-08
4199,11797,2,2019-04-04
4405,11797,9,2019-04-09
4200,11798,2,2019-04-04
4350,11798,9,2019-04-08
4202,11799,1,2019-04-01
4203,11799,4,2019-04-04
4745,11799,9,2019-04-17
4204,11800,2,2019-04-04
4351,11800,9,2019-04-08
4205,11801,2,2019-04-04
4274,11801,9,2019-04-05
4206,11802,2,2019-04-04
4352,11802,9,2019-04-08
4207,11803,2,2019-04-04
4354,11803,9,2019-04-08
4209,11804,2,2019-04-04
4355,11804,9,2019-04-08
4211,11805,1,2019-04-04
4215,11805,4,2019-04-04
4327,11805,3,2019-04-08
4390,11805,9,2019-04-09
4213,11806,1,2019-04-03
4217,11806,4,2019-04-04
6512,11806,9,2019-07-09
4214,11807,2,2019-04-04
4238,11807,9,2019-04-04
4233,11808,2,2019-04-04
4356,11808,9,2019-04-08
4242,11809,2,2019-04-04
4357,11809,9,2019-04-08
4244,11810,2,2019-04-04
4275,11810,9,2019-04-05
4245,11811,2,2019-04-04
4276,11811,9,2019-04-05
4247,11812,2,2019-04-04
4358,11812,9,2019-04-08
4251,11813,2,2019-04-04
4359,11813,9,2019-04-08
4252,11814,2,2019-04-04
4360,11814,9,2019-04-08
4254,11815,2,2019-04-04
4361,11815,9,2019-04-08
4255,11816,2,2019-04-04
4362,11816,9,2019-04-08
4257,11817,2,2019-04-04
4364,11817,9,2019-04-08
4258,11818,2,2019-04-04
4277,11818,9,2019-04-05
4259,11819,2,2019-04-04
4365,11819,9,2019-04-08
4260,11820,2,2019-04-04
4367,11820,9,2019-04-08
4261,11821,2,2019-04-04
4286,11821,9,2019-04-05
4262,11822,2,2019-04-04
4369,11822,9,2019-04-08
4280,11823,1,2019-04-03
4281,11823,4,2019-04-05
5138,11823,1,2019-04-23
5342,11823,4,2019-04-30
5467,11823,3,2019-05-09
5521,11823,4,2019-05-15
5531,11823,9,2019-05-16
4282,11824,1,2019-04-02
4611,11824,3,2019-04-15
5212,11824,4,2019-04-24
5461,11824,1,2019-05-09
5462,11824,3,2019-05-09
5474,11824,9,2019-05-10
4283,11825,1,2019-04-03
4674,11825,3,2019-04-16
5437,11825,9,2019-05-07
4296,11826,1,2019-04-05
5388,11826,3,2019-05-03
5395,11826,1,2019-05-03
5396,11826,4,2019-05-03
5444,11826,9,2019-05-07
4304,11827,1,2019-04-05
4428,11827,4,2019-04-10
4446,11827,3,2019-04-10
5359,11827,4,2019-05-02
5371,11827,9,2019-05-02
4325,11828,2,2019-04-08
4392,11828,9,2019-04-09
4326,11829,2,2019-04-08
4393,11829,9,2019-04-09
4328,11830,2,2019-04-08
4394,11830,9,2019-04-09
4329,11831,2,2019-04-08
4395,11831,9,2019-04-09
4330,11832,2,2019-04-08
4396,11832,9,2019-04-09
4331,11833,2,2019-04-08
4397,11833,9,2019-04-09
4332,11834,2,2019-04-08
4398,11834,9,2019-04-09
4333,11835,2,2019-04-08
4399,11835,9,2019-04-09
4335,11836,2,2019-04-08
4400,11836,9,2019-04-09
4336,11837,2,2019-04-08
4588,11837,9,2019-04-12
4339,11838,1,2019-04-04
4341,11838,4,2019-04-08
4389,11838,1,2019-04-09
4440,11838,4,2019-04-10
4443,11838,3,2019-04-10
5353,11838,9,2019-04-30
4343,11839,1,2019-04-01
4344,11839,4,2019-04-08
4564,11839,1,2019-04-12
4735,11839,9,2019-04-17
4346,11840,1,2019-04-05
4348,11840,4,2019-04-08
4613,11840,1,2019-04-15
4679,11840,4,2019-04-16
4773,11840,9,2019-04-17
4353,11841,1,2019-04-08
5182,11841,3,2019-04-24
5394,11841,9,2019-05-03
4363,11842,2,2019-04-08
4402,11842,9,2019-04-09
4366,11843,2,2019-04-08
4403,11843,9,2019-04-09
4368,11844,2,2019-04-08
4404,11844,9,2019-04-09
4370,11845,2,2019-04-08
4418,11845,9,2019-04-10
4371,11846,1,2019-04-05
4372,11846,4,2019-04-08
4479,11846,9,2019-04-11
4374,11847,2,2019-04-08
4420,11847,9,2019-04-10
4375,11848,2,2019-04-08
4421,11848,9,2019-04-10
4376,11849,2,2019-04-08
4487,11849,9,2019-04-11
4377,11850,2,2019-04-08
4422,11850,9,2019-04-10
4378,11851,2,2019-04-08
4423,11851,9,2019-04-10
4379,11852,2,2019-04-08
4425,11852,9,2019-04-10
4380,11853,2,2019-04-08
4488,11853,9,2019-04-11
4381,11854,2,2019-04-08
4489,11854,9,2019-04-11
4382,11855,2,2019-04-08
4417,11855,9,2019-04-10
4383,11856,2,2019-04-08
4387,11856,9,2019-04-09
4384,11857,2,2019-04-08
4490,11857,9,2019-04-11
4386,11858,1,2019-04-05
4747,11858,3,2019-04-17
4927,11858,9,2019-04-19
4388,11859,1,2019-04-05
5125,11859,9,2019-04-23
4406,11860,2,2019-04-09
4491,11860,9,2019-04-11
4407,11861,1,2019-04-08
4408,11861,4,2019-04-09
4494,11861,1,2019-04-11
5392,11861,3,2019-05-03
5445,11861,4,2019-05-07
5458,11861,9,2019-05-08
4409,11862,1,2019-04-05
4410,11862,4,2019-04-09
4442,11862,1,2019-04-10
4510,11862,3,2019-04-11
5070,11862,9,2019-04-22
4415,11863,1,2019-04-09
4483,11863,9,2019-04-11
4416,11864,1,2019-04-09
4838,11864,9,2019-04-18
4427,11865,2,2019-04-10
4575,11865,9,2019-04-12
4431,11866,2,2019-04-10
4447,11866,9,2019-04-10
4432,11867,2,2019-04-10
4578,11867,9,2019-04-12
4433,11868,2,2019-04-10
4577,11868,9,2019-04-12
4435,11869,2,2019-04-10
4498,11869,9,2019-04-11
4436,11870,2,2019-04-10
4576,11870,9,2019-04-12
4437,11871,2,2019-04-10
4501,11871,9,2019-04-11
4438,11872,2,2019-04-10
4503,11872,9,2019-04-11
4439,11873,2,2019-04-10
4504,11873,9,2019-04-11
4441,11874,2,2019-04-10
4505,11874,9,2019-04-11
4444,11875,2,2019-04-10
4579,11875,9,2019-04-12
4445,11876,2,2019-04-10
4506,11876,9,2019-04-11
4448,11878,2,2019-04-10
4507,11878,9,2019-04-11
4449,11879,2,2019-04-10
4508,11879,9,2019-04-11
4451,11880,2,2019-04-10
4583,11880,9,2019-04-12
4453,11881,1,2019-04-10
4998,11881,2,2019-04-19
5082,11881,9,2019-04-23
4454,11882,2,2019-04-10
4580,11882,9,2019-04-12
4455,11883,2,2019-04-10
4582,11883,9,2019-04-12
4456,11884,2,2019-04-10
4513,11884,9,2019-04-11
4457,11885,1,2019-04-09
4458,11885,4,2019-04-10
4499,11885,1,2019-04-11
4516,11885,4,2019-04-11
4676,11885,9,2019-04-16
4459,11886,2,2019-04-10
4584,11886,9,2019-04-12
4460,11887,2,2019-04-10
4514,11887,9,2019-04-11
4461,11888,2,2019-04-10
4515,11888,9,2019-04-11
4462,11889,2,2019-04-10
4585,11889,9,2019-04-12
4463,11890,2,2019-04-10
4586,11890,9,2019-04-12
4464,11891,2,2019-04-10
4587,11891,9,2019-04-12
4465,11892,2,2019-04-10
4517,11892,9,2019-04-11
4466,11893,2,2019-04-10
4589,11893,9,2019-04-12
4467,11894,2,2019-04-10
4518,11894,9,2019-04-12
4468,11895,2,2019-04-10
4590,11895,9,2019-04-12
4469,11896,2,2019-04-10
4591,11896,9,2019-04-12
4470,11897,2,2019-04-10
4519,11897,9,2019-04-12
4471,11898,2,2019-04-10
4521,11898,9,2019-04-12
4472,11899,2,2019-04-10
4522,11899,9,2019-04-12
4473,11900,2,2019-04-10
4592,11900,9,2019-04-12
4474,11901,2,2019-04-10
4523,11901,9,2019-04-12
4475,11902,2,2019-04-10
4524,11902,9,2019-04-12
4476,11903,2,2019-04-10
4527,11903,9,2019-04-12
4477,11904,2,2019-04-10
4528,11904,9,2019-04-12
4481,11905,1,2019-04-11
4482,11905,9,2019-04-11
4484,11906,1,2019-04-10
5132,11906,9,2019-04-23
4485,11907,1,2019-04-11
4486,11907,4,2019-04-11
4944,11907,9,2019-04-19
4492,11910,1,2019-04-10
4493,11910,4,2019-04-11
4953,11910,9,2019-04-19
4495,11911,1,2019-04-11
4496,11911,4,2019-04-11
5446,11911,1,2019-05-07
5476,11911,4,2019-05-10
5548,11911,1,2019-05-16
5551,11911,9,2019-05-16
4497,11912,2,2019-04-11
4500,11912,9,2019-04-11
4502,11913,1,2019-04-10
4606,11913,4,2019-04-15
4758,11913,3,2019-04-17
4924,11913,1,2019-04-19
4968,11913,3,2019-04-19
5429,11913,4,2019-05-06
5490,11913,9,2019-05-13
4520,11914,1,2019-04-12
4531,11914,4,2019-04-12
4593,11914,1,2019-04-15
4868,11914,3,2019-04-18
5029,11914,9,2019-04-22
4525,11915,2,2019-04-12
4533,11915,9,2019-04-12
4526,11916,1,2019-03-26
4529,11916,4,2019-04-12
4760,11916,3,2019-04-17
4836,11916,9,2019-04-18
4530,11917,2,2019-04-12
4535,11917,9,2019-04-12
4532,11918,2,2019-04-12
4534,11918,9,2019-04-12
4536,11919,1,2019-04-12
4559,11919,3,2019-04-12
5419,11919,9,2019-05-06
4537,11920,2,2019-04-12
4543,11920,9,2019-04-12
4538,11921,2,2019-04-12
4546,11921,9,2019-04-12
4539,11922,2,2019-04-12
4596,11922,9,2019-04-15
4540,11923,2,2019-04-12
4621,11923,9,2019-04-15
4541,11924,1,2019-04-12
5330,11924,2,2019-04-25
5340,11924,9,2019-04-30
4542,11925,2,2019-04-12
4622,11925,9,2019-04-15
4544,11927,2,2019-04-12
4599,11927,9,2019-04-15
4545,11928,2,2019-04-12
4626,11928,9,2019-04-15
4547,11929,2,2019-04-12
4624,11929,9,2019-04-15
4548,11930,2,2019-04-12
4627,11930,9,2019-04-15
4549,11931,2,2019-04-12
4602,11931,9,2019-04-15
4550,11932,2,2019-04-12
4605,11932,9,2019-04-15
4552,11933,2,2019-04-12
4603,11933,9,2019-04-15
4553,11934,2,2019-04-12
4604,11934,9,2019-04-15
4554,11935,2,2019-04-12
4628,11935,9,2019-04-15
4555,11936,2,2019-04-12
4629,11936,9,2019-04-15
4556,11937,2,2019-04-12
4607,11937,9,2019-04-15
4557,11938,2,2019-04-12
4608,11938,9,2019-04-15
4558,11939,2,2019-04-12
4632,11939,9,2019-04-15
4560,11940,2,2019-04-12
4633,11940,9,2019-04-15
4561,11941,1,2019-04-08
4563,11941,4,2019-04-12
4664,11941,1,2019-04-16
4669,11941,4,2019-04-16
4759,11941,1,2019-04-17
4809,11941,9,2019-04-17
4562,11942,2,2019-04-12
4609,11942,9,2019-04-15
4565,11943,2,2019-04-12
4610,11943,9,2019-04-15
4566,11944,2,2019-04-12
4612,11944,9,2019-04-15
4567,11945,2,2019-04-12
4635,11945,9,2019-04-15
4568,11946,1,2019-04-12
4741,11946,4,2019-04-17
5397,11946,1,2019-05-03
5400,11946,3,2019-05-03
5431,11946,9,2019-05-06
4569,11947,2,2019-04-12
4614,11947,9,2019-04-15
4570,11948,2,2019-04-12
4637,11948,9,2019-04-15
4572,11949,2,2019-04-12
5229,11949,9,2019-04-24
4573,11950,2,2019-04-12
4616,11950,9,2019-04-15
4574,11951,2,2019-04-12
4617,11951,9,2019-04-15
4581,11952,2,2019-04-12
4618,11952,9,2019-04-15
4594,11953,1,2019-04-12
4595,11953,4,2019-04-15
4665,11953,1,2019-04-16
4666,11953,9,2019-04-16
4597,11954,1,2019-04-12
4990,11954,3,2019-04-19
5028,11954,4,2019-04-22
5294,11954,9,2019-04-25
4598,11955,1,2019-04-11
4663,11955,9,2019-04-16
4600,11956,1,2019-04-12
4601,11956,4,2019-04-15
6513,11956,9,2019-07-09
4615,11957,1,2019-03-29
4634,11957,4,2019-04-15
4835,11957,3,2019-04-18
5351,11957,9,2019-04-30
4619,11958,2,2019-04-15
4639,11958,9,2019-04-15
4620,11959,1,2019-04-15
4630,11959,4,2019-04-15
4860,11959,1,2019-04-18
5428,11959,3,2019-05-06
5623,11959,9,2019-05-21
4623,11961,1,2019-04-15
4631,11961,4,2019-04-15
4985,11961,1,2019-04-19
5430,11961,3,2019-05-06
5624,11961,9,2019-05-21
4625,11962,2,2019-04-15
4640,11962,9,2019-04-15
4636,11963,2,2019-04-15
4642,11963,9,2019-04-15
4638,11964,2,2019-04-15
4641,11964,9,2019-04-15
4643,11965,2,2019-04-15
4704,11965,9,2019-04-16
4644,11966,2,2019-04-15
4646,11966,9,2019-04-15
4645,11967,2,2019-04-15
4668,11967,9,2019-04-16
4647,11968,2,2019-04-15
4670,11968,9,2019-04-16
4648,11969,2,2019-04-15
4671,11969,9,2019-04-16
4649,11970,2,2019-04-15
4672,11970,9,2019-04-16
4650,11971,2,2019-04-15
4673,11971,9,2019-04-16
4651,11972,2,2019-04-15
4703,11972,9,2019-04-16
4652,11973,2,2019-04-15
4705,11973,9,2019-04-16
4653,11974,2,2019-04-15
4789,11974,9,2019-04-17
4654,11975,2,2019-04-15
4706,11975,9,2019-04-16
4655,11976,2,2019-04-15
5011,11976,9,2019-04-19
4656,11977,2,2019-04-15
4683,11977,9,2019-04-16
4657,11978,2,2019-04-15
5227,11978,9,2019-04-24
4658,11979,2,2019-04-15
4685,11979,9,2019-04-16
4659,11980,2,2019-04-15
4686,11980,9,2019-04-16
4660,11981,2,2019-04-15
4687,11981,9,2019-04-16
4661,11982,2,2019-04-15
4688,11982,9,2019-04-16
4662,11983,2,2019-04-15
4689,11983,9,2019-04-16
4667,11984,2,2019-04-16
4708,11984,9,2019-04-16
4678,11985,2,2019-04-16
4690,11985,9,2019-04-16
4680,11986,1,2019-04-15
4684,11986,4,2019-04-16
5309,11986,3,2019-04-25
5769,11986,9,2019-05-24
4681,11987,1,2019-04-16
4682,11987,4,2019-04-16
4928,11987,9,2019-04-19
4691,11988,1,2019-04-16
4692,11988,4,2019-04-16
4957,11988,9,2019-04-19
4693,11989,2,2019-04-16
4731,11989,9,2019-04-17
4694,11990,2,2019-04-16
4790,11990,9,2019-04-17
4695,11991,2,2019-04-16
4733,11991,9,2019-04-17
4696,11992,2,2019-04-16
4736,11992,9,2019-04-17
4697,11993,2,2019-04-16
4959,11993,9,2019-04-19
4698,11994,2,2019-04-16
4740,11994,9,2019-04-17
4699,11995,2,2019-04-16
4792,11995,9,2019-04-17
4700,11996,2,2019-04-16
4795,11996,9,2019-04-17
4701,11997,2,2019-04-16
4798,11997,9,2019-04-17
4702,11998,2,2019-04-16
4800,11998,9,2019-04-17
4707,11999,1,2019-04-08
4709,11999,9,2019-04-16
4710,12000,2,2019-04-16
4794,12000,9,2019-04-17
4711,12001,2,2019-04-16
4746,12001,9,2019-04-17
4712,12002,2,2019-04-16
4748,12002,9,2019-04-17
4713,12003,2,2019-04-16
4749,12003,9,2019-04-17
4714,12004,2,2019-04-16
4750,12004,9,2019-04-17
4715,12005,2,2019-04-16
4752,12005,9,2019-04-17
4716,12006,2,2019-04-16
4753,12006,9,2019-04-17
4717,12007,2,2019-04-16
4754,12007,9,2019-04-17
4718,12008,2,2019-04-16
4802,12008,9,2019-04-17
4719,12009,2,2019-04-16
4805,12009,9,2019-04-17
4720,12010,2,2019-04-16
4764,12010,9,2019-04-17
4721,12011,2,2019-04-16
4766,12011,9,2019-04-17
4722,12012,2,2019-04-16
4807,12012,9,2019-04-17
4723,12013,2,2019-04-16
4808,12013,9,2019-04-17
4726,12014,1,2019-04-02
4728,12014,9,2019-04-17
4727,12015,2,2019-04-17
5013,12015,9,2019-04-19
4729,12016,1,2019-03-18
4730,12016,9,2019-04-17
4732,12017,2,2019-04-17
4779,12017,9,2019-04-17
4734,12018,2,2019-04-17
5003,12018,9,2019-04-19
4737,12019,1,2019-04-17
4738,12019,9,2019-04-17
4739,12020,2,2019-04-17
4782,12020,9,2019-04-17
4742,12021,2,2019-04-17
4783,12021,9,2019-04-17
4743,12022,2,2019-04-17
4784,12022,9,2019-04-17
4744,12023,2,2019-04-17
5012,12023,9,2019-04-19
4751,12024,2,2019-04-17
4824,12024,9,2019-04-18
4755,12025,2,2019-04-17
4958,12025,9,2019-04-19
4756,12026,2,2019-04-17
4826,12026,9,2019-04-18
4757,12027,2,2019-04-17
5002,12027,9,2019-04-19
4761,12028,2,2019-04-17
4865,12028,9,2019-04-18
4762,12029,2,2019-04-17
4861,12029,9,2019-04-18
4763,12030,2,2019-04-17
5001,12030,9,2019-04-19
4765,12031,2,2019-04-17
4853,12031,9,2019-04-18
4864,12031,2,2019-04-18
5051,12031,9,2019-04-22
4767,12032,2,2019-04-17
4862,12032,9,2019-04-18
4768,12033,2,2019-04-17
4857,12033,9,2019-04-18
4769,12034,2,2019-04-17
4837,12034,9,2019-04-18
4770,12035,2,2019-04-17
4845,12035,9,2019-04-18
4771,12036,2,2019-04-17
5000,12036,9,2019-04-19
4772,12037,2,2019-04-17
5010,12037,9,2019-04-19
4774,12038,2,2019-04-17
5009,12038,9,2019-04-19
4775,12039,2,2019-04-17
4858,12039,9,2019-04-18
4776,12040,2,2019-04-17
4870,12040,9,2019-04-18
4777,12041,2,2019-04-17
4859,12041,9,2019-04-18
4778,12042,2,2019-04-17
4849,12042,9,2019-04-18
4780,12043,2,2019-04-17
4843,12043,9,2019-04-18
4781,12044,2,2019-04-17
4871,12044,9,2019-04-18
4785,12046,2,2019-04-17
5008,12046,9,2019-04-19
4786,12047,2,2019-04-17
4960,12047,9,2019-04-19
4787,12048,2,2019-04-17
4846,12048,9,2019-04-18
4788,12049,2,2019-04-17
5007,12049,9,2019-04-19
4791,12050,2,2019-04-17
4855,12050,9,2019-04-18
4793,12051,2,2019-04-17
4872,12051,9,2019-04-18
4796,12052,2,2019-04-17
4847,12052,9,2019-04-18
4797,12053,2,2019-04-17
4874,12053,9,2019-04-18
4799,12054,2,2019-04-17
5006,12054,9,2019-04-19
4801,12055,2,2019-04-17
4856,12055,9,2019-04-18
4803,12056,2,2019-04-17
5005,12056,9,2019-04-19
4804,12057,2,2019-04-17
5004,12057,9,2019-04-19
4806,12058,2,2019-04-17
5036,12058,9,2019-04-22
4810,12059,2,2019-04-17
4929,12059,9,2019-04-19
4811,12060,2,2019-04-17
5037,12060,9,2019-04-22
4812,12061,2,2019-04-17
4854,12061,9,2019-04-18
4813,12062,2,2019-04-17
5034,12062,9,2019-04-22
4814,12063,2,2019-04-17
4942,12063,9,2019-04-19
4815,12064,2,2019-04-17
5230,12064,9,2019-04-24
4816,12065,2,2019-04-17
4943,12065,9,2019-04-19
4817,12066,2,2019-04-17
5038,12066,9,2019-04-22
4818,12067,2,2019-04-17
4946,12067,9,2019-04-19
4819,12068,2,2019-04-17
4948,12068,9,2019-04-19
4820,12069,2,2019-04-17
5039,12069,9,2019-04-22
4821,12070,2,2019-04-17
5231,12070,9,2019-04-24
4822,12071,2,2019-04-17
5040,12071,9,2019-04-22
4823,12072,2,2019-04-17
4950,12072,9,2019-04-19
4827,12073,2,2019-04-18
4863,12073,9,2019-04-18
4828,12074,2,2019-04-18
4867,12074,9,2019-04-18
4829,12075,2,2019-04-18
4866,12075,9,2019-04-18
4830,12076,2,2019-04-18
4951,12076,9,2019-04-19
4831,12077,1,2019-04-18
4833,12077,9,2019-04-18
4832,12078,2,2019-04-18
5041,12078,9,2019-04-22
4834,12079,2,2019-04-18
4954,12079,9,2019-04-19
4839,12080,2,2019-04-18
4955,12080,9,2019-04-19
4841,12081,1,2019-04-18
4842,12081,9,2019-04-18
4844,12082,1,2019-04-17
5468,12082,3,2019-05-09
5488,12082,9,2019-05-10
4848,12083,1,2019-04-18
4850,12083,4,2019-04-18
5266,12083,9,2019-04-25
4851,12085,1,2019-04-18
4925,12085,4,2019-04-19
5267,12085,9,2019-04-25
4852,12086,1,2019-04-18
5385,12086,9,2019-05-03
4873,12087,2,2019-04-18
4956,12087,9,2019-04-19
4875,12088,2,2019-04-18
5035,12088,9,2019-04-22
4876,12089,2,2019-04-18
5042,12089,9,2019-04-22
4877,12090,2,2019-04-18
4961,12090,9,2019-04-19
4878,12091,1,2019-04-18
5193,12091,2,2019-04-24
5252,12091,9,2019-04-24
4879,12092,2,2019-04-18
4962,12092,9,2019-04-19
4880,12093,2,2019-04-18
5047,12093,9,2019-04-22
4881,12094,2,2019-04-18
4965,12094,9,2019-04-19
4882,12095,2,2019-04-18
4966,12095,9,2019-04-19
4883,12096,2,2019-04-18
4967,12096,9,2019-04-19
4884,12097,2,2019-04-18
4969,12097,9,2019-04-19
4886,12098,2,2019-04-18
4971,12098,9,2019-04-19
4887,12099,2,2019-04-18
4972,12099,9,2019-04-19
4888,12100,2,2019-04-18
5043,12100,9,2019-04-22
4890,12101,2,2019-04-18
4974,12101,9,2019-04-19
4891,12102,2,2019-04-18
5044,12102,9,2019-04-22
4893,12103,2,2019-04-18
4975,12103,9,2019-04-19
4894,12104,2,2019-04-18
4976,12104,9,2019-04-19
4895,12105,2,2019-04-18
4977,12105,9,2019-04-19
4896,12106,2,2019-04-18
5232,12106,9,2019-04-24
4897,12107,2,2019-04-18
4980,12107,9,2019-04-19
4898,12108,2,2019-04-18
5045,12108,9,2019-04-22
4899,12109,2,2019-04-18
4982,12109,9,2019-04-19
4900,12110,2,2019-04-18
4983,12110,9,2019-04-19
4901,12111,2,2019-04-18
5233,12111,9,2019-04-24
4902,12112,2,2019-04-18
4988,12112,9,2019-04-19
4903,12113,2,2019-04-18
5046,12113,9,2019-04-22
4904,12114,2,2019-04-18
4996,12114,9,2019-04-19
4905,12115,2,2019-04-18
4999,12115,9,2019-04-19
4906,12116,2,2019-04-18
5052,12116,9,2019-04-22
4907,12117,2,2019-04-18
5085,12117,9,2019-04-23
4908,12118,2,2019-04-18
5086,12118,9,2019-04-23
4909,12119,2,2019-04-18
5243,12119,9,2019-04-24
4910,12120,2,2019-04-18
5067,12120,9,2019-04-22
4911,12121,2,2019-04-18
5161,12121,9,2019-04-23
4912,12122,2,2019-04-18
5162,12122,9,2019-04-23
4913,12123,2,2019-04-18
5090,12123,9,2019-04-23
4914,12124,2,2019-04-18
5091,12124,9,2019-04-23
4915,12125,2,2019-04-18
5092,12125,9,2019-04-23
4916,12126,2,2019-04-18
5093,12126,9,2019-04-23
4917,12127,2,2019-04-18
5094,12127,9,2019-04-23
4918,12128,2,2019-04-18
5095,12128,9,2019-04-23
4919,12129,2,2019-04-18
5097,12129,9,2019-04-23
4920,12130,2,2019-04-18
5163,12130,9,2019-04-23
4921,12131,2,2019-04-18
5103,12131,9,2019-04-23
4922,12132,1,2019-04-18
4935,12132,9,2019-04-19
4930,12133,2,2019-04-19
5104,12133,9,2019-04-23
4931,12134,2,2019-04-19
5234,12134,9,2019-04-24
4932,12135,1,2019-04-18
4933,12135,4,2019-04-19
5265,12135,9,2019-04-25
4934,12136,2,2019-04-19
5083,12136,9,2019-04-23
4936,12137,2,2019-04-19
5235,12137,9,2019-04-24
4937,12138,2,2019-04-19
5106,12138,9,2019-04-23
4938,12139,1,2019-04-18
4939,12139,4,2019-04-19
5079,12139,9,2019-04-23
4940,12140,2,2019-04-19
5107,12140,9,2019-04-23
4941,12141,2,2019-04-19
5108,12141,9,2019-04-23
4945,12142,2,2019-04-19
5078,12142,9,2019-04-23
4947,12143,1,2019-04-12
5190,12143,3,2019-04-24
5420,12143,9,2019-05-06
4949,12144,1,2019-04-17
5134,12144,9,2019-04-23
4963,12145,2,2019-04-19
5110,12145,9,2019-04-23
4964,12146,2,2019-04-19
5114,12146,9,2019-04-23
4973,12147,2,2019-04-19
5165,12147,9,2019-04-23
4978,12148,2,2019-04-19
5115,12148,9,2019-04-23
4979,12149,2,2019-04-19
5116,12149,9,2019-04-23
4981,12150,2,2019-04-19
5166,12150,9,2019-04-23
4984,12151,2,2019-04-19
5117,12151,9,2019-04-23
4986,12152,2,2019-04-19
5167,12152,9,2019-04-23
4989,12153,2,2019-04-19
5236,12153,9,2019-04-24
4991,12154,2,2019-04-19
5121,12154,9,2019-04-23
4992,12155,2,2019-04-19
5122,12155,9,2019-04-23
4993,12156,2,2019-04-19
5168,12156,9,2019-04-23
4994,12157,2,2019-04-19
5126,12157,9,2019-04-23
4997,12158,2,2019-04-19
5128,12158,9,2019-04-23
5014,12159,2,2019-04-19
5169,12159,9,2019-04-23
5015,12160,2,2019-04-19
5130,12160,9,2019-04-23
5016,12161,2,2019-04-19
5131,12161,9,2019-04-23
5017,12162,2,2019-04-19
5170,12162,9,2019-04-23
5018,12163,2,2019-04-19
5171,12163,9,2019-04-23
5019,12164,2,2019-04-19
5172,12164,9,2019-04-23
5020,12165,2,2019-04-22
5133,12165,9,2019-04-23
5021,12166,2,2019-04-22
5159,12166,9,2019-04-23
5023,12167,2,2019-04-22
5136,12167,9,2019-04-23
5137,12167,2,2019-04-23
5237,12167,9,2019-04-24
5024,12168,1,2019-04-18
5025,12168,4,2019-04-22
5069,12168,9,2019-04-22
5026,12169,1,2019-04-22
5027,12169,2,2019-04-22
5242,12169,9,2019-04-24
5030,12170,1,2019-04-15
5260,12170,4,2019-04-25
5592,12170,9,2019-05-17
5031,12171,1,2019-04-19
5176,12171,4,2019-04-24
5517,12171,1,2019-05-14
5599,12171,9,2019-05-20
5032,12172,2,2019-04-22
5139,12172,9,2019-04-23
5033,12173,2,2019-04-22
5140,12173,9,2019-04-23
5048,12174,2,2019-04-22
5244,12174,9,2019-04-24
5049,12175,2,2019-04-22
5142,12175,9,2019-04-23
5050,12176,2,2019-04-22
5143,12176,9,2019-04-23
5053,12177,2,2019-04-22
5084,12177,9,2019-04-23
5054,12178,2,2019-04-22
5220,12178,9,2019-04-24
5055,12179,2,2019-04-22
5144,12179,9,2019-04-23
5056,12180,2,2019-04-22
5145,12180,9,2019-04-23
5057,12181,2,2019-04-22
5146,12181,9,2019-04-23
5058,12182,2,2019-04-22
5148,12182,9,2019-04-23
5059,12183,2,2019-04-22
5221,12183,9,2019-04-24
5060,12184,2,2019-04-22
5150,12184,9,2019-04-23
5061,12185,2,2019-04-22
5152,12185,9,2019-04-23
5062,12186,2,2019-04-22
5224,12186,9,2019-04-24
5063,12187,1,2019-04-22
5064,12187,4,2019-04-22
5536,12187,9,2019-05-16
5065,12188,2,2019-04-22
5155,12188,9,2019-04-23
5066,12189,2,2019-04-22
5164,12189,9,2019-04-23
5068,12190,2,2019-04-22
5113,12190,9,2019-04-23
5071,12191,2,2019-04-22
5156,12191,9,2019-04-23
5073,12192,2,2019-04-22
5225,12192,9,2019-04-24
5074,12193,2,2019-04-22
5245,12193,9,2019-04-24
5075,12194,2,2019-04-22
5173,12194,9,2019-04-24
5076,12195,2,2019-04-22
5174,12195,9,2019-04-24
5077,12196,2,2019-04-22
5246,12196,9,2019-04-24
5080,12197,2,2019-04-23
5247,12197,9,2019-04-24
5081,12198,1,2019-04-23
5195,12198,9,2019-04-24
5087,12199,2,2019-04-23
5175,12199,9,2019-04-24
5088,12200,2,2019-04-23
5248,12200,9,2019-04-24
5089,12201,2,2019-04-23
5249,12201,9,2019-04-24
5096,12202,1,2019-04-23
5099,12202,9,2019-04-23
5098,12203,2,2019-04-23
5177,12203,9,2019-04-24
5100,12204,2,2019-04-23
5178,12204,9,2019-04-24
5101,12205,2,2019-04-23
5179,12205,9,2019-04-24
5102,12206,1,2019-04-23
5493,12206,9,2019-05-13
5105,12207,2,2019-04-23
5180,12207,9,2019-04-24
5109,12208,2,2019-04-23
5181,12208,9,2019-04-24
5111,12209,2,2019-04-23
5183,12209,9,2019-04-24
5112,12210,2,2019-04-23
5184,12210,9,2019-04-24
5118,12211,2,2019-04-23
5250,12211,9,2019-04-24
5119,12212,2,2019-04-23
5185,12212,9,2019-04-24
5120,12213,2,2019-04-23
5187,12213,9,2019-04-24
5123,12214,2,2019-04-23
5251,12214,9,2019-04-24
5124,12215,2,2019-04-23
5196,12215,9,2019-04-24
5127,12216,2,2019-04-23
5253,12216,9,2019-04-24
5129,12217,2,2019-04-23
5205,12217,9,2019-04-24
5147,12218,2,2019-04-23
5255,12218,9,2019-04-24
5149,12219,2,2019-04-23
5254,12219,9,2019-04-24
5151,12220,2,2019-04-23
5214,12220,9,2019-04-24
5153,12221,2,2019-04-23
5256,12221,9,2019-04-24
5154,12222,2,2019-04-23
5215,12222,9,2019-04-24
5157,12223,2,2019-04-23
5241,12223,9,2019-04-24
5158,12224,2,2019-04-23
5240,12224,9,2019-04-24
5160,12225,2,2019-04-23
5239,12225,9,2019-04-24
5186,12226,2,2019-04-24
5337,12226,9,2019-04-30
5188,12227,2,2019-04-24
5257,12227,9,2019-04-24
5189,12228,2,2019-04-24
5258,12228,9,2019-04-24
5191,12229,2,2019-04-24
5346,12229,9,2019-04-30
5192,12230,2,2019-04-24
5259,12230,9,2019-04-24
5194,12231,2,2019-04-24
5338,12231,9,2019-04-30
5197,12232,2,2019-04-24
5262,12232,9,2019-04-25
5198,12233,2,2019-04-24
5263,12233,9,2019-04-25
5199,12234,2,2019-04-24
5296,12234,9,2019-04-25
5200,12235,2,2019-04-24
5297,12235,9,2019-04-25
5201,12236,2,2019-04-24
5206,12236,9,2019-04-24
5202,12237,2,2019-04-24
5298,12237,9,2019-04-25
5203,12238,2,2019-04-24
5274,12238,9,2019-04-25
5204,12239,2,2019-04-24
5275,12239,9,2019-04-25
5207,12240,2,2019-04-24
5276,12240,9,2019-04-25
5208,12241,2,2019-04-24
5299,12241,9,2019-04-25
5209,12242,2,2019-04-24
5280,12242,9,2019-04-25
5210,12243,2,2019-04-24
5281,12243,9,2019-04-25
5211,12244,2,2019-04-24
5284,12244,9,2019-04-25
5216,12245,2,2019-04-24
5300,12245,9,2019-04-25
5217,12246,2,2019-04-24
5290,12246,9,2019-04-25
5218,12247,2,2019-04-24
5339,12247,9,2019-04-30
5219,12248,2,2019-04-24
5292,12248,9,2019-04-25
5222,12249,2,2019-04-24
5293,12249,9,2019-04-25
5223,12250,2,2019-04-24
5308,12250,9,2019-04-25
5226,12251,2,2019-04-24
5302,12251,9,2019-04-25
5228,12252,2,2019-04-24
5306,12252,9,2019-04-25
5238,12253,2,2019-04-24
5307,12253,9,2019-04-25
5264,12254,1,2019-04-24
5269,12254,9,2019-04-25
5268,12255,2,2019-04-25
5312,12255,9,2019-04-25
5270,12256,2,2019-04-25
5313,12256,9,2019-04-25
5271,12257,2,2019-04-25
5315,12257,9,2019-04-25
5272,12258,2,2019-04-25
5317,12258,9,2019-04-25
5273,12259,2,2019-04-25
5319,12259,9,2019-04-25
5277,12260,2,2019-04-25
5341,12260,9,2019-04-30
5278,12261,2,2019-04-25
5320,12261,9,2019-04-25
5279,12262,2,2019-04-25
5343,12262,9,2019-04-30
5282,12263,2,2019-04-25
5333,12263,9,2019-04-30
5285,12264,2,2019-04-25
5344,12264,9,2019-04-30
5286,12265,2,2019-04-25
5321,12265,9,2019-04-25
5287,12266,1,2019-04-25
5288,12266,4,2019-04-25
5435,12266,1,2019-05-07
5477,12266,4,2019-05-10
5530,12266,9,2019-05-16
5289,12267,2,2019-04-25
5345,12267,9,2019-04-30
5291,12268,2,2019-04-25
5347,12268,9,2019-04-30
5295,12269,2,2019-04-25
5322,12269,9,2019-04-25
5301,12270,2,2019-04-25
5323,12270,9,2019-04-25
5303,12271,2,2019-04-25
5324,12271,9,2019-04-25
5304,12272,2,2019-04-25
5349,12272,9,2019-04-30
5305,12273,2,2019-04-25
5325,12273,9,2019-04-25
5310,12274,2,2019-04-25
5326,12274,9,2019-04-25
5311,12275,2,2019-04-25
5327,12275,9,2019-04-25
5314,12276,2,2019-04-25
5328,12276,9,2019-04-25
5316,12277,2,2019-04-25
5336,12277,9,2019-04-30
5318,12278,2,2019-04-25
5348,12278,9,2019-04-30
5331,12279,2,2019-04-25
5334,12279,9,2019-04-30
5332,12280,2,2019-04-25
5335,12280,9,2019-04-30
5350,12281,2,2019-04-30
5352,12281,9,2019-04-30
5354,12282,1,2019-04-30
5356,12282,4,2019-05-02
5423,12282,1,2019-05-06
5442,12282,3,2019-05-07
5448,12282,9,2019-05-08
5355,12283,1,2019-04-30
5443,12283,3,2019-05-07
5449,12283,9,2019-05-08
5357,12284,1,2019-04-30
5358,12284,4,2019-05-02
5425,12284,1,2019-05-06
5459,12284,9,2019-05-08
5361,12285,2,2019-05-02
5398,12285,9,2019-05-03
5362,12286,2,2019-05-02
5399,12286,9,2019-05-03
5363,12287,2,2019-05-02
5369,12287,9,2019-05-02
5364,12288,2,2019-05-02
5370,12288,9,2019-05-02
5365,12289,2,2019-05-02
5402,12289,9,2019-05-03
5366,12290,2,2019-05-02
5379,12290,9,2019-05-02
5367,12291,2,2019-05-02
5380,12291,9,2019-05-02
5368,12292,2,2019-05-02
5401,12292,9,2019-05-03
5372,12293,2,2019-05-02
5381,12293,9,2019-05-02
5373,12294,2,2019-05-02
5383,12294,9,2019-05-02
5374,12295,2,2019-05-02
5384,12295,9,2019-05-02
5375,12296,2,2019-05-02
5404,12296,9,2019-05-03
5376,12297,2,2019-05-02
5386,12297,9,2019-05-03
5377,12298,2,2019-05-02
5387,12298,9,2019-05-03
5378,12299,2,2019-05-02
5403,12299,9,2019-05-03
5382,12300,2,2019-05-02
5389,12300,9,2019-05-03
5390,12301,1,2019-04-30
5391,12301,4,2019-05-03
5434,12301,1,2019-05-07
5447,12301,9,2019-05-07
5405,12302,1,2019-05-03
5406,12302,4,2019-05-03
5438,12302,1,2019-05-07
5457,12302,3,2019-05-08
5489,12302,9,2019-05-10
5407,12303,2,2019-05-03
5439,12303,9,2019-05-07
5408,12304,2,2019-05-03
5413,12304,9,2019-05-03
5409,12305,2,2019-05-03
5416,12305,9,2019-05-03
5410,12306,2,2019-05-03
5417,12306,9,2019-05-03
5411,12307,2,2019-05-03
5432,12307,9,2019-05-06
5412,12308,2,2019-05-03
5427,12308,9,2019-05-06
5414,12309,2,2019-05-03
5418,12309,9,2019-05-03
5415,12310,2,2019-05-03
5433,12310,9,2019-05-06
5421,12311,1,2019-05-06
5422,12311,4,2019-05-06
5426,12311,1,2019-05-06
5464,12311,9,2019-05-09
5424,12312,1,2019-05-06
5482,12312,4,2019-05-10
5486,12312,1,2019-05-10
5492,12312,9,2019-05-13
5436,12313,1,2019-05-06
5491,12313,9,2019-05-13
5440,12314,1,2019-05-06
5494,12314,3,2019-05-13
5511,12314,9,2019-05-14
5441,12320,1,2019-05-06
5495,12320,3,2019-05-13
5512,12320,9,2019-05-14
5450,12321,1,2019-05-06
5451,12321,9,2019-05-08
5452,12322,1,2019-05-07
5453,12322,4,2019-05-08
5505,12322,1,2019-05-14
5518,12322,4,2019-05-14
6064,12322,1,2019-06-05
6068,12322,3,2019-06-05
6301,12322,9,2019-06-25
5454,12323,1,2019-05-07
5463,12323,9,2019-05-09
5455,12324,1,2019-05-08
5456,12324,4,2019-05-08
5506,12324,1,2019-05-14
5516,12324,9,2019-05-14
5465,12325,1,2019-05-08
5478,12325,4,2019-05-10
5481,12325,1,2019-05-10
5515,12325,9,2019-05-14
5466,12326,1,2019-05-09
5485,12326,4,2019-05-10
5498,12326,3,2019-05-13
5879,12326,4,2019-05-30
6208,12326,1,2019-06-14
6215,12326,9,2019-06-14
5469,12327,1,2019-05-09
5475,12327,9,2019-05-10
5470,12328,2,2019-05-09
5552,12328,9,2019-05-17
5471,12329,2,2019-05-09
5556,12329,9,2019-05-17
5472,12330,2,2019-05-09
5582,12330,9,2019-05-17
5473,12331,2,2019-05-09
5562,12331,9,2019-05-17
5479,12332,1,2019-05-09
5480,12332,4,2019-05-10
5507,12332,1,2019-05-14
5640,12332,3,2019-05-21
6001,12332,9,2019-06-03
5483,12333,1,2019-05-08
5484,12333,4,2019-05-10
5487,12333,1,2019-05-10
5581,12333,4,2019-05-17
5630,12333,1,2019-05-21
5757,12333,3,2019-05-23
5808,12333,9,2019-05-27
5496,12334,1,2019-05-03
5497,12334,4,2019-05-13
5598,12334,1,2019-05-20
5604,12334,9,2019-05-20
5499,12335,1,2019-05-13
5501,12335,4,2019-05-13
5596,12335,9,2019-05-17
5500,12337,1,2019-05-13
5594,12337,9,2019-05-17
5502,12338,1,2019-05-13
5504,12338,9,2019-05-14
5503,12339,2,2019-05-14
5564,12339,9,2019-05-17
5508,12340,2,2019-05-14
5586,12340,9,2019-05-17
5509,12341,1,2019-05-14
5539,12341,4,2019-05-16
5743,12341,1,2019-05-23
5754,12341,4,2019-05-23
6311,12341,9,2019-06-25
5510,12342,1,2019-05-08
5608,12342,3,2019-05-20
5811,12342,1,2019-05-28
5834,12342,9,2019-05-29
5513,12343,1,2019-05-14
5514,12343,4,2019-05-14
5571,12343,1,2019-05-17
5575,12343,9,2019-05-17
5519,12344,1,2019-05-14
5520,12344,4,2019-05-14
5522,12344,9,2019-05-15
5523,12345,1,2019-05-15
5524,12345,4,2019-05-15
5857,12345,9,2019-05-29
5525,12346,1,2019-05-15
5526,12346,4,2019-05-15
5580,12346,1,2019-05-17
5600,12346,3,2019-05-20
6018,12346,4,2019-06-04
6044,12346,9,2019-06-05
5527,12347,1,2019-05-15
5528,12347,4,2019-05-15
5529,12347,9,2019-05-16
5532,12348,2,2019-05-16
5583,12348,9,2019-05-17
5533,12349,1,2019-05-15
5534,12349,4,2019-05-16
5752,12349,1,2019-05-23
5753,12349,3,2019-05-23
5838,12349,4,2019-05-29
5876,12349,9,2019-05-30
5535,12350,2,2019-05-16
5565,12350,9,2019-05-17
5537,12351,1,2019-05-16
5538,12351,4,2019-05-16
5553,12351,9,2019-05-17
5540,12352,2,2019-05-16
5568,12352,9,2019-05-17
5541,12353,2,2019-05-16
5569,12353,9,2019-05-17
5542,12354,1,2019-05-16
5543,12354,4,2019-05-16
5576,12354,9,2019-05-17
5544,12355,2,2019-05-16
5570,12355,9,2019-05-17
5545,12356,2,2019-05-16
5572,12356,9,2019-05-17
5546,12357,2,2019-05-16
5574,12357,9,2019-05-17
5547,12358,2,2019-05-16
5561,12358,9,2019-05-17
5549,12359,1,2019-05-16
5843,12359,3,2019-05-29
6118,12359,9,2019-06-10
5550,12360,2,2019-05-16
5577,12360,9,2019-05-17
5554,12361,2,2019-05-17
5587,12361,9,2019-05-17
5555,12362,2,2019-05-17
5588,12362,9,2019-05-17
5557,12363,2,2019-05-17
5589,12363,9,2019-05-17
5558,12364,2,2019-05-17
5590,12364,9,2019-05-17
5559,12365,1,2019-05-16
5560,12365,4,2019-05-17
5567,12365,9,2019-05-17
5563,12366,2,2019-05-17
5578,12366,9,2019-05-17
5566,12367,1,2019-05-16
5809,12367,3,2019-05-27
5871,12367,9,2019-05-30
5573,12368,1,2019-05-17
5810,12368,3,2019-05-27
5875,12368,9,2019-05-30
5579,12369,2,2019-05-17
5593,12369,9,2019-05-17
5584,12370,1,2019-05-17
5585,12370,4,2019-05-17
5591,12370,1,2019-05-17
5603,12370,9,2019-05-20
5595,12371,2,2019-05-17
5597,12371,9,2019-05-17
5601,12372,1,2019-05-13
5602,12372,4,2019-05-20
5766,12372,1,2019-05-24
5781,12372,3,2019-05-24
5848,12372,4,2019-05-29
6148,12372,1,2019-06-11
6155,12372,9,2019-06-12
5605,12373,1,2019-05-20
5606,12373,4,2019-05-20
5674,12373,1,2019-05-22
5792,12373,9,2019-05-24
5607,12374,2,2019-05-20
5657,12374,9,2019-05-21
5609,12375,2,2019-05-20
5631,12375,9,2019-05-21
5610,12376,1,2019-05-20
5611,12376,4,2019-05-20
5797,12376,1,2019-05-27
5812,12376,3,2019-05-28
5878,12376,9,2019-05-30
5612,12377,2,2019-05-20
5634,12377,9,2019-05-21
5613,12378,2,2019-05-20
5635,12378,9,2019-05-21
5614,12379,1,2019-05-20
5625,12379,4,2019-05-21
5744,12379,1,2019-05-23
5745,12379,4,2019-05-23
6069,12379,9,2019-06-05
5615,12380,1,2019-05-20
5626,12380,4,2019-05-21
6047,12380,3,2019-06-05
6070,12380,9,2019-06-05
5616,12381,2,2019-05-20
5636,12381,9,2019-05-21
5617,12382,1,2019-05-20
5886,12382,9,2019-05-30
5618,12383,2,2019-05-20
5655,12383,9,2019-05-21
5619,12384,2,2019-05-20
5637,12384,9,2019-05-21
5620,12385,2,2019-05-20
5653,12385,9,2019-05-21
5621,12386,2,2019-05-20
5639,12386,9,2019-05-21
5622,12387,2,2019-05-20
5642,12387,9,2019-05-21
5627,12388,1,2019-05-21
5628,12388,4,2019-05-21
5789,12388,3,2019-05-24
5888,12388,4,2019-05-30
5940,12388,9,2019-05-31
5629,12389,1,2019-05-21
5633,12389,3,2019-05-21
6004,12389,9,2019-06-03
5632,12390,2,2019-05-21
5715,12390,9,2019-05-22
5638,12391,2,2019-05-21
5737,12391,9,2019-05-23
5641,12392,2,2019-05-21
5658,12392,9,2019-05-21
5643,12393,2,2019-05-21
5994,12393,9,2019-06-03
5644,12394,2,2019-05-21
5691,12394,9,2019-05-22
5645,12395,2,2019-05-21
5692,12395,9,2019-05-22
5646,12396,2,2019-05-21
5694,12396,9,2019-05-22
5647,12397,2,2019-05-21
5695,12397,9,2019-05-22
5648,12398,2,2019-05-21
5701,12398,9,2019-05-22
5649,12399,2,2019-05-21
5706,12399,9,2019-05-22
5650,12400,2,2019-05-21
5707,12400,9,2019-05-22
5651,12401,2,2019-05-21
5708,12401,9,2019-05-22
5652,12402,2,2019-05-21
5711,12402,9,2019-05-22
5654,12403,2,2019-05-21
5718,12403,9,2019-05-22
5656,12404,2,2019-05-21
5720,12404,9,2019-05-22
5659,12405,2,2019-05-21
5721,12405,9,2019-05-22
5660,12406,2,2019-05-21
5724,12406,9,2019-05-22
5661,12407,1,2019-05-22
5675,12407,4,2019-05-22
5814,12407,9,2019-05-28
5662,12408,2,2019-05-22
5732,12408,9,2019-05-23
5663,12409,2,2019-05-22
5730,12409,9,2019-05-23
5664,12410,1,2019-05-22
5665,12410,4,2019-05-22
5979,12410,3,2019-05-31
6036,12410,9,2019-06-04
5666,12411,2,2019-05-22
5749,12411,9,2019-05-23
5667,12412,2,2019-05-22
5734,12412,9,2019-05-23
5668,12413,2,2019-05-22
5736,12413,9,2019-05-23
5669,12414,2,2019-05-22
5751,12414,9,2019-05-23
5670,12415,2,2019-05-22
5761,12415,9,2019-05-23
5671,12416,2,2019-05-22
5762,12416,9,2019-05-23
5672,12417,2,2019-05-22
5763,12417,9,2019-05-23
5673,12418,2,2019-05-22
5738,12418,9,2019-05-23
5676,12419,1,2019-05-21
5677,12419,4,2019-05-22
5699,12419,1,2019-05-22
5816,12419,4,2019-05-28
6466,12419,9,2019-07-04
5678,12420,2,2019-05-22
5764,12420,9,2019-05-23
5679,12421,2,2019-05-22
5739,12421,9,2019-05-23
5680,12422,2,2019-05-22
5741,12422,9,2019-05-23
5681,12423,2,2019-05-22
5765,12423,9,2019-05-23
5682,12424,2,2019-05-22
6052,12424,9,2019-06-05
5683,12425,2,2019-05-22
5770,12425,9,2019-05-24
5684,12426,2,2019-05-22
5771,12426,9,2019-05-24
5685,12427,2,2019-05-22
5772,12427,9,2019-05-24
5686,12428,2,2019-05-22
5773,12428,9,2019-05-24
5687,12429,2,2019-05-22
5774,12429,9,2019-05-24
5688,12430,2,2019-05-22
5775,12430,9,2019-05-24
5689,12431,2,2019-05-22
5776,12431,9,2019-05-24
5690,12432,2,2019-05-22
5777,12432,9,2019-05-24
5693,12433,2,2019-05-22
5778,12433,9,2019-05-24
5696,12434,2,2019-05-22
6019,12434,9,2019-06-04
5697,12435,1,2019-05-21
5705,12435,4,2019-05-22
5798,12435,1,2019-05-27
5807,12435,3,2019-05-27
5855,12435,9,2019-05-29
5698,12436,2,2019-05-22
5779,12436,9,2019-05-24
5700,12437,2,2019-05-22
5802,12437,9,2019-05-27
5702,12439,1,2019-05-21
5704,12439,4,2019-05-22
5799,12439,1,2019-05-27
5856,12439,9,2019-05-29
5703,12440,2,2019-05-22
5782,12440,9,2019-05-24
5709,12441,2,2019-05-22
5783,12441,9,2019-05-24
5710,12442,2,2019-05-22
5786,12442,9,2019-05-24
5712,12443,2,2019-05-22
5787,12443,9,2019-05-24
5713,12444,2,2019-05-22
5788,12444,9,2019-05-24
5714,12445,2,2019-05-22
5800,12445,9,2019-05-27
5716,12446,2,2019-05-22
5806,12446,9,2019-05-27
5717,12447,2,2019-05-22
5790,12447,9,2019-05-24
5719,12448,2,2019-05-22
5791,12448,9,2019-05-24
5722,12449,1,2019-05-22
5723,12449,4,2019-05-22
5740,12449,1,2019-05-23
5742,12449,9,2019-05-23
5725,12450,1,2019-05-21
5726,12450,4,2019-05-23
5767,12450,1,2019-05-24
6086,12450,3,2019-06-06
6290,12450,9,2019-06-24
5727,12451,1,2019-05-22
5728,12451,4,2019-05-23
5735,12451,1,2019-05-23
5877,12451,4,2019-05-30
5970,12451,1,2019-05-31
6103,12451,9,2019-06-07
5729,12452,1,2019-05-23
5733,12452,9,2019-05-23
5731,12453,1,2019-05-22
5768,12453,9,2019-05-24
5746,12454,1,2019-05-22
5747,12454,9,2019-05-23
5748,12455,1,2019-05-21
5750,12455,9,2019-05-23
5755,12456,2,2019-05-23
5760,12456,9,2019-05-23
5756,12457,1,2019-05-23
5780,12457,4,2019-05-24
5971,12457,1,2019-05-31
5977,12457,3,2019-05-31
5996,12457,4,2019-06-03
6147,12457,1,2019-06-11
6163,12457,3,2019-06-12
6242,12457,9,2019-06-20
5758,12458,1,2019-05-22
5759,12458,4,2019-05-23
5833,12458,1,2019-05-29
5889,12458,3,2019-05-30
6016,12458,9,2019-06-04
5784,12459,1,2019-05-24
5785,12459,4,2019-05-24
6292,12459,3,2019-06-24
6487,12459,1,2019-07-05
6502,12459,4,2019-07-08
6511,12459,1,2019-07-09
6635,12459,3,2019-07-19
6849,12459,9,2019-08-05
5793,12460,1,2019-05-24
5847,12460,3,2019-05-29
5870,12460,9,2019-05-30
5794,12461,1,2019-05-23
5795,12461,4,2019-05-27
6015,12461,9,2019-06-04
5796,12462,1,2019-05-23
5974,12462,4,2019-05-31
5975,12462,3,2019-05-31
6098,12462,4,2019-06-06
6108,12462,9,2019-06-07
5801,12463,1,2019-05-24
5804,12463,9,2019-05-27
5803,12464,1,2019-05-27
5805,12464,9,2019-05-27
5813,12465,2,2019-05-28
5815,12465,9,2019-05-28
5817,12466,2,2019-05-28
5818,12466,9,2019-05-28
5819,12467,2,2019-05-28
5836,12467,9,2019-05-29
5820,12468,2,2019-05-28
5835,12468,9,2019-05-29
5821,12469,2,2019-05-28
5837,12469,9,2019-05-29
5822,12470,2,2019-05-28
5839,12470,9,2019-05-29
5823,12471,2,2019-05-28
5840,12471,9,2019-05-29
5824,12472,2,2019-05-28
5841,12472,9,2019-05-29
5825,12473,2,2019-05-28
5842,12473,9,2019-05-29
5826,12474,2,2019-05-28
5846,12474,9,2019-05-29
5827,12475,2,2019-05-28
5849,12475,9,2019-05-29
5828,12476,2,2019-05-28
5850,12476,9,2019-05-29
5829,12477,2,2019-05-28
5854,12477,9,2019-05-29
5830,12478,2,2019-05-28
5853,12478,9,2019-05-29
5831,12479,2,2019-05-28
5851,12479,9,2019-05-29
5832,12480,2,2019-05-28
5852,12480,9,2019-05-29
5844,12481,1,2019-05-28
5845,12481,4,2019-05-29
5976,12481,1,2019-05-31
5992,12481,4,2019-06-03
6002,12481,1,2019-06-03
6014,12481,3,2019-06-03
6024,12481,9,2019-06-04
5858,12482,1,2019-05-27
5859,12482,4,2019-05-29
6078,12482,1,2019-06-06
6082,12482,3,2019-06-06
6101,12482,9,2019-06-06
5860,12483,2,2019-05-29
5873,12483,9,2019-05-30
5861,12484,2,2019-05-29
6129,12484,9,2019-06-10
5862,12485,2,2019-05-29
5922,12485,9,2019-05-30
5863,12486,2,2019-05-29
5880,12486,9,2019-05-30
5864,12487,2,2019-05-29
5881,12487,9,2019-05-30
5865,12488,2,2019-05-29
5882,12488,9,2019-05-30
5866,12489,2,2019-05-29
5924,12489,9,2019-05-30
5867,12490,2,2019-05-29
5883,12490,9,2019-05-30
5868,12491,2,2019-05-29
5884,12491,9,2019-05-30
5869,12492,2,2019-05-29
5885,12492,9,2019-05-30
5872,12493,1,2019-05-30
5874,12493,9,2019-05-30
5887,12494,2,2019-05-30
5905,12494,9,2019-05-30
5890,12495,2,2019-05-30
5909,12495,9,2019-05-30
5891,12496,2,2019-05-30
6026,12496,9,2019-06-04
5892,12497,2,2019-05-30
5916,12497,9,2019-05-30
5893,12498,2,2019-05-30
5920,12498,9,2019-05-30
5894,12499,2,2019-05-30
5938,12499,9,2019-05-31
5895,12500,2,2019-05-30
5939,12500,9,2019-05-31
5896,12501,2,2019-05-30
5941,12501,9,2019-05-31
5897,12502,2,2019-05-30
5947,12502,9,2019-05-31
5898,12503,1,2019-05-30
5899,12503,4,2019-05-30
5997,12503,1,2019-06-03
6022,12503,9,2019-06-04
5900,12504,2,2019-05-30
5948,12504,9,2019-05-31
5901,12505,2,2019-05-30
5942,12505,9,2019-05-31
5902,12506,2,2019-05-30
5949,12506,9,2019-05-31
5903,12507,2,2019-05-30
5950,12507,9,2019-05-31
5904,12508,1,2019-05-30
5906,12508,4,2019-05-30
6088,12508,9,2019-06-06
5907,12509,2,2019-05-30
5951,12509,9,2019-05-31
5908,12510,2,2019-05-30
5952,12510,9,2019-05-31
5910,12511,2,2019-05-30
5954,12511,9,2019-05-31
5911,12512,2,2019-05-30
5956,12512,9,2019-05-31
5912,12513,2,2019-05-30
5957,12513,9,2019-05-31
5913,12514,2,2019-05-30
5959,12514,9,2019-05-31
5914,12515,2,2019-05-30
5961,12515,9,2019-05-31
5915,12516,2,2019-05-30
6041,12516,9,2019-06-04
5917,12517,2,2019-05-30
5985,12517,9,2019-05-31
5918,12518,2,2019-05-30
5986,12518,9,2019-05-31
5919,12519,2,2019-05-30
5984,12519,9,2019-05-31
5921,12520,2,2019-05-30
5995,12520,9,2019-06-03
5923,12521,2,2019-05-30
5998,12521,9,2019-06-03
5925,12522,2,2019-05-30
5999,12522,9,2019-06-03
5926,12523,2,2019-05-30
5964,12523,9,2019-05-31
5927,12524,2,2019-05-30
5983,12524,9,2019-05-31
5928,12525,2,2019-05-30
5943,12525,9,2019-05-31
5929,12526,2,2019-05-30
5965,12526,9,2019-05-31
5930,12527,2,2019-05-30
5966,12527,9,2019-05-31
5931,12528,2,2019-05-30
6000,12528,9,2019-06-03
5932,12529,2,2019-05-30
5944,12529,9,2019-05-31
5933,12530,2,2019-05-30
5945,12530,9,2019-05-31
5934,12531,2,2019-05-30
6003,12531,9,2019-06-03
5935,12532,2,2019-05-30
6006,12532,9,2019-06-03
5936,12533,2,2019-05-30
5968,12533,9,2019-05-31
5937,12534,2,2019-05-31
6009,12534,9,2019-06-03
5946,12535,1,2019-05-24
5972,12535,9,2019-05-31
5953,12536,1,2019-05-29
6089,12536,3,2019-06-06
6494,12536,9,2019-07-08
5955,12537,1,2019-05-30
5989,12537,4,2019-06-03
6045,12537,1,2019-06-05
6109,12537,9,2019-06-07
5958,12538,1,2019-05-29
5960,12538,4,2019-05-31
5990,12538,1,2019-06-03
6223,12538,3,2019-06-18
6297,12538,9,2019-06-25
5962,12539,2,2019-05-31
6013,12539,9,2019-06-03
5963,12540,2,2019-05-31
5969,12540,9,2019-05-31
5967,12541,1,2019-05-29
6136,12541,9,2019-06-11
5973,12542,2,2019-05-31
6049,12542,9,2019-06-05
5978,12543,2,2019-05-31
6028,12543,9,2019-06-04
5980,12544,2,2019-05-31
6027,12544,9,2019-06-04
5981,12545,1,2019-05-31
5987,12545,4,2019-05-31
6248,12545,9,2019-06-20
5982,12547,1,2019-05-31
5988,12547,4,2019-05-31
6029,12547,1,2019-06-04
6063,12547,3,2019-06-05
6249,12547,9,2019-06-20
5991,12548,1,2019-05-31
5993,12548,9,2019-06-03
6005,12549,2,2019-06-03
6030,12549,9,2019-06-04
6007,12550,2,2019-05-31
6043,12550,9,2019-06-05
6008,12551,2,2019-06-03
6031,12551,9,2019-06-04
6010,12552,2,2019-06-03
6032,12552,9,2019-06-04
6011,12553,2,2019-06-03
6033,12553,9,2019-06-04
6012,12554,2,2019-06-03
6037,12554,9,2019-06-04
6017,12555,1,2019-06-03
6263,12555,3,2019-06-21
6408,12555,9,2019-07-01
6020,12556,1,2019-06-04
6050,12556,4,2019-06-05
6084,12556,1,2019-06-06
6224,12556,3,2019-06-18
6373,12556,9,2019-06-27
6021,12559,1,2019-06-04
6225,12559,3,2019-06-18
6374,12559,9,2019-06-27
6023,12560,1,2019-06-03
6025,12560,4,2019-06-04
6046,12560,1,2019-06-05
6048,12560,3,2019-06-05
6073,12560,9,2019-06-06
6034,12561,1,2019-06-04
6035,12561,4,2019-06-04
6085,12561,1,2019-06-06
6097,12561,9,2019-06-06
6038,12562,2,2019-06-04
6042,12562,9,2019-06-04
6039,12563,1,2019-06-04
6040,12563,4,2019-06-04
6087,12563,3,2019-06-06
6402,12563,1,2019-06-28
6404,12563,9,2019-06-28
6051,12564,1,2019-06-05
6053,12564,4,2019-06-05
6143,12564,1,2019-06-11
6275,12564,3,2019-06-24
6313,12564,9,2019-06-25
6054,12565,1,2019-06-04
6122,12565,4,2019-06-10
6185,12565,1,2019-06-13
6188,12565,9,2019-06-13
6055,12566,2,2019-06-05
6099,12566,9,2019-06-06
6056,12567,2,2019-06-05
6071,12567,9,2019-06-06
6057,12568,2,2019-06-05
6072,12568,9,2019-06-06
6058,12569,2,2019-06-05
6074,12569,9,2019-06-06
6059,12570,2,2019-06-05
6100,12570,9,2019-06-06
6060,12571,2,2019-06-05
6090,12571,9,2019-06-06
6061,12572,2,2019-06-05
6077,12572,9,2019-06-06
6062,12573,1,2019-06-05
6161,12573,9,2019-06-12
6065,12574,2,2019-06-05
6102,12574,9,2019-06-06
6066,12575,2,2019-06-05
6081,12575,9,2019-06-06
6067,12576,2,2019-06-05
6095,12576,9,2019-06-06
6075,12577,1,2019-06-06
6146,12577,9,2019-06-11
6076,12578,1,2019-06-05
6080,12578,4,2019-06-06
6246,12578,9,2019-06-20
6079,12579,1,2019-06-05
6083,12579,4,2019-06-06
6112,12579,1,2019-06-07
6170,12579,9,2019-06-12
6091,12580,1,2019-06-05
6092,12580,4,2019-06-06
6093,12580,1,2019-06-06
6094,12580,9,2019-06-06
6096,12581,1,2019-06-06
6191,12581,3,2019-06-13
6503,12581,9,2019-07-08
6104,12582,1,2019-06-07
6105,12582,4,2019-06-07
6187,12582,9,2019-06-13
6106,12583,1,2019-06-06
6107,12583,4,2019-06-07
6177,12583,9,2019-06-12
6110,12584,1,2019-06-07
6111,12584,4,2019-06-07
6119,12584,9,2019-06-10
6113,12585,2,2019-06-07
6125,12585,9,2019-06-10
6114,12586,2,2019-06-07
6128,12586,9,2019-06-10
6115,12587,2,2019-06-07
6133,12587,9,2019-06-10
6116,12588,1,2019-06-07
6117,12588,4,2019-06-07
6213,12588,9,2019-06-14
6120,12589,1,2019-06-10
6121,12589,9,2019-06-10
6123,12590,1,2019-06-07
6124,12590,4,2019-06-10
6499,12590,1,2019-07-08
6500,12590,4,2019-07-08
6501,12590,1,2019-07-08
6504,12590,3,2019-07-08
6606,12590,9,2019-07-16
6126,12591,1,2019-06-10
6127,12591,4,2019-06-10
6489,12591,9,2019-07-05
6130,12592,1,2019-05-21
6131,12592,9,2019-06-10
6132,12593,1,2019-06-10
6134,12593,4,2019-06-10
6164,12593,9,2019-06-12
6135,12594,1,2019-06-10
6180,12594,4,2019-06-12
6226,12594,1,2019-06-18
6279,12594,3,2019-06-24
6505,12594,9,2019-07-08
6137,12595,1,2019-06-10
6138,12595,4,2019-06-11
6145,12595,1,2019-06-11
6181,12595,9,2019-06-13
6139,12596,1,2019-06-10
6140,12596,4,2019-06-11
6156,12596,1,2019-06-12
6262,12596,3,2019-06-21
6405,12596,9,2019-07-01
6141,12597,1,2019-06-11
6142,12597,4,2019-06-11
6144,12597,1,2019-06-11
6182,12597,9,2019-06-13
6149,12598,1,2019-06-11
6162,12598,4,2019-06-12
6169,12598,1,2019-06-12
6189,12598,4,2019-06-13
6260,12598,1,2019-06-21
6302,12598,3,2019-06-25
6515,12598,9,2019-07-09
6150,12599,1,2019-06-10
6151,12599,4,2019-06-11
6171,12599,1,2019-06-12
6464,12599,9,2019-07-04
6152,12600,1,2019-06-10
6153,12600,4,2019-06-11
6463,12600,9,2019-07-04
6154,12601,1,2019-06-10
6271,12601,9,2019-06-24
6157,12602,1,2019-06-07
6158,12602,4,2019-06-12
6228,12602,9,2019-06-18
6159,12603,1,2019-06-12
6160,12603,4,2019-06-12
6274,12603,3,2019-06-24
6276,12603,9,2019-06-24
6165,12604,1,2019-06-11
6168,12604,4,2019-06-12
6231,12604,3,2019-06-19
6414,12604,9,2019-07-01
6166,12605,1,2019-06-11
6167,12605,4,2019-06-12
6308,12605,1,2019-06-25
6323,12605,9,2019-06-26
6172,12606,1,2019-06-12
6173,12606,4,2019-06-12
6209,12606,3,2019-06-14
6417,12606,9,2019-07-01
6174,12607,1,2019-06-12
6175,12607,4,2019-06-12
6207,12607,9,2019-06-14
6176,12608,2,2019-06-12
6186,12608,9,2019-06-13
6178,12609,1,2019-06-12
6179,12609,4,2019-06-12
6227,12609,1,2019-06-18
6273,12609,3,2019-06-24
6312,12609,9,2019-06-25
6183,12610,1,2019-06-12
6184,12610,4,2019-06-13
6229,12610,1,2019-06-19
6230,12610,9,2019-06-19
6190,12611,2,2019-06-13
6194,12611,9,2019-06-13
6192,12612,2,2019-06-13
6206,12612,9,2019-06-14
6193,12613,2,2019-06-13
6195,12613,9,2019-06-13
6196,12614,2,2019-06-13
6201,12614,9,2019-06-13
6197,12615,2,2019-06-13
6202,12615,9,2019-06-13
6198,12616,2,2019-06-13
6203,12616,9,2019-06-13
6199,12617,2,2019-06-13
6204,12617,9,2019-06-13
6200,12618,2,2019-06-13
6205,12618,9,2019-06-13
6210,12619,1,2019-06-13
6211,12619,4,2019-06-14
6264,12619,1,2019-06-21
6335,12619,3,2019-06-26
6426,12619,9,2019-07-02
6212,12620,1,2019-06-14
6216,12620,4,2019-06-18
6307,12620,1,2019-06-25
6431,12620,3,2019-07-02
6433,12620,9,2019-07-02
6214,12621,1,2019-06-14
6309,12621,3,2019-06-25
6555,12621,4,2019-07-11
6636,12621,9,2019-07-19
6217,12622,1,2019-06-14
6218,12622,4,2019-06-18
6399,12622,1,2019-06-28
6401,12622,3,2019-06-28
6440,12622,9,2019-07-02
6219,12623,1,2019-06-14
6338,12623,4,2019-06-26
6367,12623,3,2019-06-27
6438,12623,9,2019-07-02
6220,12624,1,2019-06-14
6340,12624,4,2019-06-26
6368,12624,3,2019-06-27
6439,12624,9,2019-07-02
6221,12625,2,2019-06-18
6222,12625,9,2019-06-18
6232,12626,1,2019-06-19
6233,12626,4,2019-06-19
6266,12626,9,2019-06-21
6234,12627,1,2019-06-19
6235,12627,4,2019-06-19
6238,12627,9,2019-06-20
6236,12628,2,2019-06-19
6270,12628,9,2019-06-24
6237,12629,2,2019-06-19
6272,12629,9,2019-06-24
6239,12630,1,2019-06-19
6241,12630,9,2019-06-20
6240,12631,1,2019-06-12
6243,12631,3,2019-06-20
6277,12631,9,2019-06-24
6244,12632,1,2019-06-19
6245,12632,4,2019-06-20
6247,12632,9,2019-06-20
6250,12633,1,2019-06-20
6251,12633,4,2019-06-20
6484,12633,1,2019-07-05
6628,12633,9,2019-07-18
6252,12634,1,2019-06-18
6253,12634,4,2019-06-21
6435,12634,1,2019-07-02
6507,12634,3,2019-07-08
6860,12634,9,2019-08-06
6254,12635,1,2019-06-21
6332,12635,4,2019-06-26
6694,12635,3,2019-07-25
6697,12635,4,2019-07-26
6698,12635,3,2019-07-26
6796,12635,9,2019-07-31
6255,12636,1,2019-06-18
6256,12636,4,2019-06-21
6383,12636,1,2019-06-28
6394,12636,3,2019-06-28
6406,12636,1,2019-07-01
6409,12636,4,2019-07-01
6465,12636,9,2019-07-04
6257,12637,1,2019-06-21
6258,12637,4,2019-06-21
6304,12637,3,2019-06-25
6878,12637,9,2019-08-07
6259,12638,1,2019-06-19
6261,12638,4,2019-06-21
6281,12638,3,2019-06-24
6343,12638,9,2019-06-26
6265,12639,2,2019-06-21
6267,12639,9,2019-06-21
6268,12640,1,2019-06-20
6269,12640,4,2019-06-24
6357,12640,1,2019-06-27
6365,12640,3,2019-06-27
6481,12640,9,2019-07-04
6278,12641,1,2019-06-21
6329,12641,4,2019-06-26
6520,12641,1,2019-07-10
6559,12641,4,2019-07-11
6593,12641,9,2019-07-15
6280,12642,2,2019-06-24
6284,12642,9,2019-06-24
6282,12643,2,2019-06-24
6294,12643,9,2019-06-24
6283,12644,2,2019-06-24
6285,12644,9,2019-06-24
6286,12645,2,2019-06-24
6288,12645,9,2019-06-24
6287,12646,2,2019-06-24
6291,12646,9,2019-06-24
6289,12647,2,2019-06-24
6293,12647,9,2019-06-24
6295,12648,1,2019-06-21
6296,12648,4,2019-06-24
6400,12648,3,2019-06-28
6449,12648,9,2019-07-03
6298,12649,1,2019-06-11
6299,12649,9,2019-06-25
6300,12650,2,2019-06-25
6303,12650,9,2019-06-25
6305,12651,1,2019-06-25
6306,12651,4,2019-06-25
6334,12651,9,2019-06-26
6310,12652,1,2019-06-24
6395,12652,3,2019-06-28
6410,12652,4,2019-07-01
6416,12652,1,2019-07-01
6436,12652,9,2019-07-02
6314,12653,2,2019-06-25
6342,12653,9,2019-06-26
6315,12654,2,2019-06-25
6341,12654,9,2019-06-26
6316,12655,2,2019-06-25
6325,12655,9,2019-06-26
6317,12656,2,2019-06-25
6326,12656,9,2019-06-26
6318,12657,2,2019-06-25
6327,12657,9,2019-06-26
6319,12658,2,2019-06-25
6328,12658,9,2019-06-26
6320,12659,2,2019-06-25
6330,12659,9,2019-06-26
6321,12660,2,2019-06-25
6331,12660,9,2019-06-26
6322,12661,2,2019-06-25
6369,12661,9,2019-06-27
6324,12662,1,2019-06-25
6359,12662,4,2019-06-27
6378,12662,1,2019-06-27
6519,12662,4,2019-07-10
6521,12662,3,2019-07-10
6889,12662,9,2019-08-08
6333,12663,2,2019-06-26
6339,12663,9,2019-06-26
6336,12664,1,2019-06-26
6337,12664,4,2019-06-26
6486,12664,1,2019-07-05
6488,12664,9,2019-07-05
6344,12665,2,2019-06-26
6348,12665,9,2019-06-26
6345,12666,2,2019-06-26
6349,12666,9,2019-06-26
6346,12667,2,2019-06-26
6350,12667,9,2019-06-26
6347,12668,2,2019-06-26
6351,12668,9,2019-06-26
6352,12669,2,2019-06-26
6496,12669,9,2019-07-08
6353,12670,2,2019-06-26
6403,12670,9,2019-06-28
6354,12671,2,2019-06-26
6358,12671,9,2019-06-27
6355,12672,2,2019-06-26
6360,12672,9,2019-06-27
6356,12673,2,2019-06-26
6361,12673,9,2019-06-27
6362,12674,1,2019-06-26
6363,12674,4,2019-06-27
6605,12674,1,2019-07-16
6631,12674,4,2019-07-18
6689,12674,3,2019-07-24
6696,12674,4,2019-07-26
6726,12674,3,2019-07-29
6853,12674,9,2019-08-05
6364,12675,2,2019-06-27
6376,12675,9,2019-06-27
6366,12676,1,2019-06-27
6389,12676,3,2019-06-28
6478,12676,4,2019-07-04
6645,12676,3,2019-07-22
6721,12676,9,2019-07-29
6370,12681,1,2019-06-27
6390,12681,3,2019-06-28
6451,12681,4,2019-07-03
6644,12681,3,2019-07-22
6720,12681,9,2019-07-29
6371,12682,2,2019-06-27
6377,12682,9,2019-06-27
6372,12683,1,2019-06-26
6396,12683,3,2019-06-28
6444,12683,4,2019-07-03
6475,12683,9,2019-07-04
6375,12684,2,2019-06-27
6379,12684,9,2019-06-27
6380,12685,2,2019-06-27
6381,12685,9,2019-06-27
6382,12686,1,2019-06-27
6446,12686,9,2019-07-03
6384,12687,2,2019-06-28
6397,12687,9,2019-06-28
6385,12688,2,2019-06-28
6393,12688,9,2019-06-28
6386,12689,1,2019-06-28
6388,12689,4,2019-06-28
6407,12689,1,2019-07-01
6434,12689,3,2019-07-02
6479,12689,9,2019-07-04
6387,12690,2,2019-06-28
6432,12690,9,2019-07-02
6391,12691,2,2019-06-28
6398,12691,9,2019-06-28
6392,12692,2,2019-06-28
6470,12692,9,2019-07-04
6411,12693,1,2019-06-28
6413,12693,4,2019-07-01
6437,12693,9,2019-07-02
6412,12694,1,2019-07-01
6423,12694,9,2019-07-02
6415,12695,2,2019-07-01
6445,12695,9,2019-07-03
6418,12696,2,2019-07-01
6424,12696,9,2019-07-02
6419,12697,2,2019-07-01
6427,12697,9,2019-07-02
6420,12698,2,2019-07-01
6428,12698,9,2019-07-02
6421,12699,2,2019-07-01
6429,12699,9,2019-07-02
6422,12700,2,2019-07-01
6430,12700,9,2019-07-02
6425,12701,1,2019-06-28
6516,12701,4,2019-07-09
6522,12701,1,2019-07-10
6525,12701,9,2019-07-10
6441,12702,1,2019-07-02
6476,12702,3,2019-07-04
6477,12702,9,2019-07-04
6442,12703,1,2019-07-02
6443,12703,4,2019-07-03
6450,12703,9,2019-07-03
6447,12704,2,2019-07-03
6448,12704,9,2019-07-03
6452,12705,2,2019-07-03
6469,12705,9,2019-07-04
6453,12706,2,2019-07-03
6457,12706,9,2019-07-03
6454,12707,2,2019-07-03
6459,12707,9,2019-07-03
6455,12708,2,2019-07-03
6460,12708,9,2019-07-03
6456,12709,2,2019-07-03
6461,12709,9,2019-07-03
6458,12710,2,2019-07-03
6462,12710,9,2019-07-03
6467,12711,1,2019-07-03
6468,12711,4,2019-07-04
6485,12711,1,2019-07-05
6492,12711,9,2019-07-08
6471,12712,1,2019-07-04
6472,12712,4,2019-07-04
6574,12712,1,2019-07-12
6642,12712,4,2019-07-22
6656,12712,1,2019-07-23
6729,12712,3,2019-07-29
6765,12712,9,2019-07-30
6473,12713,1,2019-07-04
6474,12713,4,2019-07-04
6480,12713,1,2019-07-04
6514,12713,9,2019-07-09
6482,12714,1,2019-07-05
6483,12714,4,2019-07-05
6536,12714,9,2019-07-10
6490,12715,2,2019-07-05
6491,12715,9,2019-07-05
6493,12716,2,2019-07-08
6497,12716,9,2019-07-08
6495,12717,2,2019-07-08
6498,12717,9,2019-07-08
6506,12718,2,2019-07-08
6531,12718,9,2019-07-10
6508,12719,2,2019-07-08
6532,12719,9,2019-07-10
6509,12720,2,2019-07-08
6533,12720,9,2019-07-10
6510,12721,2,2019-07-08
6534,12721,9,2019-07-10
6517,12722,1,2019-07-09
6518,12722,4,2019-07-09
6668,12722,3,2019-07-23
6783,12722,9,2019-07-30
6523,12723,1,2019-07-10
6524,12723,4,2019-07-10
6565,12723,1,2019-07-12
6567,12723,4,2019-07-12
6862,12723,9,2019-08-06
6526,12724,2,2019-07-10
6535,12724,9,2019-07-10
6527,12725,1,2019-07-10
6530,12725,4,2019-07-10
6671,12725,9,2019-07-23
6528,12726,1,2019-07-10
6529,12726,4,2019-07-10
6670,12726,9,2019-07-23
6537,12727,2,2019-07-10
6538,12727,9,2019-07-10
6539,12728,2,2019-07-10
6552,12728,9,2019-07-11
6540,12729,2,2019-07-10
6544,12729,9,2019-07-11
6541,12730,2,2019-07-10
6560,12730,9,2019-07-11
6542,12731,2,2019-07-10
6556,12731,9,2019-07-11
6543,12732,2,2019-07-10
6557,12732,9,2019-07-11
6545,12733,2,2019-07-11
6558,12733,9,2019-07-11
6546,12734,1,2019-07-11
6547,12734,4,2019-07-11
6566,12734,1,2019-07-12
6570,12734,9,2019-07-12
6548,12735,1,2019-07-10
6549,12735,9,2019-07-11
6550,12736,1,2019-07-11
6551,12736,9,2019-07-11
6553,12737,1,2019-07-10
6554,12737,9,2019-07-11
6561,12738,1,2019-07-04
6562,12738,4,2019-07-11
6573,12738,1,2019-07-12
6609,12738,9,2019-07-16
6563,12739,1,2019-07-11
6564,12739,4,2019-07-11
6594,12739,1,2019-07-15
6604,12739,9,2019-07-16
6568,12740,2,2019-07-12
6569,12740,9,2019-07-12
6571,12741,1,2019-07-05
6572,12741,4,2019-07-12
6692,12741,3,2019-07-24
6919,12741,9,2019-08-14
6575,12742,1,2019-07-12
6611,12742,4,2019-07-16
6634,12742,9,2019-07-19
6576,12743,1,2019-07-11
6603,12743,4,2019-07-15
6612,12743,1,2019-07-16
6638,12743,3,2019-07-22
6819,12743,1,2019-08-02
6838,12743,9,2019-08-05
6577,12744,1,2019-07-12
6578,12744,4,2019-07-15
6586,12744,9,2019-07-15
6579,12745,1,2019-07-11
6580,12745,4,2019-07-15
6591,12745,1,2019-07-15
6596,12745,9,2019-07-15
6581,12746,1,2019-07-15
6582,12746,4,2019-07-15
6585,12746,9,2019-07-15
6583,12747,1,2019-07-15
6584,12747,4,2019-07-15
6608,12747,9,2019-07-16
6587,12748,1,2019-07-15
6610,12748,4,2019-07-16
6613,12748,9,2019-07-17
6588,12749,2,2019-07-15
6598,12749,9,2019-07-15
6589,12750,2,2019-07-15
6599,12750,9,2019-07-15
6590,12751,1,2019-07-15
6883,12751,3,2019-08-07
6910,12751,9,2019-08-12
6592,12752,2,2019-07-15
6600,12752,9,2019-07-15
6595,12753,2,2019-07-15
6601,12753,9,2019-07-15
6597,12754,2,2019-07-15
6602,12754,9,2019-07-15
6607,12755,1,2019-07-16
6637,12755,3,2019-07-19
6843,12755,9,2019-08-05
6614,12756,1,2019-07-17
6615,12756,4,2019-07-17
6622,12756,9,2019-07-17
6616,12757,1,2019-07-17
6620,12757,9,2019-07-17
6617,12758,2,2019-07-17
6623,12758,9,2019-07-17
6618,12759,1,2019-07-16
6619,12759,3,2019-07-17
6840,12759,9,2019-08-05
6621,12760,1,2019-07-16
6630,12760,9,2019-07-18
6624,12761,1,2019-07-17
6625,12761,4,2019-07-18
6757,12761,1,2019-07-30
6887,12761,9,2019-08-08
6626,12762,1,2019-07-18
6627,12762,4,2019-07-18
6629,12762,1,2019-07-18
6640,12762,3,2019-07-22
6824,12762,9,2019-08-02
6632,12763,2,2019-07-19
6643,12763,9,2019-07-22
6633,12764,2,2019-07-19
6895,12764,9,2019-08-09
6639,12765,1,2019-07-17
6641,12765,4,2019-07-22
6980,12765,1,2019-08-21
6989,12765,9,2019-08-22
6646,12766,2,2019-07-22
6657,12766,9,2019-07-23
6647,12767,2,2019-07-22
6658,12767,9,2019-07-23
6648,12768,2,2019-07-22
6659,12768,9,2019-07-23
6649,12769,2,2019-07-22
6660,12769,9,2019-07-23
6650,12770,2,2019-07-22
6661,12770,9,2019-07-23
6651,12771,2,2019-07-22
6662,12771,9,2019-07-23
6652,12772,2,2019-07-22
6663,12772,9,2019-07-23
6653,12773,2,2019-07-22
6664,12773,9,2019-07-23
6654,12774,2,2019-07-22
6665,12774,9,2019-07-23
6655,12775,2,2019-07-22
6667,12775,9,2019-07-23
6666,12776,2,2019-07-23
6786,12776,9,2019-07-31
6669,12777,1,2019-07-23
6672,12777,4,2019-07-23
6834,12777,9,2019-08-05
6673,12778,1,2019-07-23
6674,12778,4,2019-07-23
6777,12778,1,2019-07-30
6782,12778,3,2019-07-30
6917,12778,4,2019-08-14
6938,12778,9,2019-08-16
6675,12779,1,2019-07-23
6676,12779,4,2019-07-23
6778,12779,1,2019-07-30
6780,12779,4,2019-07-30
6781,12779,3,2019-07-30
6918,12779,4,2019-08-14
6952,12779,9,2019-08-19
6677,12780,1,2019-07-23
6684,12780,3,2019-07-24
6872,12780,9,2019-08-07
6678,12781,1,2019-07-24
6679,12781,4,2019-07-24
6855,12781,1,2019-08-06
6861,12781,9,2019-08-06
6680,12782,2,2019-07-24
6682,12782,9,2019-07-24
6681,12783,2,2019-07-24
6683,12783,9,2019-07-24
6685,12784,2,2019-07-24
6686,12784,9,2019-07-24
6687,12785,2,2019-07-24
6688,12785,9,2019-07-24
6690,12786,2,2019-07-24
6691,12786,9,2019-07-24
6693,12787,1,2019-07-25
6695,12787,4,2019-07-25
6839,12787,9,2019-08-05
6699,12788,1,2019-07-26
6700,12788,4,2019-07-26
6956,12788,1,2019-08-19
6982,12788,3,2019-08-21
6990,12788,4,2019-08-22
6993,12788,1,2019-08-22
7019,12788,9,2019-08-23
6701,12789,2,2019-07-26
6713,12789,9,2019-07-26
6702,12790,2,2019-07-26
6715,12790,9,2019-07-26
6703,12791,2,2019-07-26
6717,12791,9,2019-07-26
6704,12792,2,2019-07-26
6719,12792,9,2019-07-26
6705,12793,2,2019-07-26
6722,12793,9,2019-07-29
6706,12794,2,2019-07-26
6723,12794,9,2019-07-29
6707,12795,2,2019-07-26
6724,12795,9,2019-07-29
6708,12796,2,2019-07-26
6725,12796,9,2019-07-29
6709,12797,2,2019-07-26
6846,12797,9,2019-08-05
6710,12798,2,2019-07-26
6731,12798,9,2019-07-29
6711,12799,2,2019-07-26
6732,12799,9,2019-07-29
6712,12800,2,2019-07-26
6733,12800,9,2019-07-29
6714,12801,2,2019-07-26
6734,12801,9,2019-07-29
6716,12802,1,2019-07-25
6718,12802,4,2019-07-26
6863,12802,1,2019-08-07
6886,12802,3,2019-08-08
6901,12802,9,2019-08-09
6727,12803,1,2019-07-29
6730,12803,4,2019-07-29
6785,12803,1,2019-07-31
6791,12803,3,2019-07-31
6907,12803,9,2019-08-12
6728,12804,1,2019-07-29
6784,12804,3,2019-07-31
6908,12804,9,2019-08-12
6735,12805,1,2019-07-29
6739,12805,9,2019-07-29
6736,12806,1,2019-07-29
6737,12806,4,2019-07-29
6758,12806,1,2019-07-30
6787,12806,3,2019-07-31
6994,12806,4,2019-08-22
7012,12806,1,2019-08-23
7020,12806,9,2019-08-23
6738,12807,1,2019-07-29
6740,12807,4,2019-07-29
6790,12807,1,2019-07-31
6805,12807,4,2019-08-01
6814,12807,3,2019-08-01
6894,12807,9,2019-08-08
6741,12808,2,2019-07-29
6759,12808,9,2019-07-30
6742,12809,2,2019-07-29
6771,12809,9,2019-07-30
6743,12810,2,2019-07-29
6772,12810,9,2019-07-30
6744,12811,2,2019-07-29
6760,12811,9,2019-07-30
6745,12812,2,2019-07-29
6773,12812,9,2019-07-30
6746,12813,2,2019-07-29
6761,12813,9,2019-07-30
6747,12814,2,2019-07-29
6762,12814,9,2019-07-30
6748,12815,2,2019-07-29
6763,12815,9,2019-07-30
6749,12816,2,2019-07-29
6774,12816,9,2019-07-30
6750,12817,2,2019-07-29
6775,12817,9,2019-07-30
6751,12818,2,2019-07-29
6764,12818,9,2019-07-30
6752,12819,2,2019-07-29
6766,12819,9,2019-07-30
6753,12820,2,2019-07-29
6767,12820,9,2019-07-30
6754,12821,2,2019-07-29
6768,12821,9,2019-07-30
6755,12822,2,2019-07-29
6769,12822,9,2019-07-30
6756,12823,2,2019-07-29
6770,12823,9,2019-07-30
6776,12824,1,2019-07-30
6779,12824,3,2019-07-30
6806,12824,9,2019-08-01
6788,12825,2,2019-07-31
6794,12825,9,2019-07-31
6789,12826,2,2019-07-31
6797,12826,9,2019-07-31
6792,12827,2,2019-07-31
6798,12827,9,2019-07-31
6793,12828,1,2019-07-31
6808,12828,4,2019-08-01
6816,12828,1,2019-08-01
6890,12828,3,2019-08-08
6984,12828,9,2019-08-21
6795,12829,2,2019-07-31
6801,12829,9,2019-07-31
6799,12830,1,2019-07-31
6807,12830,3,2019-08-01
6817,12830,9,2019-08-01
6800,12831,2,2019-07-31
6803,12831,9,2019-07-31
6802,12832,2,2019-07-31
6804,12832,9,2019-07-31
6809,12833,1,2019-07-31
6810,12833,4,2019-08-01
6818,12833,1,2019-08-02
6897,12833,3,2019-08-09
6942,12833,9,2019-08-16
6811,12834,1,2019-08-01
6812,12834,9,2019-08-01
6813,12835,1,2019-07-31
6815,12835,3,2019-08-01
6854,12835,9,2019-08-05
6820,12836,1,2019-08-02
6821,12836,4,2019-08-02
6851,12836,1,2019-08-05
6902,12836,3,2019-08-09
6957,12836,9,2019-08-19
6822,12837,1,2019-08-01
6823,12837,4,2019-08-02
7054,12837,9,2019-08-26
6825,12838,1,2019-08-02
6826,12838,4,2019-08-02
7109,12838,1,2019-08-29
7120,12838,4,2019-08-29
7184,12838,3,2019-09-03
7199,12838,9,2019-09-05
6827,12839,2,2019-08-02
6845,12839,9,2019-08-05
6828,12840,2,2019-08-02
6835,12840,9,2019-08-05
6829,12841,2,2019-08-02
6841,12841,9,2019-08-05
6830,12842,2,2019-08-02
6842,12842,9,2019-08-05
6831,12843,2,2019-08-02
6850,12843,9,2019-08-05
6832,12844,1,2019-08-02
6915,12844,9,2019-08-13
6833,12845,2,2019-08-02
6844,12845,9,2019-08-05
6836,12846,1,2019-08-02
6852,12846,9,2019-08-05
6837,12847,1,2019-08-05
6856,12847,3,2019-08-06
6905,12847,9,2019-08-12
6847,12848,1,2019-08-05
6877,12848,9,2019-08-07
6848,12851,1,2019-08-05
6859,12851,3,2019-08-06
6899,12851,9,2019-08-09
6857,12852,1,2019-08-02
6858,12852,9,2019-08-06
6864,12853,2,2019-08-07
6870,12853,9,2019-08-07
6865,12854,2,2019-08-07
6876,12854,9,2019-08-07
6866,12855,2,2019-08-07
6873,12855,9,2019-08-07
6867,12856,2,2019-08-07
6874,12856,9,2019-08-07
6868,12857,1,2019-08-06
6869,12857,9,2019-08-07
6871,12858,2,2019-08-07
6875,12858,9,2019-08-07
6879,12859,2,2019-08-07
6881,12859,9,2019-08-07
6880,12860,2,2019-08-07
6882,12860,9,2019-08-07
6884,12861,2,2019-08-07
6885,12861,9,2019-08-07
6888,12862,1,2019-08-08
6891,12862,4,2019-08-08
6986,12862,1,2019-08-22
7002,12862,9,2019-08-23
6892,12863,1,2019-08-08
6893,12863,4,2019-08-08
6896,12863,1,2019-08-09
6900,12863,3,2019-08-09
6914,12863,9,2019-08-13
6898,12864,1,2019-08-07
6911,12864,3,2019-08-12
6959,12864,9,2019-08-19
6903,12865,1,2019-08-09
6904,12865,4,2019-08-09
6987,12865,1,2019-08-22
7029,12865,9,2019-08-26
6906,12866,1,2019-08-12
6945,12866,3,2019-08-16
6974,12866,4,2019-08-21
7430,12866,9,2019-09-26
6909,12867,1,2019-08-08
6948,12867,4,2019-08-16
6981,12867,9,2019-08-21
6912,12868,1,2019-08-13
6946,12868,3,2019-08-16
7009,12868,9,2019-08-23
6913,12869,1,2019-08-12
6916,12869,4,2019-08-14
6935,12869,1,2019-08-16
6937,12869,9,2019-08-16
6920,12870,1,2019-08-02
6944,12870,3,2019-08-16
6951,12870,9,2019-08-16
6921,12871,1,2019-08-14
6922,12871,4,2019-08-14
7071,12871,1,2019-08-27
7093,12871,3,2019-08-28
7180,12871,9,2019-09-03
6923,12872,1,2019-08-14
6924,12872,4,2019-08-14
7195,12872,9,2019-09-04
6925,12873,1,2019-08-14
6926,12873,4,2019-08-14
7110,12873,1,2019-08-29
7185,12873,4,2019-09-03
7225,12873,3,2019-09-10
7240,12873,9,2019-09-11
6927,12874,1,2019-08-14
6928,12874,4,2019-08-14
6936,12874,1,2019-08-16
6941,12874,4,2019-08-16
6947,12874,3,2019-08-16
7011,12874,1,2019-08-23
7027,12874,9,2019-08-26
6929,12875,1,2019-08-13
6930,12875,4,2019-08-14
6991,12875,1,2019-08-22
6992,12875,4,2019-08-22
7074,12875,3,2019-08-27
7169,12875,4,2019-09-02
7219,12875,1,2019-09-06
7223,12875,9,2019-09-09
6931,12876,1,2019-08-14
6932,12876,4,2019-08-16
7003,12876,9,2019-08-23
6933,12877,1,2019-08-16
6934,12877,4,2019-08-16
6953,12877,9,2019-08-19
6939,12878,1,2019-07-31
6940,12878,3,2019-08-16
6943,12878,9,2019-08-16
6949,12879,1,2019-08-16
6950,12879,4,2019-08-16
7044,12879,9,2019-08-26
6954,12880,1,2019-08-12
6955,12880,9,2019-08-19
6958,12881,1,2019-08-19
6965,12881,9,2019-08-20
6960,12882,1,2019-08-20
6961,12882,9,2019-08-20
6962,12883,1,2019-08-20
6963,12883,4,2019-08-20
6964,12883,3,2019-08-20
7099,12883,4,2019-08-28
7244,12883,3,2019-09-12
7249,12883,9,2019-09-12
6966,12884,2,2019-08-20
6971,12884,9,2019-08-21
6967,12885,2,2019-08-20
6972,12885,9,2019-08-21
6968,12886,1,2019-08-20
6970,12886,4,2019-08-20
6985,12886,1,2019-08-22
7043,12886,3,2019-08-26
7143,12886,9,2019-08-30
6969,12887,2,2019-08-20
6973,12887,9,2019-08-21
6975,12888,1,2019-08-21
6976,12888,4,2019-08-21
6977,12888,1,2019-08-21
7220,12888,4,2019-09-06
7268,12888,1,2019-09-16
7269,12888,3,2019-09-16
7279,12888,9,2019-09-16
6978,12889,1,2019-08-21
7188,12889,9,2019-09-04
6979,12890,1,2019-08-20
7068,12890,9,2019-08-27
6983,12891,1,2019-08-21
7042,12891,9,2019-08-26
6988,12892,2,2019-08-22
7010,12892,9,2019-08-23
6995,12893,1,2019-08-22
7067,12893,3,2019-08-27
7144,12893,9,2019-08-30
6996,12894,2,2019-08-23
7015,12894,9,2019-08-23
6997,12895,2,2019-08-23
7016,12895,9,2019-08-23
6998,12896,2,2019-08-23
7030,12896,9,2019-08-26
6999,12897,2,2019-08-23
7017,12897,9,2019-08-23
7000,12898,2,2019-08-23
7018,12898,9,2019-08-23
7001,12899,2,2019-08-23
7032,12899,9,2019-08-26
7004,12900,2,2019-08-23
7021,12900,9,2019-08-23
7005,12901,1,2019-08-23
7006,12901,4,2019-08-23
7098,12901,3,2019-08-28
7158,12901,4,2019-08-30
7159,12901,3,2019-08-30
7162,12901,4,2019-08-30
7333,12901,9,2019-09-19
7007,12902,1,2019-08-22
7008,12902,3,2019-08-23
7125,12902,4,2019-08-29
7142,12902,9,2019-08-30
7013,12903,1,2019-08-22
7014,12903,4,2019-08-23
7186,12903,1,2019-09-03
7227,12903,9,2019-09-10
7022,12904,2,2019-08-23
7035,12904,9,2019-08-26
7023,12905,2,2019-08-23
7037,12905,9,2019-08-26
7024,12906,2,2019-08-23
7041,12906,9,2019-08-26
7025,12907,2,2019-08-23
7039,12907,9,2019-08-26
7026,12908,2,2019-08-23
7038,12908,9,2019-08-26
7028,12909,1,2019-08-26
7155,12909,4,2019-08-30
7193,12909,1,2019-09-04
7198,12909,4,2019-09-04
7214,12909,1,2019-09-06
7216,12909,9,2019-09-06
7031,12910,1,2019-08-26
7033,12910,4,2019-08-26
7072,12910,1,2019-08-27
7164,12910,4,2019-09-02
7226,12910,3,2019-09-10
7261,12910,9,2019-09-13
7034,12911,1,2019-08-23
7196,12911,3,2019-09-04
7239,12911,9,2019-09-10
7036,12912,1,2019-08-26
7040,12912,9,2019-08-26
7045,12913,2,2019-08-26
7051,12913,9,2019-08-26
7046,12914,2,2019-08-26
7053,12914,9,2019-08-26
7047,12915,2,2019-08-26
7069,12915,9,2019-08-27
7048,12916,1,2019-08-26
7050,12916,4,2019-08-26
7070,12916,9,2019-08-27
7049,12917,2,2019-08-26
7059,12917,9,2019-08-27
7052,12918,2,2019-08-26
7055,12918,9,2019-08-26
7056,12919,2,2019-08-26
7060,12919,9,2019-08-27
7057,12920,2,2019-08-26
7063,12920,9,2019-08-27
7058,12921,2,2019-08-26
7064,12921,9,2019-08-27
7061,12922,1,2019-08-26
7062,12922,4,2019-08-27
7073,12922,1,2019-08-27
7108,12922,3,2019-08-28
7165,12922,9,2019-09-02
7065,12923,1,2019-08-26
7066,12923,4,2019-08-27
7208,12923,9,2019-09-05
7075,12924,2,2019-08-27
7082,12924,9,2019-08-27
7076,12925,2,2019-08-27
7083,12925,9,2019-08-27
7077,12926,2,2019-08-27
7084,12926,9,2019-08-27
7078,12927,2,2019-08-27
7085,12927,9,2019-08-27
7079,12928,2,2019-08-27
7086,12928,9,2019-08-27
7080,12929,2,2019-08-27
7087,12929,9,2019-08-27
7081,12930,2,2019-08-27
7089,12930,9,2019-08-27
7088,12931,2,2019-08-27
7090,12931,9,2019-08-27
7091,12932,2,2019-08-27
7092,12932,9,2019-08-28
7094,12933,1,2019-08-28
7095,12933,4,2019-08-28
7202,12933,9,2019-09-05
7096,12934,1,2019-08-27
7097,12934,4,2019-08-28
7187,12934,9,2019-09-03
7100,12935,1,2019-08-28
7101,12935,4,2019-08-28
7306,12935,9,2019-09-17
7102,12936,2,2019-08-28
7105,12936,9,2019-08-28
7103,12937,2,2019-08-28
7106,12937,9,2019-08-28
7104,12938,2,2019-08-28
7107,12938,9,2019-08-28
7111,12939,1,2019-08-29
7116,12939,2,2019-08-29
7124,12939,3,2019-08-29
7322,12939,9,2019-09-18
7112,12940,2,2019-08-29
7123,12940,3,2019-08-29
7266,12940,9,2019-09-13
7113,12941,2,2019-08-29
7118,12941,9,2019-08-29
7114,12942,2,2019-08-29
7119,12942,9,2019-08-29
7115,12943,1,2019-08-29
7117,12943,2,2019-08-29
7122,12943,3,2019-08-29
7267,12943,9,2019-09-13
7121,12944,1,2019-08-29
7149,12944,9,2019-08-30
7126,12945,2,2019-08-29
7136,12945,9,2019-08-29
7127,12946,2,2019-08-29
7137,12946,9,2019-08-29
7128,12947,1,2019-08-29
7200,12947,3,2019-09-05
7285,12947,9,2019-09-16
7129,12948,2,2019-08-29
7141,12948,9,2019-08-30
7130,12949,1,2019-08-29
7131,12949,4,2019-08-29
7161,12949,9,2019-08-30
7132,12950,2,2019-08-29
7565,12950,9,2019-10-09
7133,12951,1,2019-08-29
7134,12951,4,2019-08-29
7203,12951,9,2019-09-05
7135,12952,2,2019-08-29
7145,12952,9,2019-08-30
7138,12953,2,2019-08-29
7148,12953,9,2019-08-30
7139,12954,2,2019-08-29
7147,12954,9,2019-08-30
7140,12955,2,2019-08-29
7150,12955,9,2019-08-30
7146,12956,1,2019-08-21
7160,12956,4,2019-08-30
7194,12956,9,2019-09-04
7151,12957,1,2019-08-27
7152,12957,4,2019-08-30
7181,12957,1,2019-09-03
7189,12957,4,2019-09-04
7210,12957,9,2019-09-06
7153,12958,1,2019-08-30
7154,12958,4,2019-08-30
7163,12958,1,2019-09-02
7178,12958,4,2019-09-03
7179,12958,3,2019-09-03
7197,12958,4,2019-09-04
7201,12958,9,2019-09-05
7156,12959,1,2019-08-26
7157,12959,3,2019-08-30
7228,12959,4,2019-09-10
7256,12959,3,2019-09-13
7262,12959,9,2019-09-13
7166,12960,2,2019-09-02
7167,12960,9,2019-09-02
7168,12961,2,2019-09-02
7294,12961,9,2019-09-17
7170,12962,2,2019-09-02
7171,12962,9,2019-09-02
7172,12963,2,2019-09-02
7173,12963,9,2019-09-02
7174,12964,1,2019-09-03
7175,12964,4,2019-09-03
7311,12964,1,2019-09-18
7312,12964,3,2019-09-18
7313,12964,1,2019-09-18
7403,12964,3,2019-09-24
7438,12964,1,2019-09-27
7443,12964,9,2019-09-27
7176,12965,1,2019-09-02
7177,12965,4,2019-09-03
7209,12965,1,2019-09-05
7215,12965,3,2019-09-06
7241,12965,9,2019-09-11
7182,12966,1,2019-09-03
7183,12966,4,2019-09-03
7401,12966,9,2019-09-24
7190,12967,1,2019-09-04
7191,12967,4,2019-09-04
7315,12967,1,2019-09-18
7366,12967,9,2019-09-23
7192,12968,1,2019-09-04
7289,12968,9,2019-09-17
7204,12969,1,2019-09-05
7205,12969,9,2019-09-05
7206,12970,1,2019-09-05
7207,12970,4,2019-09-05
7317,12970,1,2019-09-18
7323,12970,3,2019-09-18
7388,12970,9,2019-09-23
7211,12971,1,2019-09-06
7324,12971,9,2019-09-18
7212,12972,1,2019-09-06
7213,12972,4,2019-09-06
7245,12972,9,2019-09-12
7217,12973,1,2019-09-06
7218,12973,9,2019-09-06
7221,12974,1,2019-09-06
7222,12974,4,2019-09-06
7259,12974,3,2019-09-13
7263,12974,9,2019-09-13
7224,12975,2,2019-09-09
7298,12975,9,2019-09-17
7229,12976,1,2019-09-09
7233,12976,4,2019-09-10
7326,12976,1,2019-09-19
7399,12976,3,2019-09-24
7454,12976,9,2019-10-01
7230,12977,1,2019-09-10
7234,12977,4,2019-09-10
7286,12977,9,2019-09-16
7231,12978,1,2019-09-10
7235,12978,9,2019-09-10
7232,12979,1,2019-09-09
7236,12979,4,2019-09-10
7243,12979,1,2019-09-12
7284,12979,9,2019-09-16
7237,12980,1,2019-09-09
7250,12980,9,2019-09-12
7238,12981,1,2019-09-06
7371,12981,3,2019-09-23
7414,12981,9,2019-09-25
7242,12982,2,2019-09-11
7302,12982,9,2019-09-17
7246,12983,4,2019-09-02
7339,12983,9,2019-09-19
7247,12984,2,2019-09-12
7292,12984,9,2019-09-17
7248,12985,1,2019-09-09
7276,12985,9,2019-09-16
7251,12986,1,2019-09-11
7283,12986,9,2019-09-16
7252,12987,1,2019-09-11
7288,12987,9,2019-09-17
7253,12988,1,2019-09-10
7254,12988,4,2019-09-12
7271,12988,1,2019-09-16
7295,12988,4,2019-09-17
7362,12988,9,2019-09-23
7255,12989,1,2019-09-12
7287,12989,9,2019-09-17
7257,12990,2,2019-09-13
7299,12990,9,2019-09-17
7258,12991,2,2019-09-13
7305,12991,9,2019-09-17
7260,12992,1,2019-09-12
7308,12992,4,2019-09-18
8493,12992,9,2019-10-24
7264,12993,2,2019-09-13
7321,12993,9,2019-09-18
7265,12994,2,2019-09-13
7304,12994,9,2019-09-17
7270,12995,1,2019-09-13
7272,12995,4,2019-09-16
7344,12995,1,2019-09-20
7441,12995,3,2019-09-27
7463,12995,4,2019-10-02
7490,12995,3,2019-10-04
7495,12995,4,2019-10-04
7583,12995,9,2019-10-10
7273,12996,1,2019-09-12
7320,12996,4,2019-09-18
7325,12996,9,2019-09-18
7274,12997,1,2019-09-16
7275,12997,4,2019-09-16
7290,12997,1,2019-09-17
7448,12997,3,2019-09-30
7510,12997,4,2019-10-07
7517,12997,9,2019-10-07
7277,12998,1,2019-09-12
7402,12998,3,2019-09-24
7487,12998,9,2019-10-04
7278,12999,1,2019-09-13
7334,12999,4,2019-09-19
8088,12999,9,2019-10-17
7280,13000,1,2019-09-16
7281,13000,4,2019-09-16
7314,13000,1,2019-09-18
7316,13000,4,2019-09-18
7469,13000,9,2019-10-02
7282,13001,9,2019-09-16
7291,13002,1,2019-09-17
7293,13002,3,2019-09-17
7330,13002,4,2019-09-19
7413,13002,9,2019-09-25
7296,13003,1,2019-09-13
7327,13003,4,2019-09-19
7498,13003,1,2019-10-04
7536,13003,3,2019-10-09
7859,13003,9,2019-10-11
7297,13004,1,2019-09-13
7300,13004,4,2019-09-17
7499,13004,1,2019-10-04
7537,13004,3,2019-10-09
7860,13004,9,2019-10-11
7301,13005,1,2019-09-17
7303,13005,4,2019-09-17
7368,13005,3,2019-09-23
7389,13005,4,2019-09-23
8335,13005,1,2019-10-22
8340,13005,9,2019-10-22
7307,13006,2,2019-09-17
7370,13006,9,2019-09-23
7309,13007,1,2019-09-18
7310,13007,4,2019-09-18
7346,13007,1,2019-09-20
7400,13007,9,2019-09-24
7318,13008,1,2019-08-29
7319,13008,4,2019-09-18
7456,13008,1,2019-10-01
7464,13008,9,2019-10-02
7328,13009,1,2019-09-09
7329,13009,4,2019-09-19
7369,13009,1,2019-09-23
7394,13009,9,2019-09-24
7331,13010,1,2019-09-19
7332,13010,4,2019-09-19
7447,13010,3,2019-09-30
7494,13010,9,2019-10-04
7335,13011,1,2019-09-19
7337,13011,4,2019-09-19
7361,13011,1,2019-09-23
7367,13011,9,2019-09-23
7336,13012,1,2019-09-17
7338,13012,4,2019-09-19
7345,13012,1,2019-09-20
7363,13012,4,2019-09-23
7398,13012,9,2019-09-24
7340,13013,2,2019-09-19
7342,13013,9,2019-09-20
7341,13014,2,2019-09-19
7343,13014,9,2019-09-20
7347,13015,2,2019-09-20
7372,13015,9,2019-09-23
7348,13016,2,2019-09-20
7373,13016,9,2019-09-23
7349,13017,2,2019-09-20
7374,13017,9,2019-09-23
7350,13018,2,2019-09-20
7375,13018,9,2019-09-23
7351,13019,2,2019-09-20
7376,13019,9,2019-09-23
7352,13020,2,2019-09-20
7358,13020,9,2019-09-20
7353,13021,2,2019-09-20
7377,13021,9,2019-09-23
7354,13022,2,2019-09-20
7378,13022,9,2019-09-23
7355,13023,1,2019-09-20
7458,13023,3,2019-10-01
7515,13023,4,2019-10-07
7518,13023,9,2019-10-07
7356,13024,1,2019-09-11
7357,13024,4,2019-09-20
7474,13024,9,2019-10-02
7359,13025,2,2019-09-20
7391,13025,9,2019-09-24
7360,13026,2,2019-09-20
7385,13026,9,2019-09-23
7364,13027,1,2019-09-20
7365,13027,9,2019-09-23
7379,13028,1,2019-09-23
7380,13028,4,2019-09-23
7393,13028,1,2019-09-24
7405,13028,4,2019-09-24
7411,13028,9,2019-09-25
7381,13029,1,2019-09-23
7382,13029,4,2019-09-23
7473,13029,9,2019-10-02
7383,13030,1,2019-09-23
7384,13030,4,2019-09-23
7420,13030,1,2019-09-26
7480,13030,3,2019-10-03
7526,13030,9,2019-10-09
7386,13031,1,2019-09-20
7387,13031,4,2019-09-23
7404,13031,1,2019-09-24
7446,13031,9,2019-09-27
7390,13032,1,2019-09-24
7392,13032,4,2019-09-24
8035,13032,1,2019-10-15
8068,13032,3,2019-10-15
8089,13032,9,2019-10-17
7395,13033,1,2019-09-24
7396,13033,4,2019-09-24
7412,13033,9,2019-09-25
7397,13034,1,2019-09-23
7407,13034,4,2019-09-25
7415,13034,1,2019-09-26
7425,13034,3,2019-09-26
7525,13034,9,2019-10-08
7406,13035,1,2019-09-20
7408,13035,4,2019-09-25
7478,13035,9,2019-10-03
7409,13036,1,2019-09-25
7410,13036,4,2019-09-25
7419,13036,9,2019-09-26
7416,13037,1,2019-09-26
7417,13037,4,2019-09-26
7445,13037,9,2019-09-27
7418,13038,1,2019-09-25
7427,13038,4,2019-09-26
7432,13038,1,2019-09-27
7457,13038,4,2019-10-01
7485,13038,9,2019-10-03
7421,13039,1,2019-09-26
7422,13039,4,2019-09-26
7426,13039,1,2019-09-26
7444,13039,9,2019-09-27
7423,13040,1,2019-09-26
7424,13040,4,2019-09-26
7431,13040,1,2019-09-27
7433,13040,3,2019-09-27
7442,13040,9,2019-09-27
7428,13041,1,2019-09-24
7429,13041,4,2019-09-26
7529,13041,9,2019-10-09
7434,13042,1,2019-09-27
7435,13042,4,2019-09-27
7507,13042,9,2019-10-07
7436,13043,1,2019-09-27
7437,13043,9,2019-09-27
7439,13044,1,2019-09-27
7440,13044,4,2019-09-27
7477,13044,9,2019-10-03
7449,13047,1,2019-09-27
7450,13047,9,2019-09-30
7451,13048,1,2019-09-30
7471,13048,3,2019-10-02
7479,13048,9,2019-10-03
7452,13049,1,2019-09-27
7522,13049,3,2019-10-08
7585,13049,9,2019-10-10
7453,13050,1,2019-09-30
7455,13050,9,2019-10-01
7459,13051,1,2019-10-01
7461,13051,4,2019-10-01
8197,13051,3,2019-10-18
8295,13051,9,2019-10-21
7460,13052,1,2019-10-01
7466,13052,4,2019-10-02
7489,13052,3,2019-10-04
7496,13052,9,2019-10-04
7462,13053,1,2019-09-30
7486,13053,4,2019-10-03
8577,13053,9,2019-10-25
7465,13054,1,2019-10-01
7468,13054,4,2019-10-02
7470,13054,1,2019-10-02
7472,13054,3,2019-10-02
7482,13054,1,2019-10-03
7491,13054,9,2019-10-04
7467,13055,1,2019-10-02
7481,13055,4,2019-10-03
7488,13055,1,2019-10-04
7501,13055,9,2019-10-04
7475,13056,2,2019-10-02
7476,13056,9,2019-10-02
7483,13057,1,2019-10-03
7484,13057,4,2019-10-03
7618,13057,3,2019-10-10
7883,13057,9,2019-10-11
7492,13058,1,2019-10-04
7493,13058,4,2019-10-04
7497,13058,9,2019-10-04
7500,13059,2,2019-10-04
7506,13059,1,2019-10-04
7524,13059,2,2019-10-08
7540,13059,9,2019-10-09
7502,13060,2,2019-10-04
7505,13060,9,2019-10-04
7503,13061,1,2019-10-04
7504,13061,3,2019-10-04
7881,13061,4,2019-10-11
8579,13061,9,2019-10-25
7508,13062,1,2019-10-07
7509,13062,4,2019-10-07
7520,13062,3,2019-10-07
7939,13062,4,2019-10-14
8038,13062,1,2019-10-15
8119,13062,9,2019-10-17
7511,13063,1,2019-10-07
7512,13063,4,2019-10-07
7915,13063,3,2019-10-14
7966,13063,9,2019-10-14
7513,13064,1,2019-10-07
7514,13064,9,2019-10-07
7516,13065,1,2019-10-07
7519,13065,4,2019-10-07
8108,13065,1,2019-10-17
8213,13065,3,2019-10-18
8555,13065,1,2019-10-24
8556,13065,9,2019-10-24
7521,13066,1,2019-10-07
7523,13066,4,2019-10-08
8156,13066,1,2019-10-17
8184,13066,3,2019-10-18
8196,13066,9,2019-10-18
7527,13067,1,2019-10-08
7528,13067,9,2019-10-09
7530,13068,1,2019-10-09
7579,13068,4,2019-10-10
8847,13068,1,2019-11-05
8883,13068,3,2019-11-06
8924,13068,9,2019-11-08
7531,13069,1,2019-10-08
7532,13069,4,2019-10-09
8104,13069,1,2019-10-17
8371,13069,4,2019-10-22
8460,13069,1,2019-10-24
8461,13069,3,2019-10-24
8578,13069,9,2019-10-25
7533,13070,1,2019-10-09
7534,13070,4,2019-10-09
7886,13070,9,2019-10-11
7535,13071,1,2019-10-09
7538,13071,4,2019-10-09
8120,13071,1,2019-10-17
8185,13071,3,2019-10-18
8278,13071,9,2019-10-21
7539,13072,1,2019-10-09
7574,13072,9,2019-10-10
7541,13073,2,2019-10-09
7580,13073,9,2019-10-10
7542,13074,2,2019-10-09
7581,13074,9,2019-10-10
7543,13075,1,2019-10-03
7544,13075,9,2019-10-09
7545,13076,1,2019-10-03
7546,13076,9,2019-10-09
7547,13077,1,2019-10-03
7548,13077,9,2019-10-09
7549,13078,1,2019-10-03
7550,13078,9,2019-10-09
7551,13079,1,2019-10-03
7552,13079,9,2019-10-09
7553,13080,1,2019-10-03
7554,13080,9,2019-10-09
7555,13081,1,2019-10-03
7556,13081,9,2019-10-09
7557,13082,1,2019-10-03
7558,13082,9,2019-10-09
7559,13083,1,2019-10-03
7560,13083,9,2019-10-09
7561,13084,1,2019-10-03
7562,13084,9,2019-10-09
7563,13085,1,2019-10-03
7564,13085,9,2019-10-09
7566,13086,2,2019-10-09
7582,13086,9,2019-10-10
7567,13087,2,2019-10-09
7584,13087,9,2019-10-10
7568,13088,2,2019-10-09
7586,13088,9,2019-10-10
7569,13089,2,2019-10-09
7587,13089,9,2019-10-10
7570,13090,2,2019-10-09
7588,13090,9,2019-10-10
7571,13091,2,2019-10-09
7589,13091,9,2019-10-10
7572,13092,2,2019-10-09
7590,13092,9,2019-10-10
7573,13093,2,2019-10-09
7591,13093,9,2019-10-10
7575,13094,1,2019-10-04
7576,13094,9,2019-10-10
7577,13095,1,2019-09-19
7578,13095,9,2019-10-10
7592,13096,1,2019-09-30
7593,13096,9,2019-10-10
7594,13097,1,2019-09-25
7595,13097,9,2019-10-10
7596,13098,1,2019-10-09
7653,13098,4,2019-10-10
8324,13098,1,2019-10-22
8334,13098,9,2019-10-22
7597,13099,1,2019-10-07
7598,13099,9,2019-10-10
7599,13100,2,2019-10-10
7600,13100,9,2019-10-10
7601,13101,1,2019-09-27
7602,13101,9,2019-10-10
7603,13102,1,2019-09-23
7604,13102,9,2019-10-10
7605,13103,1,2019-09-23
7606,13103,9,2019-10-10
7607,13104,2,2019-10-10
7710,13104,9,2019-10-10
7608,13105,1,2019-09-23
7609,13105,9,2019-10-10
7610,13106,1,2019-09-23
7611,13106,9,2019-10-10
7612,13107,1,2019-10-10
7614,13107,9,2019-10-10
7613,13108,2,2019-10-10
7714,13108,9,2019-10-10
7615,13109,2,2019-10-10
7715,13109,9,2019-10-10
7616,13110,1,2019-10-01
7637,13110,9,2019-10-10
7617,13111,2,2019-10-10
7716,13111,9,2019-10-10
7619,13112,1,2019-09-23
7620,13112,9,2019-10-10
7621,13113,1,2019-09-23
7622,13113,9,2019-10-10
7623,13114,1,2019-09-23
7636,13114,9,2019-10-10
7624,13115,1,2019-10-01
7625,13115,9,2019-10-10
7626,13116,1,2019-10-10
7644,13116,2,2019-10-10
7718,13116,9,2019-10-10
7627,13117,2,2019-10-10
7720,13117,9,2019-10-10
7628,13118,2,2019-10-10
7812,13118,9,2019-10-11
7629,13119,1,2019-10-01
7630,13119,9,2019-10-10
7631,13120,2,2019-10-10
7813,13120,9,2019-10-11
7632,13121,1,2019-09-24
7633,13121,9,2019-10-10
7634,13122,1,2019-10-10
7635,13122,9,2019-10-10
7638,13123,2,2019-10-10
7814,13123,9,2019-10-11
7639,13124,2,2019-10-10
7815,13124,9,2019-10-11
7640,13125,2,2019-10-10
7816,13125,9,2019-10-11
7641,13126,1,2019-09-23
7643,13126,9,2019-10-10
7642,13127,1,2019-09-24
7645,13127,9,2019-10-10
7646,13128,1,2019-10-24
7647,13128,9,2019-10-10
7648,13129,2,2019-10-10
7823,13129,9,2019-10-11
7649,13130,1,2019-09-23
7681,13130,9,2019-10-10
7650,13131,2,2019-10-10
7824,13131,9,2019-10-11
7651,13132,1,2019-10-10
7683,13132,2,2019-10-10
7834,13132,9,2019-10-11
7652,13133,1,2019-09-25
7654,13133,9,2019-10-10
7655,13134,2,2019-10-10
7836,13134,9,2019-10-11
7656,13135,1,2019-09-25
7657,13135,9,2019-10-10
7658,13136,1,2019-09-30
7659,13136,9,2019-10-10
7660,13137,1,2019-09-25
7682,13137,9,2019-10-10
7661,13138,1,2019-09-30
7662,13138,9,2019-10-10
7663,13139,1,2019-09-25
7664,13139,9,2019-10-10
7665,13140,1,2019-09-30
7667,13140,9,2019-10-10
7666,13141,1,2019-10-10
7684,13141,9,2019-10-10
7668,13142,1,2019-09-30
7669,13142,9,2019-10-10
7670,13143,1,2019-09-30
7671,13143,9,2019-10-10
7672,13144,1,2019-09-26
7673,13144,9,2019-10-10
7674,13145,1,2019-09-30
7675,13145,9,2019-10-10
7676,13146,9,2019-09-26
7677,13147,1,2019-09-30
7678,13147,9,2019-10-10
7679,13148,1,2019-09-26
7680,13148,9,2019-10-10
7685,13149,1,2019-09-26
7686,13149,9,2019-10-10
7687,13150,1,2019-09-30
7688,13150,9,2019-10-10
7689,13151,1,2019-09-30
7690,13151,9,2019-10-10
7691,13152,2,2019-10-10
7839,13152,9,2019-10-11
7692,13153,1,2019-09-30
7693,13153,9,2019-10-10
7694,13154,1,2019-09-30
7695,13154,9,2019-10-10
7696,13155,1,2019-09-30
7697,13155,9,2019-10-10
7698,13156,1,2019-10-10
7701,13156,2,2019-10-10
7846,13156,9,2019-10-11
7699,13157,1,2019-10-10
7702,13157,2,2019-10-10
7847,13157,9,2019-10-11
7700,13158,2,2019-10-10
7848,13158,9,2019-10-11
7703,13159,1,2019-10-08
7704,13159,9,2019-10-10
7705,13160,1,2019-09-30
7706,13160,9,2019-10-10
7707,13161,2,2019-10-10
7850,13161,9,2019-10-11
7708,13162,1,2019-10-08
7709,13162,9,2019-10-10
7711,13163,1,2019-10-08
7712,13163,9,2019-10-10
7713,13164,2,2019-10-10
7852,13164,9,2019-10-11
7717,13165,1,2019-10-10
7721,13165,2,2019-10-10
7853,13165,9,2019-10-11
7719,13166,2,2019-10-10
7857,13166,9,2019-10-11
7722,13167,2,2019-10-10
7858,13167,9,2019-10-11
7723,13168,2,2019-10-10
7871,13168,9,2019-10-11
7724,13169,2,2019-10-10
7873,13169,9,2019-10-11
7725,13170,1,2019-10-10
7726,13170,2,2019-10-10
7874,13170,9,2019-10-11
7727,13171,2,2019-10-10
7875,13171,9,2019-10-11
7728,13172,2,2019-10-10
7877,13172,9,2019-10-11
7729,13173,2,2019-10-10
7878,13173,9,2019-10-11
7730,13174,2,2019-10-10
7880,13174,9,2019-10-11
7731,13175,2,2019-10-10
7882,13175,9,2019-10-11
7732,13176,2,2019-10-10
7944,13176,9,2019-10-14
7733,13177,2,2019-10-10
7885,13177,9,2019-10-11
7734,13178,2,2019-10-10
7822,13178,9,2019-10-11
7735,13179,2,2019-10-10
7887,13179,9,2019-10-11
7736,13191,2,2019-10-10
7890,13191,9,2019-10-11
7737,13194,1,2019-09-25
7738,13194,9,2019-10-11
7739,13195,1,2019-09-25
7740,13195,9,2019-10-11
7741,13196,1,2019-10-01
7742,13196,9,2019-10-11
7743,13197,1,2019-10-03
7744,13197,9,2019-10-11
7745,13198,1,2019-10-03
7746,13198,9,2019-10-11
7747,13199,1,2019-09-30
7748,13199,9,2019-10-11
7749,13200,1,2019-10-03
7750,13200,9,2019-10-11
7751,13201,1,2019-10-03
7752,13201,9,2019-10-11
7753,13202,1,2019-10-03
7754,13202,9,2019-10-11
7755,13203,1,2019-09-26
7758,13203,9,2019-10-11
7756,13204,1,2019-10-03
7757,13204,9,2019-10-11
7759,13205,1,2019-10-03
7760,13205,9,2019-10-11
7761,13206,1,2019-10-03
7762,13206,9,2019-10-11
7763,13207,1,2019-10-03
7764,13207,9,2019-10-11
7765,13208,1,2019-09-26
7766,13208,9,2019-10-11
7767,13209,1,2019-10-03
7768,13209,9,2019-10-11
7769,13210,1,2019-10-03
7770,13210,9,2019-10-11
7771,13211,2,2019-10-11
7891,13211,9,2019-10-11
7772,13212,1,2019-09-27
7775,13212,9,2019-10-11
7773,13213,1,2019-10-03
7774,13213,9,2019-10-11
7776,13214,2,2019-10-11
7892,13214,9,2019-10-11
7777,13215,1,2019-10-03
7778,13215,9,2019-10-11
7779,13216,1,2019-09-27
7780,13216,9,2019-10-11
7781,13217,1,2019-10-03
7782,13217,9,2019-10-11
7783,13218,2,2019-10-11
7896,13218,9,2019-10-14
7784,13219,1,2019-10-03
7785,13219,9,2019-10-11
7786,13220,1,2019-09-27
7787,13220,9,2019-10-11
7788,13221,1,2019-10-03
7789,13221,9,2019-10-11
7790,13222,1,2019-09-27
7791,13222,9,2019-10-11
7792,13223,1,2019-10-03
7793,13223,9,2019-10-11
7794,13224,2,2019-10-11
7897,13224,9,2019-10-14
7795,13225,1,2019-10-03
7796,13225,9,2019-10-11
7797,13226,1,2019-10-03
7798,13226,9,2019-10-11
7799,13227,1,2019-10-03
7800,13227,9,2019-10-11
7801,13228,1,2019-09-27
7802,13228,9,2019-10-11
7803,13229,1,2019-10-03
7804,13229,9,2019-10-11
7805,13230,2,2019-10-11
7898,13230,9,2019-10-14
7806,13231,2,2019-10-11
7903,13231,9,2019-10-14
7807,13232,2,2019-10-11
7914,13232,9,2019-10-14
7808,13233,1,2019-10-04
7811,13233,4,2019-10-11
8060,13233,1,2019-10-15
8079,13233,9,2019-10-16
7809,13234,2,2019-10-11
7916,13234,9,2019-10-14
7810,13235,2,2019-10-11
7925,13235,9,2019-10-14
7817,13236,1,2019-10-11
7818,13236,4,2019-10-11
7849,13236,1,2019-10-11
7851,13236,9,2019-10-11
7819,13237,1,2019-10-11
7820,13237,9,2019-10-11
7821,13238,1,2019-10-10
7825,13238,4,2019-10-11
8965,13238,9,2019-11-12
7826,13239,1,2019-09-25
7827,13239,9,2019-10-11
7828,13240,1,2019-10-02
7829,13240,9,2019-10-11
7830,13241,1,2019-10-02
7831,13241,9,2019-10-11
7832,13242,1,2019-10-02
7833,13242,9,2019-10-11
7835,13243,1,2019-10-11
7879,13243,4,2019-10-11
8122,13243,1,2019-10-17
8159,13243,4,2019-10-17
8802,13243,1,2019-10-31
8808,13243,9,2019-10-31
7837,13244,1,2019-10-02
7838,13244,9,2019-10-11
7840,13245,1,2019-10-02
7841,13245,9,2019-10-11
7842,13246,1,2019-10-02
7843,13246,9,2019-10-11
7844,13247,1,2019-10-02
7845,13247,9,2019-10-11
7854,13248,9,2019-10-11
7855,13249,1,2019-10-02
7856,13249,9,2019-10-11
7861,13250,2,2019-10-11
7927,13250,9,2019-10-14
7862,13251,1,2019-10-09
7863,13251,9,2019-10-11
7864,13252,1,2019-10-02
7865,13252,9,2019-10-11
7866,13253,1,2019-10-02
7867,13253,9,2019-10-11
7868,13254,2,2019-10-11
7931,13254,9,2019-10-14
7869,13255,1,2019-10-03
7870,13255,9,2019-10-11
7872,13256,2,2019-10-11
7932,13256,9,2019-10-14
7876,13257,2,2019-10-11
7933,13257,9,2019-10-14
7884,13258,2,2019-10-11
7936,13258,9,2019-10-14
7888,13259,2,2019-10-11
7940,13259,9,2019-10-14
7889,13260,2,2019-10-11
7941,13260,9,2019-10-14
7893,13261,1,2019-10-11
7895,13261,2,2019-10-14
7942,13261,9,2019-10-14
7894,13262,2,2019-10-11
7943,13262,9,2019-10-14
7899,13263,1,2019-10-03
7900,13263,9,2019-10-14
7901,13264,1,2019-10-03
7902,13264,9,2019-10-14
7904,13265,1,2019-10-03
7905,13265,9,2019-10-14
7906,13266,1,2019-10-03
7907,13266,9,2019-10-14
7908,13267,1,2019-10-03
7909,13267,9,2019-10-14
7910,13268,1,2019-10-03
7911,13268,9,2019-10-14
7912,13269,1,2019-10-03
7913,13269,9,2019-10-14
7917,13270,1,2019-10-03
7918,13270,9,2019-10-14
7919,13271,1,2019-10-04
7920,13271,9,2019-10-14
7921,13272,1,2019-10-04
7922,13272,9,2019-10-14
7923,13273,1,2019-10-04
7924,13273,9,2019-10-14
7926,13274,1,2019-10-04
7928,13274,9,2019-10-14
7929,13275,1,2019-10-04
7930,13275,9,2019-10-14
7934,13276,1,2019-10-04
7935,13276,9,2019-10-14
7937,13277,1,2019-10-11
7938,13277,4,2019-10-14
8658,13277,9,2019-10-29
7945,13278,2,2019-10-14
7956,13278,9,2019-10-14
7946,13279,2,2019-10-14
7958,13279,9,2019-10-14
7947,13280,2,2019-10-14
7961,13280,9,2019-10-14
7948,13281,2,2019-10-14
7963,13281,9,2019-10-14
7949,13282,2,2019-10-14
7964,13282,9,2019-10-14
7950,13283,2,2019-10-14
7968,13283,9,2019-10-14
7951,13284,2,2019-10-14
7969,13284,9,2019-10-14
7952,13285,2,2019-10-14
7972,13285,9,2019-10-14
7953,13286,2,2019-10-14
7975,13286,9,2019-10-14
7954,13287,2,2019-10-14
7976,13287,9,2019-10-14
7955,13288,2,2019-10-14
7980,13288,9,2019-10-14
7957,13289,2,2019-10-14
7979,13289,9,2019-10-14
7959,13290,2,2019-10-14
8000,13290,9,2019-10-15
7960,13291,2,2019-10-14
8001,13291,9,2019-10-15
7962,13292,1,2019-10-14
7978,13292,4,2019-10-14
8032,13292,1,2019-10-15
8065,13292,4,2019-10-15
8072,13292,1,2019-10-16
8237,13292,9,2019-10-21
7965,13293,2,2019-10-14
8002,13293,9,2019-10-15
7967,13294,2,2019-10-14
8003,13294,9,2019-10-15
7970,13295,2,2019-10-14
8005,13295,9,2019-10-15
7971,13296,2,2019-10-14
8007,13296,9,2019-10-15
7973,13297,2,2019-10-14
8008,13297,9,2019-10-15
7974,13298,2,2019-10-14
8009,13298,9,2019-10-15
7977,13299,2,2019-10-14
8010,13299,9,2019-10-15
7981,13300,2,2019-10-14
8011,13300,9,2019-10-15
7982,13301,2,2019-10-14
8012,13301,9,2019-10-15
7983,13302,2,2019-10-14
8014,13302,9,2019-10-15
7984,13303,2,2019-10-14
8015,13303,9,2019-10-15
7985,13304,2,2019-10-14
8016,13304,9,2019-10-15
7986,13305,2,2019-10-14
8018,13305,9,2019-10-15
7987,13306,2,2019-10-14
8019,13306,9,2019-10-15
7988,13307,2,2019-10-14
8021,13307,9,2019-10-15
7989,13308,2,2019-10-14
8022,13308,9,2019-10-15
7990,13309,2,2019-10-14
8023,13309,9,2019-10-15
7991,13310,2,2019-10-14
8025,13310,9,2019-10-15
7992,13311,2,2019-10-14
8027,13311,9,2019-10-15
7993,13312,2,2019-10-14
8028,13312,9,2019-10-15
7994,13313,2,2019-10-14
8029,13313,9,2019-10-15
7995,13314,2,2019-10-14
8061,13314,9,2019-10-15
7996,13315,2,2019-10-14
8030,13315,9,2019-10-15
7997,13316,2,2019-10-14
8031,13316,9,2019-10-15
7998,13317,2,2019-10-14
8033,13317,9,2019-10-15
7999,13318,2,2019-10-14
8034,13318,9,2019-10-15
8004,13319,2,2019-10-15
8036,13319,9,2019-10-15
8006,13320,2,2019-10-15
8037,13320,9,2019-10-15
8013,13321,2,2019-10-15
8039,13321,9,2019-10-15
8017,13322,2,2019-10-15
8040,13322,9,2019-10-15
8020,13323,2,2019-10-15
8041,13323,9,2019-10-15
8024,13324,2,2019-10-15
8043,13324,9,2019-10-15
8026,13325,2,2019-10-15
8045,13325,9,2019-10-15
8042,13326,2,2019-10-15
8047,13326,9,2019-10-15
8044,13327,2,2019-10-15
8048,13327,9,2019-10-15
8046,13328,2,2019-10-15
8050,13328,9,2019-10-15
8049,13329,2,2019-10-15
8073,13329,9,2019-10-16
8051,13330,2,2019-10-15
8074,13330,9,2019-10-16
8052,13331,2,2019-10-15
8075,13331,9,2019-10-16
8053,13332,2,2019-10-15
8076,13332,9,2019-10-16
8054,13333,2,2019-10-15
8077,13333,9,2019-10-16
8055,13334,2,2019-10-15
8078,13334,9,2019-10-16
8056,13335,2,2019-10-15
8091,13335,9,2019-10-17
8057,13336,2,2019-10-15
8092,13336,9,2019-10-17
8058,13337,2,2019-10-15
8095,13337,9,2019-10-17
8059,13338,2,2019-10-15
8097,13338,9,2019-10-17
8062,13339,2,2019-10-15
8100,13339,9,2019-10-17
8063,13340,2,2019-10-15
8102,13340,9,2019-10-17
8064,13341,2,2019-10-15
8105,13341,9,2019-10-17
8066,13342,2,2019-10-15
8107,13342,9,2019-10-17
8067,13343,2,2019-10-15
8109,13343,9,2019-10-17
8069,13344,2,2019-10-15
8110,13344,9,2019-10-17
8070,13345,2,2019-10-15
8112,13345,9,2019-10-17
8071,13346,2,2019-10-15
8114,13346,9,2019-10-17
8080,13347,1,2019-10-16
8081,13347,4,2019-10-16
8124,13347,1,2019-10-17
8141,13347,9,2019-10-17
8082,13348,1,2019-10-16
8212,13348,4,2019-10-18
8281,13348,9,2019-10-21
8083,13351,1,2019-10-16
8084,13351,4,2019-10-16
8125,13351,1,2019-10-17
8147,13351,9,2019-10-17
8085,13352,1,2019-10-15
8128,13352,4,2019-10-17
8491,13352,1,2019-10-24
8800,13352,3,2019-10-31
8893,13352,4,2019-11-06
8907,13352,3,2019-11-07
8946,13352,4,2019-11-11
9197,13352,3,2019-11-28
9211,13352,9,2019-11-29
8086,13357,1,2019-10-15
8129,13357,4,2019-10-17
8200,13357,1,2019-10-18
8801,13357,3,2019-10-31
8894,13357,4,2019-11-06
8908,13357,3,2019-11-07
8947,13357,4,2019-11-11
9198,13357,3,2019-11-28
9212,13357,9,2019-11-29
8087,13359,1,2019-10-15
8201,13359,4,2019-10-18
8882,13359,3,2019-11-06
8895,13359,4,2019-11-06
8909,13359,3,2019-11-07
8948,13359,4,2019-11-11
9199,13359,3,2019-11-28
9213,13359,9,2019-11-29
8090,13360,2,2019-10-17
8181,13360,9,2019-10-18
8093,13361,2,2019-10-17
8133,13361,9,2019-10-17
8094,13362,2,2019-10-17
8134,13362,9,2019-10-17
8096,13363,2,2019-10-17
8136,13363,9,2019-10-17
8098,13364,2,2019-10-17
8137,13364,9,2019-10-17
8099,13365,2,2019-10-17
8138,13365,9,2019-10-17
8101,13366,2,2019-10-17
8140,13366,9,2019-10-17
8103,13367,2,2019-10-17
8143,13367,9,2019-10-17
8106,13368,2,2019-10-17
8144,13368,9,2019-10-17
8111,13369,2,2019-10-17
8146,13369,9,2019-10-17
8113,13370,2,2019-10-17
8148,13370,9,2019-10-17
8115,13371,2,2019-10-17
8149,13371,9,2019-10-17
8116,13372,2,2019-10-17
8151,13372,9,2019-10-17
8117,13373,2,2019-10-17
8152,13373,9,2019-10-17
8118,13374,2,2019-10-17
8153,13374,9,2019-10-17
8121,13375,2,2019-10-17
8154,13375,9,2019-10-17
8123,13376,2,2019-10-17
8157,13376,9,2019-10-17
8126,13377,1,2019-10-17
8131,13377,2,2019-10-17
8160,13377,9,2019-10-17
8127,13378,2,2019-10-17
8162,13378,9,2019-10-17
8130,13379,2,2019-10-17
8163,13379,9,2019-10-17
8132,13380,1,2019-10-16
8296,13380,3,2019-10-21
8387,13380,9,2019-10-22
8135,13381,2,2019-10-17
8186,13381,9,2019-10-18
8139,13382,2,2019-10-17
8187,13382,9,2019-10-18
8142,13383,2,2019-10-17
8188,13383,9,2019-10-18
8145,13384,2,2019-10-17
8189,13384,9,2019-10-18
8150,13385,2,2019-10-17
8190,13385,9,2019-10-18
8155,13386,2,2019-10-17
8191,13386,9,2019-10-18
8158,13387,2,2019-10-17
8192,13387,9,2019-10-18
8161,13388,2,2019-10-17
8193,13388,9,2019-10-18
8164,13389,2,2019-10-17
8194,13389,9,2019-10-18
8165,13390,2,2019-10-17
8195,13390,9,2019-10-18
8166,13391,2,2019-10-18
8198,13391,9,2019-10-18
8167,13392,2,2019-10-18
8199,13392,9,2019-10-18
8168,13393,2,2019-10-18
8202,13393,9,2019-10-18
8169,13394,2,2019-10-18
8203,13394,9,2019-10-18
8170,13395,2,2019-10-18
8204,13395,9,2019-10-18
8171,13396,2,2019-10-18
8205,13396,9,2019-10-18
8172,13397,1,2019-10-16
8179,13397,4,2019-10-18
8838,13397,1,2019-11-04
8839,13397,4,2019-11-04
8937,13397,1,2019-11-11
8938,13397,4,2019-11-11
8939,13397,3,2019-11-11
9050,13397,4,2019-11-18
9053,13397,3,2019-11-18
9055,13397,4,2019-11-18
9058,13397,9,2019-11-18
8173,13398,2,2019-10-18
8206,13398,9,2019-10-18
8174,13399,2,2019-10-18
8207,13399,9,2019-10-18
8175,13400,2,2019-10-18
8214,13400,9,2019-10-18
8176,13401,2,2019-10-18
8208,13401,9,2019-10-18
8177,13402,2,2019-10-18
8209,13402,9,2019-10-18
8178,13403,2,2019-10-18
8210,13403,9,2019-10-18
8180,13404,2,2019-10-18
8211,13404,9,2019-10-18
8182,13405,1,2019-10-17
8183,13405,4,2019-10-18
8580,13405,1,2019-10-25
8750,13405,9,2019-10-30
8215,13406,2,2019-10-18
8238,13406,9,2019-10-21
8216,13407,2,2019-10-18
8239,13407,9,2019-10-21
8217,13408,2,2019-10-18
8240,13408,9,2019-10-21
8218,13409,2,2019-10-18
8243,13409,9,2019-10-21
8219,13410,2,2019-10-18
8244,13410,9,2019-10-21
8220,13411,2,2019-10-18
8251,13411,9,2019-10-21
8221,13412,2,2019-10-18
8252,13412,9,2019-10-21
8222,13413,2,2019-10-18
8253,13413,9,2019-10-21
8223,13414,2,2019-10-18
8275,13414,9,2019-10-21
8224,13415,2,2019-10-18
8276,13415,9,2019-10-21
8225,13416,2,2019-10-18
8277,13416,9,2019-10-21
8226,13417,2,2019-10-18
8279,13417,9,2019-10-21
8227,13418,2,2019-10-18
8280,13418,9,2019-10-21
8228,13419,2,2019-10-18
8300,13419,9,2019-10-21
8229,13420,2,2019-10-18
8283,13420,9,2019-10-21
8230,13421,2,2019-10-18
8285,13421,9,2019-10-21
8231,13422,2,2019-10-18
8286,13422,9,2019-10-21
8232,13423,2,2019-10-18
8287,13423,9,2019-10-21
8233,13424,2,2019-10-18
8289,13424,9,2019-10-21
8234,13425,2,2019-10-18
8291,13425,9,2019-10-21
8235,13426,2,2019-10-18
8292,13426,9,2019-10-21
8236,13427,2,2019-10-18
8293,13427,9,2019-10-21
8241,13428,1,2019-10-21
8242,13428,4,2019-10-21
8376,13428,9,2019-10-22
8245,13429,2,2019-10-21
8321,13429,9,2019-10-22
8246,13430,1,2019-10-18
8248,13430,4,2019-10-21
8746,13430,1,2019-10-30
8754,13430,3,2019-10-30
8787,13430,4,2019-10-31
9071,13430,1,2019-11-19
9072,13430,9,2019-11-19
8247,13431,2,2019-10-21
8326,13431,9,2019-10-22
8249,13432,2,2019-10-21
8327,13432,9,2019-10-22
8250,13433,2,2019-10-21
8328,13433,9,2019-10-22
8254,13434,2,2019-10-21
8330,13434,9,2019-10-22
8255,13435,2,2019-10-21
8331,13435,9,2019-10-22
8256,13436,2,2019-10-21
8332,13436,9,2019-10-22
8257,13437,2,2019-10-21
8336,13437,9,2019-10-22
8258,13438,2,2019-10-21
8337,13438,9,2019-10-22
8259,13439,2,2019-10-21
8338,13439,9,2019-10-22
8260,13440,2,2019-10-21
8339,13440,9,2019-10-22
8261,13441,1,2019-10-21
8268,13441,4,2019-10-21
9300,13441,9,2019-12-05
8262,13442,2,2019-10-21
8341,13442,9,2019-10-22
8263,13443,2,2019-10-21
8342,13443,9,2019-10-22
8264,13444,1,2019-10-21
8269,13444,4,2019-10-21
9299,13444,9,2019-12-05
8265,13445,2,2019-10-21
8343,13445,9,2019-10-22
8266,13446,2,2019-10-21
8344,13446,9,2019-10-22
8267,13447,2,2019-10-21
8345,13447,9,2019-10-22
8270,13448,2,2019-10-21
8346,13448,9,2019-10-22
8271,13449,2,2019-10-21
8347,13449,9,2019-10-22
8272,13450,2,2019-10-21
8349,13450,9,2019-10-22
8273,13451,2,2019-10-21
8350,13451,9,2019-10-22
8274,13452,2,2019-10-21
8351,13452,9,2019-10-22
8282,13453,2,2019-10-21
8352,13453,9,2019-10-22
8284,13454,2,2019-10-21
8353,13454,9,2019-10-22
8288,13455,2,2019-10-21
8354,13455,9,2019-10-22
8290,13456,2,2019-10-21
8355,13456,9,2019-10-22
8294,13457,2,2019-10-21
8360,13457,9,2019-10-22
8297,13458,2,2019-10-21
8364,13458,9,2019-10-22
8298,13459,2,2019-10-21
8366,13459,9,2019-10-22
8299,13460,2,2019-10-21
8368,13460,9,2019-10-22
8301,13461,2,2019-10-21
8370,13461,9,2019-10-22
8302,13462,2,2019-10-21
8372,13462,9,2019-10-22
8303,13463,2,2019-10-21
8374,13463,9,2019-10-22
8304,13464,2,2019-10-21
8375,13464,9,2019-10-22
8305,13465,2,2019-10-21
8377,13465,9,2019-10-22
8306,13466,2,2019-10-21
8378,13466,9,2019-10-22
8307,13467,2,2019-10-21
8379,13467,9,2019-10-22
8308,13468,2,2019-10-21
8380,13468,9,2019-10-22
8309,13469,2,2019-10-21
8381,13469,9,2019-10-22
8310,13470,2,2019-10-21
8382,13470,9,2019-10-22
8311,13471,2,2019-10-21
8383,13471,9,2019-10-22
8312,13472,2,2019-10-21
8384,13472,9,2019-10-22
8313,13473,2,2019-10-21
8385,13473,9,2019-10-22
8314,13474,2,2019-10-21
8386,13474,9,2019-10-22
8315,13475,2,2019-10-21
8390,13475,9,2019-10-22
8316,13476,2,2019-10-21
8392,13476,9,2019-10-22
8317,13477,2,2019-10-21
8395,13477,9,2019-10-22
8318,13478,2,2019-10-21
8397,13478,9,2019-10-22
8319,13479,2,2019-10-21
8398,13479,9,2019-10-22
8320,13480,2,2019-10-21
8399,13480,9,2019-10-22
8322,13481,2,2019-10-22
8401,13481,9,2019-10-23
8323,13482,2,2019-10-22
8402,13482,9,2019-10-23
8325,13483,2,2019-10-22
8403,13483,9,2019-10-23
8329,13484,2,2019-10-22
8406,13484,9,2019-10-23
8333,13485,2,2019-10-22
8407,13485,9,2019-10-23
8348,13486,1,2019-10-17
8362,13486,4,2019-10-22
8448,13486,3,2019-10-23
8449,13486,9,2019-10-23
8356,13487,2,2019-10-22
8409,13487,9,2019-10-23
8357,13488,2,2019-10-22
8411,13488,9,2019-10-23
8358,13489,2,2019-10-22
8413,13489,9,2019-10-23
8359,13490,2,2019-10-22
8417,13490,9,2019-10-23
8361,13491,2,2019-10-22
8418,13491,9,2019-10-23
8363,13492,2,2019-10-22
8420,13492,9,2019-10-23
8365,13493,2,2019-10-22
8421,13493,9,2019-10-23
8367,13494,2,2019-10-22
8422,13494,9,2019-10-23
8369,13495,2,2019-10-22
8423,13495,9,2019-10-23
8373,13496,2,2019-10-22
8424,13496,9,2019-10-23
8388,13497,2,2019-10-22
8425,13497,9,2019-10-23
8389,13498,2,2019-10-22
8426,13498,9,2019-10-23
8391,13499,2,2019-10-22
8427,13499,9,2019-10-23
8393,13500,2,2019-10-22
8429,13500,9,2019-10-23
8394,13501,2,2019-10-22
8430,13501,9,2019-10-23
8396,13502,2,2019-10-22
8431,13502,9,2019-10-23
8400,13503,2,2019-10-22
8432,13503,9,2019-10-23
8404,13504,2,2019-10-23
8433,13504,9,2019-10-23
8405,13505,2,2019-10-23
8434,13505,9,2019-10-23
8408,13506,2,2019-10-23
8435,13506,9,2019-10-23
8410,13507,2,2019-10-23
8436,13507,9,2019-10-23
8412,13508,2,2019-10-23
8438,13508,9,2019-10-23
8414,13509,2,2019-10-23
8439,13509,9,2019-10-23
8415,13510,2,2019-10-23
8441,13510,9,2019-10-23
8416,13511,2,2019-10-23
8442,13511,9,2019-10-23
8419,13512,2,2019-10-23
8443,13512,9,2019-10-23
8428,13513,1,2019-10-23
8453,13513,3,2019-10-23
8583,13513,9,2019-10-25
8437,13514,2,2019-10-23
8444,13514,9,2019-10-23
8440,13515,2,2019-10-23
8446,13515,9,2019-10-23
8445,13516,1,2019-10-23
8447,13516,4,2019-10-23
8721,13516,1,2019-10-30
8788,13516,3,2019-10-31
8797,13516,4,2019-10-31
9317,13516,3,2019-12-09
9324,13516,9,2019-12-09
8450,13517,2,2019-10-23
8464,13517,9,2019-10-24
8451,13518,2,2019-10-23
8465,13518,9,2019-10-24
8452,13519,2,2019-10-23
8466,13519,9,2019-10-24
8454,13520,2,2019-10-23
8467,13520,9,2019-10-24
8455,13521,2,2019-10-23
8468,13521,9,2019-10-24
8456,13522,2,2019-10-23
8469,13522,9,2019-10-24
8457,13523,2,2019-10-23
8470,13523,9,2019-10-24
8458,13524,2,2019-10-23
8471,13524,9,2019-10-24
8459,13525,2,2019-10-23
8472,13525,9,2019-10-24
8462,13526,1,2019-10-23
8463,13526,4,2019-10-24
8527,13526,1,2019-10-24
8581,13526,3,2019-10-25
8681,13526,4,2019-10-29
8749,13526,1,2019-10-30
8753,13526,9,2019-10-30
8473,13527,1,2019-10-24
8477,13527,2,2019-10-24
8484,13527,9,2019-10-24
8474,13528,2,2019-10-24
8486,13528,9,2019-10-24
8475,13529,2,2019-10-24
8489,13529,9,2019-10-24
8476,13530,2,2019-10-24
8490,13530,9,2019-10-24
8478,13531,2,2019-10-24
8497,13531,9,2019-10-24
8479,13532,1,2019-10-24
8502,13532,4,2019-10-24
8818,13532,1,2019-11-01
8823,13532,4,2019-11-01
8918,13532,1,2019-11-08
8926,13532,9,2019-11-08
8480,13533,2,2019-10-24
8499,13533,9,2019-10-24
8481,13534,1,2019-10-24
8488,13534,4,2019-10-24
8550,13534,1,2019-10-24
8755,13534,3,2019-10-30
8963,13534,9,2019-11-11
8482,13535,2,2019-10-24
8548,13535,9,2019-10-24
8483,13536,2,2019-10-24
8503,13536,9,2019-10-24
8485,13537,2,2019-10-24
8504,13537,9,2019-10-24
8487,13538,2,2019-10-24
8507,13538,9,2019-10-24
8492,13539,2,2019-10-24
8509,13539,9,2019-10-24
8494,13540,2,2019-10-24
8510,13540,9,2019-10-24
8495,13541,2,2019-10-24
8512,13541,9,2019-10-24
8496,13542,2,2019-10-24
8513,13542,9,2019-10-24
8498,13543,2,2019-10-24
8515,13543,9,2019-10-24
8500,13544,2,2019-10-24
8517,13544,9,2019-10-24
8501,13545,2,2019-10-24
8518,13545,9,2019-10-24
8505,13546,2,2019-10-24
8519,13546,9,2019-10-24
8506,13547,2,2019-10-24
8521,13547,9,2019-10-24
8508,13548,2,2019-10-24
8522,13548,9,2019-10-24
8511,13549,2,2019-10-24
8524,13549,9,2019-10-24
8514,13550,2,2019-10-24
8525,13550,9,2019-10-24
8516,13551,2,2019-10-24
8530,13551,9,2019-10-24
8520,13552,2,2019-10-24
8532,13552,9,2019-10-24
8523,13553,2,2019-10-24
8533,13553,9,2019-10-24
8526,13554,2,2019-10-24
8672,13554,9,2019-10-29
8528,13555,2,2019-10-24
8536,13555,9,2019-10-24
8529,13556,2,2019-10-24
8537,13556,9,2019-10-24
8531,13557,2,2019-10-24
8539,13557,9,2019-10-24
8534,13558,2,2019-10-24
8540,13558,9,2019-10-24
8535,13559,2,2019-10-24
8541,13559,9,2019-10-24
8538,13560,2,2019-10-24
8543,13560,9,2019-10-24
8542,13561,2,2019-10-24
8544,13561,9,2019-10-24
8545,13562,2,2019-10-24
8567,13562,9,2019-10-25
8546,13563,2,2019-10-24
8568,13563,9,2019-10-25
8547,13564,2,2019-10-24
8569,13564,9,2019-10-25
8549,13565,2,2019-10-24
8570,13565,9,2019-10-25
8551,13566,1,2019-10-24
8552,13566,2,2019-10-24
8573,13566,9,2019-10-25
8553,13567,2,2019-10-24
8585,13567,9,2019-10-25
8554,13568,2,2019-10-24
8586,13568,9,2019-10-25
8557,13569,2,2019-10-24
8587,13569,9,2019-10-25
8558,13570,2,2019-10-24
8588,13570,9,2019-10-25
8559,13571,2,2019-10-24
8590,13571,9,2019-10-25
8560,13572,2,2019-10-24
8592,13572,9,2019-10-25
8561,13573,2,2019-10-24
8593,13573,9,2019-10-25
8562,13574,2,2019-10-24
8594,13574,9,2019-10-25
8563,13575,2,2019-10-24
8595,13575,9,2019-10-25
8564,13576,2,2019-10-24
8599,13576,9,2019-10-25
8565,13577,2,2019-10-24
8601,13577,9,2019-10-25
8566,13578,2,2019-10-24
8603,13578,9,2019-10-25
8571,13579,1,2019-10-24
8575,13579,4,2019-10-25
8582,13579,1,2019-10-25
8584,13579,3,2019-10-25
8677,13579,9,2019-10-29
8572,13580,1,2019-10-23
8574,13580,4,2019-10-25
8768,13580,1,2019-10-30
8793,13580,3,2019-10-31
8805,13580,9,2019-10-31
8576,13581,2,2019-10-25
8606,13581,9,2019-10-25
8589,13582,2,2019-10-25
8609,13582,9,2019-10-25
8591,13583,2,2019-10-25
8611,13583,9,2019-10-25
8596,13584,2,2019-10-25
8612,13584,9,2019-10-25
8597,13585,2,2019-10-25
8614,13585,9,2019-10-25
8598,13586,2,2019-10-25
8615,13586,9,2019-10-25
8600,13587,2,2019-10-25
8616,13587,9,2019-10-25
8602,13588,2,2019-10-25
8618,13588,9,2019-10-25
8604,13589,2,2019-10-25
8619,13589,9,2019-10-25
8605,13590,2,2019-10-25
8620,13590,9,2019-10-25
8607,13591,2,2019-10-25
8622,13591,9,2019-10-25
8608,13592,2,2019-10-25
8624,13592,9,2019-10-25
8610,13593,2,2019-10-25
8625,13593,9,2019-10-25
8613,13594,2,2019-10-25
8626,13594,9,2019-10-25
8617,13595,2,2019-10-25
8628,13595,9,2019-10-25
8621,13596,2,2019-10-25
8629,13596,9,2019-10-25
8623,13597,2,2019-10-25
8631,13597,9,2019-10-25
8627,13598,2,2019-10-25
8632,13598,9,2019-10-25
8630,13599,2,2019-10-25
8633,13599,9,2019-10-25
8634,13600,2,2019-10-25
8635,13600,9,2019-10-29
8636,13601,2,2019-10-29
8665,13601,9,2019-10-29
8637,13602,2,2019-10-29
8653,13602,9,2019-10-29
8638,13603,2,2019-10-29
8654,13603,9,2019-10-29
8639,13604,2,2019-10-29
8655,13604,9,2019-10-29
8640,13605,2,2019-10-29
8656,13605,9,2019-10-29
8641,13606,2,2019-10-29
8657,13606,9,2019-10-29
8642,13607,2,2019-10-29
8659,13607,9,2019-10-29
8643,13608,2,2019-10-29
8660,13608,9,2019-10-29
8644,13609,2,2019-10-29
8661,13609,9,2019-10-29
8645,13610,2,2019-10-29
8662,13610,9,2019-10-29
8646,13611,2,2019-10-29
8663,13611,9,2019-10-29
8647,13612,2,2019-10-29
8664,13612,9,2019-10-29
8648,13613,2,2019-10-29
8666,13613,9,2019-10-29
8649,13614,2,2019-10-29
8667,13614,9,2019-10-29
8650,13615,2,2019-10-29
8668,13615,9,2019-10-29
8651,13616,2,2019-10-29
8669,13616,9,2019-10-29
8652,13617,2,2019-10-29
8670,13617,9,2019-10-29
8671,13618,1,2019-10-25
8719,13618,3,2019-10-30
8751,13618,1,2019-10-30
8752,13618,9,2019-10-30
8673,13619,1,2019-10-29
8812,13619,9,2019-11-01
8674,13620,1,2019-10-29
8748,13620,9,2019-10-30
8675,13621,2,2019-10-29
8900,13621,9,2019-11-07
8676,13622,2,2019-10-29
8785,13622,9,2019-10-31
8678,13623,2,2019-10-29
8689,13623,9,2019-10-29
8679,13624,2,2019-10-29
8690,13624,9,2019-10-29
8680,13625,2,2019-10-29
8691,13625,9,2019-10-30
8682,13626,2,2019-10-29
8692,13626,9,2019-10-30
8683,13627,2,2019-10-29
8693,13627,9,2019-10-30
8684,13628,2,2019-10-29
8694,13628,9,2019-10-30
8685,13629,2,2019-10-29
8695,13629,9,2019-10-30
8686,13630,1,2019-10-29
8744,13630,4,2019-10-30
8925,13630,1,2019-11-08
8930,13630,3,2019-11-08
8983,13630,9,2019-11-13
8687,13631,2,2019-10-29
8696,13631,9,2019-10-30
8688,13632,1,2019-10-29
8741,13632,4,2019-10-30
9012,13632,1,2019-11-14
9018,13632,3,2019-11-14
9051,13632,9,2019-11-18
8697,13633,2,2019-10-30
8709,13633,9,2019-10-30
8698,13634,2,2019-10-30
8710,13634,9,2019-10-30
8699,13635,1,2019-10-30
8701,13635,4,2019-10-30
8914,13635,3,2019-11-07
8934,13635,9,2019-11-08
8700,13636,2,2019-10-30
8712,13636,9,2019-10-30
8702,13638,1,2019-10-25
8703,13638,4,2019-10-30
8915,13638,3,2019-11-07
8935,13638,9,2019-11-08
8704,13639,1,2019-10-25
8706,13639,4,2019-10-30
8916,13639,3,2019-11-07
8936,13639,9,2019-11-08
8705,13640,2,2019-10-30
8713,13640,9,2019-10-30
8707,13641,2,2019-10-30
8714,13641,9,2019-10-30
8708,13642,2,2019-10-30
8715,13642,9,2019-10-30
8711,13643,2,2019-10-30
8718,13643,9,2019-10-30
8716,13644,1,2019-10-30
8720,13644,4,2019-10-30
9239,13644,1,2019-12-03
9242,13644,9,2019-12-03
8717,13645,2,2019-10-30
8724,13645,9,2019-10-30
8722,13646,2,2019-10-30
8726,13646,9,2019-10-30
8723,13647,2,2019-10-30
8728,13647,9,2019-10-30
8725,13648,2,2019-10-30
8730,13648,9,2019-10-30
8727,13649,2,2019-10-30
8731,13649,9,2019-10-30
8729,13650,2,2019-10-30
8733,13650,9,2019-10-30
8732,13651,2,2019-10-30
8734,13651,9,2019-10-30
8735,13652,2,2019-10-30
8756,13652,9,2019-10-30
8736,13653,2,2019-10-30
8757,13653,9,2019-10-30
8737,13654,2,2019-10-30
8758,13654,9,2019-10-30
8738,13655,2,2019-10-30
8759,13655,9,2019-10-30
8739,13656,2,2019-10-30
8772,13656,9,2019-10-30
8740,13657,2,2019-10-30
8760,13657,9,2019-10-30
8742,13658,2,2019-10-30
8761,13658,9,2019-10-30
8743,13659,2,2019-10-30
8762,13659,9,2019-10-30
8745,13660,2,2019-10-30
8763,13660,9,2019-10-30
8747,13661,2,2019-10-30
8765,13661,9,2019-10-30
8764,13662,1,2019-10-30
8766,13662,4,2019-10-30
8789,13662,1,2019-10-31
8792,13662,9,2019-10-31
8767,13663,2,2019-10-30
8774,13663,9,2019-10-30
8769,13664,2,2019-10-30
8776,13664,9,2019-10-30
8770,13665,1,2019-10-30
8771,13665,4,2019-10-30
8901,13665,9,2019-11-07
8773,13666,2,2019-10-30
8778,13666,9,2019-10-30
8775,13667,2,2019-10-30
8781,13667,9,2019-10-31
8777,13668,2,2019-10-30
8782,13668,9,2019-10-31
8779,13669,2,2019-10-30
8783,13669,9,2019-10-31
8780,13670,2,2019-10-30
8784,13670,9,2019-10-31
8786,13671,2,2019-10-31
8795,13671,9,2019-10-31
8790,13672,1,2019-10-31
8791,13672,4,2019-10-31
8942,13672,1,2019-11-11
8958,13672,3,2019-11-11
8984,13672,9,2019-11-13
8794,13673,1,2019-10-31
8796,13673,9,2019-10-31
8798,13674,1,2019-10-31
8799,13674,3,2019-10-31
8822,13674,9,2019-11-01
8803,13675,1,2019-10-31
8804,13675,4,2019-10-31
8994,13675,1,2019-11-14
9010,13675,9,2019-11-14
8806,13678,1,2019-10-31
8807,13678,4,2019-10-31
8959,13678,9,2019-11-11
8809,13679,1,2019-10-29
8816,13679,3,2019-11-01
8969,13679,9,2019-11-12
8810,13680,1,2019-11-01
8898,13680,3,2019-11-06
8956,13680,9,2019-11-11
8811,13681,2,2019-11-01
9357,13681,9,2019-12-11
8813,13682,1,2019-10-31
8863,13682,3,2019-11-05
9065,13682,4,2019-11-19
9419,13682,1,2019-12-16
9457,13682,9,2019-12-19
8814,13684,1,2019-10-31
8864,13684,3,2019-11-05
9066,13684,4,2019-11-19
9420,13684,1,2019-12-16
9458,13684,9,2019-12-19
8815,13685,1,2019-10-31
8865,13685,3,2019-11-05
9067,13685,4,2019-11-19
9421,13685,1,2019-12-16
9459,13685,9,2019-12-19
8817,13686,1,2019-10-31
8866,13686,3,2019-11-05
9068,13686,4,2019-11-19
9422,13686,1,2019-12-16
9460,13686,9,2019-12-19
8819,13687,1,2019-11-01
8820,13687,9,2019-11-01
8821,13688,1,2019-11-01
8827,13688,4,2019-11-04
8871,13688,1,2019-11-05
8943,13688,3,2019-11-11
9075,13688,9,2019-11-19
8824,13689,2,2019-11-04
8825,13689,9,2019-11-04
8826,13690,1,2019-11-04
8829,13690,4,2019-11-04
8885,13690,3,2019-11-06
9092,13690,9,2019-11-20
8828,13691,1,2019-11-04
8884,13691,3,2019-11-06
8886,13691,9,2019-11-06
8830,13692,2,2019-11-04
8831,13692,9,2019-11-04
8832,13693,2,2019-11-04
8835,13693,9,2019-11-04
8833,13694,2,2019-11-04
8834,13694,9,2019-11-04
8836,13695,2,2019-11-04
8837,13695,9,2019-11-04
8840,13696,1,2019-11-01
8849,13696,9,2019-11-05
8841,13697,1,2019-11-01
8843,13697,4,2019-11-04
8949,13697,3,2019-11-11
9078,13697,4,2019-11-19
9080,13697,1,2019-11-19
9082,13697,9,2019-11-19
8842,13698,1,2019-11-04
8960,13698,3,2019-11-11
9084,13698,4,2019-11-19
9344,13698,1,2019-12-11
9390,13698,9,2019-12-13
8844,13699,2,2019-11-04
8845,13699,9,2019-11-04
8846,13700,1,2019-11-04
8852,13700,4,2019-11-05
8870,13700,1,2019-11-05
8896,13700,3,2019-11-06
8899,13700,9,2019-11-07
8848,13701,1,2019-11-04
8854,13701,4,2019-11-05
8920,13701,1,2019-11-08
8968,13701,3,2019-11-12
9135,13701,9,2019-11-22
8850,13702,1,2019-10-22
8851,13702,9,2019-11-05
8853,13703,1,2019-11-05
8855,13703,4,2019-11-05
8897,13703,3,2019-11-06
9045,13703,4,2019-11-18
9338,13703,1,2019-12-10
9367,13703,4,2019-12-12
9369,13703,9,2019-12-12
8856,13704,2,2019-11-05
8857,13704,9,2019-11-05
8858,13705,2,2019-11-05
8859,13705,9,2019-11-05
8860,13706,2,2019-11-05
8861,13706,9,2019-11-05
8862,13707,1,2019-11-05
8867,13707,4,2019-11-05
8995,13707,1,2019-11-14
9007,13707,3,2019-11-14
9104,13707,4,2019-11-21
9466,13707,1,2019-12-19
9470,13707,9,2019-12-20
8868,13708,1,2019-11-05
8869,13708,4,2019-11-05
8892,13708,1,2019-11-06
9032,13708,3,2019-11-15
9129,13708,9,2019-11-21
8872,13709,2,2019-11-05
8873,13709,9,2019-11-05
8874,13710,2,2019-11-05
8875,13710,9,2019-11-05
8876,13711,2,2019-11-06
8877,13711,9,2019-11-06
8878,13712,2,2019-11-06
8881,13712,9,2019-11-06
8879,13713,1,2019-11-05
8880,13713,9,2019-11-06
8887,13714,2,2019-11-06
8888,13714,9,2019-11-06
8889,13715,1,2019-11-06
9008,13715,4,2019-11-14
9099,13715,1,2019-11-20
9120,13715,3,2019-11-21
9130,13715,9,2019-11-21
8890,13716,1,2019-11-05
8891,13716,4,2019-11-06
8923,13716,1,2019-11-08
8980,13716,3,2019-11-13
8993,13716,4,2019-11-14
9185,13716,9,2019-11-28
8902,13717,2,2019-11-07
8903,13717,9,2019-11-07
8904,13718,1,2019-11-07
9033,13718,3,2019-11-15
9149,13718,9,2019-11-22
8905,13719,1,2019-11-06
8906,13719,9,2019-11-07
8910,13720,2,2019-11-07
8911,13720,9,2019-11-07
8912,13721,2,2019-11-07
8913,13721,9,2019-11-07
8917,13722,1,2019-11-07
8919,13722,4,2019-11-08
8929,13722,1,2019-11-08
8964,13722,3,2019-11-11
8970,13722,4,2019-11-12
8985,13722,3,2019-11-13
8986,13722,9,2019-11-13
8921,13723,1,2019-11-05
8922,13723,9,2019-11-08
8927,13724,1,2019-11-07
9034,13724,3,2019-11-15
9162,13724,9,2019-11-27
8928,13725,1,2019-11-08
8932,13725,4,2019-11-08
9009,13725,1,2019-11-14
9037,13725,3,2019-11-15
9171,13725,9,2019-11-27
8931,13726,2,2019-11-08
8933,13726,9,2019-11-08
8940,13727,1,2019-11-08
8945,13727,3,2019-11-11
9136,13727,4,2019-11-22
9495,13727,1,2019-12-23
9506,13727,9,2019-12-23
8941,13729,1,2019-11-08
8952,13729,3,2019-11-11
9137,13729,4,2019-11-22
9496,13729,1,2019-12-23
9507,13729,9,2019-12-23
8944,13730,1,2019-11-11
8966,13730,9,2019-11-12
8950,13731,2,2019-11-11
8951,13731,9,2019-11-11
8953,13732,2,2019-11-11
8954,13732,9,2019-11-11
8955,13733,2,2019-11-11
8957,13733,9,2019-11-11
8961,13734,2,2019-11-11
8962,13734,9,2019-11-11
8967,13735,1,2019-11-12
8981,13735,4,2019-11-13
8982,13735,3,2019-11-13
9216,13735,4,2019-11-29
9696,13735,1,2020-01-13
9740,13735,4,2020-01-15
9801,13735,9,2020-01-17
8971,13736,1,2019-11-12
9063,13736,3,2019-11-18
9192,13736,4,2019-11-28
9217,13736,9,2019-11-29
8972,13737,1,2019-11-12
8975,13737,4,2019-11-12
9005,13737,1,2019-11-14
9011,13737,9,2019-11-14
8973,13738,1,2019-11-12
8974,13738,4,2019-11-12
9166,13738,9,2019-11-27
8976,13739,2,2019-11-13
8977,13739,9,2019-11-13
8978,13740,1,2019-11-12
8979,13740,4,2019-11-13
9283,13740,3,2019-12-05
9286,13740,4,2019-12-05
9398,13740,1,2019-12-13
9434,13740,9,2019-12-17
8987,13741,1,2019-11-13
9030,13741,4,2019-11-15
9064,13741,1,2019-11-19
9070,13741,9,2019-11-19
8988,13742,2,2019-11-14
9031,13742,9,2019-11-15
8989,13743,2,2019-11-14
8997,13743,9,2019-11-14
8990,13744,1,2019-11-13
9088,13744,9,2019-11-20
8991,13745,1,2019-11-13
8996,13745,4,2019-11-14
9297,13745,1,2019-12-05
9384,13745,9,2019-12-13
8992,13746,2,2019-11-14
8998,13746,9,2019-11-14
8999,13747,1,2019-11-13
9073,13747,3,2019-11-19
9222,13747,9,2019-12-02
9000,13748,1,2019-11-14
9001,13748,4,2019-11-14
9123,13748,9,2019-11-21
9002,13749,1,2019-11-14
9003,13749,3,2019-11-14
9226,13749,9,2019-12-02
9004,13750,1,2019-11-14
9006,13750,4,2019-11-14
9530,13750,1,2019-12-27
9554,13750,9,2019-12-31
9013,13751,1,2019-11-14
9014,13751,4,2019-11-14
9081,13751,9,2019-11-19
9015,13752,2,2019-11-14
9016,13752,9,2019-11-14
9017,13753,2,2019-11-14
9019,13753,9,2019-11-14
9020,13754,2,2019-11-14
9021,13754,9,2019-11-14
9022,13755,2,2019-11-14
9029,13755,9,2019-11-15
9023,13756,2,2019-11-14
9027,13756,9,2019-11-15
9024,13757,2,2019-11-14
9025,13757,9,2019-11-15
9026,13758,1,2019-11-06
9028,13758,4,2019-11-15
9102,13758,1,2019-11-20
9103,13758,3,2019-11-20
9134,13758,1,2019-11-22
9145,13758,9,2019-11-22
9035,13759,1,2019-11-15
9036,13759,4,2019-11-15
9044,13759,9,2019-11-18
9038,13760,2,2019-11-18
9039,13760,9,2019-11-18
9040,13761,2,2019-11-18
9041,13761,9,2019-11-18
9042,13762,1,2019-11-18
9043,13762,4,2019-11-18
9085,13762,9,2019-11-19
9046,13763,2,2019-11-18
9047,13763,9,2019-11-18
9048,13764,1,2019-11-18
9049,13764,4,2019-11-18
9101,13764,1,2019-11-20
9105,13764,3,2019-11-21
9231,13764,9,2019-12-02
9052,13765,2,2019-11-18
9054,13765,9,2019-11-18
9056,13766,2,2019-11-18
9057,13766,9,2019-11-18
9059,13767,2,2019-11-18
9062,13767,9,2019-11-18
9060,13768,2,2019-11-18
9061,13768,9,2019-11-18
9069,13769,1,2019-11-19
9074,13769,3,2019-11-19
9098,13769,9,2019-11-20
9076,13770,1,2019-11-19
9077,13770,4,2019-11-19
9100,13770,9,2019-11-20
9079,13771,1,2019-11-19
9083,13771,4,2019-11-19
9095,13771,1,2019-11-20
9097,13771,3,2019-11-20
9221,13771,9,2019-12-02
9086,13772,1,2019-11-15
9087,13772,4,2019-11-20
9232,13772,1,2019-12-03
9237,13772,9,2019-12-03
9089,13773,2,2019-11-20
9110,13773,9,2019-11-21
9090,13774,2,2019-11-20
9111,13774,9,2019-11-21
9091,13775,2,2019-11-20
9112,13775,9,2019-11-21
9093,13776,2,2019-11-20
9113,13776,9,2019-11-21
9094,13777,1,2019-11-19
9096,13777,4,2019-11-20
9126,13777,1,2019-11-21
9131,13777,3,2019-11-22
9304,13777,9,2019-12-05
9106,13778,2,2019-11-21
9114,13778,9,2019-11-21
9107,13779,2,2019-11-21
9115,13779,9,2019-11-21
9108,13780,2,2019-11-21
9116,13780,9,2019-11-21
9109,13781,2,2019-11-21
9117,13781,9,2019-11-21
9118,13782,1,2019-11-21
9119,13782,9,2019-11-21
9121,13783,2,2019-11-21
9122,13783,9,2019-11-21
9124,13784,2,2019-11-21
9125,13784,9,2019-11-21
9127,13785,1,2019-11-21
9128,13785,4,2019-11-21
9154,13785,1,2019-11-25
9426,13785,4,2019-12-16
9429,13785,3,2019-12-17
9487,13785,9,2019-12-20
9132,13786,1,2019-11-22
9133,13786,4,2019-11-22
9240,13786,1,2019-12-03
9241,13786,9,2019-12-03
9138,13787,1,2019-11-22
9146,13787,4,2019-11-22
9583,13787,9,2020-01-03
9139,13788,2,2019-11-22
9142,13788,9,2019-11-22
9140,13789,1,2019-11-22
9141,13789,4,2019-11-22
9147,13789,1,2019-11-22
9148,13789,4,2019-11-22
9186,13789,9,2019-11-28
9143,13790,2,2019-11-22
9163,13790,9,2019-11-27
9144,13791,2,2019-11-22
9164,13791,9,2019-11-27
9150,13792,1,2019-11-14
9230,13792,3,2019-12-02
9301,13792,4,2019-12-05
9309,13792,9,2019-12-06
9151,13793,1,2019-11-25
9313,13793,3,2019-12-06
9341,13793,9,2019-12-10
9152,13794,1,2019-11-25
9153,13794,4,2019-11-25
9276,13794,9,2019-12-04
9155,13795,2,2019-11-25
9156,13795,9,2019-11-25
9157,13796,2,2019-11-25
9178,13796,9,2019-11-27
9158,13797,2,2019-11-26
9169,13797,9,2019-11-27
9159,13798,2,2019-11-26
9170,13798,9,2019-11-27
9160,13799,2,2019-11-26
9184,13799,9,2019-11-28
9161,13800,2,2019-11-26
9180,13800,9,2019-11-27
9165,13801,1,2019-11-26
9194,13801,9,2019-11-28
9167,13802,2,2019-11-27
9174,13802,9,2019-11-27
9168,13803,2,2019-11-27
9187,13803,9,2019-11-28
9172,13804,1,2019-11-27
9189,13804,4,2019-11-28
9234,13804,1,2019-12-03
9252,13804,4,2019-12-04
9582,13804,9,2020-01-03
9173,13805,2,2019-11-27
9175,13805,9,2019-11-27
9176,13806,1,2019-11-27
9177,13806,4,2019-11-27
9305,13806,1,2019-12-06
9430,13806,3,2019-12-17
9699,13806,9,2020-01-13
9179,13807,1,2019-11-26
9188,13807,4,2019-11-28
9205,13807,1,2019-11-28
9294,13807,4,2019-12-05
9437,13807,1,2019-12-17
9438,13807,3,2019-12-18
9462,13807,4,2019-12-19
9472,13807,1,2019-12-20
9476,13807,9,2019-12-20
9181,13808,1,2019-11-25
9182,13808,4,2019-11-27
9196,13808,1,2019-11-28
9238,13808,9,2019-12-03
9183,13809,1,2019-11-15
9200,13809,9,2019-11-28
9190,13810,2,2019-11-28
9195,13810,9,2019-11-28
9191,13811,2,2019-11-28
9193,13811,9,2019-11-28
9201,13812,1,2019-11-27
9204,13812,4,2019-11-28
9562,13812,3,2020-01-02
9565,13812,9,2020-01-02
9202,13813,1,2019-11-28
9203,13813,9,2019-11-28
9206,13814,1,2019-11-28
9209,13814,4,2019-11-29
9233,13814,1,2019-12-03
9236,13814,9,2019-12-03
9207,13815,1,2019-11-28
9208,13815,4,2019-11-29
9374,13815,9,2019-12-12
9210,13816,1,2019-11-28
9219,13816,4,2019-11-29
9235,13816,1,2019-12-03
9295,13816,3,2019-12-05
9314,13816,4,2019-12-06
9319,13816,1,2019-12-09
9323,13816,4,2019-12-09
9361,13816,3,2019-12-12
9401,13816,1,2019-12-16
9425,13816,3,2019-12-16
9463,13816,9,2019-12-19
9214,13817,1,2019-11-29
9228,13817,4,2019-12-02
9406,13817,1,2019-12-16
9439,13817,3,2019-12-18
9481,13817,9,2019-12-20
9215,13818,1,2019-11-28
9220,13818,4,2019-11-29
9279,13818,1,2019-12-04
9433,13818,3,2019-12-17
9700,13818,4,2020-01-13
9706,13818,1,2020-01-14
9709,13818,9,2020-01-14
9218,13819,1,2019-11-29
9229,13819,4,2019-12-02
9250,13819,1,2019-12-03
9275,13819,9,2019-12-04
9223,13820,1,2019-11-27
9224,13820,4,2019-12-02
9277,13820,9,2019-12-04
9225,13821,1,2019-11-28
9227,13821,4,2019-12-02
9291,13821,1,2019-12-05
9345,13821,3,2019-12-11
9373,13821,9,2019-12-12
9243,13822,2,2019-12-03
9244,13822,9,2019-12-03
9245,13823,1,2019-12-03
9246,13823,9,2019-12-03
9247,13824,1,2019-12-03
9253,13824,4,2019-12-04
9343,13824,1,2019-12-11
9529,13824,3,2019-12-27
9651,13824,9,2020-01-09
9248,13825,1,2019-12-02
9308,13825,4,2019-12-06
9376,13825,1,2019-12-13
9473,13825,3,2019-12-20
9489,13825,4,2019-12-23
9789,13825,3,2020-01-17
9796,13825,9,2020-01-17
9249,13826,1,2019-12-03
9296,13826,3,2019-12-05
9298,13826,9,2019-12-05
9251,13827,1,2019-12-04
9254,13827,2,2019-12-04
9258,13827,9,2019-12-04
9255,13828,2,2019-12-04
9260,13828,9,2019-12-04
9256,13829,2,2019-12-04
9261,13829,9,2019-12-04
9257,13830,2,2019-12-04
9266,13830,9,2019-12-04
9259,13831,1,2019-12-04
9262,13831,4,2019-12-04
9667,13831,3,2020-01-10
9779,13831,9,2020-01-16
9263,13832,1,2019-12-02
9265,13832,9,2019-12-04
9264,13833,1,2019-12-03
9370,13833,3,2019-12-12
9558,13833,9,2019-12-31
9267,13834,1,2019-12-03
9268,13834,4,2019-12-04
9408,13834,1,2019-12-16
9532,13834,3,2019-12-27
9573,13834,1,2020-01-03
9580,13834,9,2020-01-03
9269,13835,1,2019-12-03
9310,13835,9,2019-12-06
9270,13836,2,2019-12-04
9271,13836,9,2019-12-04
9272,13837,1,2019-12-04
9273,13837,4,2019-12-04
9278,13837,1,2019-12-04
9517,13837,3,2019-12-24
9595,13837,4,2020-01-07
9600,13837,9,2020-01-07
9274,13838,2,2019-12-04
9282,13838,9,2019-12-05
9280,13839,1,2019-12-04
9453,13839,3,2019-12-18
9560,13839,9,2019-12-31
9281,13840,1,2019-12-03
9303,13840,4,2019-12-05
9307,13840,3,2019-12-06
9318,13840,4,2019-12-09
9340,13840,9,2019-12-10
9284,13841,1,2019-12-04
9285,13841,4,2019-12-05
9403,13841,1,2019-12-16
9500,13841,3,2019-12-23
9584,13841,9,2020-01-03
9287,13842,1,2019-12-04
9288,13842,4,2019-12-05
9339,13842,1,2019-12-10
9355,13842,3,2019-12-11
9358,13842,9,2019-12-12
9289,13843,1,2019-12-04
9306,13843,3,2019-12-06
9315,13843,9,2019-12-06
9290,13844,1,2019-12-02
9302,13844,4,2019-12-05
9436,13844,1,2019-12-17
9443,13844,3,2019-12-18
9559,13844,9,2019-12-31
9292,13845,2,2019-12-05
9293,13845,9,2019-12-05
9311,13846,1,2019-12-06
9312,13846,4,2019-12-06
9363,13846,1,2019-12-12
9394,13846,9,2019-12-13
9316,13847,1,2019-12-06
9513,13847,3,2019-12-24
9615,13847,9,2020-01-08
9320,13848,1,2019-12-05
9321,13848,4,2019-12-09
9428,13848,1,2019-12-16
9519,13848,3,2019-12-24
9571,13848,9,2020-01-02
9322,13849,1,2019-12-06
9328,13849,4,2019-12-09
9368,13849,1,2019-12-12
9663,13849,3,2020-01-10
9917,13849,1,2020-01-27
9918,13849,9,2020-01-28
9325,13850,1,2019-12-09
9329,13850,3,2019-12-09
9331,13850,4,2019-12-10
9342,13850,9,2019-12-10
9326,13851,2,2019-12-09
9333,13851,9,2019-12-10
9327,13852,1,2019-12-06
9332,13852,4,2019-12-10
9520,13852,1,2019-12-24
9672,13852,3,2020-01-10
9920,13852,9,2020-01-28
9330,13853,1,2019-12-09
9407,13853,4,2019-12-16
9668,13853,3,2020-01-10
9780,13853,9,2020-01-16
9334,13854,2,2019-12-10
9335,13854,9,2019-12-10
9336,13855,2,2019-12-10
9337,13855,9,2019-12-10
9346,13856,1,2019-12-09
9353,13856,4,2019-12-11
9395,13856,1,2019-12-13
9508,13856,3,2019-12-24
9592,13856,9,2020-01-07
9347,13857,1,2019-12-09
9545,13857,3,2019-12-30
9553,13857,9,2019-12-31
9348,13858,1,2019-12-11
9546,13858,3,2019-12-30
9552,13858,9,2019-12-31
9349,13859,1,2019-12-10
9350,13859,4,2019-12-11
9468,13859,1,2019-12-20
9551,13859,4,2019-12-31
9653,13859,3,2020-01-09
9682,13859,9,2020-01-10
9351,13860,1,2019-12-10
9352,13860,4,2019-12-11
9471,13860,1,2019-12-20
9550,13860,3,2019-12-30
9691,13860,4,2020-01-13
9791,13860,9,2020-01-17
9354,13861,1,2019-12-06
9356,13861,4,2019-12-11
9372,13861,1,2019-12-12
9383,13861,3,2019-12-13
9388,13861,9,2019-12-13
9359,13862,1,2019-12-10
9365,13862,4,2019-12-12
9371,13862,9,2019-12-12
9360,13863,1,2019-12-09
9364,13863,4,2019-12-12
9396,13863,1,2019-12-13
9509,13863,3,2019-12-24
9593,13863,9,2020-01-07
9362,13864,1,2019-12-09
9366,13864,4,2019-12-12
9792,13864,9,2020-01-17
9375,13865,1,2019-12-12
9386,13865,4,2019-12-13
9391,13865,1,2019-12-13
9514,13865,3,2019-12-24
9681,13865,9,2020-01-10
9377,13866,1,2019-12-10
9387,13866,4,2019-12-13
9400,13866,1,2019-12-13
9678,13866,3,2020-01-10
10072,13866,9,2020-02-04
9378,13867,1,2019-12-10
9385,13867,4,2019-12-13
9405,13867,1,2019-12-16
9515,13867,3,2019-12-24
9831,13867,9,2020-01-21
9379,13868,1,2019-12-12
9381,13868,3,2019-12-13
9929,13868,9,2020-01-28
9380,13869,1,2019-12-13
9382,13869,3,2019-12-13
9930,13869,9,2020-01-28
9389,13870,1,2019-12-12
9601,13870,4,2020-01-07
9657,13870,9,2020-01-09
9392,13871,1,2019-12-13
9498,13871,3,2019-12-23
9557,13871,9,2019-12-31
9393,13872,1,2019-12-13
9399,13872,4,2019-12-13
9423,13872,1,2019-12-16
9480,13872,9,2019-12-20
9397,13873,2,2019-12-13
9452,13873,9,2019-12-18
9402,13874,2,2019-12-16
9456,13874,9,2019-12-19
9404,13875,1,2019-12-16
9427,13875,4,2019-12-16
9450,13875,1,2019-12-18
9518,13875,3,2019-12-24
9548,13875,9,2019-12-30
9409,13876,1,2019-12-16
9410,13876,4,2019-12-16
9469,13876,1,2019-12-20
9686,13876,4,2020-01-13
9687,13876,3,2020-01-13
9692,13876,9,2020-01-13
9411,13877,1,2019-12-16
9412,13877,4,2019-12-16
9424,13877,1,2019-12-16
9621,13877,3,2020-01-08
9970,13877,9,2020-01-30
9413,13878,2,2019-12-16
9449,13878,9,2019-12-18
9414,13879,1,2019-12-13
9415,13879,4,2019-12-16
9435,13879,1,2019-12-17
9555,13879,4,2019-12-31
9741,13879,1,2020-01-15
9742,13879,3,2020-01-15
9787,13879,9,2020-01-16
9416,13880,1,2019-12-11
9417,13880,9,2019-12-16
9418,13881,1,2019-12-16
9491,13881,4,2019-12-23
9590,13881,1,2020-01-07
9603,13881,3,2020-01-07
9606,13881,9,2020-01-08
9431,13882,1,2019-12-17
9451,13882,9,2019-12-18
9432,13883,1,2019-12-17
9556,13883,4,2019-12-31
9567,13883,3,2020-01-02
9585,13883,4,2020-01-03
9639,13883,9,2020-01-09
9640,13883,1,2020-01-09
9647,13883,9,2020-01-09
9440,13884,1,2019-12-17
9447,13884,4,2019-12-18
9465,13884,9,2019-12-19
9441,13885,1,2019-12-17
9448,13885,4,2019-12-18
9464,13885,9,2019-12-19
9442,13886,2,2019-12-18
9444,13886,9,2019-12-18
9445,13887,2,2019-12-18
9446,13887,1,2019-12-18
9454,13887,9,2019-12-19
9455,13888,1,2019-12-17
9477,13888,9,2019-12-20
9461,13889,1,2019-12-18
9525,13889,3,2019-12-27
9561,13889,9,2020-01-02
9467,13890,2,2019-12-20
9503,13890,9,2019-12-23
9474,13891,1,2019-12-19
9494,13891,9,2019-12-23
9475,13892,1,2019-12-17
9497,13892,3,2019-12-23
9499,13892,9,2019-12-23
9478,13893,1,2019-12-20
9479,13893,9,2019-12-20
9482,13894,1,2019-12-20
9483,13894,4,2019-12-20
9610,13894,1,2020-01-08
9650,13894,9,2020-01-09
9484,13895,1,2019-12-20
9589,13895,4,2020-01-07
9609,13895,1,2020-01-08
9644,13895,3,2020-01-09
9842,13895,9,2020-01-22
9485,13896,1,2019-12-19
9493,13896,4,2019-12-23
9693,13896,1,2020-01-13
9697,13896,3,2020-01-13
10053,13896,9,2020-02-03
9486,13897,1,2019-12-19
9492,13897,4,2019-12-23
9586,13897,9,2020-01-03
9488,13898,2,2019-12-23
9490,13898,9,2019-12-23
9501,13899,1,2019-12-20
9502,13899,4,2019-12-23
9594,13899,1,2020-01-07
9652,13899,3,2020-01-09
9821,13899,9,2020-01-21
9504,13900,1,2019-12-23
9505,13900,4,2019-12-23
9511,13900,1,2019-12-24
9516,13900,3,2019-12-24
9599,13900,9,2020-01-07
9510,13901,2,2019-12-24
9512,13901,9,2019-12-24
9521,13902,2,2019-12-27
9522,13902,9,2019-12-27
9523,13903,1,2019-12-24
9524,13903,4,2019-12-27
9591,13903,1,2020-01-07
9734,13903,4,2020-01-14
9797,13903,1,2020-01-17
10222,13903,9,2020-02-11
9526,13904,1,2019-12-20
9527,13904,4,2019-12-27
9646,13904,1,2020-01-09
9649,13904,3,2020-01-09
9661,13904,9,2020-01-10
9528,13905,1,2019-12-27
9531,13905,4,2019-12-27
9564,13905,3,2020-01-02
9570,13905,4,2020-01-02
9572,13905,9,2020-01-03
9533,13906,1,2019-12-27
9543,13906,3,2019-12-30
9549,13906,9,2019-12-30
9534,13907,2,2019-12-30
9671,13907,9,2020-01-10
9535,13908,2,2019-12-30
9547,13908,9,2019-12-30
9536,13909,2,2019-12-30
9563,13909,9,2020-01-02
9537,13910,1,2019-12-30
9538,13910,4,2019-12-30
9666,13910,1,2020-01-10
9690,13910,3,2020-01-13
9871,13910,9,2020-01-24
9539,13911,1,2019-12-30
9540,13911,4,2019-12-30
9727,13911,1,2020-01-14
9775,13911,4,2020-01-16
10005,13911,9,2020-01-31
9541,13912,2,2019-12-30
9544,13912,9,2019-12-30
9542,13913,1,2019-12-27
9588,13913,4,2020-01-07
9664,13913,3,2020-01-10
9745,13913,1,2020-01-15
9750,13913,9,2020-01-15
9566,13914,2,2020-01-02
9598,13914,9,2020-01-07
9568,13915,1,2020-01-02
9587,13915,3,2020-01-03
9596,13915,9,2020-01-07
9569,13916,1,2019-12-31
9581,13916,3,2020-01-03
9597,13916,9,2020-01-07
9574,13917,1,2019-12-31
9575,13917,9,2020-01-03
9576,13918,2,2020-01-03
9720,13918,9,2020-01-14
9577,13921,2,2020-01-03
9578,13921,9,2020-01-03
9579,13922,2,2020-01-03
9695,13922,9,2020-01-13
9602,13923,1,2020-01-03
9637,13923,9,2020-01-09
9604,13924,1,2020-01-02
9605,13924,4,2020-01-07
9701,13924,1,2020-01-13
9710,13924,3,2020-01-14
9711,13924,4,2020-01-14
9743,13924,3,2020-01-15
9783,13924,9,2020-01-16
9607,13925,1,2020-01-08
9608,13925,4,2020-01-08
9623,13925,1,2020-01-08
9624,13925,9,2020-01-08
9611,13926,1,2020-01-03
9612,13926,4,2020-01-08
9613,13926,1,2020-01-08
9614,13926,9,2020-01-08
9616,13927,1,2019-12-17
9617,13927,3,2020-01-08
9778,13927,4,2020-01-16
9863,13927,1,2020-01-23
9881,13927,9,2020-01-24
9618,13928,1,2020-01-08
9641,13928,4,2020-01-09
9648,13928,1,2020-01-09
9749,13928,4,2020-01-15
9914,13928,1,2020-01-27
10287,13928,3,2020-02-13
10342,13928,9,2020-02-17
9619,13929,1,2020-01-03
9620,13929,4,2020-01-08
9703,13929,1,2020-01-14
9850,13929,3,2020-01-22
10059,13929,9,2020-02-04
9622,13930,1,2020-01-08
9625,13930,9,2020-01-08
9626,13931,1,2020-01-08
9638,13931,4,2020-01-09
9689,13931,1,2020-01-13
9694,13931,3,2020-01-13
9833,13931,9,2020-01-21
9627,13932,2,2020-01-09
9722,13932,9,2020-01-14
9628,13933,2,2020-01-09
9723,13933,9,2020-01-14
9629,13934,2,2020-01-09
9724,13934,9,2020-01-14
9630,13935,2,2020-01-09
9725,13935,9,2020-01-14
9631,13936,2,2020-01-09
9726,13936,9,2020-01-14
9632,13937,2,2020-01-09
9728,13937,9,2020-01-14
9633,13938,2,2020-01-09
9756,13938,9,2020-01-15
9634,13939,2,2020-01-09
9729,13939,9,2020-01-14
9635,13940,2,2020-01-09
9636,13940,9,2020-01-09
9642,13941,1,2020-01-07
9643,13941,4,2020-01-09
9717,13941,1,2020-01-14
9721,13941,9,2020-01-14
9645,13942,1,2020-01-08
9665,13942,4,2020-01-10
9705,13942,1,2020-01-14
9712,13942,3,2020-01-14
9762,13942,4,2020-01-15
10314,13942,1,2020-02-14
10319,13942,9,2020-02-14
9654,13943,2,2020-01-09
9655,13943,9,2020-01-09
9656,13944,1,2020-01-09
10004,13944,9,2020-01-31
9658,13945,1,2020-01-10
9662,13945,2,2020-01-10
9669,13945,9,2020-01-10
9659,13946,2,2020-01-10
9730,13946,9,2020-01-14
9660,13947,2,2020-01-10
9757,13947,9,2020-01-15
9670,13948,2,2020-01-10
9758,13948,9,2020-01-15
9673,13949,2,2020-01-10
10023,13949,9,2020-01-31
9674,13950,1,2020-01-10
9675,13950,4,2020-01-10
9718,13950,1,2020-01-14
9719,13950,9,2020-01-14
9676,13951,2,2020-01-10
9680,13951,9,2020-01-10
9677,13952,2,2020-01-10
9679,13952,9,2020-01-10
9683,13953,2,2020-01-10
9759,13953,9,2020-01-15
9684,13954,2,2020-01-10
9760,13954,9,2020-01-15
9685,13955,1,2020-01-10
9688,13955,4,2020-01-13
9704,13955,1,2020-01-14
9731,13955,3,2020-01-14
9771,13955,1,2020-01-15
9785,13955,3,2020-01-16
9864,13955,9,2020-01-23
9698,13956,2,2020-01-13
9735,13956,9,2020-01-14
9702,13957,2,2020-01-13
9737,13957,9,2020-01-15
9707,13958,2,2020-01-14
9761,13958,9,2020-01-15
9708,13959,1,2020-01-13
9713,13959,4,2020-01-14
9786,13959,1,2020-01-16
9859,13959,3,2020-01-23
10064,13959,9,2020-02-04
9714,13960,1,2020-01-14
9715,13960,9,2020-01-14
9716,13961,2,2020-01-14
9763,13961,9,2020-01-15
9732,13962,2,2020-01-14
9776,13962,9,2020-01-16
9733,13963,2,2020-01-14
9777,13963,9,2020-01-16
9736,13964,2,2020-01-14
9765,13964,9,2020-01-15
9738,13965,1,2020-01-15
9739,13965,4,2020-01-15
9841,13965,9,2020-01-22
9744,13966,2,2020-01-15
9767,13966,9,2020-01-15
9746,13967,1,2020-01-14
9753,13967,9,2020-01-15
9747,13968,2,2020-01-15
9788,13968,9,2020-01-17
9748,13969,2,2020-01-15
9768,13969,9,2020-01-15
9751,13970,1,2020-01-15
9752,13970,4,2020-01-15
9782,13970,9,2020-01-16
9754,13971,1,2020-01-15
9755,13971,4,2020-01-15
9819,13971,1,2020-01-20
9820,13971,4,2020-01-20
9949,13971,9,2020-01-29
9764,13972,1,2020-01-13
9989,13972,3,2020-01-31
10056,13972,9,2020-02-04
9766,13973,1,2020-01-13
9990,13973,3,2020-01-31
10057,13973,9,2020-02-04
9769,13974,1,2020-01-15
9770,13974,4,2020-01-15
11110,13974,9,2020-04-09
9772,13975,1,2020-01-15
9773,13975,4,2020-01-15
9849,13975,9,2020-01-22
9774,13976,1,2020-01-14
10163,13976,4,2020-02-07
10198,13976,9,2020-02-10
9781,13977,1,2020-01-16
9790,13977,9,2020-01-17
9784,13978,1,2020-01-15
10199,13978,3,2020-02-10
10344,13978,4,2020-02-17
10437,13978,1,2020-02-21
10582,13978,3,2020-03-03
10594,13978,1,2020-03-04
10595,13978,3,2020-03-04
10596,13978,9,2020-03-04
9793,13979,2,2020-01-17
9794,13979,9,2020-01-17
9795,13980,2,2020-01-17
9808,13980,9,2020-01-20
9798,13981,1,2020-01-17
9860,13981,3,2020-01-23
10097,13981,9,2020-02-05
9799,13982,2,2020-01-17
9804,13982,9,2020-01-17
9800,13983,2,2020-01-17
9803,13983,9,2020-01-17
9802,13984,1,2020-01-17
9806,13984,4,2020-01-17
9923,13984,1,2020-01-28
9939,13984,9,2020-01-29
9805,13985,1,2020-01-17
9807,13985,4,2020-01-17
9875,13985,1,2020-01-24
10063,13985,3,2020-02-04
10257,13985,9,2020-02-12
9809,13986,2,2020-01-20
9810,13986,9,2020-01-20
9811,13987,1,2020-01-10
9812,13987,4,2020-01-20
9834,13987,9,2020-01-21
9813,13988,1,2020-01-16
9814,13988,4,2020-01-20
10736,13988,1,2020-03-12
10746,13988,9,2020-03-12
9815,13989,1,2020-01-20
9816,13989,9,2020-01-20
9817,13990,1,2020-01-20
9818,13990,4,2020-01-20
10212,13990,9,2020-02-11
9822,13991,1,2020-01-21
9823,13991,4,2020-01-21
9840,13991,1,2020-01-22
10025,13991,4,2020-02-03
10266,13991,9,2020-02-13
9824,13992,1,2020-01-21
9837,13992,4,2020-01-22
9847,13992,1,2020-01-22
9848,13992,3,2020-01-22
9890,13992,9,2020-01-27
9825,13993,2,2020-01-21
9826,13993,9,2020-01-21
9827,13994,2,2020-01-13
9828,13995,2,2020-01-13
9829,13996,1,2020-01-21
10026,13996,4,2020-02-03
10041,13996,9,2020-02-03
9830,13997,2,2020-01-21
9832,13997,9,2020-01-21
9835,13998,2,2020-01-21
9836,13998,9,2020-01-21
9838,13999,1,2020-01-21
9839,13999,4,2020-01-22
9851,13999,9,2020-01-22
9852,13999,3,2020-01-22
9870,13999,9,2020-01-24
9843,14000,1,2020-01-21
9862,14000,3,2020-01-23
9928,14000,9,2020-01-28
9844,14001,1,2020-01-22
9876,14001,9,2020-01-24
9845,14002,1,2020-01-22
9846,14002,4,2020-01-22
10081,14002,9,2020-02-05
9853,14003,2,2020-01-23
9854,14003,9,2020-01-23
9855,14004,2,2020-01-23
9856,14004,9,2020-01-23
9857,14005,1,2020-01-22
9858,14005,3,2020-01-23
9861,14005,4,2020-01-23
9869,14005,9,2020-01-23
9865,14006,2,2020-01-23
10556,14006,9,2020-02-28
9866,14007,2,2020-01-23
9867,14007,9,2020-01-23
9868,14008,2,2020-01-23
9892,14008,9,2020-01-27
9872,14009,1,2020-01-23
9879,14009,9,2020-01-24
9873,14010,1,2020-01-23
9916,14010,9,2020-01-27
9874,14011,1,2020-01-23
9979,14011,4,2020-01-30
10474,14011,9,2020-02-24
9877,14012,1,2020-01-22
9878,14012,9,2020-01-24
9880,14013,1,2020-01-24
9985,14013,9,2020-01-30
9882,14014,1,2020-01-24
9896,14014,4,2020-01-27
9965,14014,3,2020-01-30
9987,14014,9,2020-01-31
9883,14018,1,2020-01-24
9897,14018,4,2020-01-27
9966,14018,3,2020-01-30
9988,14018,9,2020-01-31
9884,14019,2,2020-01-27
9912,14019,9,2020-01-27
9885,14020,2,2020-01-27
9909,14020,9,2020-01-27
9886,14023,2,2020-01-27
9947,14023,9,2020-01-29
9887,14024,2,2020-01-27
9908,14024,9,2020-01-27
9888,14025,2,2020-01-27
9899,14025,9,2020-01-27
9889,14026,2,2020-01-27
9898,14026,9,2020-01-27
9891,14027,2,2020-01-27
9893,14027,9,2020-01-27
9894,14028,1,2020-01-24
9895,14028,4,2020-01-27
9907,14028,9,2020-01-27
9900,14029,1,2020-01-20
9903,14029,4,2020-01-27
10066,14029,1,2020-02-04
10316,14029,3,2020-02-14
10384,14029,9,2020-02-19
9901,14030,1,2020-01-27
10203,14030,9,2020-02-10
9902,14032,1,2020-01-20
9904,14032,4,2020-01-27
9919,14032,1,2020-01-28
10317,14032,3,2020-02-14
10385,14032,9,2020-02-19
9905,14033,1,2020-01-27
9906,14033,4,2020-01-27
9943,14033,9,2020-01-29
9910,14034,1,2020-01-24
9911,14034,4,2020-01-27
9967,14034,3,2020-01-30
9984,14034,9,2020-01-30
9913,14035,1,2020-01-27
9931,14035,9,2020-01-28
9915,14036,1,2020-01-23
10429,14036,3,2020-02-21
10766,14036,9,2020-03-13
9921,14037,1,2020-01-23
9922,14037,4,2020-01-28
10006,14037,9,2020-01-31
9924,14038,1,2020-01-28
9925,14038,4,2020-01-28
9968,14038,1,2020-01-30
9991,14038,9,2020-01-31
9926,14039,2,2020-01-28
9953,14039,9,2020-01-29
9927,14040,2,2020-01-28
9946,14040,9,2020-01-29
9932,14041,1,2020-01-24
10339,14041,3,2020-02-17
10441,14041,9,2020-02-21
9933,14042,1,2020-01-27
9934,14042,9,2020-01-29
9935,14043,1,2020-01-28
9936,14043,4,2020-01-29
9993,14043,1,2020-01-31
10062,14043,3,2020-02-04
10272,14043,9,2020-02-13
9937,14044,1,2020-01-27
9938,14044,4,2020-01-29
10024,14044,3,2020-02-03
10383,14044,9,2020-02-19
9940,14045,1,2020-01-28
9941,14045,4,2020-01-29
9992,14045,1,2020-01-31
10007,14045,4,2020-01-31
10126,14045,1,2020-02-06
10426,14045,4,2020-02-21
11062,14045,9,2020-04-06
9942,14046,1,2020-01-24
10065,14046,3,2020-02-04
10111,14046,9,2020-02-05
9944,14047,1,2020-01-28
9964,14047,3,2020-01-29
9986,14047,9,2020-01-30
9945,14048,1,2020-01-27
10632,14048,9,2020-03-05
9948,14049,1,2020-01-28
10375,14049,3,2020-02-18
10382,14049,9,2020-02-19
9950,14050,1,2020-01-29
9955,14050,4,2020-01-29
10013,14050,1,2020-01-31
10030,14050,9,2020-02-03
9951,14051,1,2020-01-29
9961,14051,9,2020-01-29
9952,14052,1,2020-01-29
9954,14052,4,2020-01-29
9994,14052,1,2020-01-31
10085,14052,3,2020-02-05
10112,14052,9,2020-02-05
9956,14053,2,2020-01-29
10132,14053,9,2020-02-06
9957,14054,2,2020-01-29
9962,14054,9,2020-01-29
9958,14055,2,2020-01-29
9960,14055,9,2020-01-29
9959,14056,2,2020-01-29
9963,14056,9,2020-01-29
9969,14057,1,2020-01-29
10027,14057,9,2020-02-03
9971,14058,1,2020-01-29
9972,14058,4,2020-01-30
9995,14058,1,2020-01-31
10012,14058,9,2020-01-31
9973,14059,1,2020-01-28
9977,14059,4,2020-01-30
10304,14059,1,2020-02-14
10315,14059,9,2020-02-14
9974,14060,1,2020-01-28
9978,14060,4,2020-01-30
10305,14060,1,2020-02-14
10313,14060,9,2020-02-14
9975,14061,1,2020-01-29
10021,14061,9,2020-01-31
9976,14062,1,2020-01-27
10341,14062,3,2020-02-17
10507,14062,9,2020-02-25
9980,14063,1,2020-01-29
10001,14063,4,2020-01-31
10050,14063,1,2020-02-03
10087,14063,3,2020-02-05
10115,14063,9,2020-02-06
9981,14064,1,2020-01-27
9999,14064,4,2020-01-31
10075,14064,1,2020-02-04
10084,14064,3,2020-02-05
10116,14064,1,2020-02-06
10141,14064,9,2020-02-06
9982,14065,1,2020-01-30
10002,14065,4,2020-01-31
10076,14065,1,2020-02-04
10086,14065,3,2020-02-05
10129,14065,9,2020-02-06
9983,14066,1,2020-01-30
9997,14066,4,2020-01-31
10049,14066,1,2020-02-03
10167,14066,3,2020-02-07
10202,14066,9,2020-02-10
9996,14067,1,2020-01-30
9998,14067,4,2020-01-31
10600,14067,3,2020-03-04
10873,14067,4,2020-03-19
11003,14067,9,2020-03-31
10000,14068,2,2020-01-31
10095,14068,9,2020-02-05
10003,14069,2,2020-01-31
10022,14069,9,2020-01-31
10008,14070,2,2020-01-31
10020,14070,9,2020-01-31
10009,14071,2,2020-01-31
10019,14071,9,2020-01-31
10010,14072,2,2020-01-31
10017,14072,9,2020-01-31
10011,14073,2,2020-01-31
10016,14073,9,2020-01-31
10014,14074,2,2020-01-31
10074,14074,9,2020-02-04
10015,14075,2,2020-01-31
10099,14075,9,2020-02-05
10018,14076,1,2020-01-30
10070,14076,3,2020-02-04
10234,14076,1,2020-02-12
10308,14076,9,2020-02-14
10028,14077,1,2020-01-31
10029,14077,4,2020-02-03
10337,14077,9,2020-02-17
10031,14078,1,2020-01-31
10032,14078,4,2020-02-03
10069,14078,1,2020-02-04
10071,14078,3,2020-02-04
10808,14078,9,2020-03-16
10033,14079,1,2020-01-30
10034,14079,4,2020-02-03
10077,14079,1,2020-02-04
10169,14079,3,2020-02-07
10201,14079,9,2020-02-10
10035,14080,1,2020-01-31
10036,14080,4,2020-02-03
10048,14080,1,2020-02-03
10088,14080,3,2020-02-05
10142,14080,9,2020-02-06
10037,14081,1,2020-02-03
10038,14081,4,2020-02-03
10047,14081,1,2020-02-03
10247,14081,3,2020-02-12
10472,14081,9,2020-02-24
10039,14082,1,2020-01-31
10040,14082,4,2020-02-03
11184,14082,3,2020-04-15
11186,14082,4,2020-04-15
11190,14082,9,2020-04-15
10042,14083,1,2020-02-03
10043,14083,4,2020-02-03
10267,14083,1,2020-02-13
10320,14083,3,2020-02-14
10376,14083,1,2020-02-18
10401,14083,9,2020-02-19
10044,14084,1,2020-02-03
10058,14084,4,2020-02-04
10205,14084,1,2020-02-11
10377,14084,3,2020-02-18
10811,14084,9,2020-03-17
10045,14085,1,2020-02-03
10089,14085,3,2020-02-05
10145,14085,9,2020-02-06
10046,14086,1,2020-02-03
10359,14086,3,2020-02-18
10544,14086,9,2020-02-27
10051,14087,2,2020-02-03
10100,14087,9,2020-02-05
10052,14088,2,2020-02-03
10102,14088,9,2020-02-05
10054,14089,1,2020-02-03
10143,14089,3,2020-02-06
10175,14089,9,2020-02-07
10055,14090,1,2020-02-03
10144,14090,3,2020-02-06
10176,14090,9,2020-02-07
10060,14091,1,2020-01-31
10061,14091,4,2020-02-04
10372,14091,1,2020-02-18
10393,14091,3,2020-02-19
10909,14091,4,2020-03-22
11087,14091,9,2020-04-08
10067,14092,2,2020-02-04
10103,14092,9,2020-02-05
10068,14093,2,2020-02-04
10104,14093,9,2020-02-05
10073,14094,2,2020-02-04
10105,14094,9,2020-02-05
10078,14095,2,2020-02-04
10106,14095,9,2020-02-05
10079,14096,2,2020-02-04
10080,14096,9,2020-02-04
10082,14097,1,2020-02-04
10083,14097,9,2020-02-05
10090,14098,2,2020-02-05
10107,14098,9,2020-02-05
10091,14099,1,2020-02-04
10237,14099,3,2020-02-12
10312,14099,9,2020-02-14
10092,14100,2,2020-02-05
10109,14100,9,2020-02-05
10093,14101,1,2020-02-04
10094,14101,4,2020-02-05
10096,14101,1,2020-02-05
10206,14101,3,2020-02-11
10239,14101,9,2020-02-12
10098,14102,1,2020-02-05
10101,14102,4,2020-02-05
10438,14102,9,2020-02-21
10108,14103,1,2020-02-05
10110,14103,4,2020-02-05
10162,14103,1,2020-02-07
10225,14103,3,2020-02-11
10242,14103,9,2020-02-12
10113,14104,1,2020-02-06
10114,14104,9,2020-02-06
10117,14105,1,2020-02-04
10223,14105,9,2020-02-11
10118,14106,1,2020-02-04
10119,14106,9,2020-02-06
10120,14107,1,2020-02-03
10172,14107,3,2020-02-07
10217,14107,9,2020-02-11
10121,14108,1,2020-01-30
10174,14108,3,2020-02-07
10204,14108,9,2020-02-10
10122,14109,1,2020-02-06
10124,14109,4,2020-02-06
10161,14109,1,2020-02-07
10224,14109,3,2020-02-11
10241,14109,9,2020-02-12
10123,14110,1,2020-02-05
10149,14110,4,2020-02-07
10274,14110,9,2020-02-13
10125,14111,1,2020-02-06
10246,14111,3,2020-02-12
10471,14111,9,2020-02-24
10127,14112,1,2020-02-05
10128,14112,4,2020-02-06
10168,14112,1,2020-02-07
10233,14112,9,2020-02-12
10130,14113,2,2020-02-06
10131,14113,9,2020-02-06
10133,14114,2,2020-02-06
10138,14114,9,2020-02-06
10134,14115,1,2020-02-04
10135,14115,4,2020-02-06
11009,14115,1,2020-04-01
11013,14115,9,2020-04-01
10136,14116,1,2020-02-06
10137,14116,4,2020-02-06
10407,14116,9,2020-02-20
10139,14117,2,2020-02-06
10140,14117,9,2020-02-06
10146,14118,1,2020-02-05
10147,14118,4,2020-02-06
10469,14118,9,2020-02-24
10148,14119,1,2020-01-29
10166,14119,4,2020-02-07
10292,14119,9,2020-02-13
10364,14119,1,2020-02-18
10597,14119,3,2020-03-04
10635,14119,9,2020-03-05
10150,14120,1,2020-02-06
10151,14120,4,2020-02-07
10915,14120,1,2020-03-23
10918,14120,4,2020-03-23
10938,14120,9,2020-03-24
10152,14121,2,2020-02-07
10157,14121,9,2020-02-07
10153,14122,1,2020-02-06
10155,14122,4,2020-02-07
10164,14122,1,2020-02-07
10213,14122,4,2020-02-11
10641,14122,1,2020-03-06
10653,14122,9,2020-03-06
10154,14123,2,2020-02-07
10216,14123,9,2020-02-11
10156,14124,1,2020-02-06
10160,14124,4,2020-02-07
10173,14124,1,2020-02-07
10227,14124,9,2020-02-11
10158,14125,1,2020-02-06
10159,14125,4,2020-02-07
10177,14125,1,2020-02-07
10232,14125,3,2020-02-12
10256,14125,9,2020-02-12
10165,14126,1,2020-02-06
10380,14126,3,2020-02-18
11000,14126,9,2020-03-31
10170,14127,1,2020-02-07
10171,14127,4,2020-02-07
10435,14127,9,2020-02-21
10178,14128,1,2020-02-07
10179,14128,4,2020-02-07
10271,14128,3,2020-02-13
10291,14128,9,2020-02-13
10180,14129,1,2020-02-07
10181,14129,4,2020-02-07
10184,14129,1,2020-02-10
10211,14129,3,2020-02-11
10240,14129,9,2020-02-12
10182,14130,1,2020-02-07
10183,14130,4,2020-02-07
10293,14130,1,2020-02-13
10434,14130,3,2020-02-21
10470,14130,9,2020-02-24
10185,14131,2,2020-02-10
10186,14131,9,2020-02-10
10187,14132,2,2020-02-10
10188,14132,9,2020-02-10
10189,14133,1,2020-02-07
10235,14133,3,2020-02-12
10279,14133,4,2020-02-13
10827,14133,1,2020-03-17
10848,14133,9,2020-03-18
10190,14135,1,2020-02-07
10236,14135,3,2020-02-12
10280,14135,4,2020-02-13
10828,14135,1,2020-03-17
10849,14135,9,2020-03-18
10191,14136,1,2020-02-10
10192,14136,4,2020-02-10
10436,14136,1,2020-02-21
10473,14136,3,2020-02-24
10953,14136,9,2020-03-26
10193,14137,1,2020-02-07
10194,14137,9,2020-02-10
10195,14138,1,2020-02-07
10196,14138,4,2020-02-10
10381,14138,3,2020-02-18
10743,14138,9,2020-03-12
10197,14139,1,2020-02-10
10226,14139,4,2020-02-11
10281,14139,1,2020-02-13
10356,14139,3,2020-02-18
10402,14139,9,2020-02-19
10200,14140,1,2020-02-10
10243,14140,3,2020-02-12
10318,14140,9,2020-02-14
10207,14141,2,2020-02-11
10208,14141,9,2020-02-11
10209,14142,2,2020-02-11
10210,14142,9,2020-02-11
10214,14143,1,2020-02-11
10215,14143,4,2020-02-11
10678,14143,9,2020-03-09
10218,14144,1,2020-02-10
10219,14144,4,2020-02-11
10255,14144,1,2020-02-12
10269,14144,9,2020-02-13
10220,14145,1,2020-02-11
10221,14145,4,2020-02-11
10254,14145,1,2020-02-12
10270,14145,9,2020-02-13
10228,14146,1,2020-02-12
10273,14146,4,2020-02-13
10300,14146,1,2020-02-14
10343,14146,9,2020-02-17
10345,14146,1,2020-02-17
10346,14146,9,2020-02-17
10229,14147,1,2020-02-10
10238,14147,3,2020-02-12
10338,14147,9,2020-02-17
10230,14148,1,2020-02-11
10253,14148,4,2020-02-12
10268,14148,1,2020-02-13
10644,14148,3,2020-03-06
10694,14148,9,2020-03-09
10231,14149,1,2020-02-11
10294,14149,9,2020-02-13
10244,14150,1,2020-02-12
10245,14150,4,2020-02-12
10261,14150,9,2020-02-13
10248,14151,2,2020-02-12
10249,14151,9,2020-02-12
10250,14152,2,2020-02-12
10276,14152,9,2020-02-13
10251,14153,1,2020-02-12
10252,14153,4,2020-02-12
10479,14153,9,2020-02-25
10258,14154,1,2020-02-12
10285,14154,4,2020-02-13
10286,14154,3,2020-02-13
10562,14154,9,2020-02-28
10259,14155,1,2020-02-12
10295,14155,9,2020-02-13
10260,14156,1,2020-02-12
10264,14156,4,2020-02-13
10282,14156,9,2020-02-13
10262,14158,1,2020-02-12
10263,14158,4,2020-02-13
10340,14158,1,2020-02-17
10355,14158,9,2020-02-18
10265,14159,1,2020-02-13
10363,14159,3,2020-02-18
10549,14159,9,2020-02-27
10275,14160,1,2020-02-13
10288,14160,4,2020-02-13
10357,14160,1,2020-02-18
10358,14160,3,2020-02-18
10403,14160,9,2020-02-19
10277,14161,1,2020-02-13
10278,14161,4,2020-02-13
10601,14161,1,2020-03-04
10656,14161,3,2020-03-06
10701,14161,9,2020-03-10
10283,14162,2,2020-02-13
10284,14162,9,2020-02-13
10289,14163,1,2020-02-13
10290,14163,4,2020-02-13
10722,14163,9,2020-03-11
10296,14164,2,2020-02-14
10297,14164,9,2020-02-14
10298,14165,2,2020-02-14
10299,14165,9,2020-02-14
10301,14166,2,2020-02-14
10303,14166,9,2020-02-14
10302,14167,1,2020-02-14
10447,14167,9,2020-02-21
10306,14168,1,2020-02-10
10307,14168,9,2020-02-14
10309,14169,1,2020-02-14
10362,14169,4,2020-02-18
11223,14169,3,2020-04-22
11281,14169,9,2020-04-24
10310,14170,1,2020-02-10
10311,14170,9,2020-02-14
10321,14171,1,2020-02-17
10378,14171,4,2020-02-18
10682,14171,9,2020-03-09
10322,14172,2,2020-02-17
10367,14172,9,2020-02-18
10323,14173,2,2020-02-17
10365,14173,9,2020-02-18
10324,14174,2,2020-02-17
10366,14174,9,2020-02-18
10325,14175,2,2020-02-17
10397,14175,9,2020-02-19
10326,14176,2,2020-02-17
10388,14176,9,2020-02-19
10327,14177,2,2020-02-17
10351,14177,9,2020-02-17
10328,14178,1,2020-02-14
10329,14178,4,2020-02-17
10334,14178,1,2020-02-17
10449,14178,9,2020-02-21
10330,14179,1,2020-02-11
10332,14179,4,2020-02-17
10396,14179,1,2020-02-19
10466,14179,3,2020-02-24
10583,14179,9,2020-03-03
10331,14180,2,2020-02-17
10348,14180,9,2020-02-17
10333,14181,2,2020-02-17
10347,14181,9,2020-02-17
10335,14182,1,2020-02-17
10336,14182,4,2020-02-17
11061,14182,9,2020-04-06
10349,14183,1,2020-02-17
10584,14183,9,2020-03-03
10350,14185,1,2020-02-17
10585,14185,9,2020-03-03
10352,14186,1,2020-02-17
10353,14186,3,2020-02-18
10406,14186,9,2020-02-20
10354,14187,1,2020-02-17
10386,14187,9,2020-02-19
10360,14188,2,2020-02-18
10361,14188,9,2020-02-18
10368,14189,1,2020-02-18
10369,14189,4,2020-02-18
10389,14189,1,2020-02-19
10446,14189,9,2020-02-21
10370,14190,2,2020-02-18
10371,14190,9,2020-02-18
10373,14191,2,2020-02-18
10374,14191,9,2020-02-18
10379,14192,2,2020-02-18
10415,14192,9,2020-02-20
10387,14193,1,2020-02-19
10445,14193,9,2020-02-21
10390,14194,2,2020-02-19
10391,14194,9,2020-02-19
10392,14195,2,2020-02-19
10394,14195,9,2020-02-19
10395,14196,1,2020-02-17
10448,14196,9,2020-02-21
10398,14197,1,2020-02-18
10825,14197,9,2020-03-17
10399,14198,1,2020-02-18
10604,14198,9,2020-03-04
10400,14199,1,2020-02-18
10455,14199,9,2020-02-24
10404,14200,2,2020-02-20
10405,14200,9,2020-02-20
10408,14201,1,2020-02-19
10425,14201,4,2020-02-21
10602,14201,1,2020-03-04
10901,14201,3,2020-03-20
10946,14201,9,2020-03-26
10409,14202,1,2020-02-19
10442,14202,9,2020-02-21
10410,14203,1,2020-02-18
10411,14203,4,2020-02-20
10657,14203,1,2020-03-06
10696,14203,3,2020-03-09
10719,14203,9,2020-03-10
10412,14204,1,2020-02-20
10424,14204,9,2020-02-20
10413,14205,1,2020-02-18
10605,14205,9,2020-03-04
10414,14206,1,2020-02-19
10606,14206,9,2020-03-04
10416,14207,1,2020-02-19
10456,14207,4,2020-02-24
10517,14207,1,2020-02-26
10692,14207,3,2020-03-09
10750,14207,9,2020-03-12
10417,14208,1,2020-02-20
10506,14208,4,2020-02-25
11163,14208,1,2020-04-14
11168,14208,3,2020-04-14
11178,14208,9,2020-04-15
10418,14209,1,2020-02-19
10421,14209,4,2020-02-20
10727,14209,9,2020-03-11
10419,14210,2,2020-02-20
10420,14210,9,2020-02-20
10422,14211,2,2020-02-20
10423,14211,9,2020-02-20
10427,14212,1,2020-02-20
10428,14212,9,2020-02-21
10430,14213,2,2020-02-21
10431,14213,9,2020-02-21
10432,14214,1,2020-02-20
10433,14214,4,2020-02-21
10493,14214,1,2020-02-25
10515,14214,3,2020-02-26
10535,14214,9,2020-02-26
10439,14215,1,2020-02-20
10440,14215,4,2020-02-21
10452,14215,1,2020-02-21
10468,14215,3,2020-02-24
10575,14215,9,2020-03-03
10443,14216,2,2020-02-21
10444,14216,9,2020-02-21
10450,14217,1,2020-02-20
10451,14217,4,2020-02-21
10505,14217,3,2020-02-25
11052,14217,9,2020-04-03
10453,14218,1,2020-02-20
10454,14218,4,2020-02-21
10904,14218,9,2020-03-20
10457,14219,2,2020-02-24
10488,14219,9,2020-02-25
10458,14220,2,2020-02-24
10502,14220,9,2020-02-25
10459,14221,2,2020-02-24
10491,14221,9,2020-02-25
10460,14222,2,2020-02-24
10492,14222,9,2020-02-25
10461,14223,1,2020-02-21
10607,14223,9,2020-03-04
10462,14224,2,2020-02-24
10494,14224,9,2020-02-25
10463,14225,2,2020-02-24
10495,14225,9,2020-02-25
10464,14226,2,2020-02-24
10496,14226,9,2020-02-25
10465,14227,2,2020-02-24
10498,14227,9,2020-02-25
10467,14228,2,2020-02-24
10499,14228,9,2020-02-25
10475,14229,1,2020-02-24
10879,14229,3,2020-03-19
11019,14229,9,2020-04-01
10476,14230,1,2020-02-24
10588,14230,3,2020-03-03
10610,14230,9,2020-03-04
10477,14231,2,2020-02-25
10497,14231,9,2020-02-25
10478,14232,2,2020-02-25
10500,14232,9,2020-02-25
10480,14233,2,2020-02-25
10501,14233,9,2020-02-25
10481,14234,1,2020-02-17
10482,14234,9,2020-02-25
10483,14235,1,2020-02-25
10511,14235,4,2020-02-26
10593,14235,1,2020-03-04
10651,14235,3,2020-03-06
10662,14235,9,2020-03-06
10484,14236,1,2020-02-25
10512,14236,4,2020-02-26
10599,14236,1,2020-03-04
10642,14236,3,2020-03-06
10661,14236,9,2020-03-06
10485,14237,1,2020-02-25
10510,14237,4,2020-02-26
10704,14237,1,2020-03-10
10744,14237,3,2020-03-12
10799,14237,9,2020-03-16
10489,14241,1,2020-02-25
10643,14241,3,2020-03-06
11164,14241,9,2020-04-14
10490,14242,1,2020-02-25
10654,14242,9,2020-03-06
10503,14243,2,2020-02-25
10504,14243,9,2020-02-25
10508,14244,2,2020-02-26
10509,14244,9,2020-02-26
10513,14245,1,2020-02-25
10650,14245,4,2020-03-06
10652,14245,3,2020-03-06
10833,14245,4,2020-03-18
10936,14245,9,2020-03-24
10514,14246,1,2020-02-25
10532,14246,9,2020-02-26
10516,14247,1,2020-02-24
10742,14247,9,2020-03-12
10518,14248,1,2020-02-25
10525,14248,3,2020-02-26
10619,14248,9,2020-03-04
10519,14249,1,2020-02-26
10520,14249,9,2020-02-26
10521,14250,1,2020-02-26
10560,14250,9,2020-02-28
10522,14251,1,2020-02-20
10561,14251,9,2020-02-28
10523,14252,1,2020-02-25
10524,14252,3,2020-02-26
10618,14252,9,2020-03-04
10526,14253,1,2020-02-26
11123,14253,3,2020-04-10
11149,14253,9,2020-04-13
10527,14254,1,2020-02-24
10528,14254,4,2020-02-26
10557,14254,9,2020-02-28
10529,14255,1,2020-02-26
10530,14255,4,2020-02-26
10645,14255,9,2020-03-06
10531,14256,1,2020-02-25
10738,14256,9,2020-03-12
10533,14257,1,2020-02-25
10919,14257,3,2020-03-23
11031,14257,4,2020-04-02
11043,14257,9,2020-04-03
10534,14258,1,2020-02-18
10537,14258,4,2020-02-27
10550,14258,1,2020-02-27
10745,14258,3,2020-03-12
10802,14258,9,2020-03-16
10536,14259,1,2020-02-19
10586,14259,9,2020-03-03
10538,14260,1,2020-02-27
10539,14260,9,2020-02-27
10540,14261,2,2020-02-27
10541,14261,9,2020-02-27
10542,14262,2,2020-02-27
10543,14262,9,2020-02-27
10545,14263,1,2020-02-27
10546,14263,4,2020-02-27
10598,14263,1,2020-03-04
10608,14263,9,2020-03-04
10547,14264,1,2020-02-26
10548,14264,4,2020-02-27
10603,14264,1,2020-03-04
10730,14264,4,2020-03-11
11075,14264,1,2020-04-07
11079,14264,3,2020-04-07
11098,14264,1,2020-04-08
11100,14264,9,2020-04-09
10551,14265,1,2020-02-27
10970,14265,3,2020-03-27
11033,14265,9,2020-04-02
10552,14266,1,2020-02-26
10925,14266,3,2020-03-23
10930,14266,4,2020-03-24
10937,14266,3,2020-03-24
10945,14266,9,2020-03-26
10553,14267,1,2020-02-27
10615,14267,9,2020-03-04
10554,14268,1,2020-02-28
10613,14268,3,2020-03-04
10633,14268,9,2020-03-05
10555,14269,1,2020-02-27
10559,14269,4,2020-02-28
10875,14269,1,2020-03-19
10877,14269,4,2020-03-19
11197,14269,9,2020-04-16
10558,14270,1,2020-02-28
10772,14270,3,2020-03-16
10793,14270,9,2020-03-16
10563,14271,1,2020-02-28
10577,14271,4,2020-03-03
10767,14271,1,2020-03-13
11073,14271,3,2020-04-07
11094,14271,4,2020-04-08
11143,14271,9,2020-04-13
10564,14272,2,2020-03-03
10569,14272,9,2020-03-03
10565,14273,2,2020-03-03
10570,14273,9,2020-03-03
10566,14274,2,2020-03-03
10571,14274,9,2020-03-03
10567,14275,2,2020-03-03
10573,14275,9,2020-03-03
10568,14276,2,2020-03-03
10574,14276,9,2020-03-03
10572,14277,1,2020-03-03
10842,14277,3,2020-03-18
10867,14277,9,2020-03-19
10576,14278,1,2020-02-28
11136,14278,3,2020-04-13
11157,14278,9,2020-04-14
10578,14279,1,2020-02-28
10579,14279,4,2020-03-03
10720,14279,3,2020-03-10
10721,14279,9,2020-03-10
10580,14280,1,2020-03-03
10581,14280,4,2020-03-03
10616,14280,1,2020-03-04
11144,14280,3,2020-04-13
11191,14280,1,2020-04-15
11196,14280,9,2020-04-15
10587,14281,2,2020-03-03
10589,14281,9,2020-03-03
10590,14282,2,2020-03-03
10592,14282,9,2020-03-03
10591,14283,2,2020-03-03
10629,14283,9,2020-03-05
10609,14284,1,2020-03-04
10640,14284,9,2020-03-05
10611,14285,1,2020-02-28
10637,14285,4,2020-03-05
10737,14285,1,2020-03-12
10819,14285,4,2020-03-17
11053,14285,3,2020-04-03
11070,14285,9,2020-04-06
10612,14286,1,2020-02-27
10614,14286,4,2020-03-04
10851,14286,1,2020-03-18
10902,14286,4,2020-03-20
10914,14286,3,2020-03-23
11306,14286,9,2020-04-27
10617,14287,1,2020-02-28
10853,14287,9,2020-03-18
10620,14288,1,2020-03-04
10649,14288,4,2020-03-06
10778,14288,9,2020-03-16
10621,14289,1,2020-03-03
10634,14289,4,2020-03-05
10820,14289,1,2020-03-17
10824,14289,3,2020-03-17
10872,14289,9,2020-03-19
10622,14290,1,2020-03-04
10623,14290,4,2020-03-05
10895,14290,1,2020-03-20
10896,14290,4,2020-03-20
11322,14290,9,2020-04-28
10624,14291,1,2020-03-05
10625,14291,4,2020-03-05
10655,14291,1,2020-03-06
10735,14291,9,2020-03-12
10626,14292,1,2020-03-04
10733,14292,9,2020-03-11
10627,14293,1,2020-03-05
10628,14293,4,2020-03-05
10699,14293,1,2020-03-10
10874,14293,3,2020-03-19
11122,14293,9,2020-04-10
10630,14294,1,2020-03-04
10631,14294,4,2020-03-05
11047,14294,1,2020-04-03
11051,14294,4,2020-04-03
11058,14294,1,2020-04-06
11083,14294,9,2020-04-08
10636,14295,1,2020-03-04
10739,14295,9,2020-03-12
10638,14296,1,2020-03-05
10639,14296,4,2020-03-05
10700,14296,3,2020-03-10
10706,14296,9,2020-03-10
10646,14297,1,2020-03-06
10647,14297,4,2020-03-06
11259,14297,1,2020-04-23
11278,14297,9,2020-04-24
10648,14298,1,2020-03-05
10668,14298,4,2020-03-09
10702,14298,1,2020-03-10
10703,14298,9,2020-03-10
10658,14299,2,2020-03-06
10674,14299,9,2020-03-09
10659,14300,1,2020-03-06
10816,14300,4,2020-03-17
10878,14300,1,2020-03-19
10891,14300,4,2020-03-20
10898,14300,3,2020-03-20
11125,14300,9,2020-04-10
10660,14301,1,2020-03-05
10718,14301,4,2020-03-10
11212,14301,9,2020-04-21
10663,14302,1,2020-03-07
10664,14302,2,2020-03-07
10675,14302,9,2020-03-09
10665,14303,2,2020-03-07
10676,14303,9,2020-03-09
10666,14304,2,2020-03-07
10677,14304,9,2020-03-09
10667,14305,2,2020-03-07
10672,14305,9,2020-03-09
10669,14306,1,2020-03-06
10695,14306,3,2020-03-09
10705,14306,9,2020-03-10
10670,14307,2,2020-03-09
10679,14307,9,2020-03-09
10671,14308,2,2020-03-09
10680,14308,9,2020-03-09
10673,14309,2,2020-03-09
10681,14309,9,2020-03-09
10683,14310,2,2020-03-09
10710,14310,9,2020-03-10
10684,14311,1,2020-03-05
10687,14311,4,2020-03-09
11215,14311,9,2020-04-21
10685,14312,1,2020-03-06
10693,14312,4,2020-03-09
11112,14312,1,2020-04-09
11121,14312,3,2020-04-10
11126,14312,9,2020-04-10
10686,14313,1,2020-03-09
10847,14313,3,2020-03-18
10866,14313,9,2020-03-19
10688,14314,1,2020-03-09
10689,14314,4,2020-03-09
10723,14314,1,2020-03-11
10852,14314,3,2020-03-18
11263,14314,9,2020-04-24
10690,14315,1,2020-03-09
10870,14315,9,2020-03-19
10691,14316,1,2020-03-09
10732,14316,4,2020-03-11
10814,14316,1,2020-03-17
10988,14316,9,2020-03-30
10697,14317,2,2020-03-10
10698,14317,9,2020-03-10
10707,14318,1,2020-03-10
10708,14318,4,2020-03-10
10905,14318,9,2020-03-20
10709,14319,1,2020-03-10
10731,14319,3,2020-03-11
10734,14319,9,2020-03-11
10711,14320,2,2020-03-10
10714,14320,9,2020-03-10
10712,14321,2,2020-03-10
10715,14321,9,2020-03-10
10713,14322,2,2020-03-10
10716,14322,9,2020-03-10
10717,14323,1,2020-03-10
10729,14323,4,2020-03-11
10829,14323,9,2020-03-17
10724,14324,1,2020-03-09
10725,14324,4,2020-03-11
10749,14324,1,2020-03-12
11078,14324,3,2020-04-07
11131,14324,9,2020-04-10
10726,14325,1,2020-03-09
11090,14325,3,2020-04-08
11155,14325,4,2020-04-14
11158,14325,1,2020-04-14
11167,14325,9,2020-04-14
10728,14326,1,2020-03-10
10876,14326,9,2020-03-19
10740,14327,1,2020-03-11
10741,14327,4,2020-03-12
11152,14327,1,2020-04-14
11175,14327,3,2020-04-15
11198,14327,9,2020-04-16
10747,14328,1,2020-03-11
10751,14328,4,2020-03-13
10755,14328,1,2020-03-13
10797,14328,9,2020-03-16
10748,14329,1,2020-03-12
10818,14329,4,2020-03-17
11324,14329,9,2020-04-29
10752,14330,2,2020-03-13
10753,14330,9,2020-03-13
10754,14331,1,2020-03-13
10841,14331,3,2020-03-18
10890,14331,9,2020-03-20
10756,14332,1,2020-03-13
11104,14332,3,2020-04-09
11106,14332,1,2020-04-09
11114,14332,9,2020-04-09
10757,14333,2,2020-03-13
10775,14333,9,2020-03-16
10758,14334,2,2020-03-13
10776,14334,9,2020-03-16
10759,14335,2,2020-03-13
10777,14335,9,2020-03-16
10760,14336,2,2020-03-13
10779,14336,9,2020-03-16
10761,14337,2,2020-03-13
10780,14337,9,2020-03-16
10762,14338,1,2020-03-13
10805,14338,4,2020-03-16
10927,14338,1,2020-03-24
10962,14338,9,2020-03-27
10763,14339,2,2020-03-13
10784,14339,9,2020-03-16
10764,14340,2,2020-03-13
10785,14340,9,2020-03-16
10765,14341,2,2020-03-13
10787,14341,9,2020-03-16
10768,14342,1,2020-03-12
10769,14342,4,2020-03-13
10826,14342,1,2020-03-17
11170,14342,3,2020-04-15
11233,14342,9,2020-04-23
10770,14343,1,2020-03-13
10982,14343,9,2020-03-30
10771,14344,2,2020-03-16
10791,14344,9,2020-03-16
10773,14345,2,2020-03-16
10792,14345,9,2020-03-16
10774,14346,2,2020-03-16
10794,14346,9,2020-03-16
10781,14347,1,2020-03-13
11002,14347,3,2020-03-31
11044,14347,9,2020-04-03
10782,14348,1,2020-03-11
10783,14348,4,2020-03-16
11210,14348,9,2020-04-21
10786,14349,1,2020-03-16
10788,14349,4,2020-03-16
10795,14349,9,2020-03-16
10796,14349,4,2020-03-16
10960,14349,9,2020-03-27
10789,14350,1,2020-03-10
10790,14350,4,2020-03-16
10886,14350,9,2020-03-19
10798,14351,1,2020-03-11
10800,14351,4,2020-03-16
11354,14351,3,2020-04-30
11366,14351,9,2020-05-04
10801,14352,2,2020-03-16
10934,14352,9,2020-03-24
10803,14353,1,2020-03-12
10804,14353,4,2020-03-16
11004,14353,3,2020-03-31
11028,14353,9,2020-04-02
10806,14354,1,2020-03-16
10807,14354,9,2020-03-16
10809,14355,1,2020-03-12
10813,14355,4,2020-03-17
11261,14355,3,2020-04-24
11279,14355,9,2020-04-24
10810,14356,1,2020-03-17
10928,14356,4,2020-03-24
10935,14356,9,2020-03-24
10812,14357,1,2020-03-10
10903,14357,3,2020-03-20
10922,14357,4,2020-03-23
11160,14357,1,2020-04-14
11174,14357,4,2020-04-15
11192,14357,9,2020-04-15
10815,14358,2,2020-03-17
10817,14358,9,2020-03-17
10821,14359,1,2020-03-16
10894,14359,3,2020-03-20
10921,14359,9,2020-03-23
10822,14360,1,2020-03-12
10823,14360,4,2020-03-17
11262,14360,3,2020-04-24
11280,14360,9,2020-04-24
10830,14361,1,2020-03-17
10843,14361,3,2020-03-18
10899,14361,9,2020-03-20
10831,14362,1,2020-03-16
10832,14362,4,2020-03-18
11024,14362,1,2020-04-01
11200,14362,3,2020-04-16
11304,14362,1,2020-04-27
11315,14362,3,2020-04-28
11537,14362,9,2020-05-14
10834,14363,1,2020-03-17
10835,14363,4,2020-03-18
10857,14363,9,2020-03-18
10836,14364,1,2020-03-18
10837,14364,4,2020-03-18
10929,14364,1,2020-03-24
10933,14364,4,2020-03-24
10939,14364,9,2020-03-24
10838,14365,1,2020-03-16
10844,14365,3,2020-03-18
10900,14365,9,2020-03-20
10839,14366,1,2020-03-18
10840,14366,4,2020-03-18
10926,14366,9,2020-03-24
10845,14367,1,2020-03-18
10846,14367,4,2020-03-18
11211,14367,9,2020-04-21
10850,14368,2,2020-03-18
10868,14368,9,2020-03-19
10854,14369,1,2020-03-17
10987,14369,9,2020-03-30
10855,14370,1,2020-03-18
10856,14370,4,2020-03-18
10865,14370,9,2020-03-19
10858,14371,1,2020-03-18
10860,14371,4,2020-03-19
10887,14371,1,2020-03-20
11195,14371,3,2020-04-15
11283,14371,9,2020-04-24
10859,14372,2,2020-03-19
10869,14372,9,2020-03-19
10861,14373,1,2020-03-19
10863,14373,4,2020-03-19
10871,14373,9,2020-03-19
10862,14374,1,2020-03-18
10864,14374,3,2020-03-19
10924,14374,9,2020-03-23
10880,14375,1,2020-03-19
10881,14375,4,2020-03-19
11176,14375,1,2020-04-15
11199,14375,9,2020-04-16
10882,14377,1,2020-03-19
10883,14377,4,2020-03-19
11139,14377,1,2020-04-13
11148,14377,9,2020-04-13
10884,14378,1,2020-03-19
10885,14378,4,2020-03-19
10897,14378,9,2020-03-20
10888,14379,2,2020-03-20
10889,14379,9,2020-03-20
10892,14380,2,2020-03-20
10893,14380,9,2020-03-20
10906,14381,1,2020-03-20
10907,14381,4,2020-03-20
10997,14381,3,2020-03-31
11027,14381,9,2020-04-02
10908,14382,1,2020-03-20
10923,14382,9,2020-03-23
10910,14383,2,2020-03-23
10911,14383,9,2020-03-23
10912,14384,1,2020-03-20
10913,14384,4,2020-03-23
10996,14384,9,2020-03-31
10916,14385,1,2020-03-23
10917,14385,4,2020-03-23
10963,14385,1,2020-03-27
10983,14385,9,2020-03-30
10920,14386,4,2020-03-23
10993,14386,3,2020-03-30
10994,14386,9,2020-03-31
10931,14387,1,2020-03-24
10932,14387,4,2020-03-24
11026,14387,3,2020-04-01
11057,14387,1,2020-04-06
11282,14387,9,2020-04-24
10940,14388,2,2020-03-26
10948,14388,9,2020-03-26
10941,14389,1,2020-03-20
10944,14389,9,2020-03-26
10942,14390,2,2020-03-26
10949,14390,9,2020-03-26
10943,14391,1,2020-03-26
10947,14391,2,2020-03-26
10950,14391,9,2020-03-26
10951,14393,1,2020-03-24
10966,14393,3,2020-03-27
10969,14393,9,2020-03-27
10952,14394,1,2020-03-24
10955,14394,3,2020-03-26
10991,14394,9,2020-03-30
10954,14395,1,2020-03-26
10990,14395,4,2020-03-30
11097,14395,1,2020-04-08
11201,14395,3,2020-04-16
10956,14396,1,2020-03-26
10957,14396,4,2020-03-26
11161,14396,1,2020-04-14
11220,14396,3,2020-04-22
11300,14396,9,2020-04-27
10958,14397,2,2020-03-27
10959,14397,9,2020-03-27
10961,14398,1,2020-03-27
11205,14398,3,2020-04-16
11301,14398,4,2020-04-27
11341,14398,3,2020-04-29
11380,14398,4,2020-05-04
10964,14399,1,2020-03-24
10965,14399,4,2020-03-27
10989,14399,1,2020-03-30
11039,14399,4,2020-04-03
11046,14399,9,2020-04-03
10967,14400,1,2020-03-27
10968,14400,4,2020-03-27
10979,14400,9,2020-03-30
10971,14401,1,2020-03-30
10973,14401,4,2020-03-30
10986,14401,3,2020-03-30
10992,14401,9,2020-03-30
10972,14402,1,2020-03-30
10974,14402,4,2020-03-30
11332,14402,3,2020-04-29
11368,14402,9,2020-05-04
10975,14403,2,2020-03-30
10980,14403,9,2020-03-30
10976,14404,2,2020-03-30
10981,14404,9,2020-03-30
10977,14405,1,2020-03-27
11224,14405,3,2020-04-22
11234,14405,9,2020-04-23
10978,14406,1,2020-03-30
11001,14406,4,2020-03-31
11077,14406,3,2020-04-07
11138,14406,9,2020-04-13
10984,14407,2,2020-03-30
10985,14407,9,2020-03-30
10995,14408,1,2020-03-11
11146,14408,9,2020-04-13
10998,14409,1,2020-03-30
10999,14409,4,2020-03-31
11202,14409,1,2020-04-16
11299,14409,3,2020-04-27
11345,14409,9,2020-04-30
11005,14410,1,2020-04-01
11007,14410,2,2020-04-01
11014,14410,9,2020-04-01
11006,14411,2,2020-04-01
11015,14411,9,2020-04-01
11008,14412,1,2020-04-01
11032,14412,4,2020-04-02
11045,14412,9,2020-04-03
11010,14413,2,2020-04-01
11023,14413,9,2020-04-01
11011,14414,2,2020-04-01
11020,14414,9,2020-04-01
11012,14415,2,2020-04-01
11016,14415,9,2020-04-01
11017,14416,2,2020-04-01
11018,14416,9,2020-04-01
11021,14417,1,2020-03-31
11022,14417,4,2020-04-01
11328,14417,1,2020-04-29
11339,14417,3,2020-04-29
11373,14417,9,2020-05-04
11025,14418,1,2020-03-31
11054,14418,4,2020-04-06
11029,14419,1,2020-04-01
11030,14419,4,2020-04-02
11042,14419,1,2020-04-03
11323,14419,3,2020-04-28
11385,14419,4,2020-05-05
11431,14419,9,2020-05-07
11034,14420,1,2020-04-02
11035,14420,4,2020-04-02
11081,14420,1,2020-04-07
11092,14420,4,2020-04-08
11093,14420,1,2020-04-08
11095,14420,3,2020-04-08
11243,14420,4,2020-04-23
11257,14420,9,2020-04-23
11036,14421,1,2020-04-02
11113,14421,4,2020-04-09
11116,14421,1,2020-04-10
11117,14421,3,2020-04-10
11396,14421,9,2020-05-05
11037,14422,1,2020-04-02
11049,14422,4,2020-04-03
11082,14422,1,2020-04-07
11118,14422,3,2020-04-10
11418,14422,9,2020-05-06
11038,14423,1,2020-04-02
11050,14423,4,2020-04-03
11067,14423,1,2020-04-06
11145,14423,4,2020-04-13
11260,14423,3,2020-04-23
11420,14423,9,2020-05-06
11040,14424,1,2020-04-02
11041,14424,4,2020-04-03
11378,14424,9,2020-05-04
11048,14425,1,2020-04-03
11334,14425,3,2020-04-29
11414,14425,1,2020-05-06
11419,14425,9,2020-05-06
11055,14426,2,2020-04-06
11056,14427,2,2020-04-06
11066,14427,9,2020-04-06
11059,14428,1,2020-04-06
11076,14428,9,2020-04-07
11060,14429,1,2020-04-03
11072,14429,4,2020-04-06
11327,14429,1,2020-04-29
11362,14429,3,2020-04-30
11459,14429,9,2020-05-08
11063,14430,1,2020-04-01
11115,14430,3,2020-04-10
11124,14430,9,2020-04-10
11064,14431,1,2020-04-06
11065,14431,4,2020-04-06
11128,14431,3,2020-04-10
11488,14431,4,2020-05-11
11512,14431,9,2020-05-12
11068,14432,1,2020-04-02
11069,14432,9,2020-04-06
11071,14433,1,2020-04-06
11382,14433,4,2020-05-04
11524,14433,1,2020-05-13
11532,14433,4,2020-05-13
11074,14434,1,2020-04-07
11147,14434,4,2020-04-13
11080,14435,1,2020-04-07
11091,14435,4,2020-04-08
11127,14435,1,2020-04-10
11137,14435,4,2020-04-13
11141,14435,1,2020-04-13
11142,14435,3,2020-04-13
11526,14435,9,2020-05-13
11084,14436,2,2020-04-08
11135,14436,9,2020-04-13
11085,14437,1,2020-04-07
11086,14437,4,2020-04-08
11105,14437,1,2020-04-09
11216,14437,3,2020-04-22
11514,14437,9,2020-05-12
11088,14438,1,2020-04-07
11089,14438,4,2020-04-08
11096,14438,9,2020-04-08
11099,14439,1,2020-04-09
11166,14439,4,2020-04-14
11169,14439,1,2020-04-14
11204,14439,4,2020-04-16
11363,14439,3,2020-05-04
11372,14439,9,2020-05-04
11101,14440,2,2020-04-09
11102,14441,2,2020-04-09
11103,14441,9,2020-04-09
11107,14442,1,2020-04-06
11109,14442,4,2020-04-09
11159,14442,9,2020-04-14
11108,14443,1,2020-04-09
11111,14443,3,2020-04-09
11358,14443,9,2020-04-30
11119,14444,1,2020-04-10
11130,14444,4,2020-04-10
11132,14444,9,2020-04-13
11120,14445,1,2020-04-10
11129,14445,4,2020-04-10
11302,14445,1,2020-04-27
11314,14445,3,2020-04-28
11133,14446,2,2020-04-13
11134,14446,9,2020-04-13
11140,14447,1,2020-04-13
11217,14447,4,2020-04-22
11232,14447,1,2020-04-22
11236,14447,9,2020-04-23
11150,14448,2,2020-04-14
11173,14448,9,2020-04-15
11151,14449,2,2020-04-14
11270,14449,9,2020-04-24
11153,14450,1,2020-04-06
11154,14450,4,2020-04-14
11277,14450,9,2020-04-24
11156,14451,2,2020-04-14
11221,14451,9,2020-04-22
11162,14452,1,2020-04-09
11165,14452,4,2020-04-14
11288,14452,1,2020-04-27
11399,14452,3,2020-05-05
11513,14452,9,2020-05-12
11171,14453,2,2020-04-15
11177,14453,9,2020-04-15
11172,14454,2,2020-04-15
11179,14454,9,2020-04-15
11180,14455,1,2020-04-15
11185,14455,4,2020-04-15
11269,14455,1,2020-04-24
11449,14455,3,2020-05-08
11181,14456,1,2020-04-15
11189,14456,4,2020-04-15
11203,14456,1,2020-04-16
11427,14456,3,2020-05-06
11437,14456,4,2020-05-07
11440,14456,1,2020-05-07
11442,14456,9,2020-05-07
11182,14457,2,2020-04-15
11183,14457,9,2020-04-15
11187,14458,1,2020-04-15
11188,14458,4,2020-04-15
11379,14458,1,2020-05-04
11384,14458,3,2020-05-04
11193,14459,1,2020-04-15
11194,14459,4,2020-04-15
11376,14459,1,2020-05-04
11422,14459,3,2020-05-06
11206,14460,2,2020-04-16
11207,14461,2,2020-04-21
11271,14461,9,2020-04-24
11208,14462,1,2020-04-21
11209,14462,4,2020-04-21
11433,14462,1,2020-05-07
11436,14462,3,2020-05-07
11438,14462,9,2020-05-07
11213,14463,1,2020-04-14
11214,14463,4,2020-04-21
11346,14463,1,2020-04-30
11357,14463,3,2020-04-30
11218,14464,1,2020-04-14
11219,14464,4,2020-04-22
11231,14464,9,2020-04-22
11222,14465,1,2020-04-21
11225,14465,4,2020-04-22
11276,14465,3,2020-04-24
11305,14465,9,2020-04-27
11226,14466,2,2020-04-22
11227,14467,1,2020-04-10
11228,14467,4,2020-04-22
11268,14467,1,2020-04-24
11402,14467,3,2020-05-05
11432,14467,9,2020-05-07
11229,14468,1,2020-04-15
11274,14468,4,2020-04-24
11364,14468,1,2020-05-04
11369,14468,4,2020-05-04
11421,14468,1,2020-05-06
11487,14468,3,2020-05-11
11230,14469,1,2020-04-21
11235,14469,4,2020-04-23
11275,14469,1,2020-04-24
11313,14469,9,2020-04-28
11237,14470,2,2020-04-23
11238,14471,1,2020-04-23
11240,14471,2,2020-04-23
11250,14471,9,2020-04-23
11239,14472,2,2020-04-23
11251,14472,9,2020-04-23
11241,14473,2,2020-04-23
11253,14473,9,2020-04-23
11242,14474,2,2020-04-23
11244,14475,2,2020-04-23
11255,14475,9,2020-04-23
11245,14476,1,2020-04-22
11246,14476,4,2020-04-23
11337,14476,1,2020-04-29
11350,14476,9,2020-04-30
11247,14477,4,2020-04-23
11530,14477,9,2020-05-13
11248,14478,2,2020-04-23
11256,14478,9,2020-04-23
11249,14479,1,2020-04-23
11252,14479,4,2020-04-23
11453,14479,9,2020-05-08
11254,14480,1,2020-04-23
11258,14480,3,2020-04-23
11443,14480,4,2020-05-07
11264,14481,2,2020-04-24
11265,14482,2,2020-04-24
11272,14482,9,2020-04-24
11266,14483,2,2020-04-24
11267,14483,9,2020-04-24
11273,14484,1,2020-04-23
11303,14484,3,2020-04-27
11316,14484,1,2020-04-28
11321,14484,9,2020-04-28
11284,14485,2,2020-04-27
11290,14485,9,2020-04-27
11285,14486,2,2020-04-27
11291,14486,9,2020-04-27
11286,14487,2,2020-04-27
11295,14487,9,2020-04-27
11287,14488,2,2020-04-27
11296,14488,9,2020-04-27
11289,14489,1,2020-04-27
11292,14489,4,2020-04-27
11359,14489,9,2020-04-30
11293,14490,1,2020-04-24
11294,14490,4,2020-04-27
11377,14490,1,2020-05-04
11401,14490,3,2020-05-05
11430,14490,9,2020-05-07
11297,14491,2,2020-04-27
11298,14491,9,2020-04-27
11307,14492,2,2020-04-27
11311,14492,9,2020-04-27
11308,14493,2,2020-04-27
11310,14493,9,2020-04-27
11309,14494,2,2020-04-27
11312,14494,9,2020-04-27
11317,14495,1,2020-04-28
11318,14495,4,2020-04-28
11486,14495,9,2020-05-11
11319,14496,1,2020-04-28
11426,14496,3,2020-05-06
11320,14497,1,2020-04-28
11342,14497,3,2020-04-29
11325,14498,1,2020-04-28
11326,14498,4,2020-04-29
11343,14498,1,2020-04-30
11454,14498,3,2020-05-08
11329,14499,2,2020-04-29
11331,14499,9,2020-04-29
11330,14500,2,2020-04-29
11333,14500,9,2020-04-29
11335,14502,1,2020-04-28
11336,14502,4,2020-04-29
11344,14502,1,2020-04-30
11455,14502,3,2020-05-08
11338,14503,1,2020-04-28
11340,14503,4,2020-04-29
11451,14503,1,2020-05-08
11479,14503,3,2020-05-11
11527,14503,9,2020-05-13
11347,14504,2,2020-04-30
11348,14504,9,2020-04-30
11349,14505,1,2020-04-30
11351,14505,4,2020-04-30
11508,14505,3,2020-05-12
11352,14506,1,2020-04-29
11360,14506,4,2020-04-30
11353,14507,1,2020-04-30
11355,14507,4,2020-04-30
11434,14507,1,2020-05-07
11481,14507,3,2020-05-11
11517,14507,9,2020-05-13
11356,14508,1,2020-04-30
11361,14508,9,2020-04-30
11365,14509,2,2020-05-04
11367,14509,9,2020-05-04
11370,14510,1,2020-04-30
11371,14510,4,2020-05-04
11400,14510,1,2020-05-05
11435,14510,4,2020-05-07
11461,14510,3,2020-05-08
11533,14510,9,2020-05-13
11374,14511,1,2020-05-05
11375,14511,4,2020-05-04
11381,14512,2,2020-05-04
11383,14512,9,2020-05-04
11386,14513,2,2020-05-05
11392,14513,9,2020-05-05
11387,14514,2,2020-05-05
11393,14514,9,2020-05-05
11388,14515,2,2020-05-05
11389,14516,2,2020-05-05
11395,14516,9,2020-05-05
11390,14517,2,2020-05-05
11394,14517,9,2020-05-05
11391,14518,2,2020-05-05
11397,14519,1,2020-04-27
11398,14519,9,2020-05-05
11403,14520,1,2020-05-05
11404,14520,4,2020-05-05
11415,14520,1,2020-05-06
11429,14520,9,2020-05-06
11405,14521,1,2020-05-04
11406,14521,4,2020-05-05
11407,14522,1,2020-05-05
11408,14522,4,2020-05-05
11409,14522,1,2020-05-05
11499,14522,3,2020-05-12
11536,14522,9,2020-05-14
11410,14523,1,2020-05-05
11417,14523,4,2020-05-06
11428,14523,3,2020-05-06
11411,14524,2,2020-05-06
11423,14524,9,2020-05-06
11412,14525,2,2020-05-06
11424,14525,9,2020-05-06
11413,14526,2,2020-05-06
11425,14526,9,2020-05-06
11416,14529,1,2020-05-05
11445,14529,9,2020-05-07
11439,14530,2,2020-05-07
11452,14530,9,2020-05-08
11441,14531,1,2020-05-06
11444,14531,4,2020-05-07
11446,14532,1,2020-05-06
11447,14532,4,2020-05-07
11448,14533,2,2020-05-08
11458,14533,9,2020-05-08
11450,14534,1,2020-05-07
11500,14534,4,2020-05-12
11505,14534,1,2020-05-12
11456,14535,2,2020-05-08
11457,14535,9,2020-05-08
11460,14536,1,2020-05-07
11462,14537,1,2020-05-08
11471,14537,4,2020-05-11
11534,14537,1,2020-05-13
11463,14538,2,2020-05-11
11473,14538,9,2020-05-11
11464,14539,2,2020-05-11
11474,14539,9,2020-05-11
11465,14540,1,2020-05-11
11466,14541,2,2020-05-11
11475,14541,9,2020-05-11
11467,14542,2,2020-05-11
11476,14542,9,2020-05-11
11468,14543,2,2020-05-11
11469,14543,9,2020-05-11
11470,14544,1,2020-05-11
11480,14544,4,2020-05-11
11535,14544,3,2020-05-13
11560,14544,4,2020-05-15
11472,14545,1,2020-05-11
11477,14545,4,2020-05-11
11485,14545,1,2020-05-11
11540,14545,9,2020-05-14
11478,14546,1,2020-05-11
11482,14546,4,2020-05-11
11544,14546,1,2020-05-14
11483,14547,2,2020-05-11
11484,14547,9,2020-05-11
11489,14548,2,2020-05-12
11519,14548,9,2020-05-13
11490,14549,2,2020-05-12
11493,14549,9,2020-05-12
11491,14550,2,2020-05-12
11492,14550,9,2020-05-12
11494,14551,2,2020-05-12
11495,14551,9,2020-05-12
11496,14552,2,2020-05-12
11502,14552,9,2020-05-12
11497,14553,2,2020-05-12
11503,14553,9,2020-05-12
11498,14554,2,2020-05-12
11501,14554,9,2020-05-12
11504,14555,1,2020-05-12
11506,14556,1,2020-05-11
11507,14556,4,2020-05-12
11509,14557,1,2020-05-12
11523,14557,4,2020-05-13
11510,14558,2,2020-05-12
11511,14558,9,2020-05-12
11515,14559,2,2020-05-13
11516,14559,9,2020-05-13
11518,14560,1,2020-05-05
11520,14560,9,2020-05-13
11521,14561,2,2020-05-13
11522,14561,9,2020-05-13
11525,14562,2,2020-05-13
11528,14563,1,2020-05-12
11529,14563,9,2020-05-13
11531,14564,2,2020-05-13
11538,14565,1,2020-05-14
11539,14566,2,2020-05-14
11543,14566,9,2020-05-14
11541,14567,2,2020-05-14
11542,14567,9,2020-05-14
11545,14568,2,2020-05-14
11556,14568,9,2020-05-14
11546,14569,2,2020-05-14
11548,14569,9,2020-05-14
11547,14570,2,2020-05-14
11549,14570,9,2020-05-14
11550,14571,2,2020-05-14
11552,14571,9,2020-05-14
11551,14572,1,2020-05-12
11553,14572,4,2020-05-14
11554,14573,1,2020-05-14
11559,14573,4,2020-05-14
11555,14574,1,2020-05-07
11557,14575,1,2020-05-13
11558,14575,4,2020-05-14
